2026-06-19 10:40:19.448 +01:00 [INF] Sessions already seeded. Skipping.
2026-06-19 10:40:19.477 +01:00 [INF] Faculties already seeded. Skipping.
2026-06-19 10:40:19.489 +01:00 [INF] Departments already seeded. Skipping.
2026-06-19 10:40:19.505 +01:00 [INF] Programs already seeded. Skipping.
2026-06-19 10:40:19.560 +01:00 [INF] Lecturer john.doe@wigweuniversity.edu.ng already exists. Skipping.
2026-06-19 10:40:19.564 +01:00 [INF] Lecturer jane.smith@wigweuniversity.edu.ng already exists. Skipping.
2026-06-19 10:40:19.577 +01:00 [INF] All document types already exist. Skipping.
2026-06-19 10:40:19.589 +01:00 [INF] Sponsors already seeded. Skipping.
2026-06-19 10:40:19.600 +01:00 [INF] Subjects already seeded. Skipping.
2026-06-19 10:40:19.611 +01:00 [INF] Countries already seeded. Skipping.
2026-06-19 10:40:19.623 +01:00 [INF] Seeding Grading Scales...
2026-06-19 10:40:19.658 +01:00 [INF] Added grading scales
2026-06-19 10:40:19.670 +01:00 [INF] Credit transfer rules already seeded. Skipping.
2026-06-19 10:40:19.681 +01:00 [INF] Program credit mappings already seeded. Skipping.
2026-06-19 10:40:19.681 +01:00 [INF] Database initialization completed successfully.
2026-06-19 10:40:19.744 +01:00 [INF] Initializing Entra ID Service with TenantId: c9a98a3d-152f-4eb3-b93f-9b26fdd08495, ClientId: 84022968-6bdc-4c6b-8eab-57b75fa5d0b1, Domain: wigweuniversity.edu.ng
2026-06-19 10:40:19.769 +01:00 [INF] Entra ID Service initialized successfully
2026-06-19 10:40:19.866 +01:00 [WRN] VAPID Keys not fully configured. Using auto-generated fallback keys. PUBLIC KEY: BGaaz6vJN7wS6HTvIvg118OJarxuAQf0tdg-T-BZ50QumocSUV36fPVYW8gq7iFoPBpM0brVOUiUeNt7DQhZJLQ
2026-06-19 10:40:19.934 +01:00 [INF] Registered 306 endpoints in 2,453 milliseconds.
2026-06-19 10:40:19.966 +01:00 [INF] Now listening on: http://localhost:5021
2026-06-19 10:40:19.966 +01:00 [INF] Application started. Press Ctrl+C to shut down.
2026-06-19 10:40:19.966 +01:00 [INF] Hosting environment: Development
2026-06-19 10:40:19.966 +01:00 [INF] Content root path: /Users/mac/Apps/LMS APP/LMSApi
2026-06-19 10:41:46.645 +01:00 [INF] HTTP OPTIONS /api/me responded 204 in 1.6641 ms
2026-06-19 10:41:47.989 +01:00 [INF] HTTP GET /api/me responded 200 in 1335.5409 ms
2026-06-19 10:44:49.158 +01:00 [INF] HTTP OPTIONS /api/me responded 204 in 1.5064 ms
2026-06-19 10:44:49.189 +01:00 [INF] HTTP GET /api/me responded 200 in 28.8991 ms
2026-06-19 10:45:03.254 +01:00 [INF] HTTP OPTIONS /api/admin/users responded 204 in 0.1288 ms
2026-06-19 10:45:03.395 +01:00 [INF] HTTP GET /api/admin/users responded 200 in 138.6500 ms
2026-06-19 10:48:55.395 +01:00 [INF] HTTP OPTIONS /api/auth/switch-user-by-oid responded 204 in 0.1385 ms
2026-06-19 10:48:55.507 +01:00 [INF] HTTP POST /api/auth/switch-user-by-oid responded 200 in 108.0979 ms
2026-06-19 10:49:08.047 +01:00 [INF] HTTP OPTIONS /api/admin/sessions responded 204 in 0.0667 ms
2026-06-19 10:49:08.093 +01:00 [INF] HTTP GET /api/admin/sessions responded 200 in 44.9981 ms
2026-06-19 10:49:09.775 +01:00 [INF] HTTP OPTIONS /api/admin/faculties responded 204 in 0.0503 ms
2026-06-19 10:49:09.775 +01:00 [INF] HTTP OPTIONS /api/admin/departments responded 204 in 0.1505 ms
2026-06-19 10:49:09.775 +01:00 [INF] HTTP OPTIONS /api/admin/programs responded 204 in 0.0627 ms
2026-06-19 10:49:09.832 +01:00 [INF] HTTP GET /api/admin/faculties responded 200 in 55.8180 ms
2026-06-19 10:49:09.847 +01:00 [INF] HTTP GET /api/admin/departments responded 200 in 71.5849 ms
2026-06-19 10:49:09.857 +01:00 [WRN] Compiling a query which loads related collections for more than one collection navigation, either via 'Include' or through projection, but no 'QuerySplittingBehavior' has been configured. By default, Entity Framework will use 'QuerySplittingBehavior.SingleQuery', which can potentially result in slow query performance. See https://go.microsoft.com/fwlink/?linkid=2134277 for more information. To identify the query that's triggering this warning call 'ConfigureWarnings(w => w.Throw(RelationalEventId.MultipleCollectionIncludeWarning))'.
2026-06-19 10:49:10.018 +01:00 [INF] HTTP GET /api/admin/programs responded 200 in 242.1085 ms
2026-06-19 10:49:13.639 +01:00 [INF] HTTP GET /api/admin/programs responded 200 in 22.9571 ms
2026-06-19 10:49:13.642 +01:00 [INF] HTTP OPTIONS /api/admin/programs/6890d4e9-7fa7-4c90-a69c-00b1d40f24ab/curricula responded 204 in 0.2252 ms
2026-06-19 10:49:13.642 +01:00 [INF] HTTP OPTIONS /api/admin/programs/563617bb-5f66-4032-a765-04ba7b4dab4c/curricula responded 204 in 0.0892 ms
2026-06-19 10:49:13.643 +01:00 [INF] HTTP OPTIONS /api/admin/programs/5126c1a2-28cc-4a6e-9223-20f0298da20b/curricula responded 204 in 0.0252 ms
2026-06-19 10:49:13.643 +01:00 [INF] HTTP OPTIONS /api/admin/programs/f94fe24b-8781-4d68-9bdb-2056692c6e91/curricula responded 204 in 0.0676 ms
2026-06-19 10:49:13.643 +01:00 [INF] HTTP OPTIONS /api/admin/programs/71f5092d-27ce-43c2-ac10-0759dfe391ef/curricula responded 204 in 0.3020 ms
2026-06-19 10:49:13.643 +01:00 [INF] HTTP OPTIONS /api/admin/programs/6ca9564b-b745-43be-aa3f-4dedad7eb9f7/curricula responded 204 in 0.0194 ms
2026-06-19 10:49:13.643 +01:00 [INF] HTTP OPTIONS /api/admin/programs/bfe9d5d2-b914-4b87-a068-4aedff2cbd5f/curricula responded 204 in 0.0196 ms
2026-06-19 10:49:13.643 +01:00 [INF] HTTP OPTIONS /api/admin/programs/2b09cc5a-2a1e-49bf-b539-532eeafaeff9/curricula responded 204 in 0.0163 ms
2026-06-19 10:49:13.644 +01:00 [INF] HTTP OPTIONS /api/admin/programs/8fe7febc-5eca-4458-a437-5512650eb0b6/curricula responded 204 in 0.0174 ms
2026-06-19 10:49:13.645 +01:00 [INF] HTTP OPTIONS /api/admin/programs/747ff8cd-5660-438a-b23d-5d30f0a5a888/curricula responded 204 in 0.0314 ms
2026-06-19 10:49:13.645 +01:00 [INF] HTTP OPTIONS /api/admin/programs/156c61fa-b96b-40e7-b39e-705751b440c3/curricula responded 204 in 0.0165 ms
2026-06-19 10:49:13.645 +01:00 [INF] HTTP OPTIONS /api/admin/programs/adcfa75d-3589-41c3-837c-6a5e70cc57d7/curricula responded 204 in 0.1118 ms
2026-06-19 10:49:13.645 +01:00 [INF] HTTP OPTIONS /api/admin/programs/8ee99692-b09b-4e10-9852-66b590651a22/curricula responded 204 in 0.0272 ms
2026-06-19 10:49:13.645 +01:00 [INF] HTTP OPTIONS /api/admin/programs/7096914e-1b13-4d65-a15e-8bc1a0e8ba2c/curricula responded 204 in 0.0220 ms
2026-06-19 10:49:13.645 +01:00 [INF] HTTP OPTIONS /api/admin/programs/8198d36b-7ffa-4fd5-a3aa-9448ba191a38/curricula responded 204 in 0.0614 ms
2026-06-19 10:49:13.646 +01:00 [INF] HTTP OPTIONS /api/admin/programs/baeb4a0e-abfa-437e-a0c6-97267d61ffa3/curricula responded 204 in 0.0296 ms
2026-06-19 10:49:13.646 +01:00 [INF] HTTP OPTIONS /api/admin/programs/f31b48cd-2858-4e82-ad94-9cc31c75a527/curricula responded 204 in 0.0502 ms
2026-06-19 10:49:13.647 +01:00 [INF] HTTP OPTIONS /api/admin/programs/97e9e9d4-946c-46da-af1a-9e32f6a1504a/curricula responded 204 in 0.0358 ms
2026-06-19 10:49:13.647 +01:00 [INF] HTTP OPTIONS /api/admin/programs/6351fee0-7260-4e43-9563-a7477eb2d87b/curricula responded 204 in 0.0380 ms
2026-06-19 10:49:13.647 +01:00 [INF] HTTP OPTIONS /api/admin/programs/7df306ce-4256-4fbf-8dc4-afbd70d0a251/curricula responded 204 in 0.0156 ms
2026-06-19 10:49:13.647 +01:00 [INF] HTTP OPTIONS /api/admin/programs/6ba7f2e0-f36f-49ff-9a39-bd0ccfab5775/curricula responded 204 in 0.0125 ms
2026-06-19 10:49:13.648 +01:00 [INF] HTTP OPTIONS /api/admin/programs/56c76fe9-0f6a-439b-a699-bd2358434346/curricula responded 204 in 0.0110 ms
2026-06-19 10:49:13.714 +01:00 [INF] HTTP GET /api/admin/programs/bfe9d5d2-b914-4b87-a068-4aedff2cbd5f/curricula responded 200 in 65.2812 ms
2026-06-19 10:49:13.716 +01:00 [INF] HTTP GET /api/admin/programs/6ca9564b-b745-43be-aa3f-4dedad7eb9f7/curricula responded 200 in 67.9066 ms
2026-06-19 10:49:13.718 +01:00 [INF] HTTP GET /api/admin/programs/f94fe24b-8781-4d68-9bdb-2056692c6e91/curricula responded 200 in 69.5996 ms
2026-06-19 10:49:13.718 +01:00 [INF] HTTP GET /api/admin/programs/6890d4e9-7fa7-4c90-a69c-00b1d40f24ab/curricula responded 200 in 72.9947 ms
2026-06-19 10:49:13.719 +01:00 [INF] HTTP OPTIONS /api/admin/programs/d653b1ad-d0d3-4009-babb-c098662147b2/curricula responded 204 in 0.0994 ms
2026-06-19 10:49:13.721 +01:00 [INF] HTTP OPTIONS /api/admin/programs/469d40fd-2959-4622-bdda-c27b1139df60/curricula responded 204 in 0.0339 ms
2026-06-19 10:49:13.721 +01:00 [INF] HTTP OPTIONS /api/admin/programs/caa77aee-8674-4f31-b364-c8df0864afd6/curricula responded 204 in 0.0307 ms
2026-06-19 10:49:13.722 +01:00 [INF] HTTP OPTIONS /api/admin/programs/fc8eb05b-5c06-429b-bf42-d2ffc2f8baa9/curricula responded 204 in 0.2580 ms
2026-06-19 10:49:13.729 +01:00 [INF] HTTP GET /api/admin/programs/563617bb-5f66-4032-a765-04ba7b4dab4c/curricula responded 200 in 83.6562 ms
2026-06-19 10:49:13.731 +01:00 [INF] HTTP GET /api/admin/programs/5126c1a2-28cc-4a6e-9223-20f0298da20b/curricula responded 200 in 16.4093 ms
2026-06-19 10:49:13.731 +01:00 [INF] HTTP OPTIONS /api/admin/programs/b8976684-96ea-440d-8cd3-db1adaebae47/curricula responded 204 in 0.0604 ms
2026-06-19 10:49:13.737 +01:00 [INF] HTTP OPTIONS /api/admin/programs/bf6986da-c275-482e-b5ca-e94b5b2a6fec/curricula responded 204 in 0.0418 ms
2026-06-19 10:49:13.737 +01:00 [INF] HTTP GET /api/admin/programs/2b09cc5a-2a1e-49bf-b539-532eeafaeff9/curricula responded 200 in 19.2935 ms
2026-06-19 10:49:13.740 +01:00 [INF] HTTP GET /api/admin/programs/71f5092d-27ce-43c2-ac10-0759dfe391ef/curricula responded 200 in 91.2994 ms
2026-06-19 10:49:13.742 +01:00 [INF] HTTP OPTIONS /api/admin/programs/1e99fb97-7c53-4c22-9975-eeebf693bef0/curricula responded 204 in 0.0763 ms
2026-06-19 10:49:13.742 +01:00 [INF] HTTP GET /api/admin/programs/8fe7febc-5eca-4458-a437-5512650eb0b6/curricula responded 200 in 22.9140 ms
2026-06-19 10:49:13.746 +01:00 [INF] HTTP OPTIONS /api/admin/programs/302cd18f-647b-4c3e-9034-ef8ee6d0390e/curricula responded 204 in 0.0525 ms
2026-06-19 10:49:13.746 +01:00 [INF] HTTP OPTIONS /api/admin/programs/729e1de3-50c3-4bb3-b46c-fb90a37dcba2/curricula responded 204 in 0.0525 ms
2026-06-19 10:49:13.750 +01:00 [INF] HTTP GET /api/admin/programs/747ff8cd-5660-438a-b23d-5d30f0a5a888/curricula responded 200 in 27.0408 ms
2026-06-19 10:49:13.755 +01:00 [INF] HTTP GET /api/admin/programs/156c61fa-b96b-40e7-b39e-705751b440c3/curricula responded 200 in 21.0937 ms
2026-06-19 10:49:13.765 +01:00 [INF] HTTP GET /api/admin/programs/8ee99692-b09b-4e10-9852-66b590651a22/curricula responded 200 in 22.5140 ms
2026-06-19 10:49:13.767 +01:00 [INF] HTTP GET /api/admin/programs/baeb4a0e-abfa-437e-a0c6-97267d61ffa3/curricula responded 200 in 16.9661 ms
2026-06-19 10:49:13.771 +01:00 [INF] HTTP GET /api/admin/programs/8198d36b-7ffa-4fd5-a3aa-9448ba191a38/curricula responded 200 in 19.1404 ms
2026-06-19 10:49:13.772 +01:00 [INF] HTTP GET /api/admin/programs/7096914e-1b13-4d65-a15e-8bc1a0e8ba2c/curricula responded 200 in 20.3101 ms
2026-06-19 10:49:13.772 +01:00 [INF] HTTP GET /api/admin/programs/adcfa75d-3589-41c3-837c-6a5e70cc57d7/curricula responded 200 in 33.3967 ms
2026-06-19 10:49:13.778 +01:00 [INF] HTTP GET /api/admin/programs/f31b48cd-2858-4e82-ad94-9cc31c75a527/curricula responded 200 in 21.3069 ms
2026-06-19 10:49:13.779 +01:00 [INF] HTTP GET /api/admin/programs/6351fee0-7260-4e43-9563-a7477eb2d87b/curricula responded 200 in 12.5070 ms
2026-06-19 10:49:13.787 +01:00 [INF] HTTP GET /api/admin/programs/97e9e9d4-946c-46da-af1a-9e32f6a1504a/curricula responded 200 in 18.9378 ms
2026-06-19 10:49:13.792 +01:00 [INF] HTTP GET /api/admin/programs/7df306ce-4256-4fbf-8dc4-afbd70d0a251/curricula responded 200 in 16.0777 ms
2026-06-19 10:49:13.796 +01:00 [INF] HTTP GET /api/admin/programs/6ba7f2e0-f36f-49ff-9a39-bd0ccfab5775/curricula responded 200 in 19.5073 ms
2026-06-19 10:49:13.797 +01:00 [INF] HTTP GET /api/admin/programs/56c76fe9-0f6a-439b-a699-bd2358434346/curricula responded 200 in 21.3356 ms
2026-06-19 10:49:13.806 +01:00 [INF] HTTP GET /api/admin/programs/469d40fd-2959-4622-bdda-c27b1139df60/curricula responded 200 in 24.6344 ms
2026-06-19 10:49:13.813 +01:00 [INF] HTTP GET /api/admin/programs/d653b1ad-d0d3-4009-babb-c098662147b2/curricula responded 200 in 34.0613 ms
2026-06-19 10:49:13.814 +01:00 [INF] HTTP GET /api/admin/programs/caa77aee-8674-4f31-b364-c8df0864afd6/curricula responded 200 in 25.9497 ms
2026-06-19 10:49:13.816 +01:00 [INF] HTTP GET /api/admin/programs/fc8eb05b-5c06-429b-bf42-d2ffc2f8baa9/curricula responded 200 in 22.2058 ms
2026-06-19 10:49:13.823 +01:00 [INF] HTTP GET /api/admin/programs/bf6986da-c275-482e-b5ca-e94b5b2a6fec/curricula responded 200 in 22.4030 ms
2026-06-19 10:49:13.823 +01:00 [INF] HTTP GET /api/admin/programs/1e99fb97-7c53-4c22-9975-eeebf693bef0/curricula responded 200 in 16.4515 ms
2026-06-19 10:49:13.823 +01:00 [INF] HTTP GET /api/admin/programs/b8976684-96ea-440d-8cd3-db1adaebae47/curricula responded 200 in 23.3599 ms
2026-06-19 10:49:13.830 +01:00 [INF] HTTP GET /api/admin/programs/302cd18f-647b-4c3e-9034-ef8ee6d0390e/curricula responded 200 in 15.3248 ms
2026-06-19 10:49:13.831 +01:00 [INF] HTTP GET /api/admin/programs/729e1de3-50c3-4bb3-b46c-fb90a37dcba2/curricula responded 200 in 12.4241 ms
2026-06-19 10:49:14.633 +01:00 [INF] HTTP OPTIONS /api/me responded 204 in 0.2873 ms
2026-06-19 10:49:14.655 +01:00 [INF] HTTP GET /api/me responded 200 in 20.6888 ms
2026-06-19 10:49:14.691 +01:00 [INF] HTTP GET /api/admin/programs responded 200 in 19.8389 ms
2026-06-19 10:49:14.709 +01:00 [INF] HTTP GET /api/admin/programs/6890d4e9-7fa7-4c90-a69c-00b1d40f24ab/curricula responded 200 in 16.3762 ms
2026-06-19 10:49:14.712 +01:00 [INF] HTTP GET /api/admin/programs/563617bb-5f66-4032-a765-04ba7b4dab4c/curricula responded 200 in 19.1705 ms
2026-06-19 10:49:14.713 +01:00 [INF] HTTP GET /api/admin/programs/71f5092d-27ce-43c2-ac10-0759dfe391ef/curricula responded 200 in 19.9683 ms
2026-06-19 10:49:14.717 +01:00 [INF] HTTP GET /api/admin/programs/bfe9d5d2-b914-4b87-a068-4aedff2cbd5f/curricula responded 200 in 18.8583 ms
2026-06-19 10:49:14.718 +01:00 [INF] HTTP GET /api/admin/programs/f94fe24b-8781-4d68-9bdb-2056692c6e91/curricula responded 200 in 22.2219 ms
2026-06-19 10:49:14.723 +01:00 [INF] HTTP GET /api/admin/programs/5126c1a2-28cc-4a6e-9223-20f0298da20b/curricula responded 200 in 26.2509 ms
2026-06-19 10:49:14.729 +01:00 [INF] HTTP GET /api/admin/programs/6ca9564b-b745-43be-aa3f-4dedad7eb9f7/curricula responded 200 in 19.1362 ms
2026-06-19 10:49:14.735 +01:00 [INF] HTTP GET /api/admin/programs/2b09cc5a-2a1e-49bf-b539-532eeafaeff9/curricula responded 200 in 21.9862 ms
2026-06-19 10:49:14.738 +01:00 [INF] HTTP GET /api/admin/programs/8fe7febc-5eca-4458-a437-5512650eb0b6/curricula responded 200 in 24.0863 ms
2026-06-19 10:49:14.740 +01:00 [INF] HTTP GET /api/admin/programs/747ff8cd-5660-438a-b23d-5d30f0a5a888/curricula responded 200 in 21.7338 ms
2026-06-19 10:49:14.744 +01:00 [INF] HTTP GET /api/admin/programs/8ee99692-b09b-4e10-9852-66b590651a22/curricula responded 200 in 24.7013 ms
2026-06-19 10:49:14.746 +01:00 [INF] HTTP GET /api/admin/programs/adcfa75d-3589-41c3-837c-6a5e70cc57d7/curricula responded 200 in 22.4492 ms
2026-06-19 10:49:14.748 +01:00 [INF] HTTP GET /api/admin/programs/156c61fa-b96b-40e7-b39e-705751b440c3/curricula responded 200 in 17.7142 ms
2026-06-19 10:49:14.751 +01:00 [INF] HTTP GET /api/admin/programs/7096914e-1b13-4d65-a15e-8bc1a0e8ba2c/curricula responded 200 in 15.2873 ms
2026-06-19 10:49:14.754 +01:00 [INF] HTTP GET /api/admin/programs/8198d36b-7ffa-4fd5-a3aa-9448ba191a38/curricula responded 200 in 15.0485 ms
2026-06-19 10:49:14.756 +01:00 [INF] HTTP GET /api/admin/programs/baeb4a0e-abfa-437e-a0c6-97267d61ffa3/curricula responded 200 in 14.9024 ms
2026-06-19 10:49:14.759 +01:00 [INF] HTTP GET /api/admin/programs/f31b48cd-2858-4e82-ad94-9cc31c75a527/curricula responded 200 in 14.5297 ms
2026-06-19 10:49:14.762 +01:00 [INF] HTTP GET /api/admin/programs/6351fee0-7260-4e43-9563-a7477eb2d87b/curricula responded 200 in 10.7757 ms
2026-06-19 10:49:14.764 +01:00 [INF] HTTP GET /api/admin/programs/97e9e9d4-946c-46da-af1a-9e32f6a1504a/curricula responded 200 in 15.6076 ms
2026-06-19 10:49:14.767 +01:00 [INF] HTTP GET /api/admin/programs/7df306ce-4256-4fbf-8dc4-afbd70d0a251/curricula responded 200 in 14.8209 ms
2026-06-19 10:49:14.769 +01:00 [INF] HTTP GET /api/admin/programs/6ba7f2e0-f36f-49ff-9a39-bd0ccfab5775/curricula responded 200 in 13.8969 ms
2026-06-19 10:49:14.771 +01:00 [INF] HTTP GET /api/admin/programs/56c76fe9-0f6a-439b-a699-bd2358434346/curricula responded 200 in 13.4252 ms
2026-06-19 10:49:14.775 +01:00 [INF] HTTP GET /api/admin/programs/d653b1ad-d0d3-4009-babb-c098662147b2/curricula responded 200 in 14.6260 ms
2026-06-19 10:49:14.777 +01:00 [INF] HTTP GET /api/admin/programs/469d40fd-2959-4622-bdda-c27b1139df60/curricula responded 200 in 14.3761 ms
2026-06-19 10:49:14.778 +01:00 [INF] HTTP GET /api/admin/programs/caa77aee-8674-4f31-b364-c8df0864afd6/curricula responded 200 in 13.5706 ms
2026-06-19 10:49:14.780 +01:00 [INF] HTTP GET /api/admin/programs/fc8eb05b-5c06-429b-bf42-d2ffc2f8baa9/curricula responded 200 in 12.2832 ms
2026-06-19 10:49:14.782 +01:00 [INF] HTTP GET /api/admin/programs/b8976684-96ea-440d-8cd3-db1adaebae47/curricula responded 200 in 12.3711 ms
2026-06-19 10:49:14.785 +01:00 [INF] HTTP GET /api/admin/programs/bf6986da-c275-482e-b5ca-e94b5b2a6fec/curricula responded 200 in 12.0623 ms
2026-06-19 10:49:14.787 +01:00 [INF] HTTP GET /api/admin/programs/1e99fb97-7c53-4c22-9975-eeebf693bef0/curricula responded 200 in 10.4970 ms
2026-06-19 10:49:14.793 +01:00 [INF] HTTP GET /api/admin/programs/302cd18f-647b-4c3e-9034-ef8ee6d0390e/curricula responded 200 in 15.6323 ms
2026-06-19 10:49:14.794 +01:00 [INF] HTTP GET /api/admin/programs/729e1de3-50c3-4bb3-b46c-fb90a37dcba2/curricula responded 200 in 14.6651 ms
2026-06-19 10:49:17.260 +01:00 [INF] HTTP OPTIONS /api/admin/programs responded 204 in 0.0578 ms
2026-06-19 10:49:17.261 +01:00 [INF] HTTP OPTIONS /api/admin/programs/6890d4e9-7fa7-4c90-a69c-00b1d40f24ab/enrollments responded 204 in 0.0364 ms
2026-06-19 10:49:17.261 +01:00 [INF] HTTP OPTIONS /api/admin/sessions responded 204 in 0.0075 ms
2026-06-19 10:49:17.262 +01:00 [INF] HTTP OPTIONS /api/admissions/subjects responded 204 in 0.0183 ms
2026-06-19 10:49:17.278 +01:00 [INF] HTTP GET /api/admin/programs responded 200 in 16.4325 ms
2026-06-19 10:49:17.279 +01:00 [INF] HTTP GET /api/admin/sessions responded 200 in 17.3659 ms
2026-06-19 10:49:17.281 +01:00 [INF] HTTP GET /api/admin/programs/6890d4e9-7fa7-4c90-a69c-00b1d40f24ab/curricula responded 200 in 19.8554 ms
2026-06-19 10:49:17.281 +01:00 [INF] Initializing Entra ID Service with TenantId: c9a98a3d-152f-4eb3-b93f-9b26fdd08495, ClientId: 84022968-6bdc-4c6b-8eab-57b75fa5d0b1, Domain: wigweuniversity.edu.ng
2026-06-19 10:49:17.282 +01:00 [INF] Entra ID Service initialized successfully
2026-06-19 10:49:17.284 +01:00 [INF] HTTP OPTIONS /api/admin/courses responded 204 in 0.0183 ms
2026-06-19 10:49:17.296 +01:00 [INF] HTTP GET /api/admin/programs/6890d4e9-7fa7-4c90-a69c-00b1d40f24ab/curricula responded 200 in 11.9725 ms
2026-06-19 10:49:17.298 +01:00 [INF] HTTP GET /api/admin/sessions responded 200 in 14.0175 ms
2026-06-19 10:49:17.299 +01:00 [INF] HTTP OPTIONS /api/admin/curricula/e22b1c74-7fa6-44a5-9382-d400bffece96 responded 204 in 0.0392 ms
2026-06-19 10:49:17.315 +01:00 [INF] HTTP GET /api/admissions/subjects responded 200 in 49.6703 ms
2026-06-19 10:49:17.329 +01:00 [INF] HTTP GET /api/admin/programs/6890d4e9-7fa7-4c90-a69c-00b1d40f24ab/enrollments responded 200 in 67.6153 ms
2026-06-19 10:49:17.445 +01:00 [INF] HTTP GET /api/admin/curricula/e22b1c74-7fa6-44a5-9382-d400bffece96 responded 200 in 143.7406 ms
2026-06-19 10:49:17.447 +01:00 [INF] HTTP OPTIONS /api/admin/curricula/e22b1c74-7fa6-44a5-9382-d400bffece96/history responded 204 in 0.0279 ms
2026-06-19 10:49:17.447 +01:00 [INF] HTTP GET /api/admin/courses responded 200 in 162.6288 ms
2026-06-19 10:49:17.492 +01:00 [INF] HTTP GET /api/admin/curricula/e22b1c74-7fa6-44a5-9382-d400bffece96/history responded 200 in 44.5700 ms
2026-06-19 10:49:22.789 +01:00 [INF] HTTP GET /api/parents/current-parent-id/students responded 400 in 32.4986 ms
2026-06-19 10:49:24.915 +01:00 [INF] HTTP OPTIONS /api/me responded 204 in 0.0295 ms
2026-06-19 10:49:24.938 +01:00 [INF] HTTP GET /api/me responded 200 in 22.7423 ms
2026-06-19 10:49:24.963 +01:00 [INF] HTTP GET /api/parents/current-parent-id/students responded 400 in 12.7108 ms
2026-06-19 10:58:03.460 +01:00 [INF] HTTP GET /api/parents/current-parent-id/students responded 403 in 60.9511 ms
2026-06-19 10:58:21.074 +01:00 [INF] HTTP OPTIONS /api/me responded 204 in 1.1112 ms
2026-06-19 10:58:21.341 +01:00 [INF] HTTP GET /api/me responded 200 in 151.2886 ms
2026-06-19 10:59:19.421 +01:00 [INF] HTTP OPTIONS /api/me responded 204 in 0.0293 ms
2026-06-19 10:59:19.444 +01:00 [INF] HTTP GET /api/me responded 200 in 22.7104 ms
2026-06-19 10:59:51.799 +01:00 [INF] HTTP OPTIONS /api/admin/audit-logs responded 204 in 0.0450 ms
2026-06-19 10:59:51.800 +01:00 [INF] HTTP OPTIONS /api/admin/audit-logs responded 204 in 0.0286 ms
2026-06-19 10:59:51.864 +01:00 [INF] HTTP GET /api/admin/audit-logs responded 200 in 63.4236 ms
2026-06-19 10:59:51.879 +01:00 [INF] HTTP GET /api/admin/audit-logs responded 200 in 14.5848 ms
2026-06-19 11:00:13.109 +01:00 [INF] HTTP OPTIONS /api/admin/dashboard-stats responded 204 in 0.2112 ms
2026-06-19 11:00:13.158 +01:00 [INF] HTTP GET /api/admin/dashboard-stats responded 404 in 47.9449 ms
2026-06-19 11:00:21.809 +01:00 [INF] HTTP GET /api/admin/programs responded 200 in 18.9724 ms
2026-06-19 11:00:21.924 +01:00 [INF] HTTP GET /api/admin/students responded 200 in 132.0560 ms
2026-06-19 11:00:25.958 +01:00 [INF] HTTP OPTIONS /api/admin/dashboard-stats responded 204 in 0.0648 ms
2026-06-19 11:00:25.986 +01:00 [INF] HTTP GET /api/admin/dashboard-stats responded 404 in 19.4820 ms
2026-06-19 11:00:36.966 +01:00 [INF] HTTP OPTIONS /api/me responded 204 in 0.0369 ms
2026-06-19 11:00:37.002 +01:00 [INF] HTTP GET /api/me responded 200 in 34.5258 ms
2026-06-19 11:07:46.797 +01:00 [INF] HTTP OPTIONS /api/me responded 204 in 0.0249 ms
2026-06-19 11:07:46.844 +01:00 [INF] HTTP GET /api/me responded 200 in 46.9115 ms
2026-06-19 11:17:23.205 +01:00 [INF] HTTP OPTIONS /api/me responded 204 in 0.0251 ms
2026-06-19 11:17:23.274 +01:00 [INF] HTTP GET /api/me responded 200 in 67.9594 ms
2026-06-19 11:17:30.728 +01:00 [INF] HTTP OPTIONS /api/me responded 204 in 0.0620 ms
2026-06-19 11:17:30.754 +01:00 [INF] HTTP GET /api/me responded 200 in 23.9885 ms
2026-06-19 11:18:56.537 +01:00 [INF] HTTP OPTIONS /api/me responded 204 in 0.0270 ms
2026-06-19 11:18:56.569 +01:00 [INF] HTTP GET /api/me responded 200 in 30.3543 ms
2026-06-19 11:22:13.523 +01:00 [INF] HTTP OPTIONS /api/me responded 204 in 0.0543 ms
2026-06-19 11:22:13.541 +01:00 [INF] HTTP GET /api/me responded 200 in 17.2999 ms
2026-06-19 11:25:40.540 +01:00 [INF] HTTP OPTIONS /api/me responded 204 in 0.0271 ms
2026-06-19 11:25:40.680 +01:00 [INF] HTTP GET /api/me responded 200 in 116.0223 ms
2026-06-19 11:25:47.318 +01:00 [INF] HTTP OPTIONS /api/me responded 204 in 0.0518 ms
2026-06-19 11:25:47.366 +01:00 [INF] HTTP GET /api/me responded 200 in 46.4170 ms
2026-06-19 11:29:37.070 +01:00 [INF] HTTP OPTIONS /api/me responded 204 in 0.0268 ms
2026-06-19 11:29:37.121 +01:00 [INF] HTTP GET /api/me responded 200 in 49.3987 ms
2026-06-19 11:29:37.296 +01:00 [INF] HTTP OPTIONS /api/admin/dashboard-stats responded 204 in 0.0239 ms
2026-06-19 11:29:37.319 +01:00 [INF] HTTP GET /api/admin/dashboard-stats responded 404 in 22.1279 ms
2026-06-19 11:30:28.478 +01:00 [INF] HTTP GET /openapi/v1.json responded 200 in 1123.9729 ms
2026-06-19 11:31:06.958 +01:00 [INF] HTTP OPTIONS /api/me responded 204 in 0.0662 ms
2026-06-19 11:31:07.005 +01:00 [INF] HTTP GET /api/me responded 200 in 43.7706 ms
2026-06-19 11:31:07.158 +01:00 [INF] HTTP OPTIONS /api/admin/dashboard-stats responded 204 in 0.0229 ms
2026-06-19 11:31:07.178 +01:00 [INF] HTTP GET /api/admin/dashboard-stats responded 404 in 19.3632 ms
2026-06-19 11:31:18.138 +01:00 [INF] Application is shutting down...
 jane.smith@wigweuniversity.edu.ng already exists. Skipping.
2026-06-19 11:30:58.166 +01:00 [INF] All document types already exist. Skipping.
2026-06-19 11:30:58.178 +01:00 [INF] Sponsors already seeded. Skipping.
2026-06-19 11:30:58.187 +01:00 [INF] Subjects already seeded. Skipping.
2026-06-19 11:30:58.205 +01:00 [INF] Countries already seeded. Skipping.
2026-06-19 11:30:58.215 +01:00 [INF] Grading scales already seeded. Skipping.
2026-06-19 11:30:58.223 +01:00 [INF] Credit transfer rules already seeded. Skipping.
2026-06-19 11:30:58.231 +01:00 [INF] Program credit mappings already seeded. Skipping.
2026-06-19 11:30:58.231 +01:00 [INF] Database initialization completed successfully.
2026-06-19 11:30:58.286 +01:00 [INF] Initializing Entra ID Service with TenantId: c9a98a3d-152f-4eb3-b93f-9b26fdd08495, ClientId: 84022968-6bdc-4c6b-8eab-57b75fa5d0b1, Domain: wigweuniversity.edu.ng
2026-06-19 11:30:58.305 +01:00 [INF] Entra ID Service initialized successfully
2026-06-19 11:30:58.393 +01:00 [WRN] VAPID Keys not fully configured. Using auto-generated fallback keys. PUBLIC KEY: BEo9NLqXGjXC7OFjimODhiO3kHYPDB-VFpu6kB6Am3H5Z-pqW5rMQpLHjtWeZq-Nn1EnrKnHSdJO4zdaBtZjqVk
2026-06-19 11:30:58.460 +01:00 [INF] Registered 307 endpoints in 2,100 milliseconds.
2026-06-19 11:30:58.487 +01:00 [ERR] Hosting failed to start
System.IO.IOException: Failed to bind to address http://127.0.0.1:5021: address already in use.
 ---> Microsoft.AspNetCore.Connections.AddressInUseException: Address already in use
 ---> System.Net.Sockets.SocketException (48): Address already in use
   at System.Net.Sockets.Socket.UpdateStatusAfterSocketErrorAndThrowException(SocketError error, Boolean disconnectOnFailure, String callerName)
   at System.Net.Sockets.Socket.DoBind(EndPoint endPointSnapshot, SocketAddress socketAddress)
   at System.Net.Sockets.Socket.Bind(EndPoint localEP)
   at Microsoft.AspNetCore.Server.Kestrel.Transport.Sockets.SocketTransportOptions.CreateDefaultBoundListenSocket(EndPoint endpoint)
   at Microsoft.AspNetCore.Server.Kestrel.Transport.Sockets.SocketConnectionListener.Bind()
   --- End of inner exception stack trace ---
   at Microsoft.AspNetCore.Server.Kestrel.Transport.Sockets.SocketConnectionListener.Bind()
   at Microsoft.AspNetCore.Server.Kestrel.Transport.Sockets.SocketTransportFactory.BindAsync(EndPoint endpoint, CancellationToken cancellationToken)
   at Microsoft.AspNetCore.Server.Kestrel.Core.Internal.Infrastructure.TransportManager.BindAsync(EndPoint endPoint, ConnectionDelegate connectionDelegate, EndpointConfig endpointConfig, CancellationToken cancellationToken)
   at Microsoft.AspNetCore.Server.Kestrel.Core.KestrelServerImpl.<>c__DisplayClass28_0`1.<<StartAsync>g__OnBind|0>d.MoveNext()
--- End of stack trace from previous location ---
   at Microsoft.AspNetCore.Server.Kestrel.Core.Internal.AddressBinder.BindEndpointAsync(ListenOptions endpoint, AddressBindContext context, CancellationToken cancellationToken)
   --- End of inner exception stack trace ---
   at Microsoft.AspNetCore.Server.Kestrel.Core.Internal.AddressBinder.BindEndpointAsync(ListenOptions endpoint, AddressBindContext context, CancellationToken cancellationToken)
   at Microsoft.AspNetCore.Server.Kestrel.Core.LocalhostListenOptions.BindAsync(AddressBindContext context, CancellationToken cancellationToken)
   at Microsoft.AspNetCore.Server.Kestrel.Core.Internal.AddressBinder.AddressesStrategy.BindAsync(AddressBindContext context, CancellationToken cancellationToken)
   at Microsoft.AspNetCore.Server.Kestrel.Core.KestrelServerImpl.BindAsync(CancellationToken cancellationToken)
   at Microsoft.AspNetCore.Server.Kestrel.Core.KestrelServerImpl.StartAsync[TContext](IHttpApplication`1 application, CancellationToken cancellationToken)
   at Microsoft.AspNetCore.Hosting.GenericWebHostService.StartAsync(CancellationToken cancellationToken)
   at Microsoft.Extensions.Hosting.Internal.Host.<StartAsync>b__14_1(IHostedService service, CancellationToken token)
   at Microsoft.Extensions.Hosting.Internal.Host.ForeachService[T](IEnumerable`1 services, CancellationToken token, Boolean concurrent, Boolean abortOnFirstException, List`1 exceptions, Func`3 operation)
2026-06-19 11:31:23.129 +01:00 [INF] Sessions already seeded. Skipping.
2026-06-19 11:31:23.153 +01:00 [INF] Faculties already seeded. Skipping.
2026-06-19 11:31:23.169 +01:00 [INF] Departments already seeded. Skipping.
2026-06-19 11:31:23.181 +01:00 [INF] Programs already seeded. Skipping.
2026-06-19 11:31:23.238 +01:00 [INF] Lecturer john.doe@wigweuniversity.edu.ng already exists. Skipping.
2026-06-19 11:31:23.244 +01:00 [INF] Lecturer jane.smith@wigweuniversity.edu.ng already exists. Skipping.
2026-06-19 11:31:23.268 +01:00 [INF] All document types already exist. Skipping.
2026-06-19 11:31:23.280 +01:00 [INF] Sponsors already seeded. Skipping.
2026-06-19 11:31:23.287 +01:00 [INF] Subjects already seeded. Skipping.
2026-06-19 11:31:23.297 +01:00 [INF] Countries already seeded. Skipping.
2026-06-19 11:31:23.306 +01:00 [INF] Grading scales already seeded. Skipping.
2026-06-19 11:31:23.320 +01:00 [INF] Credit transfer rules already seeded. Skipping.
2026-06-19 11:31:23.336 +01:00 [INF] Program credit mappings already seeded. Skipping.
2026-06-19 11:31:23.336 +01:00 [INF] Database initialization completed successfully.
2026-06-19 11:31:23.391 +01:00 [INF] Initializing Entra ID Service with TenantId: c9a98a3d-152f-4eb3-b93f-9b26fdd08495, ClientId: 84022968-6bdc-4c6b-8eab-57b75fa5d0b1, Domain: wigweuniversity.edu.ng
2026-06-19 11:31:23.408 +01:00 [INF] Entra ID Service initialized successfully
2026-06-19 11:31:23.494 +01:00 [WRN] VAPID Keys not fully configured. Using auto-generated fallback keys. PUBLIC KEY: BM4MpDxx0lCmgkIqjz0PeqNJuGJVG5dwdDJR5EQtvChRQveG8l-lgJ7-jgp9sPFEYnT-LL1Y6vbVSQzQgvyaysk
2026-06-19 11:31:23.563 +01:00 [INF] Registered 307 endpoints in 2,077 milliseconds.
2026-06-19 11:31:23.589 +01:00 [INF] Now listening on: http://localhost:5021
2026-06-19 11:31:23.589 +01:00 [INF] Application started. Press Ctrl+C to shut down.
2026-06-19 11:31:23.589 +01:00 [INF] Hosting environment: Development
2026-06-19 11:31:23.589 +01:00 [INF] Content root path: /Users/mac/Apps/LMS APP/LMSApi
2026-06-19 11:31:31.656 +01:00 [INF] HTTP GET /api/admin/dashboard-stats responded 401 in 34.9814 ms
2026-06-19 11:33:05.618 +01:00 [INF] HTTP OPTIONS /api/me responded 204 in 6.6798 ms
2026-06-19 11:33:07.566 +01:00 [INF] HTTP GET /api/me responded 200 in 1928.0223 ms
2026-06-19 11:33:07.606 +01:00 [INF] HTTP OPTIONS /api/admin/dashboard-stats responded 204 in 0.0999 ms
2026-06-19 11:33:07.924 +01:00 [INF] HTTP GET /api/admin/dashboard-stats responded 200 in 316.4395 ms
2026-06-19 11:34:21.707 +01:00 [INF] HTTP OPTIONS /api/admin/audit-logs responded 204 in 0.4449 ms
2026-06-19 11:34:21.781 +01:00 [INF] HTTP GET /api/admin/audit-logs responded 200 in 70.8554 ms
2026-06-19 12:12:47.505 +01:00 [INF] HTTP OPTIONS /api/admin/users responded 204 in 0.1279 ms
2026-06-19 12:12:47.511 +01:00 [INF] HTTP GET /api/admin/users responded 401 in 4.5166 ms
2026-06-19 12:12:52.692 +01:00 [INF] HTTP OPTIONS /api/me responded 204 in 0.3493 ms
2026-06-19 12:12:52.769 +01:00 [INF] HTTP GET /api/me responded 200 in 70.4166 ms
2026-06-19 12:12:52.788 +01:00 [INF] HTTP OPTIONS /api/admin/dashboard-stats responded 204 in 0.1253 ms
2026-06-19 12:12:52.826 +01:00 [INF] HTTP GET /api/admin/dashboard-stats responded 200 in 35.7987 ms
2026-06-19 12:12:57.017 +01:00 [INF] HTTP OPTIONS /api/admin/users responded 204 in 0.1027 ms
2026-06-19 12:12:57.101 +01:00 [INF] HTTP GET /api/admin/users responded 200 in 77.6671 ms
2026-06-19 12:13:00.264 +01:00 [INF] HTTP OPTIONS /api/auth/switch-user-by-oid responded 204 in 0.7807 ms
2026-06-19 12:13:00.363 +01:00 [INF] HTTP POST /api/auth/switch-user-by-oid responded 200 in 95.2847 ms
2026-06-19 12:13:57.674 +01:00 [INF] HTTP OPTIONS /api/me responded 204 in 0.4875 ms
2026-06-19 12:13:57.710 +01:00 [INF] HTTP GET /api/me responded 200 in 30.3544 ms
2026-06-19 12:14:02.912 +01:00 [INF] HTTP GET /api/parents/current-parent-id/students responded 400 in 52.1176 ms
eb3-b93f-9b26fdd08495, ClientId: 84022968-6bdc-4c6b-8eab-57b75fa5d0b1, Domain: wigweuniversity.edu.ng
2026-06-19 12:08:39.597 +01:00 [INF] Entra ID Service initialized successfully
2026-06-19 12:08:39.700 +01:00 [WRN] VAPID Keys not fully configured. Using auto-generated fallback keys. PUBLIC KEY: BOWKlWAlYkorXur3_x4BcIIbX8EIkPbErnoQ1bo3CNXcjMc7Z8LAXhM_Y7HAH8Ogj6XyTwpu0WTwfiwClJdNdJ0
2026-06-19 12:08:39.765 +01:00 [INF] Registered 307 endpoints in 2,160 milliseconds.
2026-06-19 12:08:39.794 +01:00 [ERR] Hosting failed to start
System.IO.IOException: Failed to bind to address http://127.0.0.1:5021: address already in use.
 ---> Microsoft.AspNetCore.Connections.AddressInUseException: Address already in use
 ---> System.Net.Sockets.SocketException (48): Address already in use
   at System.Net.Sockets.Socket.UpdateStatusAfterSocketErrorAndThrowException(SocketError error, Boolean disconnectOnFailure, String callerName)
   at System.Net.Sockets.Socket.DoBind(EndPoint endPointSnapshot, SocketAddress socketAddress)
   at System.Net.Sockets.Socket.Bind(EndPoint localEP)
   at Microsoft.AspNetCore.Server.Kestrel.Transport.Sockets.SocketTransportOptions.CreateDefaultBoundListenSocket(EndPoint endpoint)
   at Microsoft.AspNetCore.Server.Kestrel.Transport.Sockets.SocketConnectionListener.Bind()
   --- End of inner exception stack trace ---
   at Microsoft.AspNetCore.Server.Kestrel.Transport.Sockets.SocketConnectionListener.Bind()
   at Microsoft.AspNetCore.Server.Kestrel.Transport.Sockets.SocketTransportFactory.BindAsync(EndPoint endpoint, CancellationToken cancellationToken)
   at Microsoft.AspNetCore.Server.Kestrel.Core.Internal.Infrastructure.TransportManager.BindAsync(EndPoint endPoint, ConnectionDelegate connectionDelegate, EndpointConfig endpointConfig, CancellationToken cancellationToken)
   at Microsoft.AspNetCore.Server.Kestrel.Core.KestrelServerImpl.<>c__DisplayClass28_0`1.<<StartAsync>g__OnBind|0>d.MoveNext()
--- End of stack trace from previous location ---
   at Microsoft.AspNetCore.Server.Kestrel.Core.Internal.AddressBinder.BindEndpointAsync(ListenOptions endpoint, AddressBindContext context, CancellationToken cancellationToken)
   --- End of inner exception stack trace ---
   at Microsoft.AspNetCore.Server.Kestrel.Core.Internal.AddressBinder.BindEndpointAsync(ListenOptions endpoint, AddressBindContext context, CancellationToken cancellationToken)
   at Microsoft.AspNetCore.Server.Kestrel.Core.LocalhostListenOptions.BindAsync(AddressBindContext context, CancellationToken cancellationToken)
   at Microsoft.AspNetCore.Server.Kestrel.Core.Internal.AddressBinder.AddressesStrategy.BindAsync(AddressBindContext context, CancellationToken cancellationToken)
   at Microsoft.AspNetCore.Server.Kestrel.Core.KestrelServerImpl.BindAsync(CancellationToken cancellationToken)
   at Microsoft.AspNetCore.Server.Kestrel.Core.KestrelServerImpl.StartAsync[TContext](IHttpApplication`1 application, CancellationToken cancellationToken)
   at Microsoft.AspNetCore.Hosting.GenericWebHostService.StartAsync(CancellationToken cancellationToken)
   at Microsoft.Extensions.Hosting.Internal.Host.<StartAsync>b__14_1(IHostedService service, CancellationToken token)
   at Microsoft.Extensions.Hosting.Internal.Host.ForeachService[T](IEnumerable`1 services, CancellationToken token, Boolean concurrent, Boolean abortOnFirstException, List`1 exceptions, Func`3 operation)
2026-06-19 12:09:01.010 +01:00 [INF] Sessions already seeded. Skipping.
2026-06-19 12:09:01.037 +01:00 [INF] Faculties already seeded. Skipping.
2026-06-19 12:09:01.047 +01:00 [INF] Departments already seeded. Skipping.
2026-06-19 12:09:01.060 +01:00 [INF] Programs already seeded. Skipping.
2026-06-19 12:09:01.105 +01:00 [INF] Lecturer john.doe@wigweuniversity.edu.ng already exists. Skipping.
2026-06-19 12:09:01.111 +01:00 [INF] Lecturer jane.smith@wigweuniversity.edu.ng already exists. Skipping.
2026-06-19 12:09:01.131 +01:00 [INF] All document types already exist. Skipping.
2026-06-19 12:09:01.140 +01:00 [INF] Sponsors already seeded. Skipping.
2026-06-19 12:09:01.148 +01:00 [INF] Subjects already seeded. Skipping.
2026-06-19 12:09:01.158 +01:00 [INF] Countries already seeded. Skipping.
2026-06-19 12:09:01.167 +01:00 [INF] Grading scales already seeded. Skipping.
2026-06-19 12:09:01.174 +01:00 [INF] Credit transfer rules already seeded. Skipping.
2026-06-19 12:09:01.182 +01:00 [INF] Program credit mappings already seeded. Skipping.
2026-06-19 12:09:01.182 +01:00 [INF] Database initialization completed successfully.
2026-06-19 12:09:01.235 +01:00 [INF] Initializing Entra ID Service with TenantId: c9a98a3d-152f-4eb3-b93f-9b26fdd08495, ClientId: 84022968-6bdc-4c6b-8eab-57b75fa5d0b1, Domain: wigweuniversity.edu.ng
2026-06-19 12:09:01.254 +01:00 [INF] Entra ID Service initialized successfully
2026-06-19 12:09:01.341 +01:00 [WRN] VAPID Keys not fully configured. Using auto-generated fallback keys. PUBLIC KEY: BFiYkQaVOSD1LjxufDgsGotuD8Jcc4OkTmSI4YpeZQTd5eVgzGdx2-gqzOes44pWg_3t3C35WhSqdUFo3XA-XVk
2026-06-19 12:09:01.408 +01:00 [INF] Registered 307 endpoints in 1,996 milliseconds.
2026-06-19 12:09:01.439 +01:00 [ERR] Hosting failed to start
System.IO.IOException: Failed to bind to address http://127.0.0.1:5021: address already in use.
 ---> Microsoft.AspNetCore.Connections.AddressInUseException: Address already in use
 ---> System.Net.Sockets.SocketException (48): Address already in use
   at System.Net.Sockets.Socket.UpdateStatusAfterSocketErrorAndThrowException(SocketError error, Boolean disconnectOnFailure, String callerName)
   at System.Net.Sockets.Socket.DoBind(EndPoint endPointSnapshot, SocketAddress socketAddress)
   at System.Net.Sockets.Socket.Bind(EndPoint localEP)
   at Microsoft.AspNetCore.Server.Kestrel.Transport.Sockets.SocketTransportOptions.CreateDefaultBoundListenSocket(EndPoint endpoint)
   at Microsoft.AspNetCore.Server.Kestrel.Transport.Sockets.SocketConnectionListener.Bind()
   --- End of inner exception stack trace ---
   at Microsoft.AspNetCore.Server.Kestrel.Transport.Sockets.SocketConnectionListener.Bind()
   at Microsoft.AspNetCore.Server.Kestrel.Transport.Sockets.SocketTransportFactory.BindAsync(EndPoint endpoint, CancellationToken cancellationToken)
   at Microsoft.AspNetCore.Server.Kestrel.Core.Internal.Infrastructure.TransportManager.BindAsync(EndPoint endPoint, ConnectionDelegate connectionDelegate, EndpointConfig endpointConfig, CancellationToken cancellationToken)
   at Microsoft.AspNetCore.Server.Kestrel.Core.KestrelServerImpl.<>c__DisplayClass28_0`1.<<StartAsync>g__OnBind|0>d.MoveNext()
--- End of stack trace from previous location ---
   at Microsoft.AspNetCore.Server.Kestrel.Core.Internal.AddressBinder.BindEndpointAsync(ListenOptions endpoint, AddressBindContext context, CancellationToken cancellationToken)
   --- End of inner exception stack trace ---
   at Microsoft.AspNetCore.Server.Kestrel.Core.Internal.AddressBinder.BindEndpointAsync(ListenOptions endpoint, AddressBindContext context, CancellationToken cancellationToken)
   at Microsoft.AspNetCore.Server.Kestrel.Core.LocalhostListenOptions.BindAsync(AddressBindContext context, CancellationToken cancellationToken)
   at Microsoft.AspNetCore.Server.Kestrel.Core.Internal.AddressBinder.AddressesStrategy.BindAsync(AddressBindContext context, CancellationToken cancellationToken)
   at Microsoft.AspNetCore.Server.Kestrel.Core.KestrelServerImpl.BindAsync(CancellationToken cancellationToken)
   at Microsoft.AspNetCore.Server.Kestrel.Core.KestrelServerImpl.StartAsync[TContext](IHttpApplication`1 application, CancellationToken cancellationToken)
   at Microsoft.AspNetCore.Hosting.GenericWebHostService.StartAsync(CancellationToken cancellationToken)
   at Microsoft.Extensions.Hosting.Internal.Host.<StartAsync>b__14_1(IHostedService service, CancellationToken token)
   at Microsoft.Extensions.Hosting.Internal.Host.ForeachService[T](IEnumerable`1 services, CancellationToken token, Boolean concurrent, Boolean abortOnFirstException, List`1 exceptions, Func`3 operation)
2026-06-19 12:28:06.352 +01:00 [INF] Sessions already seeded. Skipping.
2026-06-19 12:28:06.376 +01:00 [INF] Faculties already seeded. Skipping.
2026-06-19 12:28:06.386 +01:00 [INF] Departments already seeded. Skipping.
2026-06-19 12:28:06.400 +01:00 [INF] Programs already seeded. Skipping.
2026-06-19 12:28:06.480 +01:00 [INF] Lecturer john.doe@wigweuniversity.edu.ng already exists. Skipping.
2026-06-19 12:28:06.484 +01:00 [INF] Lecturer jane.smith@wigweuniversity.edu.ng already exists. Skipping.
2026-06-19 12:28:06.506 +01:00 [INF] All document types already exist. Skipping.
2026-06-19 12:28:06.518 +01:00 [INF] Sponsors already seeded. Skipping.
2026-06-19 12:28:06.528 +01:00 [INF] Subjects already seeded. Skipping.
2026-06-19 12:28:06.539 +01:00 [INF] Countries already seeded. Skipping.
2026-06-19 12:28:06.548 +01:00 [INF] Grading scales already seeded. Skipping.
2026-06-19 12:28:06.559 +01:00 [INF] Credit transfer rules already seeded. Skipping.
2026-06-19 12:28:06.569 +01:00 [INF] Program credit mappings already seeded. Skipping.
2026-06-19 12:28:06.569 +01:00 [INF] Database initialization completed successfully.
2026-06-19 12:28:06.622 +01:00 [INF] Initializing Entra ID Service with TenantId: c9a98a3d-152f-4eb3-b93f-9b26fdd08495, ClientId: 84022968-6bdc-4c6b-8eab-57b75fa5d0b1, Domain: wigweuniversity.edu.ng
2026-06-19 12:28:06.644 +01:00 [INF] Entra ID Service initialized successfully
2026-06-19 12:28:06.722 +01:00 [WRN] VAPID Keys not fully configured. Using auto-generated fallback keys. PUBLIC KEY: BCTYDVJB_KG2KyWv0UC8ToC3SYuqNBbR72Xqjoe3xwfJf--z99V2keJ8JdfTS5UOBBC5Z5v7em1bruazW8u9hqw
2026-06-19 12:28:06.778 +01:00 [INF] Registered 307 endpoints in 1,912 milliseconds.
2026-06-19 12:28:06.805 +01:00 [INF] Now listening on: http://localhost:5021
2026-06-19 12:28:06.805 +01:00 [INF] Application started. Press Ctrl+C to shut down.
2026-06-19 12:28:06.805 +01:00 [INF] Hosting environment: Development
2026-06-19 12:28:06.805 +01:00 [INF] Content root path: /Users/mac/Apps/LMS APP/LMSApi
2026-06-19 12:28:10.349 +01:00 [INF] HTTP OPTIONS /api/me responded 204 in 1.8223 ms
2026-06-19 12:28:11.609 +01:00 [INF] HTTP GET /api/me responded 200 in 1252.8329 ms
2026-06-19 12:28:11.640 +01:00 [INF] HTTP OPTIONS /api/admin/dashboard-stats responded 204 in 0.4001 ms
2026-06-19 12:28:11.862 +01:00 [INF] HTTP GET /api/admin/dashboard-stats responded 200 in 220.4344 ms
2026-06-19 12:29:14.311 +01:00 [INF] HTTP OPTIONS /api/admin/users responded 204 in 0.1937 ms
2026-06-19 12:29:14.437 +01:00 [INF] HTTP GET /api/admin/users responded 200 in 124.0605 ms
2026-06-19 12:29:16.280 +01:00 [INF] HTTP OPTIONS /api/auth/switch-user-by-oid responded 204 in 0.2090 ms
2026-06-19 12:29:16.400 +01:00 [INF] HTTP POST /api/auth/switch-user-by-oid responded 200 in 115.8625 ms
2026-06-19 12:29:39.317 +01:00 [INF] HTTP OPTIONS /api/me responded 204 in 0.1019 ms
2026-06-19 12:29:39.339 +01:00 [INF] HTTP GET /api/me responded 200 in 19.6545 ms
2026-06-19 12:29:39.352 +01:00 [INF] HTTP OPTIONS /api/admin/dashboard-stats responded 204 in 0.0725 ms
2026-06-19 12:29:39.391 +01:00 [INF] HTTP GET /api/admin/dashboard-stats responded 200 in 37.2278 ms
2026-06-19 12:29:43.970 +01:00 [INF] HTTP OPTIONS /api/admin/users responded 204 in 0.1235 ms
2026-06-19 12:29:44.011 +01:00 [INF] HTTP GET /api/admin/users responded 200 in 38.4081 ms
2026-06-19 12:29:47.541 +01:00 [INF] HTTP OPTIONS /api/auth/switch-user-by-oid responded 204 in 0.3522 ms
2026-06-19 12:29:47.577 +01:00 [INF] HTTP POST /api/auth/switch-user-by-oid responded 200 in 33.1437 ms
2026-06-19 12:30:23.171 +01:00 [WRN] Compiling a query which loads related collections for more than one collection navigation, either via 'Include' or through projection, but no 'QuerySplittingBehavior' has been configured. By default, Entity Framework will use 'QuerySplittingBehavior.SingleQuery', which can potentially result in slow query performance. See https://go.microsoft.com/fwlink/?linkid=2134277 for more information. To identify the query that's triggering this warning call 'ConfigureWarnings(w => w.Throw(RelationalEventId.MultipleCollectionIncludeWarning))'.
2026-06-19 12:30:23.235 +01:00 [INF] HTTP GET /api/admin/students responded 200 in 95.2009 ms
2026-06-19 12:30:23.272 +01:00 [INF] HTTP GET /api/admin/programs responded 200 in 132.1095 ms
2026-06-19 12:30:28.455 +01:00 [INF] HTTP OPTIONS /api/me responded 204 in 0.0602 ms
2026-06-19 12:30:28.494 +01:00 [INF] HTTP GET /api/me responded 200 in 33.8928 ms
2026-06-19 12:30:28.545 +01:00 [INF] HTTP GET /api/admin/programs responded 200 in 17.8126 ms
2026-06-19 12:30:28.546 +01:00 [INF] HTTP GET /api/admin/students responded 200 in 18.9343 ms
2026-06-19 12:30:30.810 +01:00 [INF] HTTP GET /api/parents/current-parent-id/students responded 200 in 144.2510 ms
2026-06-19 12:35:04.821 +01:00 [INF] HTTP OPTIONS /api/me responded 204 in 0.4757 ms
2026-06-19 12:35:04.907 +01:00 [INF] HTTP GET /api/me responded 200 in 83.8009 ms
2026-06-19 12:35:04.963 +01:00 [INF] HTTP GET /api/parents/current-parent-id/students responded 200 in 11.7190 ms
2026-06-19 12:35:31.583 +01:00 [INF] HTTP OPTIONS /api/me responded 204 in 0.0549 ms
2026-06-19 12:35:31.605 +01:00 [INF] HTTP GET /api/me responded 200 in 20.8787 ms
2026-06-19 12:35:31.649 +01:00 [INF] HTTP GET /api/parents/current-parent-id/students responded 200 in 28.7903 ms
2026-06-19 12:38:45.030 +01:00 [INF] HTTP POST /api/auth/set-dev-password responded 404 in 4.4717 ms
2026-06-19 12:38:55.534 +01:00 [INF] HTTP POST /api/auth/login responded 415 in 0.2308 ms
2026-06-19 12:39:05.808 +01:00 [INF] HTTP POST /api/auth/login responded 415 in 0.3331 ms
2026-06-19 12:39:33.187 +01:00 [INF] HTTP POST /api/auth/set-dev-password responded 404 in 0.2961 ms
2026-06-19 12:41:27.173 +01:00 [INF] HTTP POST /api/auth/set-dev-password responded 404 in 0.2322 ms
2026-06-19 12:41:30.042 +01:00 [INF] HTTP POST /auth/set-dev-password responded 404 in 0.2434 ms
ady seeded. Skipping.
2026-06-19 12:40:32.280 +01:00 [INF] Programs already seeded. Skipping.
2026-06-19 12:40:32.319 +01:00 [INF] Lecturer john.doe@wigweuniversity.edu.ng already exists. Skipping.
2026-06-19 12:40:32.324 +01:00 [INF] Lecturer jane.smith@wigweuniversity.edu.ng already exists. Skipping.
2026-06-19 12:40:32.343 +01:00 [INF] All document types already exist. Skipping.
2026-06-19 12:40:32.350 +01:00 [INF] Sponsors already seeded. Skipping.
2026-06-19 12:40:32.358 +01:00 [INF] Subjects already seeded. Skipping.
2026-06-19 12:40:32.366 +01:00 [INF] Countries already seeded. Skipping.
2026-06-19 12:40:32.376 +01:00 [INF] Grading scales already seeded. Skipping.
2026-06-19 12:40:32.385 +01:00 [INF] Credit transfer rules already seeded. Skipping.
2026-06-19 12:40:32.393 +01:00 [INF] Program credit mappings already seeded. Skipping.
2026-06-19 12:40:32.393 +01:00 [INF] Database initialization completed successfully.
2026-06-19 12:40:32.438 +01:00 [INF] Initializing Entra ID Service with TenantId: c9a98a3d-152f-4eb3-b93f-9b26fdd08495, ClientId: 84022968-6bdc-4c6b-8eab-57b75fa5d0b1, Domain: wigweuniversity.edu.ng
2026-06-19 12:40:32.453 +01:00 [INF] Entra ID Service initialized successfully
2026-06-19 12:40:32.527 +01:00 [WRN] VAPID Keys not fully configured. Using auto-generated fallback keys. PUBLIC KEY: BGCW2TnIaHyZoS9u_LPAma-J7BWMVjwIb6b6UNds4xABZvrJauxMkd1pnBp2HzUfAa0OpJfr0zQkkhNN_bLkzuQ
2026-06-19 12:40:32.582 +01:00 [INF] Registered 309 endpoints in 1,676 milliseconds.
2026-06-19 12:40:32.604 +01:00 [ERR] Hosting failed to start
System.IO.IOException: Failed to bind to address http://127.0.0.1:5021: address already in use.
 ---> Microsoft.AspNetCore.Connections.AddressInUseException: Address already in use
 ---> System.Net.Sockets.SocketException (48): Address already in use
   at System.Net.Sockets.Socket.UpdateStatusAfterSocketErrorAndThrowException(SocketError error, Boolean disconnectOnFailure, String callerName)
   at System.Net.Sockets.Socket.DoBind(EndPoint endPointSnapshot, SocketAddress socketAddress)
   at System.Net.Sockets.Socket.Bind(EndPoint localEP)
   at Microsoft.AspNetCore.Server.Kestrel.Transport.Sockets.SocketTransportOptions.CreateDefaultBoundListenSocket(EndPoint endpoint)
   at Microsoft.AspNetCore.Server.Kestrel.Transport.Sockets.SocketConnectionListener.Bind()
   --- End of inner exception stack trace ---
   at Microsoft.AspNetCore.Server.Kestrel.Transport.Sockets.SocketConnectionListener.Bind()
   at Microsoft.AspNetCore.Server.Kestrel.Transport.Sockets.SocketTransportFactory.BindAsync(EndPoint endpoint, CancellationToken cancellationToken)
   at Microsoft.AspNetCore.Server.Kestrel.Core.Internal.Infrastructure.TransportManager.BindAsync(EndPoint endPoint, ConnectionDelegate connectionDelegate, EndpointConfig endpointConfig, CancellationToken cancellationToken)
   at Microsoft.AspNetCore.Server.Kestrel.Core.KestrelServerImpl.<>c__DisplayClass28_0`1.<<StartAsync>g__OnBind|0>d.MoveNext()
--- End of stack trace from previous location ---
   at Microsoft.AspNetCore.Server.Kestrel.Core.Internal.AddressBinder.BindEndpointAsync(ListenOptions endpoint, AddressBindContext context, CancellationToken cancellationToken)
   --- End of inner exception stack trace ---
   at Microsoft.AspNetCore.Server.Kestrel.Core.Internal.AddressBinder.BindEndpointAsync(ListenOptions endpoint, AddressBindContext context, CancellationToken cancellationToken)
   at Microsoft.AspNetCore.Server.Kestrel.Core.LocalhostListenOptions.BindAsync(AddressBindContext context, CancellationToken cancellationToken)
   at Microsoft.AspNetCore.Server.Kestrel.Core.Internal.AddressBinder.AddressesStrategy.BindAsync(AddressBindContext context, CancellationToken cancellationToken)
   at Microsoft.AspNetCore.Server.Kestrel.Core.KestrelServerImpl.BindAsync(CancellationToken cancellationToken)
   at Microsoft.AspNetCore.Server.Kestrel.Core.KestrelServerImpl.StartAsync[TContext](IHttpApplication`1 application, CancellationToken cancellationToken)
   at Microsoft.AspNetCore.Hosting.GenericWebHostService.StartAsync(CancellationToken cancellationToken)
   at Microsoft.Extensions.Hosting.Internal.Host.<StartAsync>b__14_1(IHostedService service, CancellationToken token)
   at Microsoft.Extensions.Hosting.Internal.Host.ForeachService[T](IEnumerable`1 services, CancellationToken token, Boolean concurrent, Boolean abortOnFirstException, List`1 exceptions, Func`3 operation)
2026-06-19 12:42:55.144 +01:00 [INF] Sessions already seeded. Skipping.
2026-06-19 12:42:55.164 +01:00 [INF] Faculties already seeded. Skipping.
2026-06-19 12:42:55.170 +01:00 [INF] Departments already seeded. Skipping.
2026-06-19 12:42:55.181 +01:00 [INF] Programs already seeded. Skipping.
2026-06-19 12:42:55.215 +01:00 [INF] Lecturer john.doe@wigweuniversity.edu.ng already exists. Skipping.
2026-06-19 12:42:55.219 +01:00 [INF] Lecturer jane.smith@wigweuniversity.edu.ng already exists. Skipping.
2026-06-19 12:42:55.237 +01:00 [INF] All document types already exist. Skipping.
2026-06-19 12:42:55.243 +01:00 [INF] Sponsors already seeded. Skipping.
2026-06-19 12:42:55.249 +01:00 [INF] Subjects already seeded. Skipping.
2026-06-19 12:42:55.257 +01:00 [INF] Countries already seeded. Skipping.
2026-06-19 12:42:55.263 +01:00 [INF] Grading scales already seeded. Skipping.
2026-06-19 12:42:55.271 +01:00 [INF] Credit transfer rules already seeded. Skipping.
2026-06-19 12:42:55.278 +01:00 [INF] Program credit mappings already seeded. Skipping.
2026-06-19 12:42:55.278 +01:00 [INF] Database initialization completed successfully.
2026-06-19 12:42:55.323 +01:00 [INF] Initializing Entra ID Service with TenantId: c9a98a3d-152f-4eb3-b93f-9b26fdd08495, ClientId: 84022968-6bdc-4c6b-8eab-57b75fa5d0b1, Domain: wigweuniversity.edu.ng
2026-06-19 12:42:55.338 +01:00 [INF] Entra ID Service initialized successfully
2026-06-19 12:42:55.409 +01:00 [WRN] VAPID Keys not fully configured. Using auto-generated fallback keys. PUBLIC KEY: BGz-YEF80NroNUluGDQoOyL6CjmZ6NtEqxoGPIxKhKXEqBkciQH0rskoIfI2KHzRvE3p-NP0t9fHQl5v9j_zJsE
2026-06-19 12:42:55.464 +01:00 [INF] Registered 309 endpoints in 1,620 milliseconds.
2026-06-19 12:42:55.485 +01:00 [INF] Now listening on: http://localhost:5021
2026-06-19 12:42:55.486 +01:00 [INF] Application started. Press Ctrl+C to shut down.
2026-06-19 12:42:55.486 +01:00 [INF] Hosting environment: Development
2026-06-19 12:42:55.486 +01:00 [INF] Content root path: /Users/mac/Apps/LMS APP/LMSApi
2026-06-19 12:43:01.490 +01:00 [INF] HTTP POST /api/auth/set-dev-password responded 200 in 209.5436 ms
2026-06-19 12:43:33.227 +01:00 [INF] Sessions already seeded. Skipping.
2026-06-19 12:43:33.248 +01:00 [INF] Faculties already seeded. Skipping.
2026-06-19 12:43:33.256 +01:00 [INF] Departments already seeded. Skipping.
2026-06-19 12:43:33.267 +01:00 [INF] Programs already seeded. Skipping.
2026-06-19 12:43:33.308 +01:00 [INF] Lecturer john.doe@wigweuniversity.edu.ng already exists. Skipping.
2026-06-19 12:43:33.313 +01:00 [INF] Lecturer jane.smith@wigweuniversity.edu.ng already exists. Skipping.
2026-06-19 12:43:33.332 +01:00 [INF] All document types already exist. Skipping.
2026-06-19 12:43:33.340 +01:00 [INF] Sponsors already seeded. Skipping.
2026-06-19 12:43:33.347 +01:00 [INF] Subjects already seeded. Skipping.
2026-06-19 12:43:33.355 +01:00 [INF] Countries already seeded. Skipping.
2026-06-19 12:43:33.364 +01:00 [INF] Grading scales already seeded. Skipping.
2026-06-19 12:43:33.370 +01:00 [INF] Credit transfer rules already seeded. Skipping.
2026-06-19 12:43:33.380 +01:00 [INF] Program credit mappings already seeded. Skipping.
2026-06-19 12:43:33.380 +01:00 [INF] Database initialization completed successfully.
2026-06-19 12:43:33.426 +01:00 [INF] Initializing Entra ID Service with TenantId: c9a98a3d-152f-4eb3-b93f-9b26fdd08495, ClientId: 84022968-6bdc-4c6b-8eab-57b75fa5d0b1, Domain: wigweuniversity.edu.ng
2026-06-19 12:43:33.441 +01:00 [INF] Entra ID Service initialized successfully
2026-06-19 12:43:33.515 +01:00 [WRN] VAPID Keys not fully configured. Using auto-generated fallback keys. PUBLIC KEY: BInxK1TUxJndESRs55Wz_rEyTW3UyvAvOlopoqyavtN52FExVQ5QWd1_0xBKofpQF3xLp8E0qHrnP12IgwMxTr0
2026-06-19 12:43:33.568 +01:00 [INF] Registered 308 endpoints in 1,684 milliseconds.
2026-06-19 12:43:33.593 +01:00 [INF] Now listening on: http://localhost:5021
2026-06-19 12:43:33.593 +01:00 [INF] Application started. Press Ctrl+C to shut down.
2026-06-19 12:43:33.593 +01:00 [INF] Hosting environment: Development
2026-06-19 12:43:33.593 +01:00 [INF] Content root path: /Users/mac/Apps/LMS APP/LMSApi
2026-06-19 12:43:42.619 +01:00 [INF] HTTP POST /api/auth/set-dev-password responded 404 in 21.4976 ms
2026-06-19 12:56:44.703 +01:00 [INF] HTTP OPTIONS /api/me responded 204 in 2.2597 ms
2026-06-19 12:56:44.990 +01:00 [INF] HTTP GET /api/me responded 200 in 286.1621 ms
2026-06-19 12:56:45.243 +01:00 [INF] HTTP GET /api/parents/current-parent-id/students responded 200 in 221.4864 ms
2026-06-19 13:08:29.884 +01:00 [INF] HTTP OPTIONS /api/auth/login responded 204 in 0.1521 ms
2026-06-19 13:08:30.057 +01:00 [INF] HTTP POST /api/auth/login responded 200 in 171.6137 ms
2026-06-19 13:08:30.060 +01:00 [INF] HTTP OPTIONS /api/me responded 204 in 0.0517 ms
2026-06-19 13:08:30.094 +01:00 [INF] HTTP GET /api/me responded 200 in 33.2724 ms
2026-06-19 13:08:30.122 +01:00 [INF] HTTP OPTIONS /api/admin/dashboard-stats responded 204 in 0.0994 ms
2026-06-19 13:08:30.269 +01:00 [INF] HTTP GET /api/admin/dashboard-stats responded 200 in 142.4461 ms
2026-06-19 13:08:35.994 +01:00 [INF] HTTP OPTIONS /api/notifications/push/public-key responded 204 in 0.0561 ms
2026-06-19 13:08:36.023 +01:00 [WRN] VAPID Keys not fully configured. Using auto-generated fallback keys. PUBLIC KEY: BInxK1TUxJndESRs55Wz_rEyTW3UyvAvOlopoqyavtN52FExVQ5QWd1_0xBKofpQF3xLp8E0qHrnP12IgwMxTr0
2026-06-19 13:08:36.025 +01:00 [INF] HTTP GET /api/notifications/push/public-key responded 200 in 28.6863 ms
2026-06-19 13:08:38.122 +01:00 [INF] HTTP OPTIONS /api/notifications/push/subscribe responded 204 in 0.0762 ms
2026-06-19 13:08:38.146 +01:00 [WRN] VAPID Keys not fully configured. Using auto-generated fallback keys. PUBLIC KEY: BInxK1TUxJndESRs55Wz_rEyTW3UyvAvOlopoqyavtN52FExVQ5QWd1_0xBKofpQF3xLp8E0qHrnP12IgwMxTr0
2026-06-19 13:08:38.213 +01:00 [INF] HTTP POST /api/notifications/push/subscribe responded 200 in 88.7900 ms
2026-06-19 13:09:26.695 +01:00 [INF] HTTP GET /api/webhooks/subscriptions responded 200 in 31.6744 ms
2026-06-19 13:11:49.742 +01:00 [INF] HTTP OPTIONS /api/me responded 204 in 0.3093 ms
2026-06-19 13:11:49.763 +01:00 [INF] HTTP GET /api/me responded 200 in 19.7628 ms
2026-06-19 13:11:49.794 +01:00 [INF] HTTP OPTIONS /api/admin/users responded 204 in 0.0654 ms
2026-06-19 13:11:49.805 +01:00 [INF] HTTP OPTIONS /api/notifications/push/public-key responded 204 in 0.0561 ms
2026-06-19 13:11:49.818 +01:00 [WRN] VAPID Keys not fully configured. Using auto-generated fallback keys. PUBLIC KEY: BInxK1TUxJndESRs55Wz_rEyTW3UyvAvOlopoqyavtN52FExVQ5QWd1_0xBKofpQF3xLp8E0qHrnP12IgwMxTr0
2026-06-19 13:11:49.818 +01:00 [INF] HTTP GET /api/notifications/push/public-key responded 200 in 12.1403 ms
2026-06-19 13:11:49.820 +01:00 [INF] HTTP OPTIONS /api/notifications/push/subscribe responded 204 in 0.0473 ms
2026-06-19 13:11:49.843 +01:00 [WRN] VAPID Keys not fully configured. Using auto-generated fallback keys. PUBLIC KEY: BInxK1TUxJndESRs55Wz_rEyTW3UyvAvOlopoqyavtN52FExVQ5QWd1_0xBKofpQF3xLp8E0qHrnP12IgwMxTr0
2026-06-19 13:11:49.862 +01:00 [INF] HTTP POST /api/notifications/push/subscribe responded 200 in 40.8302 ms
2026-06-19 13:11:49.885 +01:00 [INF] HTTP GET /api/admin/users responded 200 in 89.9147 ms
2026-06-19 13:15:32.506 +01:00 [INF] HTTP OPTIONS /api/me responded 204 in 0.2940 ms
2026-06-19 13:15:32.547 +01:00 [INF] HTTP GET /api/me responded 200 in 33.5446 ms
2026-06-19 13:15:32.698 +01:00 [INF] HTTP GET /api/parents/current-parent-id/students responded 200 in 18.9433 ms
2026-06-19 13:15:48.100 +01:00 [INF] HTTP OPTIONS /api/me responded 204 in 0.0557 ms
2026-06-19 13:15:48.122 +01:00 [INF] HTTP GET /api/me responded 200 in 21.0796 ms
2026-06-19 13:15:48.155 +01:00 [INF] HTTP OPTIONS /api/admin/users responded 204 in 0.0626 ms
2026-06-19 13:15:48.169 +01:00 [INF] HTTP OPTIONS /api/notifications/push/public-key responded 204 in 0.0563 ms
2026-06-19 13:15:48.197 +01:00 [WRN] VAPID Keys not fully configured. Using auto-generated fallback keys. PUBLIC KEY: BInxK1TUxJndESRs55Wz_rEyTW3UyvAvOlopoqyavtN52FExVQ5QWd1_0xBKofpQF3xLp8E0qHrnP12IgwMxTr0
2026-06-19 13:15:48.198 +01:00 [INF] HTTP GET /api/notifications/push/public-key responded 200 in 22.4955 ms
2026-06-19 13:15:48.200 +01:00 [INF] HTTP OPTIONS /api/notifications/push/subscribe responded 204 in 0.0519 ms
2026-06-19 13:15:48.201 +01:00 [INF] HTTP GET /api/admin/users responded 200 in 45.5368 ms
2026-06-19 13:15:48.217 +01:00 [WRN] VAPID Keys not fully configured. Using auto-generated fallback keys. PUBLIC KEY: BInxK1TUxJndESRs55Wz_rEyTW3UyvAvOlopoqyavtN52FExVQ5QWd1_0xBKofpQF3xLp8E0qHrnP12IgwMxTr0
2026-06-19 13:15:48.229 +01:00 [INF] HTTP POST /api/notifications/push/subscribe responded 200 in 27.6060 ms
2026-06-19 13:18:16.508 +01:00 [INF] HTTP OPTIONS /api/admin/users responded 204 in 0.0513 ms
2026-06-19 13:18:16.591 +01:00 [INF] HTTP GET /api/admin/users responded 200 in 81.4796 ms
2026-06-19 13:19:34.183 +01:00 [INF] HTTP OPTIONS /api/auth/switch-user-by-oid responded 204 in 0.1683 ms
2026-06-19 13:19:34.210 +01:00 [INF] HTTP POST /api/auth/switch-user-by-oid responded 200 in 26.2390 ms
2026-06-19 13:21:57.619 +01:00 [INF] HTTP OPTIONS /api/me responded 204 in 0.1129 ms
2026-06-19 13:21:57.637 +01:00 [INF] HTTP GET /api/me responded 200 in 16.7771 ms
2026-06-19 13:21:57.654 +01:00 [INF] HTTP OPTIONS /api/notifications/push/public-key responded 204 in 0.0251 ms
2026-06-19 13:21:57.669 +01:00 [INF] HTTP GET /api/parents/current-parent-id/students responded 200 in 17.5090 ms
2026-06-19 13:21:57.679 +01:00 [WRN] VAPID Keys not fully configured. Using auto-generated fallback keys. PUBLIC KEY: BInxK1TUxJndESRs55Wz_rEyTW3UyvAvOlopoqyavtN52FExVQ5QWd1_0xBKofpQF3xLp8E0qHrnP12IgwMxTr0
2026-06-19 13:21:57.679 +01:00 [INF] HTTP GET /api/notifications/push/public-key responded 200 in 24.7460 ms
2026-06-19 13:21:57.681 +01:00 [INF] HTTP OPTIONS /api/notifications/push/subscribe responded 204 in 0.0300 ms
2026-06-19 13:21:57.689 +01:00 [WRN] VAPID Keys not fully configured. Using auto-generated fallback keys. PUBLIC KEY: BInxK1TUxJndESRs55Wz_rEyTW3UyvAvOlopoqyavtN52FExVQ5QWd1_0xBKofpQF3xLp8E0qHrnP12IgwMxTr0
2026-06-19 13:21:57.704 +01:00 [INF] HTTP POST /api/notifications/push/subscribe responded 200 in 22.1687 ms
2026-06-19 13:22:22.070 +01:00 [INF] HTTP OPTIONS /api/me responded 204 in 0.0410 ms
2026-06-19 13:22:22.090 +01:00 [INF] HTTP GET /api/me responded 200 in 18.0726 ms
2026-06-19 13:22:22.106 +01:00 [INF] HTTP OPTIONS /api/notifications/push/public-key responded 204 in 0.0255 ms
2026-06-19 13:22:22.116 +01:00 [WRN] VAPID Keys not fully configured. Using auto-generated fallback keys. PUBLIC KEY: BInxK1TUxJndESRs55Wz_rEyTW3UyvAvOlopoqyavtN52FExVQ5QWd1_0xBKofpQF3xLp8E0qHrnP12IgwMxTr0
2026-06-19 13:22:22.116 +01:00 [INF] HTTP GET /api/notifications/push/public-key responded 200 in 9.6184 ms
2026-06-19 13:22:22.118 +01:00 [INF] HTTP OPTIONS /api/notifications/push/subscribe responded 204 in 0.0383 ms
2026-06-19 13:22:22.119 +01:00 [INF] HTTP GET /api/parents/current-parent-id/students responded 200 in 17.2708 ms
2026-06-19 13:22:22.127 +01:00 [WRN] VAPID Keys not fully configured. Using auto-generated fallback keys. PUBLIC KEY: BInxK1TUxJndESRs55Wz_rEyTW3UyvAvOlopoqyavtN52FExVQ5QWd1_0xBKofpQF3xLp8E0qHrnP12IgwMxTr0
2026-06-19 13:22:22.133 +01:00 [INF] HTTP POST /api/notifications/push/subscribe responded 200 in 14.2778 ms
2026-06-19 13:22:34.220 +01:00 [INF] HTTP OPTIONS /api/me responded 204 in 0.0292 ms
2026-06-19 13:22:34.237 +01:00 [INF] HTTP GET /api/me responded 200 in 15.8198 ms
2026-06-19 13:22:34.248 +01:00 [INF] HTTP OPTIONS /api/admin/users responded 204 in 0.0272 ms
2026-06-19 13:22:34.255 +01:00 [INF] HTTP OPTIONS /api/notifications/push/public-key responded 204 in 0.0260 ms
2026-06-19 13:22:34.265 +01:00 [WRN] VAPID Keys not fully configured. Using auto-generated fallback keys. PUBLIC KEY: BInxK1TUxJndESRs55Wz_rEyTW3UyvAvOlopoqyavtN52FExVQ5QWd1_0xBKofpQF3xLp8E0qHrnP12IgwMxTr0
2026-06-19 13:22:34.265 +01:00 [INF] HTTP GET /api/notifications/push/public-key responded 200 in 9.1203 ms
2026-06-19 13:22:34.269 +01:00 [INF] HTTP OPTIONS /api/notifications/push/subscribe responded 204 in 0.0335 ms
2026-06-19 13:22:34.272 +01:00 [INF] HTTP GET /api/admin/users responded 403 in 23.6185 ms
2026-06-19 13:22:34.279 +01:00 [WRN] VAPID Keys not fully configured. Using auto-generated fallback keys. PUBLIC KEY: BInxK1TUxJndESRs55Wz_rEyTW3UyvAvOlopoqyavtN52FExVQ5QWd1_0xBKofpQF3xLp8E0qHrnP12IgwMxTr0
2026-06-19 13:22:34.286 +01:00 [INF] HTTP POST /api/notifications/push/subscribe responded 200 in 16.5830 ms
2026-06-19 13:26:33.167 +01:00 [INF] HTTP OPTIONS /api/auth/login responded 204 in 0.0295 ms
2026-06-19 13:26:33.278 +01:00 [INF] HTTP POST /api/auth/login responded 200 in 109.6127 ms
2026-06-19 13:26:33.280 +01:00 [INF] HTTP OPTIONS /api/me responded 204 in 0.0265 ms
2026-06-19 13:26:33.295 +01:00 [INF] HTTP GET /api/me responded 200 in 14.3763 ms
2026-06-19 13:26:33.310 +01:00 [INF] HTTP OPTIONS /api/admin/dashboard-stats responded 204 in 0.0360 ms
2026-06-19 13:26:33.320 +01:00 [INF] HTTP OPTIONS /api/notifications/push/public-key responded 204 in 0.0347 ms
2026-06-19 13:26:33.344 +01:00 [INF] HTTP GET /api/admin/dashboard-stats responded 200 in 33.1830 ms
2026-06-19 13:26:33.345 +01:00 [WRN] VAPID Keys not fully configured. Using auto-generated fallback keys. PUBLIC KEY: BInxK1TUxJndESRs55Wz_rEyTW3UyvAvOlopoqyavtN52FExVQ5QWd1_0xBKofpQF3xLp8E0qHrnP12IgwMxTr0
2026-06-19 13:26:33.345 +01:00 [INF] HTTP GET /api/notifications/push/public-key responded 200 in 24.2570 ms
2026-06-19 13:26:33.349 +01:00 [INF] HTTP OPTIONS /api/notifications/push/subscribe responded 204 in 0.0273 ms
2026-06-19 13:26:33.359 +01:00 [WRN] VAPID Keys not fully configured. Using auto-generated fallback keys. PUBLIC KEY: BInxK1TUxJndESRs55Wz_rEyTW3UyvAvOlopoqyavtN52FExVQ5QWd1_0xBKofpQF3xLp8E0qHrnP12IgwMxTr0
2026-06-19 13:26:33.367 +01:00 [INF] HTTP POST /api/notifications/push/subscribe responded 200 in 17.6390 ms
2026-06-19 13:27:14.992 +01:00 [INF] HTTP OPTIONS /api/admin/users responded 204 in 0.0253 ms
2026-06-19 13:27:15.031 +01:00 [INF] HTTP GET /api/admin/users responded 200 in 36.3070 ms
2026-06-19 13:28:28.566 +01:00 [INF] HTTP OPTIONS /api/admin/users responded 204 in 0.0205 ms
2026-06-19 13:28:28.602 +01:00 [INF] HTTP GET /api/admin/users responded 200 in 35.1265 ms
2026-06-19 13:28:59.335 +01:00 [INF] HTTP OPTIONS /api/auth/switch-user-by-oid responded 204 in 0.0271 ms
2026-06-19 13:28:59.366 +01:00 [INF] HTTP POST /api/auth/switch-user-by-oid responded 200 in 30.4041 ms
2026-06-19 13:29:33.369 +01:00 [INF] HTTP OPTIONS /api/me responded 204 in 0.0375 ms
2026-06-19 13:29:33.387 +01:00 [INF] HTTP GET /api/me responded 200 in 16.9523 ms
2026-06-19 13:29:33.407 +01:00 [INF] HTTP OPTIONS /api/notifications/push/public-key responded 204 in 0.0210 ms
2026-06-19 13:29:33.421 +01:00 [WRN] VAPID Keys not fully configured. Using auto-generated fallback keys. PUBLIC KEY: BInxK1TUxJndESRs55Wz_rEyTW3UyvAvOlopoqyavtN52FExVQ5QWd1_0xBKofpQF3xLp8E0qHrnP12IgwMxTr0
2026-06-19 13:29:33.421 +01:00 [INF] HTTP GET /api/notifications/push/public-key responded 200 in 13.2511 ms
2026-06-19 13:29:33.422 +01:00 [INF] HTTP GET /api/parents/current-parent-id/students responded 200 in 19.3520 ms
2026-06-19 13:29:33.423 +01:00 [INF] HTTP OPTIONS /api/notifications/push/subscribe responded 204 in 0.0237 ms
2026-06-19 13:29:33.436 +01:00 [WRN] VAPID Keys not fully configured. Using auto-generated fallback keys. PUBLIC KEY: BInxK1TUxJndESRs55Wz_rEyTW3UyvAvOlopoqyavtN52FExVQ5QWd1_0xBKofpQF3xLp8E0qHrnP12IgwMxTr0
2026-06-19 13:29:33.444 +01:00 [INF] HTTP POST /api/notifications/push/subscribe responded 200 in 20.0241 ms
2026-06-19 13:30:36.735 +01:00 [INF] HTTP OPTIONS /api/me responded 204 in 0.0233 ms
2026-06-19 13:30:36.753 +01:00 [INF] HTTP GET /api/me responded 200 in 16.9740 ms
2026-06-19 13:30:36.770 +01:00 [INF] HTTP OPTIONS /api/notifications/push/public-key responded 204 in 0.0250 ms
2026-06-19 13:30:36.778 +01:00 [WRN] VAPID Keys not fully configured. Using auto-generated fallback keys. PUBLIC KEY: BInxK1TUxJndESRs55Wz_rEyTW3UyvAvOlopoqyavtN52FExVQ5QWd1_0xBKofpQF3xLp8E0qHrnP12IgwMxTr0
2026-06-19 13:30:36.778 +01:00 [INF] HTTP GET /api/notifications/push/public-key responded 200 in 7.9449 ms
2026-06-19 13:30:36.780 +01:00 [INF] HTTP OPTIONS /api/notifications/push/subscribe responded 204 in 0.0225 ms
2026-06-19 13:30:36.784 +01:00 [INF] HTTP GET /api/parents/current-parent-id/students responded 200 in 17.6303 ms
2026-06-19 13:30:36.788 +01:00 [WRN] VAPID Keys not fully configured. Using auto-generated fallback keys. PUBLIC KEY: BInxK1TUxJndESRs55Wz_rEyTW3UyvAvOlopoqyavtN52FExVQ5QWd1_0xBKofpQF3xLp8E0qHrnP12IgwMxTr0
2026-06-19 13:30:36.796 +01:00 [INF] HTTP POST /api/notifications/push/subscribe responded 200 in 15.4640 ms
2026-06-19 13:31:23.708 +01:00 [INF] HTTP OPTIONS /api/me responded 204 in 0.0261 ms
2026-06-19 13:31:23.726 +01:00 [INF] HTTP GET /api/me responded 200 in 16.0157 ms
2026-06-19 13:31:23.743 +01:00 [INF] HTTP OPTIONS /api/notifications/push/public-key responded 204 in 0.0235 ms
2026-06-19 13:31:23.758 +01:00 [WRN] VAPID Keys not fully configured. Using auto-generated fallback keys. PUBLIC KEY: BInxK1TUxJndESRs55Wz_rEyTW3UyvAvOlopoqyavtN52FExVQ5QWd1_0xBKofpQF3xLp8E0qHrnP12IgwMxTr0
2026-06-19 13:31:23.758 +01:00 [INF] HTTP GET /api/notifications/push/public-key responded 200 in 13.7559 ms
2026-06-19 13:31:23.761 +01:00 [INF] HTTP OPTIONS /api/notifications/push/subscribe responded 204 in 0.0228 ms
2026-06-19 13:31:23.774 +01:00 [WRN] VAPID Keys not fully configured. Using auto-generated fallback keys. PUBLIC KEY: BInxK1TUxJndESRs55Wz_rEyTW3UyvAvOlopoqyavtN52FExVQ5QWd1_0xBKofpQF3xLp8E0qHrnP12IgwMxTr0
2026-06-19 13:31:23.783 +01:00 [INF] HTTP POST /api/notifications/push/subscribe responded 200 in 22.0187 ms
2026-06-19 13:32:46.608 +01:00 [INF] HTTP OPTIONS /api/me responded 204 in 0.0207 ms
2026-06-19 13:32:46.625 +01:00 [INF] HTTP GET /api/me responded 200 in 16.6957 ms
2026-06-19 13:32:46.643 +01:00 [INF] HTTP OPTIONS /api/notifications/push/public-key responded 204 in 0.0202 ms
2026-06-19 13:32:46.657 +01:00 [WRN] VAPID Keys not fully configured. Using auto-generated fallback keys. PUBLIC KEY: BInxK1TUxJndESRs55Wz_rEyTW3UyvAvOlopoqyavtN52FExVQ5QWd1_0xBKofpQF3xLp8E0qHrnP12IgwMxTr0
2026-06-19 13:32:46.658 +01:00 [INF] HTTP GET /api/notifications/push/public-key responded 200 in 14.0640 ms
2026-06-19 13:32:46.659 +01:00 [INF] HTTP OPTIONS /api/notifications/push/subscribe responded 204 in 0.0211 ms
2026-06-19 13:32:46.661 +01:00 [INF] HTTP GET /api/parents/current-parent-id/students responded 200 in 19.6597 ms
2026-06-19 13:32:46.667 +01:00 [WRN] VAPID Keys not fully configured. Using auto-generated fallback keys. PUBLIC KEY: BInxK1TUxJndESRs55Wz_rEyTW3UyvAvOlopoqyavtN52FExVQ5QWd1_0xBKofpQF3xLp8E0qHrnP12IgwMxTr0
2026-06-19 13:32:46.674 +01:00 [INF] HTTP POST /api/notifications/push/subscribe responded 200 in 14.3399 ms
2026-06-19 13:42:26.583 +01:00 [INF] HTTP GET /api/parents/current-parent-id/students responded 401 in 1138.0835 ms
2026-06-19 13:43:11.432 +01:00 [INF] HTTP OPTIONS /api/me responded 204 in 0.7558 ms
2026-06-19 13:43:11.490 +01:00 [INF] HTTP GET /api/me responded 200 in 53.5642 ms
2026-06-19 13:43:11.516 +01:00 [INF] HTTP OPTIONS /api/admin/dashboard-stats responded 204 in 0.0355 ms
2026-06-19 13:43:11.547 +01:00 [INF] HTTP GET /api/admin/dashboard-stats responded 200 in 29.8559 ms
2026-06-19 13:43:21.826 +01:00 [INF] HTTP OPTIONS /api/admin/users responded 204 in 0.0337 ms
2026-06-19 13:43:21.849 +01:00 [INF] HTTP GET /api/admin/users responded 200 in 20.9805 ms
2026-06-19 13:43:24.163 +01:00 [INF] HTTP OPTIONS /api/auth/switch-user-by-oid responded 204 in 0.3820 ms
2026-06-19 13:43:24.193 +01:00 [INF] HTTP POST /api/auth/switch-user-by-oid responded 200 in 27.3822 ms
2026-06-19 13:43:32.315 +01:00 [INF] HTTP OPTIONS /api/me responded 204 in 0.0915 ms
2026-06-19 13:43:32.338 +01:00 [INF] HTTP GET /api/me responded 200 in 21.8073 ms
2026-06-19 13:43:37.339 +01:00 [INF] HTTP GET /api/parents/current-parent-id/students responded 200 in 18.6470 ms
2026-06-19 13:47:57.663 +01:00 [INF] Sessions already seeded. Skipping.
2026-06-19 13:47:57.685 +01:00 [INF] Faculties already seeded. Skipping.
2026-06-19 13:47:57.692 +01:00 [INF] Departments already seeded. Skipping.
2026-06-19 13:47:57.709 +01:00 [INF] Programs already seeded. Skipping.
2026-06-19 13:47:57.750 +01:00 [INF] Lecturer john.doe@wigweuniversity.edu.ng already exists. Skipping.
2026-06-19 13:47:57.756 +01:00 [INF] Lecturer jane.smith@wigweuniversity.edu.ng already exists. Skipping.
2026-06-19 13:47:57.775 +01:00 [INF] All document types already exist. Skipping.
2026-06-19 13:47:57.783 +01:00 [INF] Sponsors already seeded. Skipping.
2026-06-19 13:47:57.793 +01:00 [INF] Subjects already seeded. Skipping.
2026-06-19 13:47:57.801 +01:00 [INF] Countries already seeded. Skipping.
2026-06-19 13:47:57.820 +01:00 [INF] Grading scales already seeded. Skipping.
2026-06-19 13:47:57.854 +01:00 [INF] Credit transfer rules already seeded. Skipping.
2026-06-19 13:47:57.868 +01:00 [INF] Program credit mappings already seeded. Skipping.
2026-06-19 13:47:57.868 +01:00 [INF] Database initialization completed successfully.
2026-06-19 13:47:57.917 +01:00 [INF] Initializing Entra ID Service with TenantId: c9a98a3d-152f-4eb3-b93f-9b26fdd08495, ClientId: 84022968-6bdc-4c6b-8eab-57b75fa5d0b1, Domain: wigweuniversity.edu.ng
2026-06-19 13:47:57.933 +01:00 [INF] Entra ID Service initialized successfully
2026-06-19 13:47:58.012 +01:00 [WRN] VAPID Keys not fully configured. Using auto-generated fallback keys. PUBLIC KEY: BH16fqu5n0STWMMr-98TC3ORaY8V6l4EmOySrgAaE9b2-guEtUsbVWc2x1fFkbP7W7ck-NzKZ-SaWtPNQ1pXqGA
2026-06-19 13:47:58.069 +01:00 [INF] Registered 308 endpoints in 1,769 milliseconds.
2026-06-19 13:47:58.093 +01:00 [ERR] Hosting failed to start
System.IO.IOException: Failed to bind to address http://127.0.0.1:5021: address already in use.
 ---> Microsoft.AspNetCore.Connections.AddressInUseException: Address already in use
 ---> System.Net.Sockets.SocketException (48): Address already in use
   at System.Net.Sockets.Socket.UpdateStatusAfterSocketErrorAndThrowException(SocketError error, Boolean disconnectOnFailure, String callerName)
   at System.Net.Sockets.Socket.DoBind(EndPoint endPointSnapshot, SocketAddress socketAddress)
   at System.Net.Sockets.Socket.Bind(EndPoint localEP)
   at Microsoft.AspNetCore.Server.Kestrel.Transport.Sockets.SocketTransportOptions.CreateDefaultBoundListenSocket(EndPoint endpoint)
   at Microsoft.AspNetCore.Server.Kestrel.Transport.Sockets.SocketConnectionListener.Bind()
   --- End of inner exception stack trace ---
   at Microsoft.AspNetCore.Server.Kestrel.Transport.Sockets.SocketConnectionListener.Bind()
   at Microsoft.AspNetCore.Server.Kestrel.Transport.Sockets.SocketTransportFactory.BindAsync(EndPoint endpoint, CancellationToken cancellationToken)
   at Microsoft.AspNetCore.Server.Kestrel.Core.Internal.Infrastructure.TransportManager.BindAsync(EndPoint endPoint, ConnectionDelegate connectionDelegate, EndpointConfig endpointConfig, CancellationToken cancellationToken)
   at Microsoft.AspNetCore.Server.Kestrel.Core.KestrelServerImpl.<>c__DisplayClass28_0`1.<<StartAsync>g__OnBind|0>d.MoveNext()
--- End of stack trace from previous location ---
   at Microsoft.AspNetCore.Server.Kestrel.Core.Internal.AddressBinder.BindEndpointAsync(ListenOptions endpoint, AddressBindContext context, CancellationToken cancellationToken)
   --- End of inner exception stack trace ---
   at Microsoft.AspNetCore.Server.Kestrel.Core.Internal.AddressBinder.BindEndpointAsync(ListenOptions endpoint, AddressBindContext context, CancellationToken cancellationToken)
   at Microsoft.AspNetCore.Server.Kestrel.Core.LocalhostListenOptions.BindAsync(AddressBindContext context, CancellationToken cancellationToken)
   at Microsoft.AspNetCore.Server.Kestrel.Core.Internal.AddressBinder.AddressesStrategy.BindAsync(AddressBindContext context, CancellationToken cancellationToken)
   at Microsoft.AspNetCore.Server.Kestrel.Core.KestrelServerImpl.BindAsync(CancellationToken cancellationToken)
   at Microsoft.AspNetCore.Server.Kestrel.Core.KestrelServerImpl.StartAsync[TContext](IHttpApplication`1 application, CancellationToken cancellationToken)
   at Microsoft.AspNetCore.Hosting.GenericWebHostService.StartAsync(CancellationToken cancellationToken)
   at Microsoft.Extensions.Hosting.Internal.Host.<StartAsync>b__14_1(IHostedService service, CancellationToken token)
   at Microsoft.Extensions.Hosting.Internal.Host.ForeachService[T](IEnumerable`1 services, CancellationToken token, Boolean concurrent, Boolean abortOnFirstException, List`1 exceptions, Func`3 operation)
2026-06-19 13:49:37.540 +01:00 [INF] Sessions already seeded. Skipping.
2026-06-19 13:49:37.561 +01:00 [INF] Faculties already seeded. Skipping.
2026-06-19 13:49:37.569 +01:00 [INF] Departments already seeded. Skipping.
2026-06-19 13:49:37.579 +01:00 [INF] Programs already seeded. Skipping.
2026-06-19 13:49:37.624 +01:00 [INF] Lecturer john.doe@wigweuniversity.edu.ng already exists. Skipping.
2026-06-19 13:49:37.629 +01:00 [INF] Lecturer jane.smith@wigweuniversity.edu.ng already exists. Skipping.
2026-06-19 13:49:37.646 +01:00 [INF] All document types already exist. Skipping.
2026-06-19 13:49:37.655 +01:00 [INF] Sponsors already seeded. Skipping.
2026-06-19 13:49:37.665 +01:00 [INF] Subjects already seeded. Skipping.
2026-06-19 13:49:37.673 +01:00 [INF] Countries already seeded. Skipping.
2026-06-19 13:49:37.682 +01:00 [INF] Grading scales already seeded. Skipping.
2026-06-19 13:49:37.690 +01:00 [INF] Credit transfer rules already seeded. Skipping.
2026-06-19 13:49:37.699 +01:00 [INF] Program credit mappings already seeded. Skipping.
2026-06-19 13:49:37.699 +01:00 [INF] Database initialization completed successfully.
2026-06-19 13:49:37.752 +01:00 [INF] Initializing Entra ID Service with TenantId: c9a98a3d-152f-4eb3-b93f-9b26fdd08495, ClientId: 84022968-6bdc-4c6b-8eab-57b75fa5d0b1, Domain: wigweuniversity.edu.ng
2026-06-19 13:49:37.769 +01:00 [INF] Entra ID Service initialized successfully
2026-06-19 13:49:37.848 +01:00 [WRN] VAPID Keys not fully configured. Using auto-generated fallback keys. PUBLIC KEY: BIFruinP3CDukLifzH-6WeSq2Skv7ayXQNwKG6BC-thCGvjfGjBld170Q6JmXQJ9kuIEYRMogSPjpZJBvNgtsVM
2026-06-19 13:49:37.908 +01:00 [INF] Registered 308 endpoints in 1,778 milliseconds.
2026-06-19 13:49:37.935 +01:00 [INF] Now listening on: http://localhost:5021
2026-06-19 13:49:37.935 +01:00 [INF] Application started. Press Ctrl+C to shut down.
2026-06-19 13:49:37.935 +01:00 [INF] Hosting environment: Development
2026-06-19 13:49:37.935 +01:00 [INF] Content root path: /Users/mac/Apps/LMS APP/LMSApi
2026-06-19 13:49:45.109 +01:00 [INF] HTTP OPTIONS /api/me responded 204 in 1.6974 ms
2026-06-19 13:49:49.053 +01:00 [INF] HTTP GET /api/me responded 200 in 3938.0103 ms
2026-06-19 13:49:49.079 +01:00 [INF] HTTP OPTIONS /api/admin/dashboard-stats responded 204 in 0.3713 ms
2026-06-19 13:49:49.283 +01:00 [INF] HTTP GET /api/admin/dashboard-stats responded 200 in 202.3356 ms
2026-06-19 13:49:53.103 +01:00 [INF] HTTP OPTIONS /api/admin/users responded 204 in 0.1884 ms
2026-06-19 13:49:53.214 +01:00 [INF] HTTP GET /api/admin/users responded 200 in 103.8585 ms
2026-06-19 13:49:57.209 +01:00 [INF] HTTP OPTIONS /api/auth/switch-user-by-oid responded 204 in 0.2438 ms
2026-06-19 13:49:57.313 +01:00 [INF] HTTP POST /api/auth/switch-user-by-oid responded 200 in 100.9059 ms
2026-06-19 13:51:07.845 +01:00 [INF] HTTP OPTIONS /api/me responded 204 in 0.1293 ms
2026-06-19 13:51:07.881 +01:00 [INF] HTTP GET /api/me responded 200 in 34.5428 ms
2026-06-19 13:51:09.269 +01:00 [INF] HTTP GET /api/parents/current-parent-id/students responded 200 in 108.3766 ms
2026-06-19 13:52:49.597 +01:00 [INF] HTTP OPTIONS /api/me responded 204 in 0.0605 ms
2026-06-19 13:52:49.625 +01:00 [INF] HTTP GET /api/me responded 200 in 23.8055 ms
2026-06-19 13:52:49.735 +01:00 [INF] HTTP GET /api/parents/current-parent-id/students responded 200 in 33.8423 ms
2026-06-19 13:54:08.234 +01:00 [INF] HTTP OPTIONS /api/me responded 204 in 0.0673 ms
2026-06-19 13:54:08.263 +01:00 [INF] HTTP GET /api/me responded 200 in 24.2903 ms
2026-06-19 13:54:08.379 +01:00 [INF] HTTP GET /api/parents/current-parent-id/students responded 200 in 27.3531 ms
2026-06-19 13:54:45.619 +01:00 [INF] HTTP OPTIONS /api/me responded 204 in 0.0966 ms
2026-06-19 13:54:45.637 +01:00 [INF] HTTP GET /api/me responded 200 in 16.4871 ms
2026-06-19 13:54:53.266 +01:00 [INF] HTTP OPTIONS /api/admin/users responded 204 in 0.0895 ms
2026-06-19 13:54:53.305 +01:00 [INF] HTTP GET /api/admin/users responded 200 in 34.2835 ms
2026-06-19 13:54:55.561 +01:00 [INF] HTTP OPTIONS /api/auth/switch-user-by-oid responded 204 in 1.0469 ms
2026-06-19 13:54:55.613 +01:00 [INF] HTTP POST /api/auth/switch-user-by-oid responded 200 in 48.3615 ms
2026-06-19 13:54:55.619 +01:00 [INF] HTTP OPTIONS /api/me responded 204 in 0.4067 ms
2026-06-19 13:54:55.643 +01:00 [INF] HTTP GET /api/me responded 200 in 21.8650 ms
2026-06-19 13:54:58.365 +01:00 [INF] HTTP GET /api/parents/current-parent-id/students responded 200 in 19.6226 ms
2026-06-19 13:55:22.807 +01:00 [INF] HTTP OPTIONS /api/me responded 204 in 0.0668 ms
2026-06-19 13:55:22.828 +01:00 [INF] HTTP GET /api/me responded 200 in 19.3878 ms
2026-06-19 13:55:22.937 +01:00 [INF] HTTP GET /api/parents/current-parent-id/students responded 200 in 18.2799 ms
2026-06-19 13:56:36.706 +01:00 [INF] HTTP OPTIONS /api/me responded 204 in 0.0466 ms
2026-06-19 13:56:36.758 +01:00 [INF] HTTP GET /api/me responded 200 in 49.7795 ms
2026-06-19 13:56:36.804 +01:00 [INF] HTTP OPTIONS /api/parents/current-parent-id/students responded 204 in 0.0622 ms
2026-06-19 13:56:36.834 +01:00 [INF] HTTP GET /api/parents/current-parent-id/students responded 200 in 28.4485 ms
2026-06-19 13:56:49.231 +01:00 [INF] HTTP OPTIONS /api/me responded 204 in 0.1413 ms
2026-06-19 13:56:49.254 +01:00 [INF] HTTP GET /api/me responded 200 in 19.7239 ms
2026-06-19 13:56:49.269 +01:00 [INF] HTTP OPTIONS /api/parents/current-parent-id/students responded 204 in 0.0526 ms
2026-06-19 13:56:49.303 +01:00 [INF] HTTP GET /api/parents/current-parent-id/students responded 200 in 32.8372 ms
2026-06-19 13:58:05.374 +01:00 [INF] HTTP OPTIONS /api/me responded 204 in 0.0454 ms
2026-06-19 13:58:05.408 +01:00 [INF] HTTP GET /api/me responded 200 in 31.9008 ms
2026-06-19 13:58:05.480 +01:00 [INF] HTTP OPTIONS /api/parents/me/students responded 204 in 0.0451 ms
2026-06-19 13:58:05.511 +01:00 [INF] HTTP GET /api/parents/me/students responded 200 in 25.8015 ms
2026-06-19 13:59:15.163 +01:00 [INF] HTTP OPTIONS /api/parents/students/91611090-1927-42a1-897b-70b34c9a8a89/progress responded 204 in 0.1575 ms
2026-06-19 13:59:15.372 +01:00 [INF] HTTP GET /api/parents/students/91611090-1927-42a1-897b-70b34c9a8a89/progress responded 200 in 205.2791 ms
2026-06-19 14:00:00.392 +01:00 [INF] HTTP OPTIONS /api/me responded 204 in 0.4680 ms
2026-06-19 14:00:00.418 +01:00 [INF] HTTP GET /api/me responded 200 in 24.6227 ms
2026-06-19 14:00:00.503 +01:00 [INF] HTTP OPTIONS /api/parents/students/91611090-1927-42a1-897b-70b34c9a8a89/progress responded 204 in 0.0315 ms
2026-06-19 14:00:00.533 +01:00 [INF] HTTP GET /api/parents/students/91611090-1927-42a1-897b-70b34c9a8a89/progress responded 200 in 29.5744 ms
2026-06-19 14:00:12.837 +01:00 [INF] HTTP OPTIONS /api/parents/me/students responded 204 in 0.0773 ms
2026-06-19 14:00:12.864 +01:00 [INF] HTTP GET /api/parents/me/students responded 200 in 26.4197 ms
2026-06-19 14:00:26.963 +01:00 [INF] HTTP OPTIONS /api/me responded 204 in 0.0292 ms
2026-06-19 14:00:26.984 +01:00 [INF] HTTP GET /api/me responded 200 in 20.1982 ms
2026-06-19 14:00:27.066 +01:00 [INF] HTTP OPTIONS /api/parents/me/students responded 204 in 0.0279 ms
2026-06-19 14:00:27.088 +01:00 [INF] HTTP GET /api/parents/me/students responded 200 in 20.5472 ms
2026-06-19 14:01:32.054 +01:00 [INF] HTTP OPTIONS /api/fees/bill/91611090-1927-42a1-897b-70b34c9a8a89 responded 204 in 0.1552 ms
2026-06-19 14:01:32.117 +01:00 [WRN] Compiling a query which loads related collections for more than one collection navigation, either via 'Include' or through projection, but no 'QuerySplittingBehavior' has been configured. By default, Entity Framework will use 'QuerySplittingBehavior.SingleQuery', which can potentially result in slow query performance. See https://go.microsoft.com/fwlink/?linkid=2134277 for more information. To identify the query that's triggering this warning call 'ConfigureWarnings(w => w.Throw(RelationalEventId.MultipleCollectionIncludeWarning))'.
2026-06-19 14:01:32.188 +01:00 [INF] HTTP GET /api/fees/bill/91611090-1927-42a1-897b-70b34c9a8a89 responded 404 in 131.7260 ms
2026-06-19 14:01:42.852 +01:00 [INF] HTTP OPTIONS /api/me responded 204 in 0.0370 ms
2026-06-19 14:01:42.893 +01:00 [INF] HTTP GET /api/me responded 200 in 37.4293 ms
2026-06-19 14:01:42.917 +01:00 [INF] HTTP OPTIONS /api/fees/bill/91611090-1927-42a1-897b-70b34c9a8a89 responded 204 in 0.0415 ms
2026-06-19 14:01:42.937 +01:00 [INF] HTTP GET /api/fees/bill/91611090-1927-42a1-897b-70b34c9a8a89 responded 404 in 19.1598 ms
2026-06-19 14:01:47.309 +01:00 [INF] HTTP OPTIONS /api/parents/me/students responded 204 in 0.0520 ms
2026-06-19 14:01:47.335 +01:00 [INF] HTTP GET /api/parents/me/students responded 200 in 24.7962 ms
2026-06-19 14:02:03.516 +01:00 [INF] HTTP OPTIONS /api/me responded 204 in 0.1531 ms
2026-06-19 14:02:03.572 +01:00 [INF] HTTP GET /api/me responded 200 in 53.0127 ms
2026-06-19 14:02:03.581 +01:00 [INF] HTTP OPTIONS /api/parents/me/students responded 204 in 0.0346 ms
2026-06-19 14:02:03.602 +01:00 [INF] HTTP GET /api/parents/me/students responded 200 in 19.5915 ms
2026-06-19 14:02:10.963 +01:00 [INF] HTTP OPTIONS /api/me responded 204 in 0.6164 ms
2026-06-19 14:02:11.009 +01:00 [INF] HTTP GET /api/me responded 200 in 44.5055 ms
2026-06-19 14:02:11.018 +01:00 [INF] HTTP OPTIONS /api/parents/me/students responded 204 in 0.0315 ms
2026-06-19 14:02:11.037 +01:00 [INF] HTTP GET /api/parents/me/students responded 200 in 18.5130 ms
2026-06-19 14:02:34.197 +01:00 [INF] HTTP OPTIONS /api/parents/students/91611090-1927-42a1-897b-70b34c9a8a89/progress responded 204 in 0.0705 ms
2026-06-19 14:02:34.228 +01:00 [INF] HTTP GET /api/parents/students/91611090-1927-42a1-897b-70b34c9a8a89/progress responded 200 in 25.2427 ms
2026-06-19 14:04:24.358 +01:00 [INF] HTTP OPTIONS /api/parents/me/students responded 204 in 0.0991 ms
2026-06-19 14:04:24.390 +01:00 [INF] HTTP GET /api/parents/me/students responded 200 in 29.7776 ms
2026-06-19 14:05:58.390 +01:00 [INF] HTTP OPTIONS /api/fees/bill/91611090-1927-42a1-897b-70b34c9a8a89 responded 204 in 0.0344 ms
2026-06-19 14:05:58.421 +01:00 [INF] HTTP GET /api/fees/bill/91611090-1927-42a1-897b-70b34c9a8a89 responded 404 in 29.6674 ms
2026-06-19 14:06:06.667 +01:00 [INF] HTTP OPTIONS /api/parents/me/students responded 204 in 0.0953 ms
2026-06-19 14:06:06.696 +01:00 [INF] HTTP GET /api/parents/me/students responded 200 in 24.8182 ms
2026-06-19 14:06:07.834 +01:00 [INF] HTTP OPTIONS /api/parents/students/91611090-1927-42a1-897b-70b34c9a8a89/progress responded 204 in 0.0356 ms
2026-06-19 14:06:07.862 +01:00 [INF] HTTP GET /api/parents/students/91611090-1927-42a1-897b-70b34c9a8a89/progress responded 200 in 26.9188 ms
2026-06-19 14:08:09.815 +01:00 [INF] HTTP OPTIONS /api/me responded 204 in 2.8276 ms
2026-06-19 14:08:09.891 +01:00 [INF] HTTP GET /api/me responded 200 in 68.8218 ms
2026-06-19 14:08:09.902 +01:00 [INF] HTTP OPTIONS /api/parents/students/91611090-1927-42a1-897b-70b34c9a8a89/progress responded 204 in 0.0212 ms
2026-06-19 14:08:09.934 +01:00 [INF] HTTP GET /api/parents/students/91611090-1927-42a1-897b-70b34c9a8a89/progress responded 200 in 30.9358 ms
2026-06-19 14:35:55.013 +01:00 [INF] HTTP OPTIONS /api/parents/students/91611090-1927-42a1-897b-70b34c9a8a89/messages responded 204 in 0.0444 ms
2026-06-19 14:35:55.057 +01:00 [ERR] An unhandled exception has occurred while executing the request.
System.IO.FileNotFoundException: Could not load file or assembly 'ons.Generic, Version=2.1.0.0, Culture=neutral, PublicKeyToken=null'. The system cannot find the file specified.

File name: 'ons.Generic, Version=2.1.0.0, Culture=neutral, PublicKeyToken=null'
   at LMS.Api.Endpoints.Parents.SendMessageToStudentEndpoint.SendMessageToStudentRequest..ctor()
   at .ctor()
   at System.Text.Json.Serialization.Converters.ObjectDefaultConverter`1.OnTryRead(Utf8JsonReader& reader, Type typeToConvert, JsonSerializerOptions options, ReadStack& state, T& value)
   at System.Text.Json.Serialization.JsonConverter`1.TryRead(Utf8JsonReader& reader, Type typeToConvert, JsonSerializerOptions options, ReadStack& state, T& value, Boolean& isPopulatedValue)
   at System.Text.Json.Serialization.JsonConverter`1.ReadCore(Utf8JsonReader& reader, T& value, JsonSerializerOptions options, ReadStack& state)
   at System.Text.Json.Serialization.Metadata.JsonTypeInfo`1.ContinueDeserialize[TReadBufferState,TStream](TReadBufferState& bufferState, JsonReaderState& jsonReaderState, ReadStack& readStack, T& value)
   at System.Text.Json.Serialization.Metadata.JsonTypeInfo`1.DeserializeAsync[TReadBufferState,TStream](TStream utf8Json, TReadBufferState bufferState, CancellationToken cancellationToken)
   at System.Text.Json.Serialization.Metadata.JsonTypeInfo`1.DeserializeAsObjectAsync(PipeReader utf8Json, CancellationToken cancellationToken)
   at Microsoft.AspNetCore.Http.HttpRequestJsonExtensions.ReadFromJsonAsync(HttpRequest request, Type type, JsonSerializerOptions options, CancellationToken cancellationToken)
   at Microsoft.AspNetCore.Http.HttpRequestJsonExtensions.ReadFromJsonAsync(HttpRequest request, Type type, JsonSerializerOptions options, CancellationToken cancellationToken)
   at FastEndpoints.RequestBinder`1.BindJsonBody(HttpRequest httpRequest, JsonSerializerContext serializerCtx, CancellationToken ct)
   at FastEndpoints.RequestBinder`1.BindAsync(BinderContext ctx, CancellationToken ct)
   at FastEndpoints.Endpoint`2.BindRequestAsync(EndpointDefinition def, HttpContext ctx, List`1 failures, CancellationToken ct)
   at FastEndpoints.Endpoint`2.ExecAsync(CancellationToken ct)
   at FastEndpoints.Endpoint`2.ExecAsync(CancellationToken ct)
   at Microsoft.AspNetCore.Authorization.AuthorizationMiddleware.Invoke(HttpContext context)
   at LMS.Api.Security.UserProvisioningMiddleware.InvokeAsync(HttpContext context, LmsDbContext dbContext, IConfiguration configuration)
   at LMS.Api.Security.ApiReplayPreventionMiddleware.InvokeAsync(HttpContext context)
   at Microsoft.AspNetCore.Authentication.AuthenticationMiddleware.Invoke(HttpContext context)
   at Microsoft.AspNetCore.Diagnostics.StatusCodePagesMiddleware.Invoke(HttpContext context)
   at Microsoft.AspNetCore.Diagnostics.ExceptionHandlerMiddlewareImpl.<Invoke>g__Awaited|10_0(ExceptionHandlerMiddlewareImpl middleware, HttpContext context, Task task)
2026-06-19 14:35:55.060 +01:00 [ERR] HTTP POST /api/parents/students/91611090-1927-42a1-897b-70b34c9a8a89/messages responded 500 in 45.1956 ms
2026-06-19 14:36:06.351 +01:00 [INF] HTTP OPTIONS /api/parents/students/91611090-1927-42a1-897b-70b34c9a8a89/progress responded 204 in 0.1011 ms
2026-06-19 14:36:06.404 +01:00 [INF] HTTP GET /api/parents/students/91611090-1927-42a1-897b-70b34c9a8a89/progress responded 200 in 41.5003 ms
2026-06-19 14:36:08.926 +01:00 [INF] HTTP OPTIONS /api/parents/students/91611090-1927-42a1-897b-70b34c9a8a89/messages responded 204 in 0.1249 ms
2026-06-19 14:36:08.955 +01:00 [ERR] An unhandled exception has occurred while executing the request.
System.IO.FileNotFoundException: Could not load file or assembly 'ons.Generic, Version=2.1.0.0, Culture=neutral, PublicKeyToken=null'. The system cannot find the file specified.

File name: 'ons.Generic, Version=2.1.0.0, Culture=neutral, PublicKeyToken=null'
   at LMS.Api.Endpoints.Parents.SendMessageToStudentEndpoint.SendMessageToStudentRequest..ctor()
   at .ctor()
   at System.Text.Json.Serialization.Converters.ObjectDefaultConverter`1.OnTryRead(Utf8JsonReader& reader, Type typeToConvert, JsonSerializerOptions options, ReadStack& state, T& value)
   at System.Text.Json.Serialization.JsonConverter`1.TryRead(Utf8JsonReader& reader, Type typeToConvert, JsonSerializerOptions options, ReadStack& state, T& value, Boolean& isPopulatedValue)
   at System.Text.Json.Serialization.JsonConverter`1.ReadCore(Utf8JsonReader& reader, T& value, JsonSerializerOptions options, ReadStack& state)
   at System.Text.Json.Serialization.Metadata.JsonTypeInfo`1.ContinueDeserialize[TReadBufferState,TStream](TReadBufferState& bufferState, JsonReaderState& jsonReaderState, ReadStack& readStack, T& value)
   at System.Text.Json.Serialization.Metadata.JsonTypeInfo`1.DeserializeAsync[TReadBufferState,TStream](TStream utf8Json, TReadBufferState bufferState, CancellationToken cancellationToken)
   at System.Text.Json.Serialization.Metadata.JsonTypeInfo`1.DeserializeAsObjectAsync(PipeReader utf8Json, CancellationToken cancellationToken)
   at Microsoft.AspNetCore.Http.HttpRequestJsonExtensions.ReadFromJsonAsync(HttpRequest request, Type type, JsonSerializerOptions options, CancellationToken cancellationToken)
   at Microsoft.AspNetCore.Http.HttpRequestJsonExtensions.ReadFromJsonAsync(HttpRequest request, Type type, JsonSerializerOptions options, CancellationToken cancellationToken)
   at FastEndpoints.RequestBinder`1.BindJsonBody(HttpRequest httpRequest, JsonSerializerContext serializerCtx, CancellationToken ct)
   at FastEndpoints.RequestBinder`1.BindAsync(BinderContext ctx, CancellationToken ct)
   at FastEndpoints.Endpoint`2.BindRequestAsync(EndpointDefinition def, HttpContext ctx, List`1 failures, CancellationToken ct)
   at FastEndpoints.Endpoint`2.ExecAsync(CancellationToken ct)
   at FastEndpoints.Endpoint`2.ExecAsync(CancellationToken ct)
   at Microsoft.AspNetCore.Authorization.AuthorizationMiddleware.Invoke(HttpContext context)
   at LMS.Api.Security.UserProvisioningMiddleware.InvokeAsync(HttpContext context, LmsDbContext dbContext, IConfiguration configuration)
   at LMS.Api.Security.ApiReplayPreventionMiddleware.InvokeAsync(HttpContext context)
   at Microsoft.AspNetCore.Authentication.AuthenticationMiddleware.Invoke(HttpContext context)
   at Microsoft.AspNetCore.Diagnostics.StatusCodePagesMiddleware.Invoke(HttpContext context)
   at Microsoft.AspNetCore.Diagnostics.ExceptionHandlerMiddlewareImpl.<Invoke>g__Awaited|10_0(ExceptionHandlerMiddlewareImpl middleware, HttpContext context, Task task)
2026-06-19 14:36:08.957 +01:00 [ERR] HTTP POST /api/parents/students/91611090-1927-42a1-897b-70b34c9a8a89/messages responded 500 in 24.5657 ms
2026-06-19 14:36:23.714 +01:00 [INF] HTTP OPTIONS /api/parents/students/91611090-1927-42a1-897b-70b34c9a8a89/progress responded 204 in 0.3060 ms
2026-06-19 14:36:23.757 +01:00 [INF] HTTP GET /api/parents/students/91611090-1927-42a1-897b-70b34c9a8a89/progress responded 200 in 42.0415 ms
2026-06-19 14:37:00.774 +01:00 [INF] Application is shutting down...
2026-06-19 14:38:50.640 +01:00 [INF] Initializing Entra ID Service with TenantId: c9a98a3d-152f-4eb3-b93f-9b26fdd08495, ClientId: 67618b43-bfd0-483c-9750-bd5703101cbf, Domain: wigweuniversity.edu.ng
2026-06-19 14:38:50.695 +01:00 [INF] Entra ID Service initialized successfully
2026-06-19 14:38:51.533 +01:00 [WRN] VAPID Keys not fully configured. Using auto-generated fallback keys. PUBLIC KEY: BCDBDgV6nwRSROQceBSv3b-siCzX-zUmNuun8JHtR-s7LEF_djDdXXnMwWL3Rgl33H4f15aaD4Il0maZ1XGNQT0
2026-06-19 14:38:51.590 +01:00 [INF] Registered 308 endpoints in 1,134 milliseconds.
2026-06-19 14:38:51.616 +01:00 [INF] Now listening on: http://localhost:5000
2026-06-19 14:38:51.616 +01:00 [INF] Application started. Press Ctrl+C to shut down.
2026-06-19 14:38:51.616 +01:00 [INF] Hosting environment: Production
2026-06-19 14:38:51.616 +01:00 [INF] Content root path: /Users/mac/Apps/LMS APP/LMSApi
2026-06-19 14:38:58.620 +01:00 [INF] Application is shutting down...
2026-06-19 14:39:49.942 +01:00 [INF] Initializing Entra ID Service with TenantId: c9a98a3d-152f-4eb3-b93f-9b26fdd08495, ClientId: 67618b43-bfd0-483c-9750-bd5703101cbf, Domain: wigweuniversity.edu.ng
2026-06-19 14:39:50.005 +01:00 [INF] Entra ID Service initialized successfully
2026-06-19 14:39:50.841 +01:00 [WRN] VAPID Keys not fully configured. Using auto-generated fallback keys. PUBLIC KEY: BCktKY5H6GPKilyWCeBhQDjf3GR8EVVot-zCe2RL3LNXH_cHJYXydWpxXwxZlYVhHUNx09EXgUUqFZUAoH6RcWY
2026-06-19 14:39:50.900 +01:00 [INF] Registered 308 endpoints in 1,143 milliseconds.
2026-06-19 14:39:50.926 +01:00 [INF] Now listening on: http://localhost:5021
2026-06-19 14:39:50.926 +01:00 [INF] Application started. Press Ctrl+C to shut down.
2026-06-19 14:39:50.926 +01:00 [INF] Hosting environment: Production
2026-06-19 14:39:50.926 +01:00 [INF] Content root path: /Users/mac/Apps/LMS APP/LMSApi
2026-06-19 14:40:10.849 +01:00 [INF] Application is shutting down...
2026-06-19 14:40:16.096 +01:00 [INF] Sessions already seeded. Skipping.
2026-06-19 14:40:16.122 +01:00 [INF] Faculties already seeded. Skipping.
2026-06-19 14:40:16.131 +01:00 [INF] Departments already seeded. Skipping.
2026-06-19 14:40:16.141 +01:00 [INF] Programs already seeded. Skipping.
2026-06-19 14:40:16.181 +01:00 [INF] Lecturer john.doe@wigweuniversity.edu.ng already exists. Skipping.
2026-06-19 14:40:16.186 +01:00 [INF] Lecturer jane.smith@wigweuniversity.edu.ng already exists. Skipping.
2026-06-19 14:40:16.205 +01:00 [INF] All document types already exist. Skipping.
2026-06-19 14:40:16.213 +01:00 [INF] Sponsors already seeded. Skipping.
2026-06-19 14:40:16.222 +01:00 [INF] Subjects already seeded. Skipping.
2026-06-19 14:40:16.231 +01:00 [INF] Countries already seeded. Skipping.
2026-06-19 14:40:16.239 +01:00 [INF] Grading scales already seeded. Skipping.
2026-06-19 14:40:16.248 +01:00 [INF] Credit transfer rules already seeded. Skipping.
2026-06-19 14:40:16.255 +01:00 [INF] Program credit mappings already seeded. Skipping.
2026-06-19 14:40:16.255 +01:00 [INF] Database initialization completed successfully.
2026-06-19 14:40:16.301 +01:00 [INF] Initializing Entra ID Service with TenantId: c9a98a3d-152f-4eb3-b93f-9b26fdd08495, ClientId: 84022968-6bdc-4c6b-8eab-57b75fa5d0b1, Domain: wigweuniversity.edu.ng
2026-06-19 14:40:16.317 +01:00 [INF] Entra ID Service initialized successfully
2026-06-19 14:40:16.395 +01:00 [WRN] VAPID Keys not fully configured. Using auto-generated fallback keys. PUBLIC KEY: BPVC8zvlY5FryBHNda82UlDi-5FPZdaoUaMRTDzfFmXx7Ws_dOp_oB5ip8xeubpJzz2K5XTs53cou-7cbXB3nPE
2026-06-19 14:40:16.452 +01:00 [INF] Registered 308 endpoints in 1,781 milliseconds.
2026-06-19 14:40:16.477 +01:00 [INF] Now listening on: http://localhost:5021
2026-06-19 14:40:16.477 +01:00 [INF] Application started. Press Ctrl+C to shut down.
2026-06-19 14:40:16.477 +01:00 [INF] Hosting environment: Development
2026-06-19 14:40:16.477 +01:00 [INF] Content root path: /Users/mac/Apps/LMS APP/LMSApi
2026-06-19 14:40:18.091 +01:00 [INF] HTTP OPTIONS /api/parents/students/91611090-1927-42a1-897b-70b34c9a8a89/progress responded 204 in 1.5353 ms
2026-06-19 14:40:18.542 +01:00 [INF] HTTP GET /api/parents/students/91611090-1927-42a1-897b-70b34c9a8a89/progress responded 200 in 443.5953 ms
2026-06-19 14:40:22.074 +01:00 [INF] HTTP OPTIONS /api/parents/me/students responded 204 in 0.5344 ms
2026-06-19 14:40:22.149 +01:00 [INF] HTTP GET /api/parents/me/students responded 200 in 73.2580 ms
2026-06-19 14:40:24.319 +01:00 [INF] HTTP OPTIONS /api/parents/students/91611090-1927-42a1-897b-70b34c9a8a89/progress responded 204 in 0.1520 ms
2026-06-19 14:40:24.365 +01:00 [INF] HTTP GET /api/parents/students/91611090-1927-42a1-897b-70b34c9a8a89/progress responded 200 in 41.8108 ms
2026-06-19 14:40:34.282 +01:00 [INF] HTTP OPTIONS /api/parents/students/91611090-1927-42a1-897b-70b34c9a8a89/messages responded 204 in 0.1026 ms
2026-06-19 14:40:34.418 +01:00 [INF] HTTP POST /api/parents/students/91611090-1927-42a1-897b-70b34c9a8a89/messages responded 200 in 133.3868 ms
2026-06-19 14:40:42.998 +01:00 [INF] HTTP OPTIONS /api/parents/me/students responded 204 in 0.0783 ms
2026-06-19 14:40:43.020 +01:00 [INF] HTTP GET /api/parents/me/students responded 200 in 20.2626 ms
2026-06-19 14:40:45.049 +01:00 [INF] HTTP OPTIONS /api/parents/students/91611090-1927-42a1-897b-70b34c9a8a89/progress responded 204 in 0.0656 ms
2026-06-19 14:40:45.079 +01:00 [INF] HTTP GET /api/parents/students/91611090-1927-42a1-897b-70b34c9a8a89/progress responded 200 in 27.9715 ms
2026-06-19 14:40:49.240 +01:00 [INF] HTTP OPTIONS /api/parents/me/students responded 204 in 0.3749 ms
2026-06-19 14:40:49.266 +01:00 [INF] HTTP GET /api/parents/me/students responded 200 in 23.0096 ms
2026-06-19 15:58:38.266 +01:00 [INF] HTTP OPTIONS /api/fees/bill/91611090-1927-42a1-897b-70b34c9a8a89 responded 204 in 0.2755 ms
2026-06-19 15:58:38.283 +01:00 [INF] HTTP GET /api/fees/bill/91611090-1927-42a1-897b-70b34c9a8a89 responded 401 in 6.3033 ms
2026-06-19 15:58:44.278 +01:00 [INF] HTTP OPTIONS /api/parents/me/students responded 204 in 1.6976 ms
2026-06-19 15:58:44.285 +01:00 [INF] HTTP GET /api/parents/me/students responded 401 in 1.6968 ms
2026-06-19 16:19:18.687 +01:00 [INF] HTTP OPTIONS /api/me responded 204 in 0.0756 ms
2026-06-19 16:19:20.198 +01:00 [INF] HTTP GET /api/me responded 200 in 1507.1992 ms
2026-06-19 16:19:25.089 +01:00 [INF] HTTP OPTIONS /api/me responded 204 in 0.0824 ms
2026-06-19 16:19:25.178 +01:00 [INF] HTTP GET /api/me responded 200 in 84.2188 ms
2026-06-19 16:19:25.203 +01:00 [INF] HTTP OPTIONS /api/admin/dashboard-stats responded 204 in 0.0511 ms
2026-06-19 16:19:25.365 +01:00 [INF] HTTP GET /api/admin/dashboard-stats responded 200 in 159.6838 ms
2026-06-19 16:19:28.311 +01:00 [INF] HTTP OPTIONS /api/admin/users responded 204 in 0.2208 ms
2026-06-19 16:19:28.421 +01:00 [INF] HTTP GET /api/admin/users responded 200 in 106.1159 ms
2026-06-19 16:19:30.187 +01:00 [INF] HTTP OPTIONS /api/auth/switch-user-by-oid responded 204 in 0.2106 ms
2026-06-19 16:19:30.264 +01:00 [INF] HTTP POST /api/auth/switch-user-by-oid responded 200 in 73.1145 ms
2026-06-19 16:19:30.271 +01:00 [INF] HTTP OPTIONS /api/me responded 204 in 0.2374 ms
2026-06-19 16:19:30.296 +01:00 [INF] HTTP GET /api/me responded 200 in 23.0088 ms
2026-06-19 16:19:33.278 +01:00 [INF] HTTP OPTIONS /api/parents/me/students responded 204 in 0.4546 ms
2026-06-19 16:19:33.317 +01:00 [INF] HTTP GET /api/parents/me/students responded 200 in 34.6111 ms
2026-06-19 16:19:36.993 +01:00 [INF] HTTP OPTIONS /api/parents/students/91611090-1927-42a1-897b-70b34c9a8a89/progress responded 204 in 0.0726 ms
2026-06-19 16:19:37.022 +01:00 [INF] HTTP GET /api/parents/students/91611090-1927-42a1-897b-70b34c9a8a89/progress responded 200 in 27.0853 ms
2026-06-19 16:19:40.863 +01:00 [INF] HTTP OPTIONS /api/parents/me/students responded 204 in 0.0360 ms
2026-06-19 16:19:40.883 +01:00 [INF] HTTP GET /api/parents/me/students responded 200 in 19.7555 ms
2026-06-19 16:19:42.740 +01:00 [INF] HTTP OPTIONS /api/parents/students/91611090-1927-42a1-897b-70b34c9a8a89/progress responded 204 in 0.1555 ms
2026-06-19 16:19:42.771 +01:00 [INF] HTTP GET /api/parents/students/91611090-1927-42a1-897b-70b34c9a8a89/progress responded 200 in 28.8210 ms
2026-06-19 16:19:44.180 +01:00 [INF] HTTP GET /api/parents/me/students responded 200 in 17.1334 ms
2026-06-19 16:19:50.491 +01:00 [INF] HTTP OPTIONS /api/me responded 204 in 0.2177 ms
2026-06-19 16:19:50.529 +01:00 [INF] HTTP GET /api/me responded 200 in 30.6012 ms
2026-06-19 16:19:55.144 +01:00 [INF] HTTP OPTIONS /api/admin/users responded 204 in 0.0665 ms
2026-06-19 16:19:55.182 +01:00 [INF] HTTP GET /api/admin/users responded 200 in 35.2813 ms
2026-06-19 16:19:58.410 +01:00 [INF] HTTP OPTIONS /api/auth/switch-user-by-oid responded 204 in 0.0712 ms
2026-06-19 16:19:58.445 +01:00 [INF] HTTP POST /api/auth/switch-user-by-oid responded 200 in 28.9738 ms
2026-06-19 16:19:58.447 +01:00 [INF] HTTP OPTIONS /api/me responded 204 in 0.0288 ms
2026-06-19 16:19:58.475 +01:00 [INF] HTTP GET /api/me responded 200 in 27.7161 ms
2026-06-19 16:20:49.741 +01:00 [INF] HTTP OPTIONS /api/fees/my-bill responded 204 in 0.1400 ms
2026-06-19 16:20:49.796 +01:00 [WRN] Compiling a query which loads related collections for more than one collection navigation, either via 'Include' or through projection, but no 'QuerySplittingBehavior' has been configured. By default, Entity Framework will use 'QuerySplittingBehavior.SingleQuery', which can potentially result in slow query performance. See https://go.microsoft.com/fwlink/?linkid=2134277 for more information. To identify the query that's triggering this warning call 'ConfigureWarnings(w => w.Throw(RelationalEventId.MultipleCollectionIncludeWarning))'.
2026-06-19 16:20:49.836 +01:00 [INF] HTTP GET /api/fees/my-bill responded 404 in 92.4482 ms
2026-06-19 16:21:59.356 +01:00 [ERR] HTTP GET /api/self-service/registration-history responded 501 in 15.1851 ms
2026-06-19 16:22:21.957 +01:00 [ERR] HTTP GET /api/self-service/swap-requests responded 501 in 22.8439 ms
2026-06-19 16:26:50.690 +01:00 [INF] HTTP OPTIONS /api/me responded 204 in 0.0323 ms
2026-06-19 16:26:50.722 +01:00 [INF] HTTP GET /api/me responded 200 in 30.7136 ms
2026-06-19 16:26:50.771 +01:00 [ERR] HTTP GET /api/self-service/swap-requests responded 501 in 15.7179 ms
2026-06-19 16:27:22.469 +01:00 [INF] Application is shutting down...
.doe@wigweuniversity.edu.ng already exists. Skipping.
2026-06-19 16:26:24.181 +01:00 [INF] Lecturer jane.smith@wigweuniversity.edu.ng already exists. Skipping.
2026-06-19 16:26:24.202 +01:00 [INF] All document types already exist. Skipping.
2026-06-19 16:26:24.209 +01:00 [INF] Sponsors already seeded. Skipping.
2026-06-19 16:26:24.217 +01:00 [INF] Subjects already seeded. Skipping.
2026-06-19 16:26:24.226 +01:00 [INF] Countries already seeded. Skipping.
2026-06-19 16:26:24.235 +01:00 [INF] Grading scales already seeded. Skipping.
2026-06-19 16:26:24.244 +01:00 [INF] Credit transfer rules already seeded. Skipping.
2026-06-19 16:26:24.256 +01:00 [INF] Program credit mappings already seeded. Skipping.
2026-06-19 16:26:24.256 +01:00 [INF] Database initialization completed successfully.
2026-06-19 16:26:24.308 +01:00 [INF] Initializing Entra ID Service with TenantId: c9a98a3d-152f-4eb3-b93f-9b26fdd08495, ClientId: 84022968-6bdc-4c6b-8eab-57b75fa5d0b1, Domain: wigweuniversity.edu.ng
2026-06-19 16:26:24.327 +01:00 [INF] Entra ID Service initialized successfully
2026-06-19 16:26:24.413 +01:00 [WRN] VAPID Keys not fully configured. Using auto-generated fallback keys. PUBLIC KEY: BAf_fx_eKiXFhDci7X886c9zqso8nTHMoq29OOLBdNrW0qF6zpM4dgXjkDqUJKdRYgI1bBy9d2O_OgbaNq9nAh0
2026-06-19 16:26:24.504 +01:00 [INF] Registered 308 endpoints in 2,086 milliseconds.
2026-06-19 16:26:24.534 +01:00 [ERR] Hosting failed to start
System.IO.IOException: Failed to bind to address http://127.0.0.1:5021: address already in use.
 ---> Microsoft.AspNetCore.Connections.AddressInUseException: Address already in use
 ---> System.Net.Sockets.SocketException (48): Address already in use
   at System.Net.Sockets.Socket.UpdateStatusAfterSocketErrorAndThrowException(SocketError error, Boolean disconnectOnFailure, String callerName)
   at System.Net.Sockets.Socket.DoBind(EndPoint endPointSnapshot, SocketAddress socketAddress)
   at System.Net.Sockets.Socket.Bind(EndPoint localEP)
   at Microsoft.AspNetCore.Server.Kestrel.Transport.Sockets.SocketTransportOptions.CreateDefaultBoundListenSocket(EndPoint endpoint)
   at Microsoft.AspNetCore.Server.Kestrel.Transport.Sockets.SocketConnectionListener.Bind()
   --- End of inner exception stack trace ---
   at Microsoft.AspNetCore.Server.Kestrel.Transport.Sockets.SocketConnectionListener.Bind()
   at Microsoft.AspNetCore.Server.Kestrel.Transport.Sockets.SocketTransportFactory.BindAsync(EndPoint endpoint, CancellationToken cancellationToken)
   at Microsoft.AspNetCore.Server.Kestrel.Core.Internal.Infrastructure.TransportManager.BindAsync(EndPoint endPoint, ConnectionDelegate connectionDelegate, EndpointConfig endpointConfig, CancellationToken cancellationToken)
   at Microsoft.AspNetCore.Server.Kestrel.Core.KestrelServerImpl.<>c__DisplayClass28_0`1.<<StartAsync>g__OnBind|0>d.MoveNext()
--- End of stack trace from previous location ---
   at Microsoft.AspNetCore.Server.Kestrel.Core.Internal.AddressBinder.BindEndpointAsync(ListenOptions endpoint, AddressBindContext context, CancellationToken cancellationToken)
   --- End of inner exception stack trace ---
   at Microsoft.AspNetCore.Server.Kestrel.Core.Internal.AddressBinder.BindEndpointAsync(ListenOptions endpoint, AddressBindContext context, CancellationToken cancellationToken)
   at Microsoft.AspNetCore.Server.Kestrel.Core.LocalhostListenOptions.BindAsync(AddressBindContext context, CancellationToken cancellationToken)
   at Microsoft.AspNetCore.Server.Kestrel.Core.Internal.AddressBinder.AddressesStrategy.BindAsync(AddressBindContext context, CancellationToken cancellationToken)
   at Microsoft.AspNetCore.Server.Kestrel.Core.KestrelServerImpl.BindAsync(CancellationToken cancellationToken)
   at Microsoft.AspNetCore.Server.Kestrel.Core.KestrelServerImpl.StartAsync[TContext](IHttpApplication`1 application, CancellationToken cancellationToken)
   at Microsoft.AspNetCore.Hosting.GenericWebHostService.StartAsync(CancellationToken cancellationToken)
   at Microsoft.Extensions.Hosting.Internal.Host.<StartAsync>b__14_1(IHostedService service, CancellationToken token)
   at Microsoft.Extensions.Hosting.Internal.Host.ForeachService[T](IEnumerable`1 services, CancellationToken token, Boolean concurrent, Boolean abortOnFirstException, List`1 exceptions, Func`3 operation)
2026-06-19 16:26:44.236 +01:00 [INF] Sessions already seeded. Skipping.
2026-06-19 16:26:44.268 +01:00 [INF] Faculties already seeded. Skipping.
2026-06-19 16:26:44.283 +01:00 [INF] Departments already seeded. Skipping.
2026-06-19 16:26:44.297 +01:00 [INF] Programs already seeded. Skipping.
2026-06-19 16:26:44.354 +01:00 [INF] Lecturer john.doe@wigweuniversity.edu.ng already exists. Skipping.
2026-06-19 16:26:44.360 +01:00 [INF] Lecturer jane.smith@wigweuniversity.edu.ng already exists. Skipping.
2026-06-19 16:26:44.382 +01:00 [INF] All document types already exist. Skipping.
2026-06-19 16:26:44.399 +01:00 [INF] Sponsors already seeded. Skipping.
2026-06-19 16:26:44.406 +01:00 [INF] Subjects already seeded. Skipping.
2026-06-19 16:26:44.415 +01:00 [INF] Countries already seeded. Skipping.
2026-06-19 16:26:44.422 +01:00 [INF] Grading scales already seeded. Skipping.
2026-06-19 16:26:44.430 +01:00 [INF] Credit transfer rules already seeded. Skipping.
2026-06-19 16:26:44.439 +01:00 [INF] Program credit mappings already seeded. Skipping.
2026-06-19 16:26:44.439 +01:00 [INF] Database initialization completed successfully.
2026-06-19 16:26:44.491 +01:00 [INF] Initializing Entra ID Service with TenantId: c9a98a3d-152f-4eb3-b93f-9b26fdd08495, ClientId: 84022968-6bdc-4c6b-8eab-57b75fa5d0b1, Domain: wigweuniversity.edu.ng
2026-06-19 16:26:44.510 +01:00 [INF] Entra ID Service initialized successfully
2026-06-19 16:26:44.600 +01:00 [WRN] VAPID Keys not fully configured. Using auto-generated fallback keys. PUBLIC KEY: BBwQboIa9eXa_0qCsrnYs697kkzfEaltc8YpxpNNhsIky8GcAvhTdVvGOfC8G-M5guxMrRHB3Dyr8UyPqgzKm04
2026-06-19 16:26:44.666 +01:00 [INF] Registered 308 endpoints in 2,057 milliseconds.
2026-06-19 16:26:44.696 +01:00 [ERR] Hosting failed to start
System.IO.IOException: Failed to bind to address http://127.0.0.1:5021: address already in use.
 ---> Microsoft.AspNetCore.Connections.AddressInUseException: Address already in use
 ---> System.Net.Sockets.SocketException (48): Address already in use
   at System.Net.Sockets.Socket.UpdateStatusAfterSocketErrorAndThrowException(SocketError error, Boolean disconnectOnFailure, String callerName)
   at System.Net.Sockets.Socket.DoBind(EndPoint endPointSnapshot, SocketAddress socketAddress)
   at System.Net.Sockets.Socket.Bind(EndPoint localEP)
   at Microsoft.AspNetCore.Server.Kestrel.Transport.Sockets.SocketTransportOptions.CreateDefaultBoundListenSocket(EndPoint endpoint)
   at Microsoft.AspNetCore.Server.Kestrel.Transport.Sockets.SocketConnectionListener.Bind()
   --- End of inner exception stack trace ---
   at Microsoft.AspNetCore.Server.Kestrel.Transport.Sockets.SocketConnectionListener.Bind()
   at Microsoft.AspNetCore.Server.Kestrel.Transport.Sockets.SocketTransportFactory.BindAsync(EndPoint endpoint, CancellationToken cancellationToken)
   at Microsoft.AspNetCore.Server.Kestrel.Core.Internal.Infrastructure.TransportManager.BindAsync(EndPoint endPoint, ConnectionDelegate connectionDelegate, EndpointConfig endpointConfig, CancellationToken cancellationToken)
   at Microsoft.AspNetCore.Server.Kestrel.Core.KestrelServerImpl.<>c__DisplayClass28_0`1.<<StartAsync>g__OnBind|0>d.MoveNext()
--- End of stack trace from previous location ---
   at Microsoft.AspNetCore.Server.Kestrel.Core.Internal.AddressBinder.BindEndpointAsync(ListenOptions endpoint, AddressBindContext context, CancellationToken cancellationToken)
   --- End of inner exception stack trace ---
   at Microsoft.AspNetCore.Server.Kestrel.Core.Internal.AddressBinder.BindEndpointAsync(ListenOptions endpoint, AddressBindContext context, CancellationToken cancellationToken)
   at Microsoft.AspNetCore.Server.Kestrel.Core.LocalhostListenOptions.BindAsync(AddressBindContext context, CancellationToken cancellationToken)
   at Microsoft.AspNetCore.Server.Kestrel.Core.Internal.AddressBinder.AddressesStrategy.BindAsync(AddressBindContext context, CancellationToken cancellationToken)
   at Microsoft.AspNetCore.Server.Kestrel.Core.KestrelServerImpl.BindAsync(CancellationToken cancellationToken)
   at Microsoft.AspNetCore.Server.Kestrel.Core.KestrelServerImpl.StartAsync[TContext](IHttpApplication`1 application, CancellationToken cancellationToken)
   at Microsoft.AspNetCore.Hosting.GenericWebHostService.StartAsync(CancellationToken cancellationToken)
   at Microsoft.Extensions.Hosting.Internal.Host.<StartAsync>b__14_1(IHostedService service, CancellationToken token)
   at Microsoft.Extensions.Hosting.Internal.Host.ForeachService[T](IEnumerable`1 services, CancellationToken token, Boolean concurrent, Boolean abortOnFirstException, List`1 exceptions, Func`3 operation)
2026-06-19 16:27:28.771 +01:00 [INF] Sessions already seeded. Skipping.
2026-06-19 16:27:28.799 +01:00 [INF] Faculties already seeded. Skipping.
2026-06-19 16:27:28.809 +01:00 [INF] Departments already seeded. Skipping.
2026-06-19 16:27:28.822 +01:00 [INF] Programs already seeded. Skipping.
2026-06-19 16:27:28.871 +01:00 [INF] Lecturer john.doe@wigweuniversity.edu.ng already exists. Skipping.
2026-06-19 16:27:28.875 +01:00 [INF] Lecturer jane.smith@wigweuniversity.edu.ng already exists. Skipping.
2026-06-19 16:27:28.899 +01:00 [INF] All document types already exist. Skipping.
2026-06-19 16:27:28.907 +01:00 [INF] Sponsors already seeded. Skipping.
2026-06-19 16:27:28.915 +01:00 [INF] Subjects already seeded. Skipping.
2026-06-19 16:27:28.924 +01:00 [INF] Countries already seeded. Skipping.
2026-06-19 16:27:28.934 +01:00 [INF] Grading scales already seeded. Skipping.
2026-06-19 16:27:28.943 +01:00 [INF] Credit transfer rules already seeded. Skipping.
2026-06-19 16:27:28.952 +01:00 [INF] Program credit mappings already seeded. Skipping.
2026-06-19 16:27:28.952 +01:00 [INF] Database initialization completed successfully.
2026-06-19 16:27:29.011 +01:00 [INF] Initializing Entra ID Service with TenantId: c9a98a3d-152f-4eb3-b93f-9b26fdd08495, ClientId: 84022968-6bdc-4c6b-8eab-57b75fa5d0b1, Domain: wigweuniversity.edu.ng
2026-06-19 16:27:29.031 +01:00 [INF] Entra ID Service initialized successfully
2026-06-19 16:27:29.121 +01:00 [WRN] VAPID Keys not fully configured. Using auto-generated fallback keys. PUBLIC KEY: BHmM6wFHynyC8v56wvvl1ylU2VBvaeCGBL5g6YeIAGlosJpNXsVOyEe27s7HXttEnJwqBd3YGw-ECVoi_c5s_DA
2026-06-19 16:27:29.190 +01:00 [INF] Registered 308 endpoints in 2,029 milliseconds.
2026-06-19 16:27:29.217 +01:00 [INF] Now listening on: http://localhost:5021
2026-06-19 16:27:29.217 +01:00 [INF] Application started. Press Ctrl+C to shut down.
2026-06-19 16:27:29.217 +01:00 [INF] Hosting environment: Development
2026-06-19 16:27:29.217 +01:00 [INF] Content root path: /Users/mac/Apps/LMS APP/LMSApi
2026-06-19 16:28:42.376 +01:00 [INF] HTTP GET /api/self-service/swap-requests responded 200 in 342.5408 ms
2026-06-19 16:29:06.559 +01:00 [INF] HTTP OPTIONS /api/fees/my-bill responded 204 in 1.2652 ms
2026-06-19 16:29:06.635 +01:00 [WRN] Compiling a query which loads related collections for more than one collection navigation, either via 'Include' or through projection, but no 'QuerySplittingBehavior' has been configured. By default, Entity Framework will use 'QuerySplittingBehavior.SingleQuery', which can potentially result in slow query performance. See https://go.microsoft.com/fwlink/?linkid=2134277 for more information. To identify the query that's triggering this warning call 'ConfigureWarnings(w => w.Throw(RelationalEventId.MultipleCollectionIncludeWarning))'.
2026-06-19 16:29:06.679 +01:00 [INF] HTTP GET /api/fees/my-bill responded 404 in 117.1933 ms
2026-06-19 16:29:25.678 +01:00 [INF] HTTP GET /api/quizzes responded 200 in 77.3265 ms
2026-06-19 16:30:09.440 +01:00 [ERR] HTTP GET /api/self-service/registration-history responded 501 in 25.1209 ms
2026-06-19 16:30:11.801 +01:00 [INF] HTTP GET /api/self-service/programs responded 200 in 74.3847 ms
2026-06-19 16:30:11.823 +01:00 [INF] HTTP GET /api/self-service/program-switch/my-requests responded 200 in 95.6937 ms
2026-06-19 16:30:35.203 +01:00 [INF] HTTP GET /api/quizzes responded 200 in 81.4108 ms
2026-06-19 16:30:36.863 +01:00 [INF] HTTP GET /api/question-banks responded 200 in 50.9843 ms
2026-06-19 16:32:18.717 +01:00 [INF] HTTP GET /api/self-service/swap-requests responded 200 in 24.0742 ms
2026-06-19 16:52:55.127 +01:00 [INF] HTTP OPTIONS /api/me responded 204 in 0.3105 ms
2026-06-19 16:52:55.208 +01:00 [INF] HTTP GET /api/me responded 200 in 79.4860 ms
d. Skipping.
2026-06-19 16:29:32.125 +01:00 [INF] Grading scales already seeded. Skipping.
2026-06-19 16:29:32.136 +01:00 [INF] Credit transfer rules already seeded. Skipping.
2026-06-19 16:29:32.148 +01:00 [INF] Program credit mappings already seeded. Skipping.
2026-06-19 16:29:32.148 +01:00 [INF] Database initialization completed successfully.
2026-06-19 16:29:32.204 +01:00 [INF] Initializing Entra ID Service with TenantId: c9a98a3d-152f-4eb3-b93f-9b26fdd08495, ClientId: 84022968-6bdc-4c6b-8eab-57b75fa5d0b1, Domain: wigweuniversity.edu.ng
2026-06-19 16:29:32.223 +01:00 [INF] Entra ID Service initialized successfully
2026-06-19 16:29:32.313 +01:00 [WRN] VAPID Keys not fully configured. Using auto-generated fallback keys. PUBLIC KEY: BMYxby__Y2G9vgNoqy0MbtlP4MVo-gFdx3-dlfu4Jw-GNzIvHOFS1uKj-9kBIw1d58VWDugFYjqh_1BSU3OVOlk
2026-06-19 16:29:32.378 +01:00 [INF] Registered 309 endpoints in 2,069 milliseconds.
2026-06-19 16:29:32.407 +01:00 [ERR] Hosting failed to start
System.IO.IOException: Failed to bind to address http://127.0.0.1:5021: address already in use.
 ---> Microsoft.AspNetCore.Connections.AddressInUseException: Address already in use
 ---> System.Net.Sockets.SocketException (48): Address already in use
   at System.Net.Sockets.Socket.UpdateStatusAfterSocketErrorAndThrowException(SocketError error, Boolean disconnectOnFailure, String callerName)
   at System.Net.Sockets.Socket.DoBind(EndPoint endPointSnapshot, SocketAddress socketAddress)
   at System.Net.Sockets.Socket.Bind(EndPoint localEP)
   at Microsoft.AspNetCore.Server.Kestrel.Transport.Sockets.SocketTransportOptions.CreateDefaultBoundListenSocket(EndPoint endpoint)
   at Microsoft.AspNetCore.Server.Kestrel.Transport.Sockets.SocketConnectionListener.Bind()
   --- End of inner exception stack trace ---
   at Microsoft.AspNetCore.Server.Kestrel.Transport.Sockets.SocketConnectionListener.Bind()
   at Microsoft.AspNetCore.Server.Kestrel.Transport.Sockets.SocketTransportFactory.BindAsync(EndPoint endpoint, CancellationToken cancellationToken)
   at Microsoft.AspNetCore.Server.Kestrel.Core.Internal.Infrastructure.TransportManager.BindAsync(EndPoint endPoint, ConnectionDelegate connectionDelegate, EndpointConfig endpointConfig, CancellationToken cancellationToken)
   at Microsoft.AspNetCore.Server.Kestrel.Core.KestrelServerImpl.<>c__DisplayClass28_0`1.<<StartAsync>g__OnBind|0>d.MoveNext()
--- End of stack trace from previous location ---
   at Microsoft.AspNetCore.Server.Kestrel.Core.Internal.AddressBinder.BindEndpointAsync(ListenOptions endpoint, AddressBindContext context, CancellationToken cancellationToken)
   --- End of inner exception stack trace ---
   at Microsoft.AspNetCore.Server.Kestrel.Core.Internal.AddressBinder.BindEndpointAsync(ListenOptions endpoint, AddressBindContext context, CancellationToken cancellationToken)
   at Microsoft.AspNetCore.Server.Kestrel.Core.LocalhostListenOptions.BindAsync(AddressBindContext context, CancellationToken cancellationToken)
   at Microsoft.AspNetCore.Server.Kestrel.Core.Internal.AddressBinder.AddressesStrategy.BindAsync(AddressBindContext context, CancellationToken cancellationToken)
   at Microsoft.AspNetCore.Server.Kestrel.Core.KestrelServerImpl.BindAsync(CancellationToken cancellationToken)
   at Microsoft.AspNetCore.Server.Kestrel.Core.KestrelServerImpl.StartAsync[TContext](IHttpApplication`1 application, CancellationToken cancellationToken)
   at Microsoft.AspNetCore.Hosting.GenericWebHostService.StartAsync(CancellationToken cancellationToken)
   at Microsoft.Extensions.Hosting.Internal.Host.<StartAsync>b__14_1(IHostedService service, CancellationToken token)
   at Microsoft.Extensions.Hosting.Internal.Host.ForeachService[T](IEnumerable`1 services, CancellationToken token, Boolean concurrent, Boolean abortOnFirstException, List`1 exceptions, Func`3 operation)
2026-06-19 16:53:02.786 +01:00 [INF] Sessions already seeded. Skipping.
2026-06-19 16:53:02.810 +01:00 [INF] Faculties already seeded. Skipping.
2026-06-19 16:53:02.820 +01:00 [INF] Departments already seeded. Skipping.
2026-06-19 16:53:02.833 +01:00 [INF] Programs already seeded. Skipping.
2026-06-19 16:53:02.873 +01:00 [INF] Lecturer john.doe@wigweuniversity.edu.ng already exists. Skipping.
2026-06-19 16:53:02.878 +01:00 [INF] Lecturer jane.smith@wigweuniversity.edu.ng already exists. Skipping.
2026-06-19 16:53:02.902 +01:00 [INF] All document types already exist. Skipping.
2026-06-19 16:53:02.911 +01:00 [INF] Sponsors already seeded. Skipping.
2026-06-19 16:53:02.919 +01:00 [INF] Subjects already seeded. Skipping.
2026-06-19 16:53:02.928 +01:00 [INF] Countries already seeded. Skipping.
2026-06-19 16:53:02.938 +01:00 [INF] Grading scales already seeded. Skipping.
2026-06-19 16:53:02.947 +01:00 [INF] Credit transfer rules already seeded. Skipping.
2026-06-19 16:53:02.956 +01:00 [INF] Program credit mappings already seeded. Skipping.
2026-06-19 16:53:02.956 +01:00 [INF] Database initialization completed successfully.
2026-06-19 16:53:03.011 +01:00 [INF] Initializing Entra ID Service with TenantId: c9a98a3d-152f-4eb3-b93f-9b26fdd08495, ClientId: 84022968-6bdc-4c6b-8eab-57b75fa5d0b1, Domain: wigweuniversity.edu.ng
2026-06-19 16:53:03.031 +01:00 [INF] Entra ID Service initialized successfully
2026-06-19 16:53:03.110 +01:00 [WRN] VAPID Keys not fully configured. Using auto-generated fallback keys. PUBLIC KEY: BAKSN1bqm5hNdJ5NCgvW_exfLjWjQvHC_h7qGLZ6ap97qP7YjkuJUEMVy1xlRTSip0azeKfE_BNxfRe7hrSIA4s
2026-06-19 16:53:03.170 +01:00 [INF] Registered 309 endpoints in 1,830 milliseconds.
2026-06-19 16:53:03.196 +01:00 [ERR] Hosting failed to start
System.IO.IOException: Failed to bind to address http://127.0.0.1:5021: address already in use.
 ---> Microsoft.AspNetCore.Connections.AddressInUseException: Address already in use
 ---> System.Net.Sockets.SocketException (48): Address already in use
   at System.Net.Sockets.Socket.UpdateStatusAfterSocketErrorAndThrowException(SocketError error, Boolean disconnectOnFailure, String callerName)
   at System.Net.Sockets.Socket.DoBind(EndPoint endPointSnapshot, SocketAddress socketAddress)
   at System.Net.Sockets.Socket.Bind(EndPoint localEP)
   at Microsoft.AspNetCore.Server.Kestrel.Transport.Sockets.SocketTransportOptions.CreateDefaultBoundListenSocket(EndPoint endpoint)
   at Microsoft.AspNetCore.Server.Kestrel.Transport.Sockets.SocketConnectionListener.Bind()
   --- End of inner exception stack trace ---
   at Microsoft.AspNetCore.Server.Kestrel.Transport.Sockets.SocketConnectionListener.Bind()
   at Microsoft.AspNetCore.Server.Kestrel.Transport.Sockets.SocketTransportFactory.BindAsync(EndPoint endpoint, CancellationToken cancellationToken)
   at Microsoft.AspNetCore.Server.Kestrel.Core.Internal.Infrastructure.TransportManager.BindAsync(EndPoint endPoint, ConnectionDelegate connectionDelegate, EndpointConfig endpointConfig, CancellationToken cancellationToken)
   at Microsoft.AspNetCore.Server.Kestrel.Core.KestrelServerImpl.<>c__DisplayClass28_0`1.<<StartAsync>g__OnBind|0>d.MoveNext()
--- End of stack trace from previous location ---
   at Microsoft.AspNetCore.Server.Kestrel.Core.Internal.AddressBinder.BindEndpointAsync(ListenOptions endpoint, AddressBindContext context, CancellationToken cancellationToken)
   --- End of inner exception stack trace ---
   at Microsoft.AspNetCore.Server.Kestrel.Core.Internal.AddressBinder.BindEndpointAsync(ListenOptions endpoint, AddressBindContext context, CancellationToken cancellationToken)
   at Microsoft.AspNetCore.Server.Kestrel.Core.LocalhostListenOptions.BindAsync(AddressBindContext context, CancellationToken cancellationToken)
   at Microsoft.AspNetCore.Server.Kestrel.Core.Internal.AddressBinder.AddressesStrategy.BindAsync(AddressBindContext context, CancellationToken cancellationToken)
   at Microsoft.AspNetCore.Server.Kestrel.Core.KestrelServerImpl.BindAsync(CancellationToken cancellationToken)
   at Microsoft.AspNetCore.Server.Kestrel.Core.KestrelServerImpl.StartAsync[TContext](IHttpApplication`1 application, CancellationToken cancellationToken)
   at Microsoft.AspNetCore.Hosting.GenericWebHostService.StartAsync(CancellationToken cancellationToken)
   at Microsoft.Extensions.Hosting.Internal.Host.<StartAsync>b__14_1(IHostedService service, CancellationToken token)
   at Microsoft.Extensions.Hosting.Internal.Host.ForeachService[T](IEnumerable`1 services, CancellationToken token, Boolean concurrent, Boolean abortOnFirstException, List`1 exceptions, Func`3 operation)
2026-06-19 16:54:42.270 +01:00 [INF] Sessions already seeded. Skipping.
2026-06-19 16:54:42.295 +01:00 [INF] Faculties already seeded. Skipping.
2026-06-19 16:54:42.304 +01:00 [INF] Departments already seeded. Skipping.
2026-06-19 16:54:42.316 +01:00 [INF] Programs already seeded. Skipping.
2026-06-19 16:54:42.366 +01:00 [INF] Lecturer john.doe@wigweuniversity.edu.ng already exists. Skipping.
2026-06-19 16:54:42.372 +01:00 [INF] Lecturer jane.smith@wigweuniversity.edu.ng already exists. Skipping.
2026-06-19 16:54:42.391 +01:00 [INF] All document types already exist. Skipping.
2026-06-19 16:54:42.402 +01:00 [INF] Sponsors already seeded. Skipping.
2026-06-19 16:54:42.414 +01:00 [INF] Subjects already seeded. Skipping.
2026-06-19 16:54:42.424 +01:00 [INF] Countries already seeded. Skipping.
2026-06-19 16:54:42.434 +01:00 [INF] Grading scales already seeded. Skipping.
2026-06-19 16:54:42.442 +01:00 [INF] Credit transfer rules already seeded. Skipping.
2026-06-19 16:54:42.450 +01:00 [INF] Program credit mappings already seeded. Skipping.
2026-06-19 16:54:42.450 +01:00 [INF] Database initialization completed successfully.
2026-06-19 16:54:42.504 +01:00 [INF] Initializing Entra ID Service with TenantId: c9a98a3d-152f-4eb3-b93f-9b26fdd08495, ClientId: 84022968-6bdc-4c6b-8eab-57b75fa5d0b1, Domain: wigweuniversity.edu.ng
2026-06-19 16:54:42.529 +01:00 [INF] Entra ID Service initialized successfully
2026-06-19 16:54:42.616 +01:00 [WRN] VAPID Keys not fully configured. Using auto-generated fallback keys. PUBLIC KEY: BAk1rhwc65aUNUXEF1989nZKhl3nz4w2-5CJa2UY7wS7zHxWRXSizFDm2OcVWPE8aBQcABn_4ojaBjFWA_DMNMQ
2026-06-19 16:54:42.676 +01:00 [INF] Registered 309 endpoints in 1,931 milliseconds.
2026-06-19 16:54:42.704 +01:00 [INF] Now listening on: http://localhost:5021
2026-06-19 16:54:42.705 +01:00 [INF] Application started. Press Ctrl+C to shut down.
2026-06-19 16:54:42.705 +01:00 [INF] Hosting environment: Development
2026-06-19 16:54:42.705 +01:00 [INF] Content root path: /Users/mac/Apps/LMS APP/LMSApi
2026-06-19 16:54:47.312 +01:00 [INF] HTTP OPTIONS /api/me responded 204 in 1.7781 ms
2026-06-19 16:54:49.145 +01:00 [INF] HTTP GET /api/me responded 200 in 1827.1466 ms
2026-06-19 16:54:49.170 +01:00 [INF] HTTP OPTIONS /api/admin/dashboard-stats responded 204 in 0.3745 ms
2026-06-19 16:54:49.361 +01:00 [INF] HTTP GET /api/admin/dashboard-stats responded 200 in 188.8193 ms
2026-06-19 16:55:00.215 +01:00 [INF] HTTP OPTIONS /api/admin/users responded 204 in 0.1905 ms
2026-06-19 16:55:00.317 +01:00 [INF] HTTP GET /api/admin/users responded 200 in 99.2644 ms
2026-06-19 16:55:05.872 +01:00 [INF] HTTP OPTIONS /api/auth/switch-user-by-oid responded 204 in 0.3173 ms
2026-06-19 16:55:05.974 +01:00 [INF] HTTP POST /api/auth/switch-user-by-oid responded 200 in 95.4708 ms
2026-06-19 16:55:05.978 +01:00 [INF] HTTP OPTIONS /api/me responded 204 in 0.0411 ms
2026-06-19 16:55:06.010 +01:00 [INF] HTTP GET /api/me responded 200 in 30.8423 ms
2026-06-19 16:55:19.579 +01:00 [INF] HTTP OPTIONS /api/fees/my-bill responded 204 in 3.5934 ms
2026-06-19 16:55:19.636 +01:00 [WRN] Compiling a query which loads related collections for more than one collection navigation, either via 'Include' or through projection, but no 'QuerySplittingBehavior' has been configured. By default, Entity Framework will use 'QuerySplittingBehavior.SingleQuery', which can potentially result in slow query performance. See https://go.microsoft.com/fwlink/?linkid=2134277 for more information. To identify the query that's triggering this warning call 'ConfigureWarnings(w => w.Throw(RelationalEventId.MultipleCollectionIncludeWarning))'.
2026-06-19 16:55:19.674 +01:00 [INF] HTTP GET /api/fees/my-bill responded 404 in 91.5025 ms
2026-06-19 16:55:55.453 +01:00 [INF] HTTP OPTIONS /api/me responded 204 in 0.9146 ms
2026-06-19 16:55:55.484 +01:00 [INF] HTTP GET /api/me responded 200 in 28.3759 ms
2026-06-19 16:59:12.283 +01:00 [INF] HTTP OPTIONS /api/me responded 204 in 4.9670 ms
2026-06-19 16:59:12.397 +01:00 [INF] HTTP GET /api/me responded 200 in 110.9443 ms
2026-06-19 17:01:21.998 +01:00 [INF] HTTP OPTIONS /api/me responded 204 in 0.9446 ms
2026-06-19 17:01:22.158 +01:00 [INF] HTTP GET /api/me responded 200 in 136.9276 ms
2026-06-19 17:02:40.899 +01:00 [INF] HTTP OPTIONS /api/me responded 204 in 0.7796 ms
2026-06-19 17:02:41.151 +01:00 [INF] HTTP GET /api/me responded 200 in 250.3443 ms
2026-06-19 17:03:57.257 +01:00 [INF] HTTP OPTIONS /api/me responded 204 in 7.0172 ms
2026-06-19 17:03:57.352 +01:00 [INF] HTTP GET /api/me responded 200 in 90.3794 ms
2026-06-19 17:07:22.799 +01:00 [INF] HTTP OPTIONS /api/me responded 204 in 0.0678 ms
2026-06-19 17:07:22.893 +01:00 [INF] HTTP GET /api/me responded 200 in 92.1187 ms
2026-06-19 17:19:02.090 +01:00 [INF] Application is shutting down...
2026-06-19 17:33:05.720 +01:00 [INF] Sessions already seeded. Skipping.
2026-06-19 17:33:05.756 +01:00 [INF] Faculties already seeded. Skipping.
2026-06-19 17:33:05.776 +01:00 [INF] Departments already seeded. Skipping.
2026-06-19 17:33:05.796 +01:00 [INF] Programs already seeded. Skipping.
2026-06-19 17:33:05.873 +01:00 [INF] Lecturer john.doe@wigweuniversity.edu.ng already exists. Skipping.
2026-06-19 17:33:05.880 +01:00 [INF] Lecturer jane.smith@wigweuniversity.edu.ng already exists. Skipping.
2026-06-19 17:33:05.909 +01:00 [INF] All document types already exist. Skipping.
2026-06-19 17:33:05.920 +01:00 [INF] Sponsors already seeded. Skipping.
2026-06-19 17:33:05.934 +01:00 [INF] Subjects already seeded. Skipping.
2026-06-19 17:33:05.947 +01:00 [INF] Countries already seeded. Skipping.
2026-06-19 17:33:05.958 +01:00 [INF] Grading scales already seeded. Skipping.
2026-06-19 17:33:05.969 +01:00 [INF] Credit transfer rules already seeded. Skipping.
2026-06-19 17:33:05.981 +01:00 [INF] Program credit mappings already seeded. Skipping.
2026-06-19 17:33:05.981 +01:00 [INF] Database initialization completed successfully.
2026-06-19 17:33:06.077 +01:00 [INF] Initializing Entra ID Service with TenantId: c9a98a3d-152f-4eb3-b93f-9b26fdd08495, ClientId: 84022968-6bdc-4c6b-8eab-57b75fa5d0b1, Domain: wigweuniversity.edu.ng
2026-06-19 17:33:06.111 +01:00 [INF] Entra ID Service initialized successfully
2026-06-19 17:33:06.287 +01:00 [WRN] VAPID Keys not fully configured. Using auto-generated fallback keys. PUBLIC KEY: BIdw4ZcDtLIp5QYGZ25zof8VRdb6Tzsxeb2kNd-y86RV4GUIvuxtwNh3P4I__dBwIlqTq9UpkDu5IcTmIWpra8Q
2026-06-19 17:33:06.407 +01:00 [INF] Registered 310 endpoints in 2,847 milliseconds.
2026-06-19 17:33:06.455 +01:00 [INF] Now listening on: http://localhost:5021
2026-06-19 17:33:06.455 +01:00 [INF] Application started. Press Ctrl+C to shut down.
2026-06-19 17:33:06.456 +01:00 [INF] Hosting environment: Development
2026-06-19 17:33:06.456 +01:00 [INF] Content root path: /Users/mac/Apps/LMS APP/LMSApi
2026-06-19 17:40:47.412 +01:00 [INF] HTTP OPTIONS /api/me responded 204 in 3.3516 ms
2026-06-19 17:40:47.981 +01:00 [INF] HTTP GET /api/me responded 200 in 554.5453 ms
2026-06-19 20:32:10.559 +01:00 [INF] HTTP OPTIONS /api/me responded 204 in 47.7139 ms
2026-06-19 20:32:10.661 +01:00 [INF] HTTP GET /api/me responded 200 in 90.9667 ms
2026-06-19 20:32:34.096 +01:00 [INF] HTTP OPTIONS /api/me responded 204 in 0.0750 ms
2026-06-19 20:32:35.301 +01:00 [INF] HTTP GET /api/me responded 200 in 1203.1203 ms
2026-06-19 20:32:35.328 +01:00 [INF] HTTP OPTIONS /api/admin/dashboard-stats responded 204 in 0.0866 ms
2026-06-19 20:32:35.552 +01:00 [INF] HTTP GET /api/admin/dashboard-stats responded 200 in 223.3707 ms
2026-06-19 20:32:42.020 +01:00 [WRN] Compiling a query which loads related collections for more than one collection navigation, either via 'Include' or through projection, but no 'QuerySplittingBehavior' has been configured. By default, Entity Framework will use 'QuerySplittingBehavior.SingleQuery', which can potentially result in slow query performance. See https://go.microsoft.com/fwlink/?linkid=2134277 for more information. To identify the query that's triggering this warning call 'ConfigureWarnings(w => w.Throw(RelationalEventId.MultipleCollectionIncludeWarning))'.
2026-06-19 20:32:42.108 +01:00 [INF] HTTP GET /api/admin/students responded 200 in 129.7866 ms
2026-06-19 20:32:42.156 +01:00 [INF] HTTP GET /api/admin/programs responded 200 in 177.2782 ms
2026-06-19 20:32:43.909 +01:00 [INF] HTTP GET /api/admin/students/101844da-89c5-4baf-b6e7-28f6036d1baf responded 200 in 195.5484 ms
2026-06-19 20:32:50.934 +01:00 [INF] HTTP GET /api/admin/students/101844da-89c5-4baf-b6e7-28f6036d1baf/assignments responded 200 in 91.5515 ms
2026-06-19 20:32:51.830 +01:00 [INF] HTTP GET /api/admin/students/101844da-89c5-4baf-b6e7-28f6036d1baf/results responded 200 in 51.7364 ms
2026-06-19 20:32:52.769 +01:00 [INF] HTTP GET /api/admin/students/101844da-89c5-4baf-b6e7-28f6036d1baf/fees responded 200 in 79.8177 ms
2026-06-19 20:32:53.525 +01:00 [INF] HTTP GET /api/admin/students/101844da-89c5-4baf-b6e7-28f6036d1baf/parents responded 200 in 57.4576 ms
2026-06-19 20:32:54.890 +01:00 [INF] HTTP GET /api/admin/students/101844da-89c5-4baf-b6e7-28f6036d1baf/enrollments responded 200 in 57.0735 ms
2026-06-19 20:33:00.281 +01:00 [INF] HTTP GET /api/admin/students/101844da-89c5-4baf-b6e7-28f6036d1baf/fees responded 200 in 25.2764 ms
2026-06-19 20:33:14.989 +01:00 [INF] HTTP OPTIONS /api/me responded 204 in 0.0793 ms
2026-06-19 20:33:15.013 +01:00 [INF] HTTP GET /api/me responded 200 in 22.6227 ms
2026-06-19 20:33:15.044 +01:00 [INF] HTTP OPTIONS /api/admin/dashboard-stats responded 204 in 0.0508 ms
2026-06-19 20:33:15.110 +01:00 [INF] HTTP GET /api/admin/dashboard-stats responded 200 in 64.2542 ms
2026-06-19 20:33:17.806 +01:00 [INF] HTTP OPTIONS /api/admin/users responded 204 in 0.0718 ms
2026-06-19 20:33:17.889 +01:00 [INF] HTTP GET /api/admin/users responded 200 in 81.5544 ms
2026-06-19 20:33:20.867 +01:00 [INF] HTTP OPTIONS /api/auth/switch-user-by-oid responded 204 in 0.1509 ms
2026-06-19 20:33:20.968 +01:00 [INF] HTTP POST /api/auth/switch-user-by-oid responded 200 in 96.9085 ms
2026-06-19 20:33:20.972 +01:00 [INF] HTTP OPTIONS /api/me responded 204 in 0.2155 ms
2026-06-19 20:33:20.997 +01:00 [INF] HTTP GET /api/me responded 200 in 23.2403 ms
2026-06-19 21:52:34.749 +01:00 [INF] HTTP OPTIONS /api/me responded 204 in 0.3785 ms
2026-06-19 21:52:34.756 +01:00 [INF] HTTP GET /api/me responded 200 in 4.9980 ms
