2026-06-13 14:59:01.595 +01:00 [INF] Seeding Academic Sessions...
2026-06-13 14:59:01.643 +01:00 [INF] Seeding Faculties...
2026-06-13 14:59:01.662 +01:00 [INF] Created 4 faculties
2026-06-13 14:59:01.673 +01:00 [INF] Seeding Departments...
2026-06-13 14:59:01.712 +01:00 [INF] Created 17 departments mapped to correct faculties
2026-06-13 14:59:01.725 +01:00 [INF] Seeding Academic Programs and Levels...
2026-06-13 14:59:02.128 +01:00 [INF] Seeding Lecturer: john.doe@wigweuniversity.edu.ng...
2026-06-13 14:59:02.195 +01:00 [INF] Seeding Lecturer: jane.smith@wigweuniversity.edu.ng...
2026-06-13 14:59:02.251 +01:00 [INF] Added 15 new document types
2026-06-13 14:59:02.262 +01:00 [INF] Seeding Sponsor Organizations...
2026-06-13 14:59:02.286 +01:00 [INF] Seeding Subjects...
2026-06-13 14:59:02.313 +01:00 [INF] Seeding Countries...
2026-06-13 14:59:02.345 +01:00 [INF] Added 24 countries
2026-06-13 14:59:02.357 +01:00 [INF] Seeding Grading Scales...
2026-06-13 14:59:02.390 +01:00 [INF] Added grading scales
2026-06-13 14:59:02.401 +01:00 [INF] Seeding Credit Transfer Rules...
2026-06-13 14:59:02.543 +01:00 [INF] Added credit transfer rules
2026-06-13 14:59:02.553 +01:00 [INF] Seeding Program Credit Mappings...
2026-06-13 14:59:02.584 +01:00 [INF] Added program credit mappings
2026-06-13 14:59:02.584 +01:00 [INF] Database initialization completed successfully.
2026-06-13 14:59:02.641 +01:00 [INF] Initializing Entra ID Service with TenantId: c9a98a3d-152f-4eb3-b93f-9b26fdd08495, ClientId: 84022968-6bdc-4c6b-8eab-57b75fa5d0b1, Domain: wigweuniversity.edu.ng
2026-06-13 14:59:02.668 +01:00 [INF] Entra ID Service initialized successfully
2026-06-13 14:59:02.783 +01:00 [INF] Registered 287 endpoints in 8,348 milliseconds.
2026-06-13 14:59:02.820 +01:00 [INF] Now listening on: http://localhost:5021
2026-06-13 14:59:02.820 +01:00 [INF] Application started. Press Ctrl+C to shut down.
2026-06-13 14:59:02.820 +01:00 [INF] Hosting environment: Development
2026-06-13 14:59:02.820 +01:00 [INF] Content root path: /Users/mac/Apps/LMS APP/LMSApi
2026-06-13 15:07:21.462 +01:00 [INF] HTTP OPTIONS /api/me responded 204 in 2.2591 ms
2026-06-13 15:07:22.827 +01:00 [INF] HTTP GET /api/me responded 200 in 1349.1182 ms
2026-06-13 15:07:36.811 +01:00 [WRN] Compiling a query which loads related collections for more than one collection navigation, either via 'Include' or through projection, but no 'QuerySplittingBehavior' has been configured. By default, Entity Framework will use 'QuerySplittingBehavior.SingleQuery', which can potentially result in slow query performance. See https://go.microsoft.com/fwlink/?linkid=2134277 for more information. To identify the query that's triggering this warning call 'ConfigureWarnings(w => w.Throw(RelationalEventId.MultipleCollectionIncludeWarning))'.
2026-06-13 15:07:36.878 +01:00 [INF] HTTP GET /api/admin/students responded 200 in 139.6905 ms
2026-06-13 15:07:36.917 +01:00 [INF] HTTP GET /api/admin/programs responded 200 in 178.1506 ms
2026-06-13 15:07:55.046 +01:00 [INF] HTTP OPTIONS /api/registry/stats responded 204 in 0.2048 ms
2026-06-13 15:07:55.155 +01:00 [INF] HTTP GET /api/registry/stats responded 200 in 107.5441 ms
2026-06-13 15:07:57.245 +01:00 [INF] HTTP OPTIONS /api/admin/sessions responded 204 in 0.3652 ms
2026-06-13 15:07:57.288 +01:00 [INF] HTTP GET /api/admin/sessions responded 200 in 41.3208 ms
2026-06-13 15:12:38.578 +01:00 [INF] HTTP OPTIONS /api/admin/courses responded 204 in 0.9372 ms
2026-06-13 15:12:38.578 +01:00 [INF] HTTP OPTIONS /api/admin/programs responded 204 in 0.9320 ms
2026-06-13 15:12:38.635 +01:00 [INF] HTTP GET /api/admin/programs responded 200 in 53.9020 ms
2026-06-13 15:12:38.730 +01:00 [INF] HTTP GET /api/admin/courses responded 200 in 148.4372 ms
2026-06-13 15:12:44.701 +01:00 [INF] HTTP OPTIONS /api/registry/stats responded 204 in 0.0740 ms
2026-06-13 15:12:44.730 +01:00 [INF] HTTP GET /api/registry/stats responded 200 in 28.1530 ms
2026-06-13 15:12:45.775 +01:00 [INF] HTTP OPTIONS /api/admin/sessions responded 204 in 0.0918 ms
2026-06-13 15:12:45.803 +01:00 [INF] HTTP GET /api/admin/sessions responded 200 in 24.0600 ms
2026-06-13 15:14:29.482 +01:00 [INF] HTTP OPTIONS /api/me responded 204 in 0.0700 ms
2026-06-13 15:14:29.531 +01:00 [INF] HTTP GET /api/me responded 200 in 43.0360 ms
2026-06-13 15:14:29.568 +01:00 [INF] HTTP OPTIONS /api/admin/sessions responded 204 in 0.0716 ms
2026-06-13 15:14:29.625 +01:00 [INF] HTTP GET /api/admin/sessions responded 200 in 54.6618 ms
2026-06-13 15:15:51.330 +01:00 [INF] HTTP OPTIONS /api/me responded 204 in 0.0580 ms
2026-06-13 15:15:51.372 +01:00 [INF] HTTP GET /api/me responded 200 in 39.5190 ms
2026-06-13 15:15:51.408 +01:00 [INF] HTTP OPTIONS /api/admin/sessions responded 204 in 0.2186 ms
2026-06-13 15:15:51.501 +01:00 [INF] HTTP GET /api/admin/sessions responded 200 in 91.0700 ms
2026-06-13 15:15:57.263 +01:00 [INF] HTTP OPTIONS /api/me responded 204 in 0.0849 ms
2026-06-13 15:15:57.291 +01:00 [INF] HTTP GET /api/me responded 200 in 25.2722 ms
2026-06-13 15:15:57.326 +01:00 [INF] HTTP OPTIONS /api/admin/sessions responded 204 in 0.0637 ms
2026-06-13 15:15:57.370 +01:00 [INF] HTTP GET /api/admin/sessions responded 200 in 40.5836 ms
2026-06-13 15:17:52.331 +01:00 [INF] HTTP OPTIONS /api/bulk-operations/students/import responded 204 in 0.1355 ms
2026-06-13 15:17:52.518 +01:00 [WRN] The query uses the 'First'/'FirstOrDefault' operator without 'OrderBy' and filter operators. This may lead to unpredictable results.
2026-06-13 15:17:52.572 +01:00 [INF] HTTP POST /api/bulk-operations/students/import responded 200 in 236.8719 ms
2026-06-13 15:20:33.076 +01:00 [INF] HTTP OPTIONS /api/me responded 204 in 0.2192 ms
2026-06-13 15:20:33.102 +01:00 [INF] HTTP GET /api/me responded 200 in 24.5901 ms
2026-06-13 15:20:33.131 +01:00 [INF] HTTP OPTIONS /api/admin/sessions responded 204 in 0.0502 ms
2026-06-13 15:20:33.150 +01:00 [INF] HTTP GET /api/admin/sessions responded 200 in 18.5846 ms
2026-06-13 15:20:39.802 +01:00 [INF] HTTP OPTIONS /api/me responded 204 in 0.0468 ms
2026-06-13 15:20:39.819 +01:00 [INF] HTTP GET /api/me responded 200 in 15.5202 ms
2026-06-13 15:20:39.831 +01:00 [INF] HTTP OPTIONS /api/admin/sessions responded 204 in 0.0307 ms
2026-06-13 15:20:39.849 +01:00 [INF] HTTP GET /api/admin/sessions responded 200 in 17.6420 ms
2026-06-13 15:21:00.968 +01:00 [INF] HTTP OPTIONS /api/me responded 204 in 0.2724 ms
2026-06-13 15:21:00.987 +01:00 [INF] HTTP GET /api/me responded 200 in 16.6599 ms
2026-06-13 15:21:00.999 +01:00 [INF] HTTP OPTIONS /api/admin/sessions responded 204 in 0.0319 ms
2026-06-13 15:21:01.024 +01:00 [INF] HTTP GET /api/admin/sessions responded 200 in 23.6050 ms
2026-06-13 15:21:08.134 +01:00 [INF] HTTP OPTIONS /api/me responded 204 in 0.1605 ms
2026-06-13 15:21:08.153 +01:00 [INF] HTTP GET /api/me responded 200 in 18.3180 ms
2026-06-13 15:21:08.166 +01:00 [INF] HTTP OPTIONS /api/admin/sessions responded 204 in 0.0279 ms
2026-06-13 15:21:08.178 +01:00 [INF] HTTP GET /api/admin/sessions responded 200 in 11.6245 ms
2026-06-13 15:22:53.833 +01:00 [INF] HTTP OPTIONS /api/bulk-operations/students/import responded 204 in 0.0348 ms
2026-06-13 15:22:55.948 +01:00 [ERR] Failed to send email via Brevo. Status: "BadRequest", Error: {"code":"invalid_parameter","message":"email is not valid in to"}

2026-06-13 15:22:55.949 +01:00 [ERR] Exception occurred while sending email to No email
System.InvalidOperationException: Brevo API returned BadRequest: {"code":"invalid_parameter","message":"email is not valid in to"}

   at LMS.Api.Services.BrevoEmailService.SendEmailAsync(String toEmail, String subject, String htmlContent, Object attachment) in /Users/mac/Apps/LMS APP/LMSApi/Services/BrevoEmailService.cs:line 54
2026-06-13 15:22:56.011 +01:00 [ERR] Failed executing DbCommand (15ms) [Parameters=[@p0='?' (DbType = Guid), @p1='?' (DbType = DateTime2), @p2='?' (Size = 256), @p3='?' (Size = 100), @p4='?' (Size = 100), @p5='?' (Size = 4000), @p6='?' (DbType = Guid), @p7='?' (DbType = Guid), @p8='?' (DbType = Guid), @p9='?' (DbType = DateTime2)], CommandType='"Text"', CommandTimeout='30']
SET NOCOUNT ON;
INSERT INTO [ParentGuardians] ([Id], [DateAddedUtc], [Email], [FirstName], [LastName], [PhoneNumber], [UserId])
VALUES (@p0, @p1, @p2, @p3, @p4, @p5, @p6);
INSERT INTO [UserRoles] ([RoleId], [UserId], [AssignedUtc])
VALUES (@p7, @p8, @p9);
2026-06-13 15:22:56.022 +01:00 [ERR] An exception occurred in the database while saving changes for context type 'LMS.Api.Data.LmsDbContext'.
Microsoft.EntityFrameworkCore.DbUpdateException: An error occurred while saving the entity changes. See the inner exception for details.
 ---> Microsoft.Data.SqlClient.SqlException (0x80131904): String or binary data would be truncated in table 'WuLmsDb.Dev.dbo.ParentGuardians', column 'PhoneNumber'. Truncated value: '08037013447, 0802682'.
The statement has been terminated.
   at System.Threading.Tasks.ContinuationResultTaskFromResultTask`2.InnerInvoke()
   at System.Threading.ExecutionContext.RunInternal(ExecutionContext executionContext, ContextCallback callback, Object state)
--- End of stack trace from previous location ---
   at System.Threading.ExecutionContext.RunInternal(ExecutionContext executionContext, ContextCallback callback, Object state)
   at System.Threading.Tasks.Task.ExecuteWithThreadLocal(Task& currentTaskSlot, Thread threadPoolThread)
--- End of stack trace from previous location ---
   at Microsoft.EntityFrameworkCore.Storage.RelationalCommand.ExecuteReaderAsync(RelationalCommandParameterObject parameterObject, CancellationToken cancellationToken)
   at Microsoft.EntityFrameworkCore.Storage.RelationalCommand.ExecuteReaderAsync(RelationalCommandParameterObject parameterObject, CancellationToken cancellationToken)
   at Microsoft.EntityFrameworkCore.Update.ReaderModificationCommandBatch.ExecuteAsync(IRelationalConnection connection, CancellationToken cancellationToken)
ClientConnectionId:6d6956fa-8340-4215-ab53-e4e23951ea7f
Error Number:2628,State:1,Class:16
   --- End of inner exception stack trace ---
   at Microsoft.EntityFrameworkCore.Update.ReaderModificationCommandBatch.ExecuteAsync(IRelationalConnection connection, CancellationToken cancellationToken)
   at Microsoft.EntityFrameworkCore.SqlServer.Update.Internal.SqlServerModificationCommandBatch.ExecuteAsync(IRelationalConnection connection, CancellationToken cancellationToken)
   at Microsoft.EntityFrameworkCore.Update.Internal.BatchExecutor.ExecuteAsync(IEnumerable`1 commandBatches, IRelationalConnection connection, CancellationToken cancellationToken)
   at Microsoft.EntityFrameworkCore.Update.Internal.BatchExecutor.ExecuteAsync(IEnumerable`1 commandBatches, IRelationalConnection connection, CancellationToken cancellationToken)
   at Microsoft.EntityFrameworkCore.Update.Internal.BatchExecutor.ExecuteAsync(IEnumerable`1 commandBatches, IRelationalConnection connection, CancellationToken cancellationToken)
   at Microsoft.EntityFrameworkCore.Storage.RelationalDatabase.SaveChangesAsync(IList`1 entries, CancellationToken cancellationToken)
   at Microsoft.EntityFrameworkCore.ChangeTracking.Internal.StateManager.SaveChangesAsync(IList`1 entriesToSave, CancellationToken cancellationToken)
   at Microsoft.EntityFrameworkCore.ChangeTracking.Internal.StateManager.SaveChangesAsync(StateManager stateManager, Boolean acceptAllChangesOnSuccess, CancellationToken cancellationToken)
   at Microsoft.EntityFrameworkCore.Storage.ExecutionStrategy.<>c__DisplayClass30_0`2.<<ExecuteAsync>b__0>d.MoveNext()
--- End of stack trace from previous location ---
   at Microsoft.EntityFrameworkCore.Storage.ExecutionStrategy.ExecuteImplementationAsync[TState,TResult](Func`4 operation, Func`4 verifySucceeded, TState state, CancellationToken cancellationToken)
   at Microsoft.EntityFrameworkCore.Storage.ExecutionStrategy.ExecuteImplementationAsync[TState,TResult](Func`4 operation, Func`4 verifySucceeded, TState state, CancellationToken cancellationToken)
   at Microsoft.EntityFrameworkCore.Storage.ExecutionStrategy.ExecuteAsync[TState,TResult](TState state, Func`4 operation, Func`4 verifySucceeded, CancellationToken cancellationToken)
   at Microsoft.EntityFrameworkCore.DbContext.SaveChangesAsync(Boolean acceptAllChangesOnSuccess, CancellationToken cancellationToken)
Microsoft.EntityFrameworkCore.DbUpdateException: An error occurred while saving the entity changes. See the inner exception for details.
 ---> Microsoft.Data.SqlClient.SqlException (0x80131904): String or binary data would be truncated in table 'WuLmsDb.Dev.dbo.ParentGuardians', column 'PhoneNumber'. Truncated value: '08037013447, 0802682'.
The statement has been terminated.
   at System.Threading.Tasks.ContinuationResultTaskFromResultTask`2.InnerInvoke()
   at System.Threading.ExecutionContext.RunInternal(ExecutionContext executionContext, ContextCallback callback, Object state)
--- End of stack trace from previous location ---
   at System.Threading.ExecutionContext.RunInternal(ExecutionContext executionContext, ContextCallback callback, Object state)
   at System.Threading.Tasks.Task.ExecuteWithThreadLocal(Task& currentTaskSlot, Thread threadPoolThread)
--- End of stack trace from previous location ---
   at Microsoft.EntityFrameworkCore.Storage.RelationalCommand.ExecuteReaderAsync(RelationalCommandParameterObject parameterObject, CancellationToken cancellationToken)
   at Microsoft.EntityFrameworkCore.Storage.RelationalCommand.ExecuteReaderAsync(RelationalCommandParameterObject parameterObject, CancellationToken cancellationToken)
   at Microsoft.EntityFrameworkCore.Update.ReaderModificationCommandBatch.ExecuteAsync(IRelationalConnection connection, CancellationToken cancellationToken)
ClientConnectionId:6d6956fa-8340-4215-ab53-e4e23951ea7f
Error Number:2628,State:1,Class:16
   --- End of inner exception stack trace ---
   at Microsoft.EntityFrameworkCore.Update.ReaderModificationCommandBatch.ExecuteAsync(IRelationalConnection connection, CancellationToken cancellationToken)
   at Microsoft.EntityFrameworkCore.SqlServer.Update.Internal.SqlServerModificationCommandBatch.ExecuteAsync(IRelationalConnection connection, CancellationToken cancellationToken)
   at Microsoft.EntityFrameworkCore.Update.Internal.BatchExecutor.ExecuteAsync(IEnumerable`1 commandBatches, IRelationalConnection connection, CancellationToken cancellationToken)
   at Microsoft.EntityFrameworkCore.Update.Internal.BatchExecutor.ExecuteAsync(IEnumerable`1 commandBatches, IRelationalConnection connection, CancellationToken cancellationToken)
   at Microsoft.EntityFrameworkCore.Update.Internal.BatchExecutor.ExecuteAsync(IEnumerable`1 commandBatches, IRelationalConnection connection, CancellationToken cancellationToken)
   at Microsoft.EntityFrameworkCore.Storage.RelationalDatabase.SaveChangesAsync(IList`1 entries, CancellationToken cancellationToken)
   at Microsoft.EntityFrameworkCore.ChangeTracking.Internal.StateManager.SaveChangesAsync(IList`1 entriesToSave, CancellationToken cancellationToken)
   at Microsoft.EntityFrameworkCore.ChangeTracking.Internal.StateManager.SaveChangesAsync(StateManager stateManager, Boolean acceptAllChangesOnSuccess, CancellationToken cancellationToken)
   at Microsoft.EntityFrameworkCore.Storage.ExecutionStrategy.<>c__DisplayClass30_0`2.<<ExecuteAsync>b__0>d.MoveNext()
--- End of stack trace from previous location ---
   at Microsoft.EntityFrameworkCore.Storage.ExecutionStrategy.ExecuteImplementationAsync[TState,TResult](Func`4 operation, Func`4 verifySucceeded, TState state, CancellationToken cancellationToken)
   at Microsoft.EntityFrameworkCore.Storage.ExecutionStrategy.ExecuteImplementationAsync[TState,TResult](Func`4 operation, Func`4 verifySucceeded, TState state, CancellationToken cancellationToken)
   at Microsoft.EntityFrameworkCore.Storage.ExecutionStrategy.ExecuteAsync[TState,TResult](TState state, Func`4 operation, Func`4 verifySucceeded, CancellationToken cancellationToken)
   at Microsoft.EntityFrameworkCore.DbContext.SaveChangesAsync(Boolean acceptAllChangesOnSuccess, CancellationToken cancellationToken)
2026-06-13 15:22:56.039 +01:00 [ERR] Failed executing DbCommand (11ms) [Parameters=[@p0='?' (DbType = Guid), @p1='?' (DbType = DateTime2), @p2='?' (Size = 256), @p3='?' (Size = 100), @p4='?' (Size = 100), @p5='?' (Size = 4000), @p6='?' (DbType = Guid), @p7='?' (DbType = Guid), @p8='?' (DbType = Guid), @p9='?' (DbType = Guid), @p10='?' (DbType = Guid), @p11='?' (DbType = DateTime2), @p12='?' (Size = 256), @p13='?' (Size = 200), @p14='?' (Size = 255), @p15='?' (DbType = DateTime2), @p16='?' (Size = 100), @p17='?' (DbType = Guid), @p18='?' (Size = 100), @p19='?' (DbType = DateTime2), @p20='?' (Size = 50), @p21='?' (DbType = Int32), @p22='?' (Size = 100), @p23='?' (DbType = Guid), @p24='?' (Size = 100), @p25='?' (Size = 256), @p26='?' (Size = 256), @p27='?' (Size = 255), @p28='?' (DbType = Int32), @p29='?' (Size = 50), @p30='?' (DbType = DateTime2), @p31='?' (DbType = Guid), @p32='?' (DbType = Guid), @p33='?' (DbType = DateTime2)], CommandType='"Text"', CommandTimeout='30']
SET NOCOUNT ON;
INSERT INTO [ParentGuardians] ([Id], [DateAddedUtc], [Email], [FirstName], [LastName], [PhoneNumber], [UserId])
VALUES (@p0, @p1, @p2, @p3, @p4, @p5, @p6);
INSERT INTO [Students] ([Id], [AcademicProgramId], [AcademicSessionId], [AdmissionApplicationId], [CreatedAt], [EmergencyContactEmail], [EmergencyContactName], [EmergencyContactPhone], [EnrollmentDate], [EntraObjectId], [FacultyId], [FirstName], [GraduationDate], [JambRegistrationNumber], [JambScore], [LastName], [LevelId], [MiddleName], [OfficialEmail], [PersonalEmail], [Phone], [Status], [StudentNumber], [UpdatedAt])
VALUES (@p7, @p8, @p9, @p10, @p11, @p12, @p13, @p14, @p15, @p16, @p17, @p18, @p19, @p20, @p21, @p22, @p23, @p24, @p25, @p26, @p27, @p28, @p29, @p30);
INSERT INTO [UserRoles] ([RoleId], [UserId], [AssignedUtc])
VALUES (@p31, @p32, @p33);
2026-06-13 15:22:56.042 +01:00 [ERR] An exception occurred in the database while saving changes for context type 'LMS.Api.Data.LmsDbContext'.
Microsoft.EntityFrameworkCore.DbUpdateException: An error occurred while saving the entity changes. See the inner exception for details.
 ---> Microsoft.Data.SqlClient.SqlException (0x80131904): String or binary data would be truncated in table 'WuLmsDb.Dev.dbo.ParentGuardians', column 'PhoneNumber'. Truncated value: '08037013447, 0802682'.
The statement has been terminated.
   at System.Threading.Tasks.ContinuationResultTaskFromResultTask`2.InnerInvoke()
   at System.Threading.ExecutionContext.RunInternal(ExecutionContext executionContext, ContextCallback callback, Object state)
--- End of stack trace from previous location ---
   at System.Threading.ExecutionContext.RunInternal(ExecutionContext executionContext, ContextCallback callback, Object state)
   at System.Threading.Tasks.Task.ExecuteWithThreadLocal(Task& currentTaskSlot, Thread threadPoolThread)
--- End of stack trace from previous location ---
   at Microsoft.EntityFrameworkCore.Storage.RelationalCommand.ExecuteReaderAsync(RelationalCommandParameterObject parameterObject, CancellationToken cancellationToken)
   at Microsoft.EntityFrameworkCore.Storage.RelationalCommand.ExecuteReaderAsync(RelationalCommandParameterObject parameterObject, CancellationToken cancellationToken)
   at Microsoft.EntityFrameworkCore.Update.ReaderModificationCommandBatch.ExecuteAsync(IRelationalConnection connection, CancellationToken cancellationToken)
ClientConnectionId:6d6956fa-8340-4215-ab53-e4e23951ea7f
Error Number:2628,State:1,Class:16
   --- End of inner exception stack trace ---
   at Microsoft.EntityFrameworkCore.Update.ReaderModificationCommandBatch.ExecuteAsync(IRelationalConnection connection, CancellationToken cancellationToken)
   at Microsoft.EntityFrameworkCore.SqlServer.Update.Internal.SqlServerModificationCommandBatch.ExecuteAsync(IRelationalConnection connection, CancellationToken cancellationToken)
   at Microsoft.EntityFrameworkCore.Update.Internal.BatchExecutor.ExecuteAsync(IEnumerable`1 commandBatches, IRelationalConnection connection, CancellationToken cancellationToken)
   at Microsoft.EntityFrameworkCore.Update.Internal.BatchExecutor.ExecuteAsync(IEnumerable`1 commandBatches, IRelationalConnection connection, CancellationToken cancellationToken)
   at Microsoft.EntityFrameworkCore.Update.Internal.BatchExecutor.ExecuteAsync(IEnumerable`1 commandBatches, IRelationalConnection connection, CancellationToken cancellationToken)
   at Microsoft.EntityFrameworkCore.Storage.RelationalDatabase.SaveChangesAsync(IList`1 entries, CancellationToken cancellationToken)
   at Microsoft.EntityFrameworkCore.ChangeTracking.Internal.StateManager.SaveChangesAsync(IList`1 entriesToSave, CancellationToken cancellationToken)
   at Microsoft.EntityFrameworkCore.ChangeTracking.Internal.StateManager.SaveChangesAsync(StateManager stateManager, Boolean acceptAllChangesOnSuccess, CancellationToken cancellationToken)
   at Microsoft.EntityFrameworkCore.Storage.ExecutionStrategy.<>c__DisplayClass30_0`2.<<ExecuteAsync>b__0>d.MoveNext()
--- End of stack trace from previous location ---
   at Microsoft.EntityFrameworkCore.Storage.ExecutionStrategy.ExecuteImplementationAsync[TState,TResult](Func`4 operation, Func`4 verifySucceeded, TState state, CancellationToken cancellationToken)
   at Microsoft.EntityFrameworkCore.Storage.ExecutionStrategy.ExecuteImplementationAsync[TState,TResult](Func`4 operation, Func`4 verifySucceeded, TState state, CancellationToken cancellationToken)
   at Microsoft.EntityFrameworkCore.Storage.ExecutionStrategy.ExecuteAsync[TState,TResult](TState state, Func`4 operation, Func`4 verifySucceeded, CancellationToken cancellationToken)
   at Microsoft.EntityFrameworkCore.DbContext.SaveChangesAsync(Boolean acceptAllChangesOnSuccess, CancellationToken cancellationToken)
Microsoft.EntityFrameworkCore.DbUpdateException: An error occurred while saving the entity changes. See the inner exception for details.
 ---> Microsoft.Data.SqlClient.SqlException (0x80131904): String or binary data would be truncated in table 'WuLmsDb.Dev.dbo.ParentGuardians', column 'PhoneNumber'. Truncated value: '08037013447, 0802682'.
The statement has been terminated.
   at System.Threading.Tasks.ContinuationResultTaskFromResultTask`2.InnerInvoke()
   at System.Threading.ExecutionContext.RunInternal(ExecutionContext executionContext, ContextCallback callback, Object state)
--- End of stack trace from previous location ---
   at System.Threading.ExecutionContext.RunInternal(ExecutionContext executionContext, ContextCallback callback, Object state)
   at System.Threading.Tasks.Task.ExecuteWithThreadLocal(Task& currentTaskSlot, Thread threadPoolThread)
--- End of stack trace from previous location ---
   at Microsoft.EntityFrameworkCore.Storage.RelationalCommand.ExecuteReaderAsync(RelationalCommandParameterObject parameterObject, CancellationToken cancellationToken)
   at Microsoft.EntityFrameworkCore.Storage.RelationalCommand.ExecuteReaderAsync(RelationalCommandParameterObject parameterObject, CancellationToken cancellationToken)
   at Microsoft.EntityFrameworkCore.Update.ReaderModificationCommandBatch.ExecuteAsync(IRelationalConnection connection, CancellationToken cancellationToken)
ClientConnectionId:6d6956fa-8340-4215-ab53-e4e23951ea7f
Error Number:2628,State:1,Class:16
   --- End of inner exception stack trace ---
   at Microsoft.EntityFrameworkCore.Update.ReaderModificationCommandBatch.ExecuteAsync(IRelationalConnection connection, CancellationToken cancellationToken)
   at Microsoft.EntityFrameworkCore.SqlServer.Update.Internal.SqlServerModificationCommandBatch.ExecuteAsync(IRelationalConnection connection, CancellationToken cancellationToken)
   at Microsoft.EntityFrameworkCore.Update.Internal.BatchExecutor.ExecuteAsync(IEnumerable`1 commandBatches, IRelationalConnection connection, CancellationToken cancellationToken)
   at Microsoft.EntityFrameworkCore.Update.Internal.BatchExecutor.ExecuteAsync(IEnumerable`1 commandBatches, IRelationalConnection connection, CancellationToken cancellationToken)
   at Microsoft.EntityFrameworkCore.Update.Internal.BatchExecutor.ExecuteAsync(IEnumerable`1 commandBatches, IRelationalConnection connection, CancellationToken cancellationToken)
   at Microsoft.EntityFrameworkCore.Storage.RelationalDatabase.SaveChangesAsync(IList`1 entries, CancellationToken cancellationToken)
   at Microsoft.EntityFrameworkCore.ChangeTracking.Internal.StateManager.SaveChangesAsync(IList`1 entriesToSave, CancellationToken cancellationToken)
   at Microsoft.EntityFrameworkCore.ChangeTracking.Internal.StateManager.SaveChangesAsync(StateManager stateManager, Boolean acceptAllChangesOnSuccess, CancellationToken cancellationToken)
   at Microsoft.EntityFrameworkCore.Storage.ExecutionStrategy.<>c__DisplayClass30_0`2.<<ExecuteAsync>b__0>d.MoveNext()
--- End of stack trace from previous location ---
   at Microsoft.EntityFrameworkCore.Storage.ExecutionStrategy.ExecuteImplementationAsync[TState,TResult](Func`4 operation, Func`4 verifySucceeded, TState state, CancellationToken cancellationToken)
   at Microsoft.EntityFrameworkCore.Storage.ExecutionStrategy.ExecuteImplementationAsync[TState,TResult](Func`4 operation, Func`4 verifySucceeded, TState state, CancellationToken cancellationToken)
   at Microsoft.EntityFrameworkCore.Storage.ExecutionStrategy.ExecuteAsync[TState,TResult](TState state, Func`4 operation, Func`4 verifySucceeded, CancellationToken cancellationToken)
   at Microsoft.EntityFrameworkCore.DbContext.SaveChangesAsync(Boolean acceptAllChangesOnSuccess, CancellationToken cancellationToken)
2026-06-13 15:22:56.047 +01:00 [ERR] Failed executing DbCommand (2ms) [Parameters=[@p0='?' (DbType = Guid), @p1='?' (DbType = DateTime2), @p2='?' (Size = 256), @p3='?' (Size = 100), @p4='?' (Size = 100), @p5='?' (Size = 4000), @p6='?' (DbType = Guid), @p7='?' (DbType = Guid), @p8='?' (DbType = Guid), @p9='?' (DbType = Guid), @p10='?' (DbType = Guid), @p11='?' (DbType = DateTime2), @p12='?' (Size = 256), @p13='?' (Size = 200), @p14='?' (Size = 255), @p15='?' (DbType = DateTime2), @p16='?' (Size = 100), @p17='?' (DbType = Guid), @p18='?' (Size = 100), @p19='?' (DbType = DateTime2), @p20='?' (Size = 50), @p21='?' (DbType = Int32), @p22='?' (Size = 100), @p23='?' (DbType = Guid), @p24='?' (Size = 100), @p25='?' (Size = 256), @p26='?' (Size = 256), @p27='?' (Size = 255), @p28='?' (DbType = Int32), @p29='?' (Size = 50), @p30='?' (DbType = DateTime2), @p31='?' (DbType = Guid), @p32='?' (DbType = Guid), @p33='?' (DbType = DateTime2)], CommandType='"Text"', CommandTimeout='30']
SET NOCOUNT ON;
INSERT INTO [ParentGuardians] ([Id], [DateAddedUtc], [Email], [FirstName], [LastName], [PhoneNumber], [UserId])
VALUES (@p0, @p1, @p2, @p3, @p4, @p5, @p6);
INSERT INTO [Students] ([Id], [AcademicProgramId], [AcademicSessionId], [AdmissionApplicationId], [CreatedAt], [EmergencyContactEmail], [EmergencyContactName], [EmergencyContactPhone], [EnrollmentDate], [EntraObjectId], [FacultyId], [FirstName], [GraduationDate], [JambRegistrationNumber], [JambScore], [LastName], [LevelId], [MiddleName], [OfficialEmail], [PersonalEmail], [Phone], [Status], [StudentNumber], [UpdatedAt])
VALUES (@p7, @p8, @p9, @p10, @p11, @p12, @p13, @p14, @p15, @p16, @p17, @p18, @p19, @p20, @p21, @p22, @p23, @p24, @p25, @p26, @p27, @p28, @p29, @p30);
INSERT INTO [UserRoles] ([RoleId], [UserId], [AssignedUtc])
VALUES (@p31, @p32, @p33);
2026-06-13 15:22:56.049 +01:00 [ERR] An exception occurred in the database while saving changes for context type 'LMS.Api.Data.LmsDbContext'.
Microsoft.EntityFrameworkCore.DbUpdateException: An error occurred while saving the entity changes. See the inner exception for details.
 ---> Microsoft.Data.SqlClient.SqlException (0x80131904): String or binary data would be truncated in table 'WuLmsDb.Dev.dbo.ParentGuardians', column 'PhoneNumber'. Truncated value: '08037013447, 0802682'.
The statement has been terminated.
   at System.Threading.Tasks.ContinuationResultTaskFromResultTask`2.InnerInvoke()
   at System.Threading.ExecutionContext.RunInternal(ExecutionContext executionContext, ContextCallback callback, Object state)
--- End of stack trace from previous location ---
   at System.Threading.ExecutionContext.RunInternal(ExecutionContext executionContext, ContextCallback callback, Object state)
   at System.Threading.Tasks.Task.ExecuteWithThreadLocal(Task& currentTaskSlot, Thread threadPoolThread)
--- End of stack trace from previous location ---
   at Microsoft.EntityFrameworkCore.Storage.RelationalCommand.ExecuteReaderAsync(RelationalCommandParameterObject parameterObject, CancellationToken cancellationToken)
   at Microsoft.EntityFrameworkCore.Storage.RelationalCommand.ExecuteReaderAsync(RelationalCommandParameterObject parameterObject, CancellationToken cancellationToken)
   at Microsoft.EntityFrameworkCore.Update.ReaderModificationCommandBatch.ExecuteAsync(IRelationalConnection connection, CancellationToken cancellationToken)
ClientConnectionId:6d6956fa-8340-4215-ab53-e4e23951ea7f
Error Number:2628,State:1,Class:16
   --- End of inner exception stack trace ---
   at Microsoft.EntityFrameworkCore.Update.ReaderModificationCommandBatch.ExecuteAsync(IRelationalConnection connection, CancellationToken cancellationToken)
   at Microsoft.EntityFrameworkCore.SqlServer.Update.Internal.SqlServerModificationCommandBatch.ExecuteAsync(IRelationalConnection connection, CancellationToken cancellationToken)
   at Microsoft.EntityFrameworkCore.Update.Internal.BatchExecutor.ExecuteAsync(IEnumerable`1 commandBatches, IRelationalConnection connection, CancellationToken cancellationToken)
   at Microsoft.EntityFrameworkCore.Update.Internal.BatchExecutor.ExecuteAsync(IEnumerable`1 commandBatches, IRelationalConnection connection, CancellationToken cancellationToken)
   at Microsoft.EntityFrameworkCore.Update.Internal.BatchExecutor.ExecuteAsync(IEnumerable`1 commandBatches, IRelationalConnection connection, CancellationToken cancellationToken)
   at Microsoft.EntityFrameworkCore.Storage.RelationalDatabase.SaveChangesAsync(IList`1 entries, CancellationToken cancellationToken)
   at Microsoft.EntityFrameworkCore.ChangeTracking.Internal.StateManager.SaveChangesAsync(IList`1 entriesToSave, CancellationToken cancellationToken)
   at Microsoft.EntityFrameworkCore.ChangeTracking.Internal.StateManager.SaveChangesAsync(StateManager stateManager, Boolean acceptAllChangesOnSuccess, CancellationToken cancellationToken)
   at Microsoft.EntityFrameworkCore.Storage.ExecutionStrategy.<>c__DisplayClass30_0`2.<<ExecuteAsync>b__0>d.MoveNext()
--- End of stack trace from previous location ---
   at Microsoft.EntityFrameworkCore.Storage.ExecutionStrategy.ExecuteImplementationAsync[TState,TResult](Func`4 operation, Func`4 verifySucceeded, TState state, CancellationToken cancellationToken)
   at Microsoft.EntityFrameworkCore.Storage.ExecutionStrategy.ExecuteImplementationAsync[TState,TResult](Func`4 operation, Func`4 verifySucceeded, TState state, CancellationToken cancellationToken)
   at Microsoft.EntityFrameworkCore.Storage.ExecutionStrategy.ExecuteAsync[TState,TResult](TState state, Func`4 operation, Func`4 verifySucceeded, CancellationToken cancellationToken)
   at Microsoft.EntityFrameworkCore.DbContext.SaveChangesAsync(Boolean acceptAllChangesOnSuccess, CancellationToken cancellationToken)
Microsoft.EntityFrameworkCore.DbUpdateException: An error occurred while saving the entity changes. See the inner exception for details.
 ---> Microsoft.Data.SqlClient.SqlException (0x80131904): String or binary data would be truncated in table 'WuLmsDb.Dev.dbo.ParentGuardians', column 'PhoneNumber'. Truncated value: '08037013447, 0802682'.
The statement has been terminated.
   at System.Threading.Tasks.ContinuationResultTaskFromResultTask`2.InnerInvoke()
   at System.Threading.ExecutionContext.RunInternal(ExecutionContext executionContext, ContextCallback callback, Object state)
--- End of stack trace from previous location ---
   at System.Threading.ExecutionContext.RunInternal(ExecutionContext executionContext, ContextCallback callback, Object state)
   at System.Threading.Tasks.Task.ExecuteWithThreadLocal(Task& currentTaskSlot, Thread threadPoolThread)
--- End of stack trace from previous location ---
   at Microsoft.EntityFrameworkCore.Storage.RelationalCommand.ExecuteReaderAsync(RelationalCommandParameterObject parameterObject, CancellationToken cancellationToken)
   at Microsoft.EntityFrameworkCore.Storage.RelationalCommand.ExecuteReaderAsync(RelationalCommandParameterObject parameterObject, CancellationToken cancellationToken)
   at Microsoft.EntityFrameworkCore.Update.ReaderModificationCommandBatch.ExecuteAsync(IRelationalConnection connection, CancellationToken cancellationToken)
ClientConnectionId:6d6956fa-8340-4215-ab53-e4e23951ea7f
Error Number:2628,State:1,Class:16
   --- End of inner exception stack trace ---
   at Microsoft.EntityFrameworkCore.Update.ReaderModificationCommandBatch.ExecuteAsync(IRelationalConnection connection, CancellationToken cancellationToken)
   at Microsoft.EntityFrameworkCore.SqlServer.Update.Internal.SqlServerModificationCommandBatch.ExecuteAsync(IRelationalConnection connection, CancellationToken cancellationToken)
   at Microsoft.EntityFrameworkCore.Update.Internal.BatchExecutor.ExecuteAsync(IEnumerable`1 commandBatches, IRelationalConnection connection, CancellationToken cancellationToken)
   at Microsoft.EntityFrameworkCore.Update.Internal.BatchExecutor.ExecuteAsync(IEnumerable`1 commandBatches, IRelationalConnection connection, CancellationToken cancellationToken)
   at Microsoft.EntityFrameworkCore.Update.Internal.BatchExecutor.ExecuteAsync(IEnumerable`1 commandBatches, IRelationalConnection connection, CancellationToken cancellationToken)
   at Microsoft.EntityFrameworkCore.Storage.RelationalDatabase.SaveChangesAsync(IList`1 entries, CancellationToken cancellationToken)
   at Microsoft.EntityFrameworkCore.ChangeTracking.Internal.StateManager.SaveChangesAsync(IList`1 entriesToSave, CancellationToken cancellationToken)
   at Microsoft.EntityFrameworkCore.ChangeTracking.Internal.StateManager.SaveChangesAsync(StateManager stateManager, Boolean acceptAllChangesOnSuccess, CancellationToken cancellationToken)
   at Microsoft.EntityFrameworkCore.Storage.ExecutionStrategy.<>c__DisplayClass30_0`2.<<ExecuteAsync>b__0>d.MoveNext()
--- End of stack trace from previous location ---
   at Microsoft.EntityFrameworkCore.Storage.ExecutionStrategy.ExecuteImplementationAsync[TState,TResult](Func`4 operation, Func`4 verifySucceeded, TState state, CancellationToken cancellationToken)
   at Microsoft.EntityFrameworkCore.Storage.ExecutionStrategy.ExecuteImplementationAsync[TState,TResult](Func`4 operation, Func`4 verifySucceeded, TState state, CancellationToken cancellationToken)
   at Microsoft.EntityFrameworkCore.Storage.ExecutionStrategy.ExecuteAsync[TState,TResult](TState state, Func`4 operation, Func`4 verifySucceeded, CancellationToken cancellationToken)
   at Microsoft.EntityFrameworkCore.DbContext.SaveChangesAsync(Boolean acceptAllChangesOnSuccess, CancellationToken cancellationToken)
2026-06-13 15:22:56.054 +01:00 [ERR] Failed executing DbCommand (2ms) [Parameters=[@p0='?' (DbType = Guid), @p1='?' (DbType = DateTime2), @p2='?' (Size = 256), @p3='?' (Size = 100), @p4='?' (Size = 100), @p5='?' (Size = 4000), @p6='?' (DbType = Guid), @p7='?' (DbType = Guid), @p8='?' (DbType = Guid), @p9='?' (DbType = Guid), @p10='?' (DbType = Guid), @p11='?' (DbType = DateTime2), @p12='?' (Size = 256), @p13='?' (Size = 200), @p14='?' (Size = 255), @p15='?' (DbType = DateTime2), @p16='?' (Size = 100), @p17='?' (DbType = Guid), @p18='?' (Size = 100), @p19='?' (DbType = DateTime2), @p20='?' (Size = 50), @p21='?' (DbType = Int32), @p22='?' (Size = 100), @p23='?' (DbType = Guid), @p24='?' (Size = 100), @p25='?' (Size = 256), @p26='?' (Size = 256), @p27='?' (Size = 255), @p28='?' (DbType = Int32), @p29='?' (Size = 50), @p30='?' (DbType = DateTime2), @p31='?' (DbType = Guid), @p32='?' (DbType = Guid), @p33='?' (DbType = DateTime2)], CommandType='"Text"', CommandTimeout='30']
SET NOCOUNT ON;
INSERT INTO [ParentGuardians] ([Id], [DateAddedUtc], [Email], [FirstName], [LastName], [PhoneNumber], [UserId])
VALUES (@p0, @p1, @p2, @p3, @p4, @p5, @p6);
INSERT INTO [Students] ([Id], [AcademicProgramId], [AcademicSessionId], [AdmissionApplicationId], [CreatedAt], [EmergencyContactEmail], [EmergencyContactName], [EmergencyContactPhone], [EnrollmentDate], [EntraObjectId], [FacultyId], [FirstName], [GraduationDate], [JambRegistrationNumber], [JambScore], [LastName], [LevelId], [MiddleName], [OfficialEmail], [PersonalEmail], [Phone], [Status], [StudentNumber], [UpdatedAt])
VALUES (@p7, @p8, @p9, @p10, @p11, @p12, @p13, @p14, @p15, @p16, @p17, @p18, @p19, @p20, @p21, @p22, @p23, @p24, @p25, @p26, @p27, @p28, @p29, @p30);
INSERT INTO [UserRoles] ([RoleId], [UserId], [AssignedUtc])
VALUES (@p31, @p32, @p33);
2026-06-13 15:22:56.056 +01:00 [ERR] An exception occurred in the database while saving changes for context type 'LMS.Api.Data.LmsDbContext'.
Microsoft.EntityFrameworkCore.DbUpdateException: An error occurred while saving the entity changes. See the inner exception for details.
 ---> Microsoft.Data.SqlClient.SqlException (0x80131904): String or binary data would be truncated in table 'WuLmsDb.Dev.dbo.ParentGuardians', column 'PhoneNumber'. Truncated value: '08037013447, 0802682'.
The statement has been terminated.
   at System.Threading.Tasks.ContinuationResultTaskFromResultTask`2.InnerInvoke()
   at System.Threading.ExecutionContext.RunInternal(ExecutionContext executionContext, ContextCallback callback, Object state)
--- End of stack trace from previous location ---
   at System.Threading.ExecutionContext.RunInternal(ExecutionContext executionContext, ContextCallback callback, Object state)
   at System.Threading.Tasks.Task.ExecuteWithThreadLocal(Task& currentTaskSlot, Thread threadPoolThread)
--- End of stack trace from previous location ---
   at Microsoft.EntityFrameworkCore.Storage.RelationalCommand.ExecuteReaderAsync(RelationalCommandParameterObject parameterObject, CancellationToken cancellationToken)
   at Microsoft.EntityFrameworkCore.Storage.RelationalCommand.ExecuteReaderAsync(RelationalCommandParameterObject parameterObject, CancellationToken cancellationToken)
   at Microsoft.EntityFrameworkCore.Update.ReaderModificationCommandBatch.ExecuteAsync(IRelationalConnection connection, CancellationToken cancellationToken)
ClientConnectionId:6d6956fa-8340-4215-ab53-e4e23951ea7f
Error Number:2628,State:1,Class:16
   --- End of inner exception stack trace ---
   at Microsoft.EntityFrameworkCore.Update.ReaderModificationCommandBatch.ExecuteAsync(IRelationalConnection connection, CancellationToken cancellationToken)
   at Microsoft.EntityFrameworkCore.SqlServer.Update.Internal.SqlServerModificationCommandBatch.ExecuteAsync(IRelationalConnection connection, CancellationToken cancellationToken)
   at Microsoft.EntityFrameworkCore.Update.Internal.BatchExecutor.ExecuteAsync(IEnumerable`1 commandBatches, IRelationalConnection connection, CancellationToken cancellationToken)
   at Microsoft.EntityFrameworkCore.Update.Internal.BatchExecutor.ExecuteAsync(IEnumerable`1 commandBatches, IRelationalConnection connection, CancellationToken cancellationToken)
   at Microsoft.EntityFrameworkCore.Update.Internal.BatchExecutor.ExecuteAsync(IEnumerable`1 commandBatches, IRelationalConnection connection, CancellationToken cancellationToken)
   at Microsoft.EntityFrameworkCore.Storage.RelationalDatabase.SaveChangesAsync(IList`1 entries, CancellationToken cancellationToken)
   at Microsoft.EntityFrameworkCore.ChangeTracking.Internal.StateManager.SaveChangesAsync(IList`1 entriesToSave, CancellationToken cancellationToken)
   at Microsoft.EntityFrameworkCore.ChangeTracking.Internal.StateManager.SaveChangesAsync(StateManager stateManager, Boolean acceptAllChangesOnSuccess, CancellationToken cancellationToken)
   at Microsoft.EntityFrameworkCore.Storage.ExecutionStrategy.<>c__DisplayClass30_0`2.<<ExecuteAsync>b__0>d.MoveNext()
--- End of stack trace from previous location ---
   at Microsoft.EntityFrameworkCore.Storage.ExecutionStrategy.ExecuteImplementationAsync[TState,TResult](Func`4 operation, Func`4 verifySucceeded, TState state, CancellationToken cancellationToken)
   at Microsoft.EntityFrameworkCore.Storage.ExecutionStrategy.ExecuteImplementationAsync[TState,TResult](Func`4 operation, Func`4 verifySucceeded, TState state, CancellationToken cancellationToken)
   at Microsoft.EntityFrameworkCore.Storage.ExecutionStrategy.ExecuteAsync[TState,TResult](TState state, Func`4 operation, Func`4 verifySucceeded, CancellationToken cancellationToken)
   at Microsoft.EntityFrameworkCore.DbContext.SaveChangesAsync(Boolean acceptAllChangesOnSuccess, CancellationToken cancellationToken)
Microsoft.EntityFrameworkCore.DbUpdateException: An error occurred while saving the entity changes. See the inner exception for details.
 ---> Microsoft.Data.SqlClient.SqlException (0x80131904): String or binary data would be truncated in table 'WuLmsDb.Dev.dbo.ParentGuardians', column 'PhoneNumber'. Truncated value: '08037013447, 0802682'.
The statement has been terminated.
   at System.Threading.Tasks.ContinuationResultTaskFromResultTask`2.InnerInvoke()
   at System.Threading.ExecutionContext.RunInternal(ExecutionContext executionContext, ContextCallback callback, Object state)
--- End of stack trace from previous location ---
   at System.Threading.ExecutionContext.RunInternal(ExecutionContext executionContext, ContextCallback callback, Object state)
   at System.Threading.Tasks.Task.ExecuteWithThreadLocal(Task& currentTaskSlot, Thread threadPoolThread)
--- End of stack trace from previous location ---
   at Microsoft.EntityFrameworkCore.Storage.RelationalCommand.ExecuteReaderAsync(RelationalCommandParameterObject parameterObject, CancellationToken cancellationToken)
   at Microsoft.EntityFrameworkCore.Storage.RelationalCommand.ExecuteReaderAsync(RelationalCommandParameterObject parameterObject, CancellationToken cancellationToken)
   at Microsoft.EntityFrameworkCore.Update.ReaderModificationCommandBatch.ExecuteAsync(IRelationalConnection connection, CancellationToken cancellationToken)
ClientConnectionId:6d6956fa-8340-4215-ab53-e4e23951ea7f
Error Number:2628,State:1,Class:16
   --- End of inner exception stack trace ---
   at Microsoft.EntityFrameworkCore.Update.ReaderModificationCommandBatch.ExecuteAsync(IRelationalConnection connection, CancellationToken cancellationToken)
   at Microsoft.EntityFrameworkCore.SqlServer.Update.Internal.SqlServerModificationCommandBatch.ExecuteAsync(IRelationalConnection connection, CancellationToken cancellationToken)
   at Microsoft.EntityFrameworkCore.Update.Internal.BatchExecutor.ExecuteAsync(IEnumerable`1 commandBatches, IRelationalConnection connection, CancellationToken cancellationToken)
   at Microsoft.EntityFrameworkCore.Update.Internal.BatchExecutor.ExecuteAsync(IEnumerable`1 commandBatches, IRelationalConnection connection, CancellationToken cancellationToken)
   at Microsoft.EntityFrameworkCore.Update.Internal.BatchExecutor.ExecuteAsync(IEnumerable`1 commandBatches, IRelationalConnection connection, CancellationToken cancellationToken)
   at Microsoft.EntityFrameworkCore.Storage.RelationalDatabase.SaveChangesAsync(IList`1 entries, CancellationToken cancellationToken)
   at Microsoft.EntityFrameworkCore.ChangeTracking.Internal.StateManager.SaveChangesAsync(IList`1 entriesToSave, CancellationToken cancellationToken)
   at Microsoft.EntityFrameworkCore.ChangeTracking.Internal.StateManager.SaveChangesAsync(StateManager stateManager, Boolean acceptAllChangesOnSuccess, CancellationToken cancellationToken)
   at Microsoft.EntityFrameworkCore.Storage.ExecutionStrategy.<>c__DisplayClass30_0`2.<<ExecuteAsync>b__0>d.MoveNext()
--- End of stack trace from previous location ---
   at Microsoft.EntityFrameworkCore.Storage.ExecutionStrategy.ExecuteImplementationAsync[TState,TResult](Func`4 operation, Func`4 verifySucceeded, TState state, CancellationToken cancellationToken)
   at Microsoft.EntityFrameworkCore.Storage.ExecutionStrategy.ExecuteImplementationAsync[TState,TResult](Func`4 operation, Func`4 verifySucceeded, TState state, CancellationToken cancellationToken)
   at Microsoft.EntityFrameworkCore.Storage.ExecutionStrategy.ExecuteAsync[TState,TResult](TState state, Func`4 operation, Func`4 verifySucceeded, CancellationToken cancellationToken)
   at Microsoft.EntityFrameworkCore.DbContext.SaveChangesAsync(Boolean acceptAllChangesOnSuccess, CancellationToken cancellationToken)
2026-06-13 15:22:56.060 +01:00 [ERR] Failed executing DbCommand (2ms) [Parameters=[@p0='?' (DbType = Guid), @p1='?' (DbType = DateTime2), @p2='?' (Size = 256), @p3='?' (Size = 100), @p4='?' (Size = 100), @p5='?' (Size = 4000), @p6='?' (DbType = Guid), @p7='?' (DbType = Guid), @p8='?' (DbType = Guid), @p9='?' (DbType = Guid), @p10='?' (DbType = Guid), @p11='?' (DbType = DateTime2), @p12='?' (Size = 256), @p13='?' (Size = 200), @p14='?' (Size = 255), @p15='?' (DbType = DateTime2), @p16='?' (Size = 100), @p17='?' (DbType = Guid), @p18='?' (Size = 100), @p19='?' (DbType = DateTime2), @p20='?' (Size = 50), @p21='?' (DbType = Int32), @p22='?' (Size = 100), @p23='?' (DbType = Guid), @p24='?' (Size = 100), @p25='?' (Size = 256), @p26='?' (Size = 256), @p27='?' (Size = 255), @p28='?' (DbType = Int32), @p29='?' (Size = 50), @p30='?' (DbType = DateTime2), @p31='?' (DbType = Guid), @p32='?' (DbType = Guid), @p33='?' (DbType = DateTime2)], CommandType='"Text"', CommandTimeout='30']
SET NOCOUNT ON;
INSERT INTO [ParentGuardians] ([Id], [DateAddedUtc], [Email], [FirstName], [LastName], [PhoneNumber], [UserId])
VALUES (@p0, @p1, @p2, @p3, @p4, @p5, @p6);
INSERT INTO [Students] ([Id], [AcademicProgramId], [AcademicSessionId], [AdmissionApplicationId], [CreatedAt], [EmergencyContactEmail], [EmergencyContactName], [EmergencyContactPhone], [EnrollmentDate], [EntraObjectId], [FacultyId], [FirstName], [GraduationDate], [JambRegistrationNumber], [JambScore], [LastName], [LevelId], [MiddleName], [OfficialEmail], [PersonalEmail], [Phone], [Status], [StudentNumber], [UpdatedAt])
VALUES (@p7, @p8, @p9, @p10, @p11, @p12, @p13, @p14, @p15, @p16, @p17, @p18, @p19, @p20, @p21, @p22, @p23, @p24, @p25, @p26, @p27, @p28, @p29, @p30);
INSERT INTO [UserRoles] ([RoleId], [UserId], [AssignedUtc])
VALUES (@p31, @p32, @p33);
2026-06-13 15:22:56.062 +01:00 [ERR] An exception occurred in the database while saving changes for context type 'LMS.Api.Data.LmsDbContext'.
Microsoft.EntityFrameworkCore.DbUpdateException: An error occurred while saving the entity changes. See the inner exception for details.
 ---> Microsoft.Data.SqlClient.SqlException (0x80131904): String or binary data would be truncated in table 'WuLmsDb.Dev.dbo.ParentGuardians', column 'PhoneNumber'. Truncated value: '08037013447, 0802682'.
The statement has been terminated.
   at System.Threading.Tasks.ContinuationResultTaskFromResultTask`2.InnerInvoke()
   at System.Threading.ExecutionContext.RunInternal(ExecutionContext executionContext, ContextCallback callback, Object state)
--- End of stack trace from previous location ---
   at System.Threading.ExecutionContext.RunInternal(ExecutionContext executionContext, ContextCallback callback, Object state)
   at System.Threading.Tasks.Task.ExecuteWithThreadLocal(Task& currentTaskSlot, Thread threadPoolThread)
--- End of stack trace from previous location ---
   at Microsoft.EntityFrameworkCore.Storage.RelationalCommand.ExecuteReaderAsync(RelationalCommandParameterObject parameterObject, CancellationToken cancellationToken)
   at Microsoft.EntityFrameworkCore.Storage.RelationalCommand.ExecuteReaderAsync(RelationalCommandParameterObject parameterObject, CancellationToken cancellationToken)
   at Microsoft.EntityFrameworkCore.Update.ReaderModificationCommandBatch.ExecuteAsync(IRelationalConnection connection, CancellationToken cancellationToken)
ClientConnectionId:6d6956fa-8340-4215-ab53-e4e23951ea7f
Error Number:2628,State:1,Class:16
   --- End of inner exception stack trace ---
   at Microsoft.EntityFrameworkCore.Update.ReaderModificationCommandBatch.ExecuteAsync(IRelationalConnection connection, CancellationToken cancellationToken)
   at Microsoft.EntityFrameworkCore.SqlServer.Update.Internal.SqlServerModificationCommandBatch.ExecuteAsync(IRelationalConnection connection, CancellationToken cancellationToken)
   at Microsoft.EntityFrameworkCore.Update.Internal.BatchExecutor.ExecuteAsync(IEnumerable`1 commandBatches, IRelationalConnection connection, CancellationToken cancellationToken)
   at Microsoft.EntityFrameworkCore.Update.Internal.BatchExecutor.ExecuteAsync(IEnumerable`1 commandBatches, IRelationalConnection connection, CancellationToken cancellationToken)
   at Microsoft.EntityFrameworkCore.Update.Internal.BatchExecutor.ExecuteAsync(IEnumerable`1 commandBatches, IRelationalConnection connection, CancellationToken cancellationToken)
   at Microsoft.EntityFrameworkCore.Storage.RelationalDatabase.SaveChangesAsync(IList`1 entries, CancellationToken cancellationToken)
   at Microsoft.EntityFrameworkCore.ChangeTracking.Internal.StateManager.SaveChangesAsync(IList`1 entriesToSave, CancellationToken cancellationToken)
   at Microsoft.EntityFrameworkCore.ChangeTracking.Internal.StateManager.SaveChangesAsync(StateManager stateManager, Boolean acceptAllChangesOnSuccess, CancellationToken cancellationToken)
   at Microsoft.EntityFrameworkCore.Storage.ExecutionStrategy.<>c__DisplayClass30_0`2.<<ExecuteAsync>b__0>d.MoveNext()
--- End of stack trace from previous location ---
   at Microsoft.EntityFrameworkCore.Storage.ExecutionStrategy.ExecuteImplementationAsync[TState,TResult](Func`4 operation, Func`4 verifySucceeded, TState state, CancellationToken cancellationToken)
   at Microsoft.EntityFrameworkCore.Storage.ExecutionStrategy.ExecuteImplementationAsync[TState,TResult](Func`4 operation, Func`4 verifySucceeded, TState state, CancellationToken cancellationToken)
   at Microsoft.EntityFrameworkCore.Storage.ExecutionStrategy.ExecuteAsync[TState,TResult](TState state, Func`4 operation, Func`4 verifySucceeded, CancellationToken cancellationToken)
   at Microsoft.EntityFrameworkCore.DbContext.SaveChangesAsync(Boolean acceptAllChangesOnSuccess, CancellationToken cancellationToken)
Microsoft.EntityFrameworkCore.DbUpdateException: An error occurred while saving the entity changes. See the inner exception for details.
 ---> Microsoft.Data.SqlClient.SqlException (0x80131904): String or binary data would be truncated in table 'WuLmsDb.Dev.dbo.ParentGuardians', column 'PhoneNumber'. Truncated value: '08037013447, 0802682'.
The statement has been terminated.
   at System.Threading.Tasks.ContinuationResultTaskFromResultTask`2.InnerInvoke()
   at System.Threading.ExecutionContext.RunInternal(ExecutionContext executionContext, ContextCallback callback, Object state)
--- End of stack trace from previous location ---
   at System.Threading.ExecutionContext.RunInternal(ExecutionContext executionContext, ContextCallback callback, Object state)
   at System.Threading.Tasks.Task.ExecuteWithThreadLocal(Task& currentTaskSlot, Thread threadPoolThread)
--- End of stack trace from previous location ---
   at Microsoft.EntityFrameworkCore.Storage.RelationalCommand.ExecuteReaderAsync(RelationalCommandParameterObject parameterObject, CancellationToken cancellationToken)
   at Microsoft.EntityFrameworkCore.Storage.RelationalCommand.ExecuteReaderAsync(RelationalCommandParameterObject parameterObject, CancellationToken cancellationToken)
   at Microsoft.EntityFrameworkCore.Update.ReaderModificationCommandBatch.ExecuteAsync(IRelationalConnection connection, CancellationToken cancellationToken)
ClientConnectionId:6d6956fa-8340-4215-ab53-e4e23951ea7f
Error Number:2628,State:1,Class:16
   --- End of inner exception stack trace ---
   at Microsoft.EntityFrameworkCore.Update.ReaderModificationCommandBatch.ExecuteAsync(IRelationalConnection connection, CancellationToken cancellationToken)
   at Microsoft.EntityFrameworkCore.SqlServer.Update.Internal.SqlServerModificationCommandBatch.ExecuteAsync(IRelationalConnection connection, CancellationToken cancellationToken)
   at Microsoft.EntityFrameworkCore.Update.Internal.BatchExecutor.ExecuteAsync(IEnumerable`1 commandBatches, IRelationalConnection connection, CancellationToken cancellationToken)
   at Microsoft.EntityFrameworkCore.Update.Internal.BatchExecutor.ExecuteAsync(IEnumerable`1 commandBatches, IRelationalConnection connection, CancellationToken cancellationToken)
   at Microsoft.EntityFrameworkCore.Update.Internal.BatchExecutor.ExecuteAsync(IEnumerable`1 commandBatches, IRelationalConnection connection, CancellationToken cancellationToken)
   at Microsoft.EntityFrameworkCore.Storage.RelationalDatabase.SaveChangesAsync(IList`1 entries, CancellationToken cancellationToken)
   at Microsoft.EntityFrameworkCore.ChangeTracking.Internal.StateManager.SaveChangesAsync(IList`1 entriesToSave, CancellationToken cancellationToken)
   at Microsoft.EntityFrameworkCore.ChangeTracking.Internal.StateManager.SaveChangesAsync(StateManager stateManager, Boolean acceptAllChangesOnSuccess, CancellationToken cancellationToken)
   at Microsoft.EntityFrameworkCore.Storage.ExecutionStrategy.<>c__DisplayClass30_0`2.<<ExecuteAsync>b__0>d.MoveNext()
--- End of stack trace from previous location ---
   at Microsoft.EntityFrameworkCore.Storage.ExecutionStrategy.ExecuteImplementationAsync[TState,TResult](Func`4 operation, Func`4 verifySucceeded, TState state, CancellationToken cancellationToken)
   at Microsoft.EntityFrameworkCore.Storage.ExecutionStrategy.ExecuteImplementationAsync[TState,TResult](Func`4 operation, Func`4 verifySucceeded, TState state, CancellationToken cancellationToken)
   at Microsoft.EntityFrameworkCore.Storage.ExecutionStrategy.ExecuteAsync[TState,TResult](TState state, Func`4 operation, Func`4 verifySucceeded, CancellationToken cancellationToken)
   at Microsoft.EntityFrameworkCore.DbContext.SaveChangesAsync(Boolean acceptAllChangesOnSuccess, CancellationToken cancellationToken)
2026-06-13 15:22:56.067 +01:00 [ERR] Failed executing DbCommand (2ms) [Parameters=[@p0='?' (DbType = Guid), @p1='?' (DbType = DateTime2), @p2='?' (Size = 256), @p3='?' (Size = 100), @p4='?' (Size = 100), @p5='?' (Size = 4000), @p6='?' (DbType = Guid), @p7='?' (DbType = Guid), @p8='?' (DbType = Guid), @p9='?' (DbType = Guid), @p10='?' (DbType = Guid), @p11='?' (DbType = DateTime2), @p12='?' (Size = 256), @p13='?' (Size = 200), @p14='?' (Size = 255), @p15='?' (DbType = DateTime2), @p16='?' (Size = 100), @p17='?' (DbType = Guid), @p18='?' (Size = 100), @p19='?' (DbType = DateTime2), @p20='?' (Size = 50), @p21='?' (DbType = Int32), @p22='?' (Size = 100), @p23='?' (DbType = Guid), @p24='?' (Size = 100), @p25='?' (Size = 256), @p26='?' (Size = 256), @p27='?' (Size = 255), @p28='?' (DbType = Int32), @p29='?' (Size = 50), @p30='?' (DbType = DateTime2), @p31='?' (DbType = Guid), @p32='?' (DbType = Guid), @p33='?' (DbType = DateTime2)], CommandType='"Text"', CommandTimeout='30']
SET NOCOUNT ON;
INSERT INTO [ParentGuardians] ([Id], [DateAddedUtc], [Email], [FirstName], [LastName], [PhoneNumber], [UserId])
VALUES (@p0, @p1, @p2, @p3, @p4, @p5, @p6);
INSERT INTO [Students] ([Id], [AcademicProgramId], [AcademicSessionId], [AdmissionApplicationId], [CreatedAt], [EmergencyContactEmail], [EmergencyContactName], [EmergencyContactPhone], [EnrollmentDate], [EntraObjectId], [FacultyId], [FirstName], [GraduationDate], [JambRegistrationNumber], [JambScore], [LastName], [LevelId], [MiddleName], [OfficialEmail], [PersonalEmail], [Phone], [Status], [StudentNumber], [UpdatedAt])
VALUES (@p7, @p8, @p9, @p10, @p11, @p12, @p13, @p14, @p15, @p16, @p17, @p18, @p19, @p20, @p21, @p22, @p23, @p24, @p25, @p26, @p27, @p28, @p29, @p30);
INSERT INTO [UserRoles] ([RoleId], [UserId], [AssignedUtc])
VALUES (@p31, @p32, @p33);
2026-06-13 15:22:56.069 +01:00 [ERR] An exception occurred in the database while saving changes for context type 'LMS.Api.Data.LmsDbContext'.
Microsoft.EntityFrameworkCore.DbUpdateException: An error occurred while saving the entity changes. See the inner exception for details.
 ---> Microsoft.Data.SqlClient.SqlException (0x80131904): String or binary data would be truncated in table 'WuLmsDb.Dev.dbo.ParentGuardians', column 'PhoneNumber'. Truncated value: '08037013447, 0802682'.
The statement has been terminated.
   at System.Threading.Tasks.ContinuationResultTaskFromResultTask`2.InnerInvoke()
   at System.Threading.ExecutionContext.RunInternal(ExecutionContext executionContext, ContextCallback callback, Object state)
--- End of stack trace from previous location ---
   at System.Threading.ExecutionContext.RunInternal(ExecutionContext executionContext, ContextCallback callback, Object state)
   at System.Threading.Tasks.Task.ExecuteWithThreadLocal(Task& currentTaskSlot, Thread threadPoolThread)
--- End of stack trace from previous location ---
   at Microsoft.EntityFrameworkCore.Storage.RelationalCommand.ExecuteReaderAsync(RelationalCommandParameterObject parameterObject, CancellationToken cancellationToken)
   at Microsoft.EntityFrameworkCore.Storage.RelationalCommand.ExecuteReaderAsync(RelationalCommandParameterObject parameterObject, CancellationToken cancellationToken)
   at Microsoft.EntityFrameworkCore.Update.ReaderModificationCommandBatch.ExecuteAsync(IRelationalConnection connection, CancellationToken cancellationToken)
ClientConnectionId:6d6956fa-8340-4215-ab53-e4e23951ea7f
Error Number:2628,State:1,Class:16
   --- End of inner exception stack trace ---
   at Microsoft.EntityFrameworkCore.Update.ReaderModificationCommandBatch.ExecuteAsync(IRelationalConnection connection, CancellationToken cancellationToken)
   at Microsoft.EntityFrameworkCore.SqlServer.Update.Internal.SqlServerModificationCommandBatch.ExecuteAsync(IRelationalConnection connection, CancellationToken cancellationToken)
   at Microsoft.EntityFrameworkCore.Update.Internal.BatchExecutor.ExecuteAsync(IEnumerable`1 commandBatches, IRelationalConnection connection, CancellationToken cancellationToken)
   at Microsoft.EntityFrameworkCore.Update.Internal.BatchExecutor.ExecuteAsync(IEnumerable`1 commandBatches, IRelationalConnection connection, CancellationToken cancellationToken)
   at Microsoft.EntityFrameworkCore.Update.Internal.BatchExecutor.ExecuteAsync(IEnumerable`1 commandBatches, IRelationalConnection connection, CancellationToken cancellationToken)
   at Microsoft.EntityFrameworkCore.Storage.RelationalDatabase.SaveChangesAsync(IList`1 entries, CancellationToken cancellationToken)
   at Microsoft.EntityFrameworkCore.ChangeTracking.Internal.StateManager.SaveChangesAsync(IList`1 entriesToSave, CancellationToken cancellationToken)
   at Microsoft.EntityFrameworkCore.ChangeTracking.Internal.StateManager.SaveChangesAsync(StateManager stateManager, Boolean acceptAllChangesOnSuccess, CancellationToken cancellationToken)
   at Microsoft.EntityFrameworkCore.Storage.ExecutionStrategy.<>c__DisplayClass30_0`2.<<ExecuteAsync>b__0>d.MoveNext()
--- End of stack trace from previous location ---
   at Microsoft.EntityFrameworkCore.Storage.ExecutionStrategy.ExecuteImplementationAsync[TState,TResult](Func`4 operation, Func`4 verifySucceeded, TState state, CancellationToken cancellationToken)
   at Microsoft.EntityFrameworkCore.Storage.ExecutionStrategy.ExecuteImplementationAsync[TState,TResult](Func`4 operation, Func`4 verifySucceeded, TState state, CancellationToken cancellationToken)
   at Microsoft.EntityFrameworkCore.Storage.ExecutionStrategy.ExecuteAsync[TState,TResult](TState state, Func`4 operation, Func`4 verifySucceeded, CancellationToken cancellationToken)
   at Microsoft.EntityFrameworkCore.DbContext.SaveChangesAsync(Boolean acceptAllChangesOnSuccess, CancellationToken cancellationToken)
Microsoft.EntityFrameworkCore.DbUpdateException: An error occurred while saving the entity changes. See the inner exception for details.
 ---> Microsoft.Data.SqlClient.SqlException (0x80131904): String or binary data would be truncated in table 'WuLmsDb.Dev.dbo.ParentGuardians', column 'PhoneNumber'. Truncated value: '08037013447, 0802682'.
The statement has been terminated.
   at System.Threading.Tasks.ContinuationResultTaskFromResultTask`2.InnerInvoke()
   at System.Threading.ExecutionContext.RunInternal(ExecutionContext executionContext, ContextCallback callback, Object state)
--- End of stack trace from previous location ---
   at System.Threading.ExecutionContext.RunInternal(ExecutionContext executionContext, ContextCallback callback, Object state)
   at System.Threading.Tasks.Task.ExecuteWithThreadLocal(Task& currentTaskSlot, Thread threadPoolThread)
--- End of stack trace from previous location ---
   at Microsoft.EntityFrameworkCore.Storage.RelationalCommand.ExecuteReaderAsync(RelationalCommandParameterObject parameterObject, CancellationToken cancellationToken)
   at Microsoft.EntityFrameworkCore.Storage.RelationalCommand.ExecuteReaderAsync(RelationalCommandParameterObject parameterObject, CancellationToken cancellationToken)
   at Microsoft.EntityFrameworkCore.Update.ReaderModificationCommandBatch.ExecuteAsync(IRelationalConnection connection, CancellationToken cancellationToken)
ClientConnectionId:6d6956fa-8340-4215-ab53-e4e23951ea7f
Error Number:2628,State:1,Class:16
   --- End of inner exception stack trace ---
   at Microsoft.EntityFrameworkCore.Update.ReaderModificationCommandBatch.ExecuteAsync(IRelationalConnection connection, CancellationToken cancellationToken)
   at Microsoft.EntityFrameworkCore.SqlServer.Update.Internal.SqlServerModificationCommandBatch.ExecuteAsync(IRelationalConnection connection, CancellationToken cancellationToken)
   at Microsoft.EntityFrameworkCore.Update.Internal.BatchExecutor.ExecuteAsync(IEnumerable`1 commandBatches, IRelationalConnection connection, CancellationToken cancellationToken)
   at Microsoft.EntityFrameworkCore.Update.Internal.BatchExecutor.ExecuteAsync(IEnumerable`1 commandBatches, IRelationalConnection connection, CancellationToken cancellationToken)
   at Microsoft.EntityFrameworkCore.Update.Internal.BatchExecutor.ExecuteAsync(IEnumerable`1 commandBatches, IRelationalConnection connection, CancellationToken cancellationToken)
   at Microsoft.EntityFrameworkCore.Storage.RelationalDatabase.SaveChangesAsync(IList`1 entries, CancellationToken cancellationToken)
   at Microsoft.EntityFrameworkCore.ChangeTracking.Internal.StateManager.SaveChangesAsync(IList`1 entriesToSave, CancellationToken cancellationToken)
   at Microsoft.EntityFrameworkCore.ChangeTracking.Internal.StateManager.SaveChangesAsync(StateManager stateManager, Boolean acceptAllChangesOnSuccess, CancellationToken cancellationToken)
   at Microsoft.EntityFrameworkCore.Storage.ExecutionStrategy.<>c__DisplayClass30_0`2.<<ExecuteAsync>b__0>d.MoveNext()
--- End of stack trace from previous location ---
   at Microsoft.EntityFrameworkCore.Storage.ExecutionStrategy.ExecuteImplementationAsync[TState,TResult](Func`4 operation, Func`4 verifySucceeded, TState state, CancellationToken cancellationToken)
   at Microsoft.EntityFrameworkCore.Storage.ExecutionStrategy.ExecuteImplementationAsync[TState,TResult](Func`4 operation, Func`4 verifySucceeded, TState state, CancellationToken cancellationToken)
   at Microsoft.EntityFrameworkCore.Storage.ExecutionStrategy.ExecuteAsync[TState,TResult](TState state, Func`4 operation, Func`4 verifySucceeded, CancellationToken cancellationToken)
   at Microsoft.EntityFrameworkCore.DbContext.SaveChangesAsync(Boolean acceptAllChangesOnSuccess, CancellationToken cancellationToken)
2026-06-13 15:22:56.075 +01:00 [ERR] Failed executing DbCommand (3ms) [Parameters=[@p0='?' (DbType = Guid), @p1='?' (DbType = DateTime2), @p2='?' (Size = 256), @p3='?' (Size = 100), @p4='?' (Size = 100), @p5='?' (Size = 4000), @p6='?' (DbType = Guid), @p7='?' (DbType = Guid), @p8='?' (DbType = Guid), @p9='?' (DbType = Guid), @p10='?' (DbType = Guid), @p11='?' (DbType = DateTime2), @p12='?' (Size = 256), @p13='?' (Size = 200), @p14='?' (Size = 255), @p15='?' (DbType = DateTime2), @p16='?' (Size = 100), @p17='?' (DbType = Guid), @p18='?' (Size = 100), @p19='?' (DbType = DateTime2), @p20='?' (Size = 50), @p21='?' (DbType = Int32), @p22='?' (Size = 100), @p23='?' (DbType = Guid), @p24='?' (Size = 100), @p25='?' (Size = 256), @p26='?' (Size = 256), @p27='?' (Size = 255), @p28='?' (DbType = Int32), @p29='?' (Size = 50), @p30='?' (DbType = DateTime2), @p31='?' (DbType = Guid), @p32='?' (DbType = Guid), @p33='?' (DbType = DateTime2)], CommandType='"Text"', CommandTimeout='30']
SET NOCOUNT ON;
INSERT INTO [ParentGuardians] ([Id], [DateAddedUtc], [Email], [FirstName], [LastName], [PhoneNumber], [UserId])
VALUES (@p0, @p1, @p2, @p3, @p4, @p5, @p6);
INSERT INTO [Students] ([Id], [AcademicProgramId], [AcademicSessionId], [AdmissionApplicationId], [CreatedAt], [EmergencyContactEmail], [EmergencyContactName], [EmergencyContactPhone], [EnrollmentDate], [EntraObjectId], [FacultyId], [FirstName], [GraduationDate], [JambRegistrationNumber], [JambScore], [LastName], [LevelId], [MiddleName], [OfficialEmail], [PersonalEmail], [Phone], [Status], [StudentNumber], [UpdatedAt])
VALUES (@p7, @p8, @p9, @p10, @p11, @p12, @p13, @p14, @p15, @p16, @p17, @p18, @p19, @p20, @p21, @p22, @p23, @p24, @p25, @p26, @p27, @p28, @p29, @p30);
INSERT INTO [UserRoles] ([RoleId], [UserId], [AssignedUtc])
VALUES (@p31, @p32, @p33);
2026-06-13 15:22:56.077 +01:00 [ERR] An exception occurred in the database while saving changes for context type 'LMS.Api.Data.LmsDbContext'.
Microsoft.EntityFrameworkCore.DbUpdateException: An error occurred while saving the entity changes. See the inner exception for details.
 ---> Microsoft.Data.SqlClient.SqlException (0x80131904): String or binary data would be truncated in table 'WuLmsDb.Dev.dbo.ParentGuardians', column 'PhoneNumber'. Truncated value: '08037013447, 0802682'.
The statement has been terminated.
   at System.Threading.Tasks.ContinuationResultTaskFromResultTask`2.InnerInvoke()
   at System.Threading.ExecutionContext.RunInternal(ExecutionContext executionContext, ContextCallback callback, Object state)
--- End of stack trace from previous location ---
   at System.Threading.ExecutionContext.RunInternal(ExecutionContext executionContext, ContextCallback callback, Object state)
   at System.Threading.Tasks.Task.ExecuteWithThreadLocal(Task& currentTaskSlot, Thread threadPoolThread)
--- End of stack trace from previous location ---
   at Microsoft.EntityFrameworkCore.Storage.RelationalCommand.ExecuteReaderAsync(RelationalCommandParameterObject parameterObject, CancellationToken cancellationToken)
   at Microsoft.EntityFrameworkCore.Storage.RelationalCommand.ExecuteReaderAsync(RelationalCommandParameterObject parameterObject, CancellationToken cancellationToken)
   at Microsoft.EntityFrameworkCore.Update.ReaderModificationCommandBatch.ExecuteAsync(IRelationalConnection connection, CancellationToken cancellationToken)
ClientConnectionId:6d6956fa-8340-4215-ab53-e4e23951ea7f
Error Number:2628,State:1,Class:16
   --- End of inner exception stack trace ---
   at Microsoft.EntityFrameworkCore.Update.ReaderModificationCommandBatch.ExecuteAsync(IRelationalConnection connection, CancellationToken cancellationToken)
   at Microsoft.EntityFrameworkCore.SqlServer.Update.Internal.SqlServerModificationCommandBatch.ExecuteAsync(IRelationalConnection connection, CancellationToken cancellationToken)
   at Microsoft.EntityFrameworkCore.Update.Internal.BatchExecutor.ExecuteAsync(IEnumerable`1 commandBatches, IRelationalConnection connection, CancellationToken cancellationToken)
   at Microsoft.EntityFrameworkCore.Update.Internal.BatchExecutor.ExecuteAsync(IEnumerable`1 commandBatches, IRelationalConnection connection, CancellationToken cancellationToken)
   at Microsoft.EntityFrameworkCore.Update.Internal.BatchExecutor.ExecuteAsync(IEnumerable`1 commandBatches, IRelationalConnection connection, CancellationToken cancellationToken)
   at Microsoft.EntityFrameworkCore.Storage.RelationalDatabase.SaveChangesAsync(IList`1 entries, CancellationToken cancellationToken)
   at Microsoft.EntityFrameworkCore.ChangeTracking.Internal.StateManager.SaveChangesAsync(IList`1 entriesToSave, CancellationToken cancellationToken)
   at Microsoft.EntityFrameworkCore.ChangeTracking.Internal.StateManager.SaveChangesAsync(StateManager stateManager, Boolean acceptAllChangesOnSuccess, CancellationToken cancellationToken)
   at Microsoft.EntityFrameworkCore.Storage.ExecutionStrategy.<>c__DisplayClass30_0`2.<<ExecuteAsync>b__0>d.MoveNext()
--- End of stack trace from previous location ---
   at Microsoft.EntityFrameworkCore.Storage.ExecutionStrategy.ExecuteImplementationAsync[TState,TResult](Func`4 operation, Func`4 verifySucceeded, TState state, CancellationToken cancellationToken)
   at Microsoft.EntityFrameworkCore.Storage.ExecutionStrategy.ExecuteImplementationAsync[TState,TResult](Func`4 operation, Func`4 verifySucceeded, TState state, CancellationToken cancellationToken)
   at Microsoft.EntityFrameworkCore.Storage.ExecutionStrategy.ExecuteAsync[TState,TResult](TState state, Func`4 operation, Func`4 verifySucceeded, CancellationToken cancellationToken)
   at Microsoft.EntityFrameworkCore.DbContext.SaveChangesAsync(Boolean acceptAllChangesOnSuccess, CancellationToken cancellationToken)
Microsoft.EntityFrameworkCore.DbUpdateException: An error occurred while saving the entity changes. See the inner exception for details.
 ---> Microsoft.Data.SqlClient.SqlException (0x80131904): String or binary data would be truncated in table 'WuLmsDb.Dev.dbo.ParentGuardians', column 'PhoneNumber'. Truncated value: '08037013447, 0802682'.
The statement has been terminated.
   at System.Threading.Tasks.ContinuationResultTaskFromResultTask`2.InnerInvoke()
   at System.Threading.ExecutionContext.RunInternal(ExecutionContext executionContext, ContextCallback callback, Object state)
--- End of stack trace from previous location ---
   at System.Threading.ExecutionContext.RunInternal(ExecutionContext executionContext, ContextCallback callback, Object state)
   at System.Threading.Tasks.Task.ExecuteWithThreadLocal(Task& currentTaskSlot, Thread threadPoolThread)
--- End of stack trace from previous location ---
   at Microsoft.EntityFrameworkCore.Storage.RelationalCommand.ExecuteReaderAsync(RelationalCommandParameterObject parameterObject, CancellationToken cancellationToken)
   at Microsoft.EntityFrameworkCore.Storage.RelationalCommand.ExecuteReaderAsync(RelationalCommandParameterObject parameterObject, CancellationToken cancellationToken)
   at Microsoft.EntityFrameworkCore.Update.ReaderModificationCommandBatch.ExecuteAsync(IRelationalConnection connection, CancellationToken cancellationToken)
ClientConnectionId:6d6956fa-8340-4215-ab53-e4e23951ea7f
Error Number:2628,State:1,Class:16
   --- End of inner exception stack trace ---
   at Microsoft.EntityFrameworkCore.Update.ReaderModificationCommandBatch.ExecuteAsync(IRelationalConnection connection, CancellationToken cancellationToken)
   at Microsoft.EntityFrameworkCore.SqlServer.Update.Internal.SqlServerModificationCommandBatch.ExecuteAsync(IRelationalConnection connection, CancellationToken cancellationToken)
   at Microsoft.EntityFrameworkCore.Update.Internal.BatchExecutor.ExecuteAsync(IEnumerable`1 commandBatches, IRelationalConnection connection, CancellationToken cancellationToken)
   at Microsoft.EntityFrameworkCore.Update.Internal.BatchExecutor.ExecuteAsync(IEnumerable`1 commandBatches, IRelationalConnection connection, CancellationToken cancellationToken)
   at Microsoft.EntityFrameworkCore.Update.Internal.BatchExecutor.ExecuteAsync(IEnumerable`1 commandBatches, IRelationalConnection connection, CancellationToken cancellationToken)
   at Microsoft.EntityFrameworkCore.Storage.RelationalDatabase.SaveChangesAsync(IList`1 entries, CancellationToken cancellationToken)
   at Microsoft.EntityFrameworkCore.ChangeTracking.Internal.StateManager.SaveChangesAsync(IList`1 entriesToSave, CancellationToken cancellationToken)
   at Microsoft.EntityFrameworkCore.ChangeTracking.Internal.StateManager.SaveChangesAsync(StateManager stateManager, Boolean acceptAllChangesOnSuccess, CancellationToken cancellationToken)
   at Microsoft.EntityFrameworkCore.Storage.ExecutionStrategy.<>c__DisplayClass30_0`2.<<ExecuteAsync>b__0>d.MoveNext()
--- End of stack trace from previous location ---
   at Microsoft.EntityFrameworkCore.Storage.ExecutionStrategy.ExecuteImplementationAsync[TState,TResult](Func`4 operation, Func`4 verifySucceeded, TState state, CancellationToken cancellationToken)
   at Microsoft.EntityFrameworkCore.Storage.ExecutionStrategy.ExecuteImplementationAsync[TState,TResult](Func`4 operation, Func`4 verifySucceeded, TState state, CancellationToken cancellationToken)
   at Microsoft.EntityFrameworkCore.Storage.ExecutionStrategy.ExecuteAsync[TState,TResult](TState state, Func`4 operation, Func`4 verifySucceeded, CancellationToken cancellationToken)
   at Microsoft.EntityFrameworkCore.DbContext.SaveChangesAsync(Boolean acceptAllChangesOnSuccess, CancellationToken cancellationToken)
2026-06-13 15:22:56.082 +01:00 [ERR] Failed executing DbCommand (2ms) [Parameters=[@p0='?' (DbType = Guid), @p1='?' (DbType = DateTime2), @p2='?' (Size = 256), @p3='?' (Size = 100), @p4='?' (Size = 100), @p5='?' (Size = 4000), @p6='?' (DbType = Guid), @p7='?' (DbType = Guid), @p8='?' (DbType = Guid), @p9='?' (DbType = Guid), @p10='?' (DbType = Guid), @p11='?' (DbType = DateTime2), @p12='?' (Size = 256), @p13='?' (Size = 200), @p14='?' (Size = 255), @p15='?' (DbType = DateTime2), @p16='?' (Size = 100), @p17='?' (DbType = Guid), @p18='?' (Size = 100), @p19='?' (DbType = DateTime2), @p20='?' (Size = 50), @p21='?' (DbType = Int32), @p22='?' (Size = 100), @p23='?' (DbType = Guid), @p24='?' (Size = 100), @p25='?' (Size = 256), @p26='?' (Size = 256), @p27='?' (Size = 255), @p28='?' (DbType = Int32), @p29='?' (Size = 50), @p30='?' (DbType = DateTime2), @p31='?' (DbType = Guid), @p32='?' (DbType = Guid), @p33='?' (DbType = DateTime2)], CommandType='"Text"', CommandTimeout='30']
SET NOCOUNT ON;
INSERT INTO [ParentGuardians] ([Id], [DateAddedUtc], [Email], [FirstName], [LastName], [PhoneNumber], [UserId])
VALUES (@p0, @p1, @p2, @p3, @p4, @p5, @p6);
INSERT INTO [Students] ([Id], [AcademicProgramId], [AcademicSessionId], [AdmissionApplicationId], [CreatedAt], [EmergencyContactEmail], [EmergencyContactName], [EmergencyContactPhone], [EnrollmentDate], [EntraObjectId], [FacultyId], [FirstName], [GraduationDate], [JambRegistrationNumber], [JambScore], [LastName], [LevelId], [MiddleName], [OfficialEmail], [PersonalEmail], [Phone], [Status], [StudentNumber], [UpdatedAt])
VALUES (@p7, @p8, @p9, @p10, @p11, @p12, @p13, @p14, @p15, @p16, @p17, @p18, @p19, @p20, @p21, @p22, @p23, @p24, @p25, @p26, @p27, @p28, @p29, @p30);
INSERT INTO [UserRoles] ([RoleId], [UserId], [AssignedUtc])
VALUES (@p31, @p32, @p33);
2026-06-13 15:22:56.084 +01:00 [ERR] An exception occurred in the database while saving changes for context type 'LMS.Api.Data.LmsDbContext'.
Microsoft.EntityFrameworkCore.DbUpdateException: An error occurred while saving the entity changes. See the inner exception for details.
 ---> Microsoft.Data.SqlClient.SqlException (0x80131904): String or binary data would be truncated in table 'WuLmsDb.Dev.dbo.ParentGuardians', column 'PhoneNumber'. Truncated value: '08037013447, 0802682'.
The statement has been terminated.
   at System.Threading.Tasks.ContinuationResultTaskFromResultTask`2.InnerInvoke()
   at System.Threading.ExecutionContext.RunInternal(ExecutionContext executionContext, ContextCallback callback, Object state)
--- End of stack trace from previous location ---
   at System.Threading.ExecutionContext.RunInternal(ExecutionContext executionContext, ContextCallback callback, Object state)
   at System.Threading.Tasks.Task.ExecuteWithThreadLocal(Task& currentTaskSlot, Thread threadPoolThread)
--- End of stack trace from previous location ---
   at Microsoft.EntityFrameworkCore.Storage.RelationalCommand.ExecuteReaderAsync(RelationalCommandParameterObject parameterObject, CancellationToken cancellationToken)
   at Microsoft.EntityFrameworkCore.Storage.RelationalCommand.ExecuteReaderAsync(RelationalCommandParameterObject parameterObject, CancellationToken cancellationToken)
   at Microsoft.EntityFrameworkCore.Update.ReaderModificationCommandBatch.ExecuteAsync(IRelationalConnection connection, CancellationToken cancellationToken)
ClientConnectionId:6d6956fa-8340-4215-ab53-e4e23951ea7f
Error Number:2628,State:1,Class:16
   --- End of inner exception stack trace ---
   at Microsoft.EntityFrameworkCore.Update.ReaderModificationCommandBatch.ExecuteAsync(IRelationalConnection connection, CancellationToken cancellationToken)
   at Microsoft.EntityFrameworkCore.SqlServer.Update.Internal.SqlServerModificationCommandBatch.ExecuteAsync(IRelationalConnection connection, CancellationToken cancellationToken)
   at Microsoft.EntityFrameworkCore.Update.Internal.BatchExecutor.ExecuteAsync(IEnumerable`1 commandBatches, IRelationalConnection connection, CancellationToken cancellationToken)
   at Microsoft.EntityFrameworkCore.Update.Internal.BatchExecutor.ExecuteAsync(IEnumerable`1 commandBatches, IRelationalConnection connection, CancellationToken cancellationToken)
   at Microsoft.EntityFrameworkCore.Update.Internal.BatchExecutor.ExecuteAsync(IEnumerable`1 commandBatches, IRelationalConnection connection, CancellationToken cancellationToken)
   at Microsoft.EntityFrameworkCore.Storage.RelationalDatabase.SaveChangesAsync(IList`1 entries, CancellationToken cancellationToken)
   at Microsoft.EntityFrameworkCore.ChangeTracking.Internal.StateManager.SaveChangesAsync(IList`1 entriesToSave, CancellationToken cancellationToken)
   at Microsoft.EntityFrameworkCore.ChangeTracking.Internal.StateManager.SaveChangesAsync(StateManager stateManager, Boolean acceptAllChangesOnSuccess, CancellationToken cancellationToken)
   at Microsoft.EntityFrameworkCore.Storage.ExecutionStrategy.<>c__DisplayClass30_0`2.<<ExecuteAsync>b__0>d.MoveNext()
--- End of stack trace from previous location ---
   at Microsoft.EntityFrameworkCore.Storage.ExecutionStrategy.ExecuteImplementationAsync[TState,TResult](Func`4 operation, Func`4 verifySucceeded, TState state, CancellationToken cancellationToken)
   at Microsoft.EntityFrameworkCore.Storage.ExecutionStrategy.ExecuteImplementationAsync[TState,TResult](Func`4 operation, Func`4 verifySucceeded, TState state, CancellationToken cancellationToken)
   at Microsoft.EntityFrameworkCore.Storage.ExecutionStrategy.ExecuteAsync[TState,TResult](TState state, Func`4 operation, Func`4 verifySucceeded, CancellationToken cancellationToken)
   at Microsoft.EntityFrameworkCore.DbContext.SaveChangesAsync(Boolean acceptAllChangesOnSuccess, CancellationToken cancellationToken)
Microsoft.EntityFrameworkCore.DbUpdateException: An error occurred while saving the entity changes. See the inner exception for details.
 ---> Microsoft.Data.SqlClient.SqlException (0x80131904): String or binary data would be truncated in table 'WuLmsDb.Dev.dbo.ParentGuardians', column 'PhoneNumber'. Truncated value: '08037013447, 0802682'.
The statement has been terminated.
   at System.Threading.Tasks.ContinuationResultTaskFromResultTask`2.InnerInvoke()
   at System.Threading.ExecutionContext.RunInternal(ExecutionContext executionContext, ContextCallback callback, Object state)
--- End of stack trace from previous location ---
   at System.Threading.ExecutionContext.RunInternal(ExecutionContext executionContext, ContextCallback callback, Object state)
   at System.Threading.Tasks.Task.ExecuteWithThreadLocal(Task& currentTaskSlot, Thread threadPoolThread)
--- End of stack trace from previous location ---
   at Microsoft.EntityFrameworkCore.Storage.RelationalCommand.ExecuteReaderAsync(RelationalCommandParameterObject parameterObject, CancellationToken cancellationToken)
   at Microsoft.EntityFrameworkCore.Storage.RelationalCommand.ExecuteReaderAsync(RelationalCommandParameterObject parameterObject, CancellationToken cancellationToken)
   at Microsoft.EntityFrameworkCore.Update.ReaderModificationCommandBatch.ExecuteAsync(IRelationalConnection connection, CancellationToken cancellationToken)
ClientConnectionId:6d6956fa-8340-4215-ab53-e4e23951ea7f
Error Number:2628,State:1,Class:16
   --- End of inner exception stack trace ---
   at Microsoft.EntityFrameworkCore.Update.ReaderModificationCommandBatch.ExecuteAsync(IRelationalConnection connection, CancellationToken cancellationToken)
   at Microsoft.EntityFrameworkCore.SqlServer.Update.Internal.SqlServerModificationCommandBatch.ExecuteAsync(IRelationalConnection connection, CancellationToken cancellationToken)
   at Microsoft.EntityFrameworkCore.Update.Internal.BatchExecutor.ExecuteAsync(IEnumerable`1 commandBatches, IRelationalConnection connection, CancellationToken cancellationToken)
   at Microsoft.EntityFrameworkCore.Update.Internal.BatchExecutor.ExecuteAsync(IEnumerable`1 commandBatches, IRelationalConnection connection, CancellationToken cancellationToken)
   at Microsoft.EntityFrameworkCore.Update.Internal.BatchExecutor.ExecuteAsync(IEnumerable`1 commandBatches, IRelationalConnection connection, CancellationToken cancellationToken)
   at Microsoft.EntityFrameworkCore.Storage.RelationalDatabase.SaveChangesAsync(IList`1 entries, CancellationToken cancellationToken)
   at Microsoft.EntityFrameworkCore.ChangeTracking.Internal.StateManager.SaveChangesAsync(IList`1 entriesToSave, CancellationToken cancellationToken)
   at Microsoft.EntityFrameworkCore.ChangeTracking.Internal.StateManager.SaveChangesAsync(StateManager stateManager, Boolean acceptAllChangesOnSuccess, CancellationToken cancellationToken)
   at Microsoft.EntityFrameworkCore.Storage.ExecutionStrategy.<>c__DisplayClass30_0`2.<<ExecuteAsync>b__0>d.MoveNext()
--- End of stack trace from previous location ---
   at Microsoft.EntityFrameworkCore.Storage.ExecutionStrategy.ExecuteImplementationAsync[TState,TResult](Func`4 operation, Func`4 verifySucceeded, TState state, CancellationToken cancellationToken)
   at Microsoft.EntityFrameworkCore.Storage.ExecutionStrategy.ExecuteImplementationAsync[TState,TResult](Func`4 operation, Func`4 verifySucceeded, TState state, CancellationToken cancellationToken)
   at Microsoft.EntityFrameworkCore.Storage.ExecutionStrategy.ExecuteAsync[TState,TResult](TState state, Func`4 operation, Func`4 verifySucceeded, CancellationToken cancellationToken)
   at Microsoft.EntityFrameworkCore.DbContext.SaveChangesAsync(Boolean acceptAllChangesOnSuccess, CancellationToken cancellationToken)
2026-06-13 15:22:56.089 +01:00 [ERR] Failed executing DbCommand (2ms) [Parameters=[@p0='?' (DbType = Guid), @p1='?' (DbType = DateTime2), @p2='?' (Size = 256), @p3='?' (Size = 100), @p4='?' (Size = 100), @p5='?' (Size = 4000), @p6='?' (DbType = Guid), @p7='?' (DbType = Guid), @p8='?' (DbType = Guid), @p9='?' (DbType = Guid), @p10='?' (DbType = Guid), @p11='?' (DbType = DateTime2), @p12='?' (Size = 256), @p13='?' (Size = 200), @p14='?' (Size = 255), @p15='?' (DbType = DateTime2), @p16='?' (Size = 100), @p17='?' (DbType = Guid), @p18='?' (Size = 100), @p19='?' (DbType = DateTime2), @p20='?' (Size = 50), @p21='?' (DbType = Int32), @p22='?' (Size = 100), @p23='?' (DbType = Guid), @p24='?' (Size = 100), @p25='?' (Size = 256), @p26='?' (Size = 256), @p27='?' (Size = 255), @p28='?' (DbType = Int32), @p29='?' (Size = 50), @p30='?' (DbType = DateTime2), @p31='?' (DbType = Guid), @p32='?' (DbType = Guid), @p33='?' (DbType = DateTime2)], CommandType='"Text"', CommandTimeout='30']
SET NOCOUNT ON;
INSERT INTO [ParentGuardians] ([Id], [DateAddedUtc], [Email], [FirstName], [LastName], [PhoneNumber], [UserId])
VALUES (@p0, @p1, @p2, @p3, @p4, @p5, @p6);
INSERT INTO [Students] ([Id], [AcademicProgramId], [AcademicSessionId], [AdmissionApplicationId], [CreatedAt], [EmergencyContactEmail], [EmergencyContactName], [EmergencyContactPhone], [EnrollmentDate], [EntraObjectId], [FacultyId], [FirstName], [GraduationDate], [JambRegistrationNumber], [JambScore], [LastName], [LevelId], [MiddleName], [OfficialEmail], [PersonalEmail], [Phone], [Status], [StudentNumber], [UpdatedAt])
VALUES (@p7, @p8, @p9, @p10, @p11, @p12, @p13, @p14, @p15, @p16, @p17, @p18, @p19, @p20, @p21, @p22, @p23, @p24, @p25, @p26, @p27, @p28, @p29, @p30);
INSERT INTO [UserRoles] ([RoleId], [UserId], [AssignedUtc])
VALUES (@p31, @p32, @p33);
2026-06-13 15:22:56.091 +01:00 [ERR] An exception occurred in the database while saving changes for context type 'LMS.Api.Data.LmsDbContext'.
Microsoft.EntityFrameworkCore.DbUpdateException: An error occurred while saving the entity changes. See the inner exception for details.
 ---> Microsoft.Data.SqlClient.SqlException (0x80131904): String or binary data would be truncated in table 'WuLmsDb.Dev.dbo.ParentGuardians', column 'PhoneNumber'. Truncated value: '08037013447, 0802682'.
The statement has been terminated.
   at System.Threading.Tasks.ContinuationResultTaskFromResultTask`2.InnerInvoke()
   at System.Threading.ExecutionContext.RunInternal(ExecutionContext executionContext, ContextCallback callback, Object state)
--- End of stack trace from previous location ---
   at System.Threading.ExecutionContext.RunInternal(ExecutionContext executionContext, ContextCallback callback, Object state)
   at System.Threading.Tasks.Task.ExecuteWithThreadLocal(Task& currentTaskSlot, Thread threadPoolThread)
--- End of stack trace from previous location ---
   at Microsoft.EntityFrameworkCore.Storage.RelationalCommand.ExecuteReaderAsync(RelationalCommandParameterObject parameterObject, CancellationToken cancellationToken)
   at Microsoft.EntityFrameworkCore.Storage.RelationalCommand.ExecuteReaderAsync(RelationalCommandParameterObject parameterObject, CancellationToken cancellationToken)
   at Microsoft.EntityFrameworkCore.Update.ReaderModificationCommandBatch.ExecuteAsync(IRelationalConnection connection, CancellationToken cancellationToken)
ClientConnectionId:6d6956fa-8340-4215-ab53-e4e23951ea7f
Error Number:2628,State:1,Class:16
   --- End of inner exception stack trace ---
   at Microsoft.EntityFrameworkCore.Update.ReaderModificationCommandBatch.ExecuteAsync(IRelationalConnection connection, CancellationToken cancellationToken)
   at Microsoft.EntityFrameworkCore.SqlServer.Update.Internal.SqlServerModificationCommandBatch.ExecuteAsync(IRelationalConnection connection, CancellationToken cancellationToken)
   at Microsoft.EntityFrameworkCore.Update.Internal.BatchExecutor.ExecuteAsync(IEnumerable`1 commandBatches, IRelationalConnection connection, CancellationToken cancellationToken)
   at Microsoft.EntityFrameworkCore.Update.Internal.BatchExecutor.ExecuteAsync(IEnumerable`1 commandBatches, IRelationalConnection connection, CancellationToken cancellationToken)
   at Microsoft.EntityFrameworkCore.Update.Internal.BatchExecutor.ExecuteAsync(IEnumerable`1 commandBatches, IRelationalConnection connection, CancellationToken cancellationToken)
   at Microsoft.EntityFrameworkCore.Storage.RelationalDatabase.SaveChangesAsync(IList`1 entries, CancellationToken cancellationToken)
   at Microsoft.EntityFrameworkCore.ChangeTracking.Internal.StateManager.SaveChangesAsync(IList`1 entriesToSave, CancellationToken cancellationToken)
   at Microsoft.EntityFrameworkCore.ChangeTracking.Internal.StateManager.SaveChangesAsync(StateManager stateManager, Boolean acceptAllChangesOnSuccess, CancellationToken cancellationToken)
   at Microsoft.EntityFrameworkCore.Storage.ExecutionStrategy.<>c__DisplayClass30_0`2.<<ExecuteAsync>b__0>d.MoveNext()
--- End of stack trace from previous location ---
   at Microsoft.EntityFrameworkCore.Storage.ExecutionStrategy.ExecuteImplementationAsync[TState,TResult](Func`4 operation, Func`4 verifySucceeded, TState state, CancellationToken cancellationToken)
   at Microsoft.EntityFrameworkCore.Storage.ExecutionStrategy.ExecuteImplementationAsync[TState,TResult](Func`4 operation, Func`4 verifySucceeded, TState state, CancellationToken cancellationToken)
   at Microsoft.EntityFrameworkCore.Storage.ExecutionStrategy.ExecuteAsync[TState,TResult](TState state, Func`4 operation, Func`4 verifySucceeded, CancellationToken cancellationToken)
   at Microsoft.EntityFrameworkCore.DbContext.SaveChangesAsync(Boolean acceptAllChangesOnSuccess, CancellationToken cancellationToken)
Microsoft.EntityFrameworkCore.DbUpdateException: An error occurred while saving the entity changes. See the inner exception for details.
 ---> Microsoft.Data.SqlClient.SqlException (0x80131904): String or binary data would be truncated in table 'WuLmsDb.Dev.dbo.ParentGuardians', column 'PhoneNumber'. Truncated value: '08037013447, 0802682'.
The statement has been terminated.
   at System.Threading.Tasks.ContinuationResultTaskFromResultTask`2.InnerInvoke()
   at System.Threading.ExecutionContext.RunInternal(ExecutionContext executionContext, ContextCallback callback, Object state)
--- End of stack trace from previous location ---
   at System.Threading.ExecutionContext.RunInternal(ExecutionContext executionContext, ContextCallback callback, Object state)
   at System.Threading.Tasks.Task.ExecuteWithThreadLocal(Task& currentTaskSlot, Thread threadPoolThread)
--- End of stack trace from previous location ---
   at Microsoft.EntityFrameworkCore.Storage.RelationalCommand.ExecuteReaderAsync(RelationalCommandParameterObject parameterObject, CancellationToken cancellationToken)
   at Microsoft.EntityFrameworkCore.Storage.RelationalCommand.ExecuteReaderAsync(RelationalCommandParameterObject parameterObject, CancellationToken cancellationToken)
   at Microsoft.EntityFrameworkCore.Update.ReaderModificationCommandBatch.ExecuteAsync(IRelationalConnection connection, CancellationToken cancellationToken)
ClientConnectionId:6d6956fa-8340-4215-ab53-e4e23951ea7f
Error Number:2628,State:1,Class:16
   --- End of inner exception stack trace ---
   at Microsoft.EntityFrameworkCore.Update.ReaderModificationCommandBatch.ExecuteAsync(IRelationalConnection connection, CancellationToken cancellationToken)
   at Microsoft.EntityFrameworkCore.SqlServer.Update.Internal.SqlServerModificationCommandBatch.ExecuteAsync(IRelationalConnection connection, CancellationToken cancellationToken)
   at Microsoft.EntityFrameworkCore.Update.Internal.BatchExecutor.ExecuteAsync(IEnumerable`1 commandBatches, IRelationalConnection connection, CancellationToken cancellationToken)
   at Microsoft.EntityFrameworkCore.Update.Internal.BatchExecutor.ExecuteAsync(IEnumerable`1 commandBatches, IRelationalConnection connection, CancellationToken cancellationToken)
   at Microsoft.EntityFrameworkCore.Update.Internal.BatchExecutor.ExecuteAsync(IEnumerable`1 commandBatches, IRelationalConnection connection, CancellationToken cancellationToken)
   at Microsoft.EntityFrameworkCore.Storage.RelationalDatabase.SaveChangesAsync(IList`1 entries, CancellationToken cancellationToken)
   at Microsoft.EntityFrameworkCore.ChangeTracking.Internal.StateManager.SaveChangesAsync(IList`1 entriesToSave, CancellationToken cancellationToken)
   at Microsoft.EntityFrameworkCore.ChangeTracking.Internal.StateManager.SaveChangesAsync(StateManager stateManager, Boolean acceptAllChangesOnSuccess, CancellationToken cancellationToken)
   at Microsoft.EntityFrameworkCore.Storage.ExecutionStrategy.<>c__DisplayClass30_0`2.<<ExecuteAsync>b__0>d.MoveNext()
--- End of stack trace from previous location ---
   at Microsoft.EntityFrameworkCore.Storage.ExecutionStrategy.ExecuteImplementationAsync[TState,TResult](Func`4 operation, Func`4 verifySucceeded, TState state, CancellationToken cancellationToken)
   at Microsoft.EntityFrameworkCore.Storage.ExecutionStrategy.ExecuteImplementationAsync[TState,TResult](Func`4 operation, Func`4 verifySucceeded, TState state, CancellationToken cancellationToken)
   at Microsoft.EntityFrameworkCore.Storage.ExecutionStrategy.ExecuteAsync[TState,TResult](TState state, Func`4 operation, Func`4 verifySucceeded, CancellationToken cancellationToken)
   at Microsoft.EntityFrameworkCore.DbContext.SaveChangesAsync(Boolean acceptAllChangesOnSuccess, CancellationToken cancellationToken)
2026-06-13 15:22:56.096 +01:00 [ERR] Failed executing DbCommand (2ms) [Parameters=[@p0='?' (DbType = Guid), @p1='?' (DbType = DateTime2), @p2='?' (Size = 256), @p3='?' (Size = 100), @p4='?' (Size = 100), @p5='?' (Size = 4000), @p6='?' (DbType = Guid), @p7='?' (DbType = Guid), @p8='?' (DbType = Guid), @p9='?' (DbType = Guid), @p10='?' (DbType = Guid), @p11='?' (DbType = DateTime2), @p12='?' (Size = 256), @p13='?' (Size = 200), @p14='?' (Size = 255), @p15='?' (DbType = DateTime2), @p16='?' (Size = 100), @p17='?' (DbType = Guid), @p18='?' (Size = 100), @p19='?' (DbType = DateTime2), @p20='?' (Size = 50), @p21='?' (DbType = Int32), @p22='?' (Size = 100), @p23='?' (DbType = Guid), @p24='?' (Size = 100), @p25='?' (Size = 256), @p26='?' (Size = 256), @p27='?' (Size = 255), @p28='?' (DbType = Int32), @p29='?' (Size = 50), @p30='?' (DbType = DateTime2), @p31='?' (DbType = Guid), @p32='?' (DbType = Guid), @p33='?' (DbType = DateTime2)], CommandType='"Text"', CommandTimeout='30']
SET NOCOUNT ON;
INSERT INTO [ParentGuardians] ([Id], [DateAddedUtc], [Email], [FirstName], [LastName], [PhoneNumber], [UserId])
VALUES (@p0, @p1, @p2, @p3, @p4, @p5, @p6);
INSERT INTO [Students] ([Id], [AcademicProgramId], [AcademicSessionId], [AdmissionApplicationId], [CreatedAt], [EmergencyContactEmail], [EmergencyContactName], [EmergencyContactPhone], [EnrollmentDate], [EntraObjectId], [FacultyId], [FirstName], [GraduationDate], [JambRegistrationNumber], [JambScore], [LastName], [LevelId], [MiddleName], [OfficialEmail], [PersonalEmail], [Phone], [Status], [StudentNumber], [UpdatedAt])
VALUES (@p7, @p8, @p9, @p10, @p11, @p12, @p13, @p14, @p15, @p16, @p17, @p18, @p19, @p20, @p21, @p22, @p23, @p24, @p25, @p26, @p27, @p28, @p29, @p30);
INSERT INTO [UserRoles] ([RoleId], [UserId], [AssignedUtc])
VALUES (@p31, @p32, @p33);
2026-06-13 15:22:56.097 +01:00 [ERR] An exception occurred in the database while saving changes for context type 'LMS.Api.Data.LmsDbContext'.
Microsoft.EntityFrameworkCore.DbUpdateException: An error occurred while saving the entity changes. See the inner exception for details.
 ---> Microsoft.Data.SqlClient.SqlException (0x80131904): String or binary data would be truncated in table 'WuLmsDb.Dev.dbo.ParentGuardians', column 'PhoneNumber'. Truncated value: '08037013447, 0802682'.
The statement has been terminated.
   at System.Threading.Tasks.ContinuationResultTaskFromResultTask`2.InnerInvoke()
   at System.Threading.ExecutionContext.RunInternal(ExecutionContext executionContext, ContextCallback callback, Object state)
--- End of stack trace from previous location ---
   at System.Threading.ExecutionContext.RunInternal(ExecutionContext executionContext, ContextCallback callback, Object state)
   at System.Threading.Tasks.Task.ExecuteWithThreadLocal(Task& currentTaskSlot, Thread threadPoolThread)
--- End of stack trace from previous location ---
   at Microsoft.EntityFrameworkCore.Storage.RelationalCommand.ExecuteReaderAsync(RelationalCommandParameterObject parameterObject, CancellationToken cancellationToken)
   at Microsoft.EntityFrameworkCore.Storage.RelationalCommand.ExecuteReaderAsync(RelationalCommandParameterObject parameterObject, CancellationToken cancellationToken)
   at Microsoft.EntityFrameworkCore.Update.ReaderModificationCommandBatch.ExecuteAsync(IRelationalConnection connection, CancellationToken cancellationToken)
ClientConnectionId:6d6956fa-8340-4215-ab53-e4e23951ea7f
Error Number:2628,State:1,Class:16
   --- End of inner exception stack trace ---
   at Microsoft.EntityFrameworkCore.Update.ReaderModificationCommandBatch.ExecuteAsync(IRelationalConnection connection, CancellationToken cancellationToken)
   at Microsoft.EntityFrameworkCore.SqlServer.Update.Internal.SqlServerModificationCommandBatch.ExecuteAsync(IRelationalConnection connection, CancellationToken cancellationToken)
   at Microsoft.EntityFrameworkCore.Update.Internal.BatchExecutor.ExecuteAsync(IEnumerable`1 commandBatches, IRelationalConnection connection, CancellationToken cancellationToken)
   at Microsoft.EntityFrameworkCore.Update.Internal.BatchExecutor.ExecuteAsync(IEnumerable`1 commandBatches, IRelationalConnection connection, CancellationToken cancellationToken)
   at Microsoft.EntityFrameworkCore.Update.Internal.BatchExecutor.ExecuteAsync(IEnumerable`1 commandBatches, IRelationalConnection connection, CancellationToken cancellationToken)
   at Microsoft.EntityFrameworkCore.Storage.RelationalDatabase.SaveChangesAsync(IList`1 entries, CancellationToken cancellationToken)
   at Microsoft.EntityFrameworkCore.ChangeTracking.Internal.StateManager.SaveChangesAsync(IList`1 entriesToSave, CancellationToken cancellationToken)
   at Microsoft.EntityFrameworkCore.ChangeTracking.Internal.StateManager.SaveChangesAsync(StateManager stateManager, Boolean acceptAllChangesOnSuccess, CancellationToken cancellationToken)
   at Microsoft.EntityFrameworkCore.Storage.ExecutionStrategy.<>c__DisplayClass30_0`2.<<ExecuteAsync>b__0>d.MoveNext()
--- End of stack trace from previous location ---
   at Microsoft.EntityFrameworkCore.Storage.ExecutionStrategy.ExecuteImplementationAsync[TState,TResult](Func`4 operation, Func`4 verifySucceeded, TState state, CancellationToken cancellationToken)
   at Microsoft.EntityFrameworkCore.Storage.ExecutionStrategy.ExecuteImplementationAsync[TState,TResult](Func`4 operation, Func`4 verifySucceeded, TState state, CancellationToken cancellationToken)
   at Microsoft.EntityFrameworkCore.Storage.ExecutionStrategy.ExecuteAsync[TState,TResult](TState state, Func`4 operation, Func`4 verifySucceeded, CancellationToken cancellationToken)
   at Microsoft.EntityFrameworkCore.DbContext.SaveChangesAsync(Boolean acceptAllChangesOnSuccess, CancellationToken cancellationToken)
Microsoft.EntityFrameworkCore.DbUpdateException: An error occurred while saving the entity changes. See the inner exception for details.
 ---> Microsoft.Data.SqlClient.SqlException (0x80131904): String or binary data would be truncated in table 'WuLmsDb.Dev.dbo.ParentGuardians', column 'PhoneNumber'. Truncated value: '08037013447, 0802682'.
The statement has been terminated.
   at System.Threading.Tasks.ContinuationResultTaskFromResultTask`2.InnerInvoke()
   at System.Threading.ExecutionContext.RunInternal(ExecutionContext executionContext, ContextCallback callback, Object state)
--- End of stack trace from previous location ---
   at System.Threading.ExecutionContext.RunInternal(ExecutionContext executionContext, ContextCallback callback, Object state)
   at System.Threading.Tasks.Task.ExecuteWithThreadLocal(Task& currentTaskSlot, Thread threadPoolThread)
--- End of stack trace from previous location ---
   at Microsoft.EntityFrameworkCore.Storage.RelationalCommand.ExecuteReaderAsync(RelationalCommandParameterObject parameterObject, CancellationToken cancellationToken)
   at Microsoft.EntityFrameworkCore.Storage.RelationalCommand.ExecuteReaderAsync(RelationalCommandParameterObject parameterObject, CancellationToken cancellationToken)
   at Microsoft.EntityFrameworkCore.Update.ReaderModificationCommandBatch.ExecuteAsync(IRelationalConnection connection, CancellationToken cancellationToken)
ClientConnectionId:6d6956fa-8340-4215-ab53-e4e23951ea7f
Error Number:2628,State:1,Class:16
   --- End of inner exception stack trace ---
   at Microsoft.EntityFrameworkCore.Update.ReaderModificationCommandBatch.ExecuteAsync(IRelationalConnection connection, CancellationToken cancellationToken)
   at Microsoft.EntityFrameworkCore.SqlServer.Update.Internal.SqlServerModificationCommandBatch.ExecuteAsync(IRelationalConnection connection, CancellationToken cancellationToken)
   at Microsoft.EntityFrameworkCore.Update.Internal.BatchExecutor.ExecuteAsync(IEnumerable`1 commandBatches, IRelationalConnection connection, CancellationToken cancellationToken)
   at Microsoft.EntityFrameworkCore.Update.Internal.BatchExecutor.ExecuteAsync(IEnumerable`1 commandBatches, IRelationalConnection connection, CancellationToken cancellationToken)
   at Microsoft.EntityFrameworkCore.Update.Internal.BatchExecutor.ExecuteAsync(IEnumerable`1 commandBatches, IRelationalConnection connection, CancellationToken cancellationToken)
   at Microsoft.EntityFrameworkCore.Storage.RelationalDatabase.SaveChangesAsync(IList`1 entries, CancellationToken cancellationToken)
   at Microsoft.EntityFrameworkCore.ChangeTracking.Internal.StateManager.SaveChangesAsync(IList`1 entriesToSave, CancellationToken cancellationToken)
   at Microsoft.EntityFrameworkCore.ChangeTracking.Internal.StateManager.SaveChangesAsync(StateManager stateManager, Boolean acceptAllChangesOnSuccess, CancellationToken cancellationToken)
   at Microsoft.EntityFrameworkCore.Storage.ExecutionStrategy.<>c__DisplayClass30_0`2.<<ExecuteAsync>b__0>d.MoveNext()
--- End of stack trace from previous location ---
   at Microsoft.EntityFrameworkCore.Storage.ExecutionStrategy.ExecuteImplementationAsync[TState,TResult](Func`4 operation, Func`4 verifySucceeded, TState state, CancellationToken cancellationToken)
   at Microsoft.EntityFrameworkCore.Storage.ExecutionStrategy.ExecuteImplementationAsync[TState,TResult](Func`4 operation, Func`4 verifySucceeded, TState state, CancellationToken cancellationToken)
   at Microsoft.EntityFrameworkCore.Storage.ExecutionStrategy.ExecuteAsync[TState,TResult](TState state, Func`4 operation, Func`4 verifySucceeded, CancellationToken cancellationToken)
   at Microsoft.EntityFrameworkCore.DbContext.SaveChangesAsync(Boolean acceptAllChangesOnSuccess, CancellationToken cancellationToken)
2026-06-13 15:22:56.102 +01:00 [ERR] Failed executing DbCommand (2ms) [Parameters=[@p0='?' (DbType = Guid), @p1='?' (DbType = DateTime2), @p2='?' (Size = 256), @p3='?' (Size = 100), @p4='?' (Size = 100), @p5='?' (Size = 4000), @p6='?' (DbType = Guid), @p7='?' (DbType = Guid), @p8='?' (DbType = Guid), @p9='?' (DbType = Guid), @p10='?' (DbType = Guid), @p11='?' (DbType = DateTime2), @p12='?' (Size = 256), @p13='?' (Size = 200), @p14='?' (Size = 255), @p15='?' (DbType = DateTime2), @p16='?' (Size = 100), @p17='?' (DbType = Guid), @p18='?' (Size = 100), @p19='?' (DbType = DateTime2), @p20='?' (Size = 50), @p21='?' (DbType = Int32), @p22='?' (Size = 100), @p23='?' (DbType = Guid), @p24='?' (Size = 100), @p25='?' (Size = 256), @p26='?' (Size = 256), @p27='?' (Size = 255), @p28='?' (DbType = Int32), @p29='?' (Size = 50), @p30='?' (DbType = DateTime2), @p31='?' (DbType = Guid), @p32='?' (DbType = Guid), @p33='?' (DbType = DateTime2)], CommandType='"Text"', CommandTimeout='30']
SET NOCOUNT ON;
INSERT INTO [ParentGuardians] ([Id], [DateAddedUtc], [Email], [FirstName], [LastName], [PhoneNumber], [UserId])
VALUES (@p0, @p1, @p2, @p3, @p4, @p5, @p6);
INSERT INTO [Students] ([Id], [AcademicProgramId], [AcademicSessionId], [AdmissionApplicationId], [CreatedAt], [EmergencyContactEmail], [EmergencyContactName], [EmergencyContactPhone], [EnrollmentDate], [EntraObjectId], [FacultyId], [FirstName], [GraduationDate], [JambRegistrationNumber], [JambScore], [LastName], [LevelId], [MiddleName], [OfficialEmail], [PersonalEmail], [Phone], [Status], [StudentNumber], [UpdatedAt])
VALUES (@p7, @p8, @p9, @p10, @p11, @p12, @p13, @p14, @p15, @p16, @p17, @p18, @p19, @p20, @p21, @p22, @p23, @p24, @p25, @p26, @p27, @p28, @p29, @p30);
INSERT INTO [UserRoles] ([RoleId], [UserId], [AssignedUtc])
VALUES (@p31, @p32, @p33);
2026-06-13 15:22:56.104 +01:00 [ERR] An exception occurred in the database while saving changes for context type 'LMS.Api.Data.LmsDbContext'.
Microsoft.EntityFrameworkCore.DbUpdateException: An error occurred while saving the entity changes. See the inner exception for details.
 ---> Microsoft.Data.SqlClient.SqlException (0x80131904): String or binary data would be truncated in table 'WuLmsDb.Dev.dbo.ParentGuardians', column 'PhoneNumber'. Truncated value: '08037013447, 0802682'.
The statement has been terminated.
   at System.Threading.Tasks.ContinuationResultTaskFromResultTask`2.InnerInvoke()
   at System.Threading.ExecutionContext.RunInternal(ExecutionContext executionContext, ContextCallback callback, Object state)
--- End of stack trace from previous location ---
   at System.Threading.ExecutionContext.RunInternal(ExecutionContext executionContext, ContextCallback callback, Object state)
   at System.Threading.Tasks.Task.ExecuteWithThreadLocal(Task& currentTaskSlot, Thread threadPoolThread)
--- End of stack trace from previous location ---
   at Microsoft.EntityFrameworkCore.Storage.RelationalCommand.ExecuteReaderAsync(RelationalCommandParameterObject parameterObject, CancellationToken cancellationToken)
   at Microsoft.EntityFrameworkCore.Storage.RelationalCommand.ExecuteReaderAsync(RelationalCommandParameterObject parameterObject, CancellationToken cancellationToken)
   at Microsoft.EntityFrameworkCore.Update.ReaderModificationCommandBatch.ExecuteAsync(IRelationalConnection connection, CancellationToken cancellationToken)
ClientConnectionId:6d6956fa-8340-4215-ab53-e4e23951ea7f
Error Number:2628,State:1,Class:16
   --- End of inner exception stack trace ---
   at Microsoft.EntityFrameworkCore.Update.ReaderModificationCommandBatch.ExecuteAsync(IRelationalConnection connection, CancellationToken cancellationToken)
   at Microsoft.EntityFrameworkCore.SqlServer.Update.Internal.SqlServerModificationCommandBatch.ExecuteAsync(IRelationalConnection connection, CancellationToken cancellationToken)
   at Microsoft.EntityFrameworkCore.Update.Internal.BatchExecutor.ExecuteAsync(IEnumerable`1 commandBatches, IRelationalConnection connection, CancellationToken cancellationToken)
   at Microsoft.EntityFrameworkCore.Update.Internal.BatchExecutor.ExecuteAsync(IEnumerable`1 commandBatches, IRelationalConnection connection, CancellationToken cancellationToken)
   at Microsoft.EntityFrameworkCore.Update.Internal.BatchExecutor.ExecuteAsync(IEnumerable`1 commandBatches, IRelationalConnection connection, CancellationToken cancellationToken)
   at Microsoft.EntityFrameworkCore.Storage.RelationalDatabase.SaveChangesAsync(IList`1 entries, CancellationToken cancellationToken)
   at Microsoft.EntityFrameworkCore.ChangeTracking.Internal.StateManager.SaveChangesAsync(IList`1 entriesToSave, CancellationToken cancellationToken)
   at Microsoft.EntityFrameworkCore.ChangeTracking.Internal.StateManager.SaveChangesAsync(StateManager stateManager, Boolean acceptAllChangesOnSuccess, CancellationToken cancellationToken)
   at Microsoft.EntityFrameworkCore.Storage.ExecutionStrategy.<>c__DisplayClass30_0`2.<<ExecuteAsync>b__0>d.MoveNext()
--- End of stack trace from previous location ---
   at Microsoft.EntityFrameworkCore.Storage.ExecutionStrategy.ExecuteImplementationAsync[TState,TResult](Func`4 operation, Func`4 verifySucceeded, TState state, CancellationToken cancellationToken)
   at Microsoft.EntityFrameworkCore.Storage.ExecutionStrategy.ExecuteImplementationAsync[TState,TResult](Func`4 operation, Func`4 verifySucceeded, TState state, CancellationToken cancellationToken)
   at Microsoft.EntityFrameworkCore.Storage.ExecutionStrategy.ExecuteAsync[TState,TResult](TState state, Func`4 operation, Func`4 verifySucceeded, CancellationToken cancellationToken)
   at Microsoft.EntityFrameworkCore.DbContext.SaveChangesAsync(Boolean acceptAllChangesOnSuccess, CancellationToken cancellationToken)
Microsoft.EntityFrameworkCore.DbUpdateException: An error occurred while saving the entity changes. See the inner exception for details.
 ---> Microsoft.Data.SqlClient.SqlException (0x80131904): String or binary data would be truncated in table 'WuLmsDb.Dev.dbo.ParentGuardians', column 'PhoneNumber'. Truncated value: '08037013447, 0802682'.
The statement has been terminated.
   at System.Threading.Tasks.ContinuationResultTaskFromResultTask`2.InnerInvoke()
   at System.Threading.ExecutionContext.RunInternal(ExecutionContext executionContext, ContextCallback callback, Object state)
--- End of stack trace from previous location ---
   at System.Threading.ExecutionContext.RunInternal(ExecutionContext executionContext, ContextCallback callback, Object state)
   at System.Threading.Tasks.Task.ExecuteWithThreadLocal(Task& currentTaskSlot, Thread threadPoolThread)
--- End of stack trace from previous location ---
   at Microsoft.EntityFrameworkCore.Storage.RelationalCommand.ExecuteReaderAsync(RelationalCommandParameterObject parameterObject, CancellationToken cancellationToken)
   at Microsoft.EntityFrameworkCore.Storage.RelationalCommand.ExecuteReaderAsync(RelationalCommandParameterObject parameterObject, CancellationToken cancellationToken)
   at Microsoft.EntityFrameworkCore.Update.ReaderModificationCommandBatch.ExecuteAsync(IRelationalConnection connection, CancellationToken cancellationToken)
ClientConnectionId:6d6956fa-8340-4215-ab53-e4e23951ea7f
Error Number:2628,State:1,Class:16
   --- End of inner exception stack trace ---
   at Microsoft.EntityFrameworkCore.Update.ReaderModificationCommandBatch.ExecuteAsync(IRelationalConnection connection, CancellationToken cancellationToken)
   at Microsoft.EntityFrameworkCore.SqlServer.Update.Internal.SqlServerModificationCommandBatch.ExecuteAsync(IRelationalConnection connection, CancellationToken cancellationToken)
   at Microsoft.EntityFrameworkCore.Update.Internal.BatchExecutor.ExecuteAsync(IEnumerable`1 commandBatches, IRelationalConnection connection, CancellationToken cancellationToken)
   at Microsoft.EntityFrameworkCore.Update.Internal.BatchExecutor.ExecuteAsync(IEnumerable`1 commandBatches, IRelationalConnection connection, CancellationToken cancellationToken)
   at Microsoft.EntityFrameworkCore.Update.Internal.BatchExecutor.ExecuteAsync(IEnumerable`1 commandBatches, IRelationalConnection connection, CancellationToken cancellationToken)
   at Microsoft.EntityFrameworkCore.Storage.RelationalDatabase.SaveChangesAsync(IList`1 entries, CancellationToken cancellationToken)
   at Microsoft.EntityFrameworkCore.ChangeTracking.Internal.StateManager.SaveChangesAsync(IList`1 entriesToSave, CancellationToken cancellationToken)
   at Microsoft.EntityFrameworkCore.ChangeTracking.Internal.StateManager.SaveChangesAsync(StateManager stateManager, Boolean acceptAllChangesOnSuccess, CancellationToken cancellationToken)
   at Microsoft.EntityFrameworkCore.Storage.ExecutionStrategy.<>c__DisplayClass30_0`2.<<ExecuteAsync>b__0>d.MoveNext()
--- End of stack trace from previous location ---
   at Microsoft.EntityFrameworkCore.Storage.ExecutionStrategy.ExecuteImplementationAsync[TState,TResult](Func`4 operation, Func`4 verifySucceeded, TState state, CancellationToken cancellationToken)
   at Microsoft.EntityFrameworkCore.Storage.ExecutionStrategy.ExecuteImplementationAsync[TState,TResult](Func`4 operation, Func`4 verifySucceeded, TState state, CancellationToken cancellationToken)
   at Microsoft.EntityFrameworkCore.Storage.ExecutionStrategy.ExecuteAsync[TState,TResult](TState state, Func`4 operation, Func`4 verifySucceeded, CancellationToken cancellationToken)
   at Microsoft.EntityFrameworkCore.DbContext.SaveChangesAsync(Boolean acceptAllChangesOnSuccess, CancellationToken cancellationToken)
2026-06-13 15:22:56.108 +01:00 [ERR] Failed executing DbCommand (2ms) [Parameters=[@p0='?' (DbType = Guid), @p1='?' (DbType = DateTime2), @p2='?' (Size = 256), @p3='?' (Size = 100), @p4='?' (Size = 100), @p5='?' (Size = 4000), @p6='?' (DbType = Guid), @p7='?' (DbType = Guid), @p8='?' (DbType = Guid), @p9='?' (DbType = Guid), @p10='?' (DbType = Guid), @p11='?' (DbType = DateTime2), @p12='?' (Size = 256), @p13='?' (Size = 200), @p14='?' (Size = 255), @p15='?' (DbType = DateTime2), @p16='?' (Size = 100), @p17='?' (DbType = Guid), @p18='?' (Size = 100), @p19='?' (DbType = DateTime2), @p20='?' (Size = 50), @p21='?' (DbType = Int32), @p22='?' (Size = 100), @p23='?' (DbType = Guid), @p24='?' (Size = 100), @p25='?' (Size = 256), @p26='?' (Size = 256), @p27='?' (Size = 255), @p28='?' (DbType = Int32), @p29='?' (Size = 50), @p30='?' (DbType = DateTime2), @p31='?' (DbType = Guid), @p32='?' (DbType = Guid), @p33='?' (DbType = DateTime2)], CommandType='"Text"', CommandTimeout='30']
SET NOCOUNT ON;
INSERT INTO [ParentGuardians] ([Id], [DateAddedUtc], [Email], [FirstName], [LastName], [PhoneNumber], [UserId])
VALUES (@p0, @p1, @p2, @p3, @p4, @p5, @p6);
INSERT INTO [Students] ([Id], [AcademicProgramId], [AcademicSessionId], [AdmissionApplicationId], [CreatedAt], [EmergencyContactEmail], [EmergencyContactName], [EmergencyContactPhone], [EnrollmentDate], [EntraObjectId], [FacultyId], [FirstName], [GraduationDate], [JambRegistrationNumber], [JambScore], [LastName], [LevelId], [MiddleName], [OfficialEmail], [PersonalEmail], [Phone], [Status], [StudentNumber], [UpdatedAt])
VALUES (@p7, @p8, @p9, @p10, @p11, @p12, @p13, @p14, @p15, @p16, @p17, @p18, @p19, @p20, @p21, @p22, @p23, @p24, @p25, @p26, @p27, @p28, @p29, @p30);
INSERT INTO [UserRoles] ([RoleId], [UserId], [AssignedUtc])
VALUES (@p31, @p32, @p33);
2026-06-13 15:22:56.110 +01:00 [ERR] An exception occurred in the database while saving changes for context type 'LMS.Api.Data.LmsDbContext'.
Microsoft.EntityFrameworkCore.DbUpdateException: An error occurred while saving the entity changes. See the inner exception for details.
 ---> Microsoft.Data.SqlClient.SqlException (0x80131904): String or binary data would be truncated in table 'WuLmsDb.Dev.dbo.ParentGuardians', column 'PhoneNumber'. Truncated value: '08037013447, 0802682'.
The statement has been terminated.
   at System.Threading.Tasks.ContinuationResultTaskFromResultTask`2.InnerInvoke()
   at System.Threading.ExecutionContext.RunInternal(ExecutionContext executionContext, ContextCallback callback, Object state)
--- End of stack trace from previous location ---
   at System.Threading.ExecutionContext.RunInternal(ExecutionContext executionContext, ContextCallback callback, Object state)
   at System.Threading.Tasks.Task.ExecuteWithThreadLocal(Task& currentTaskSlot, Thread threadPoolThread)
--- End of stack trace from previous location ---
   at Microsoft.EntityFrameworkCore.Storage.RelationalCommand.ExecuteReaderAsync(RelationalCommandParameterObject parameterObject, CancellationToken cancellationToken)
   at Microsoft.EntityFrameworkCore.Storage.RelationalCommand.ExecuteReaderAsync(RelationalCommandParameterObject parameterObject, CancellationToken cancellationToken)
   at Microsoft.EntityFrameworkCore.Update.ReaderModificationCommandBatch.ExecuteAsync(IRelationalConnection connection, CancellationToken cancellationToken)
ClientConnectionId:6d6956fa-8340-4215-ab53-e4e23951ea7f
Error Number:2628,State:1,Class:16
   --- End of inner exception stack trace ---
   at Microsoft.EntityFrameworkCore.Update.ReaderModificationCommandBatch.ExecuteAsync(IRelationalConnection connection, CancellationToken cancellationToken)
   at Microsoft.EntityFrameworkCore.SqlServer.Update.Internal.SqlServerModificationCommandBatch.ExecuteAsync(IRelationalConnection connection, CancellationToken cancellationToken)
   at Microsoft.EntityFrameworkCore.Update.Internal.BatchExecutor.ExecuteAsync(IEnumerable`1 commandBatches, IRelationalConnection connection, CancellationToken cancellationToken)
   at Microsoft.EntityFrameworkCore.Update.Internal.BatchExecutor.ExecuteAsync(IEnumerable`1 commandBatches, IRelationalConnection connection, CancellationToken cancellationToken)
   at Microsoft.EntityFrameworkCore.Update.Internal.BatchExecutor.ExecuteAsync(IEnumerable`1 commandBatches, IRelationalConnection connection, CancellationToken cancellationToken)
   at Microsoft.EntityFrameworkCore.Storage.RelationalDatabase.SaveChangesAsync(IList`1 entries, CancellationToken cancellationToken)
   at Microsoft.EntityFrameworkCore.ChangeTracking.Internal.StateManager.SaveChangesAsync(IList`1 entriesToSave, CancellationToken cancellationToken)
   at Microsoft.EntityFrameworkCore.ChangeTracking.Internal.StateManager.SaveChangesAsync(StateManager stateManager, Boolean acceptAllChangesOnSuccess, CancellationToken cancellationToken)
   at Microsoft.EntityFrameworkCore.Storage.ExecutionStrategy.<>c__DisplayClass30_0`2.<<ExecuteAsync>b__0>d.MoveNext()
--- End of stack trace from previous location ---
   at Microsoft.EntityFrameworkCore.Storage.ExecutionStrategy.ExecuteImplementationAsync[TState,TResult](Func`4 operation, Func`4 verifySucceeded, TState state, CancellationToken cancellationToken)
   at Microsoft.EntityFrameworkCore.Storage.ExecutionStrategy.ExecuteImplementationAsync[TState,TResult](Func`4 operation, Func`4 verifySucceeded, TState state, CancellationToken cancellationToken)
   at Microsoft.EntityFrameworkCore.Storage.ExecutionStrategy.ExecuteAsync[TState,TResult](TState state, Func`4 operation, Func`4 verifySucceeded, CancellationToken cancellationToken)
   at Microsoft.EntityFrameworkCore.DbContext.SaveChangesAsync(Boolean acceptAllChangesOnSuccess, CancellationToken cancellationToken)
Microsoft.EntityFrameworkCore.DbUpdateException: An error occurred while saving the entity changes. See the inner exception for details.
 ---> Microsoft.Data.SqlClient.SqlException (0x80131904): String or binary data would be truncated in table 'WuLmsDb.Dev.dbo.ParentGuardians', column 'PhoneNumber'. Truncated value: '08037013447, 0802682'.
The statement has been terminated.
   at System.Threading.Tasks.ContinuationResultTaskFromResultTask`2.InnerInvoke()
   at System.Threading.ExecutionContext.RunInternal(ExecutionContext executionContext, ContextCallback callback, Object state)
--- End of stack trace from previous location ---
   at System.Threading.ExecutionContext.RunInternal(ExecutionContext executionContext, ContextCallback callback, Object state)
   at System.Threading.Tasks.Task.ExecuteWithThreadLocal(Task& currentTaskSlot, Thread threadPoolThread)
--- End of stack trace from previous location ---
   at Microsoft.EntityFrameworkCore.Storage.RelationalCommand.ExecuteReaderAsync(RelationalCommandParameterObject parameterObject, CancellationToken cancellationToken)
   at Microsoft.EntityFrameworkCore.Storage.RelationalCommand.ExecuteReaderAsync(RelationalCommandParameterObject parameterObject, CancellationToken cancellationToken)
   at Microsoft.EntityFrameworkCore.Update.ReaderModificationCommandBatch.ExecuteAsync(IRelationalConnection connection, CancellationToken cancellationToken)
ClientConnectionId:6d6956fa-8340-4215-ab53-e4e23951ea7f
Error Number:2628,State:1,Class:16
   --- End of inner exception stack trace ---
   at Microsoft.EntityFrameworkCore.Update.ReaderModificationCommandBatch.ExecuteAsync(IRelationalConnection connection, CancellationToken cancellationToken)
   at Microsoft.EntityFrameworkCore.SqlServer.Update.Internal.SqlServerModificationCommandBatch.ExecuteAsync(IRelationalConnection connection, CancellationToken cancellationToken)
   at Microsoft.EntityFrameworkCore.Update.Internal.BatchExecutor.ExecuteAsync(IEnumerable`1 commandBatches, IRelationalConnection connection, CancellationToken cancellationToken)
   at Microsoft.EntityFrameworkCore.Update.Internal.BatchExecutor.ExecuteAsync(IEnumerable`1 commandBatches, IRelationalConnection connection, CancellationToken cancellationToken)
   at Microsoft.EntityFrameworkCore.Update.Internal.BatchExecutor.ExecuteAsync(IEnumerable`1 commandBatches, IRelationalConnection connection, CancellationToken cancellationToken)
   at Microsoft.EntityFrameworkCore.Storage.RelationalDatabase.SaveChangesAsync(IList`1 entries, CancellationToken cancellationToken)
   at Microsoft.EntityFrameworkCore.ChangeTracking.Internal.StateManager.SaveChangesAsync(IList`1 entriesToSave, CancellationToken cancellationToken)
   at Microsoft.EntityFrameworkCore.ChangeTracking.Internal.StateManager.SaveChangesAsync(StateManager stateManager, Boolean acceptAllChangesOnSuccess, CancellationToken cancellationToken)
   at Microsoft.EntityFrameworkCore.Storage.ExecutionStrategy.<>c__DisplayClass30_0`2.<<ExecuteAsync>b__0>d.MoveNext()
--- End of stack trace from previous location ---
   at Microsoft.EntityFrameworkCore.Storage.ExecutionStrategy.ExecuteImplementationAsync[TState,TResult](Func`4 operation, Func`4 verifySucceeded, TState state, CancellationToken cancellationToken)
   at Microsoft.EntityFrameworkCore.Storage.ExecutionStrategy.ExecuteImplementationAsync[TState,TResult](Func`4 operation, Func`4 verifySucceeded, TState state, CancellationToken cancellationToken)
   at Microsoft.EntityFrameworkCore.Storage.ExecutionStrategy.ExecuteAsync[TState,TResult](TState state, Func`4 operation, Func`4 verifySucceeded, CancellationToken cancellationToken)
   at Microsoft.EntityFrameworkCore.DbContext.SaveChangesAsync(Boolean acceptAllChangesOnSuccess, CancellationToken cancellationToken)
2026-06-13 15:22:56.120 +01:00 [ERR] Failed executing DbCommand (7ms) [Parameters=[@p0='?' (DbType = Guid), @p1='?' (DbType = DateTime2), @p2='?' (Size = 256), @p3='?' (Size = 100), @p4='?' (Size = 100), @p5='?' (Size = 4000), @p6='?' (DbType = Guid), @p7='?' (DbType = Guid), @p8='?' (Size = 20), @p9='?' (Size = 4000), @p10='?' (DbType = Guid), @p11='?' (Size = 1000), @p12='?' (DbType = Int32), @p13='?' (DbType = Boolean), @p14='?' (DbType = Int32), @p15='?' (DbType = Int32), @p16='?' (Size = 200), @p17='?' (Size = 4000), @p18='?' (Size = 4000), @p19='?' (DbType = Int32), @p20='?' (DbType = Guid), @p21='?' (DbType = Guid), @p22='?' (DbType = DateTime2)], CommandType='"Text"', CommandTimeout='30']
SET NOCOUNT ON;
INSERT INTO [ParentGuardians] ([Id], [DateAddedUtc], [Email], [FirstName], [LastName], [PhoneNumber], [UserId])
VALUES (@p0, @p1, @p2, @p3, @p4, @p5, @p6);
INSERT INTO [Programs] ([Id], [Code], [DegreeAwarded], [DepartmentId], [Description], [DurationYears], [IsActive], [MaxAdmissions], [MinJambScore], [Name], [RequiredJambSubjectsJson], [RequiredOLevelSubjectsJson], [Type])
VALUES (@p7, @p8, @p9, @p10, @p11, @p12, @p13, @p14, @p15, @p16, @p17, @p18, @p19);
INSERT INTO [UserRoles] ([RoleId], [UserId], [AssignedUtc])
VALUES (@p20, @p21, @p22);
2026-06-13 15:22:56.122 +01:00 [ERR] An exception occurred in the database while saving changes for context type 'LMS.Api.Data.LmsDbContext'.
Microsoft.EntityFrameworkCore.DbUpdateException: An error occurred while saving the entity changes. See the inner exception for details.
 ---> Microsoft.Data.SqlClient.SqlException (0x80131904): String or binary data would be truncated in table 'WuLmsDb.Dev.dbo.ParentGuardians', column 'PhoneNumber'. Truncated value: '08037013447, 0802682'.
The statement has been terminated.
   at System.Threading.Tasks.ContinuationResultTaskFromResultTask`2.InnerInvoke()
   at System.Threading.ExecutionContext.RunInternal(ExecutionContext executionContext, ContextCallback callback, Object state)
--- End of stack trace from previous location ---
   at System.Threading.ExecutionContext.RunInternal(ExecutionContext executionContext, ContextCallback callback, Object state)
   at System.Threading.Tasks.Task.ExecuteWithThreadLocal(Task& currentTaskSlot, Thread threadPoolThread)
--- End of stack trace from previous location ---
   at Microsoft.EntityFrameworkCore.Storage.RelationalCommand.ExecuteReaderAsync(RelationalCommandParameterObject parameterObject, CancellationToken cancellationToken)
   at Microsoft.EntityFrameworkCore.Storage.RelationalCommand.ExecuteReaderAsync(RelationalCommandParameterObject parameterObject, CancellationToken cancellationToken)
   at Microsoft.EntityFrameworkCore.Update.ReaderModificationCommandBatch.ExecuteAsync(IRelationalConnection connection, CancellationToken cancellationToken)
ClientConnectionId:6d6956fa-8340-4215-ab53-e4e23951ea7f
Error Number:2628,State:1,Class:16
   --- End of inner exception stack trace ---
   at Microsoft.EntityFrameworkCore.Update.ReaderModificationCommandBatch.ExecuteAsync(IRelationalConnection connection, CancellationToken cancellationToken)
   at Microsoft.EntityFrameworkCore.SqlServer.Update.Internal.SqlServerModificationCommandBatch.ExecuteAsync(IRelationalConnection connection, CancellationToken cancellationToken)
   at Microsoft.EntityFrameworkCore.Update.Internal.BatchExecutor.ExecuteAsync(IEnumerable`1 commandBatches, IRelationalConnection connection, CancellationToken cancellationToken)
   at Microsoft.EntityFrameworkCore.Update.Internal.BatchExecutor.ExecuteAsync(IEnumerable`1 commandBatches, IRelationalConnection connection, CancellationToken cancellationToken)
   at Microsoft.EntityFrameworkCore.Update.Internal.BatchExecutor.ExecuteAsync(IEnumerable`1 commandBatches, IRelationalConnection connection, CancellationToken cancellationToken)
   at Microsoft.EntityFrameworkCore.Storage.RelationalDatabase.SaveChangesAsync(IList`1 entries, CancellationToken cancellationToken)
   at Microsoft.EntityFrameworkCore.ChangeTracking.Internal.StateManager.SaveChangesAsync(IList`1 entriesToSave, CancellationToken cancellationToken)
   at Microsoft.EntityFrameworkCore.ChangeTracking.Internal.StateManager.SaveChangesAsync(StateManager stateManager, Boolean acceptAllChangesOnSuccess, CancellationToken cancellationToken)
   at Microsoft.EntityFrameworkCore.Storage.ExecutionStrategy.<>c__DisplayClass30_0`2.<<ExecuteAsync>b__0>d.MoveNext()
--- End of stack trace from previous location ---
   at Microsoft.EntityFrameworkCore.Storage.ExecutionStrategy.ExecuteImplementationAsync[TState,TResult](Func`4 operation, Func`4 verifySucceeded, TState state, CancellationToken cancellationToken)
   at Microsoft.EntityFrameworkCore.Storage.ExecutionStrategy.ExecuteImplementationAsync[TState,TResult](Func`4 operation, Func`4 verifySucceeded, TState state, CancellationToken cancellationToken)
   at Microsoft.EntityFrameworkCore.Storage.ExecutionStrategy.ExecuteAsync[TState,TResult](TState state, Func`4 operation, Func`4 verifySucceeded, CancellationToken cancellationToken)
   at Microsoft.EntityFrameworkCore.DbContext.SaveChangesAsync(Boolean acceptAllChangesOnSuccess, CancellationToken cancellationToken)
Microsoft.EntityFrameworkCore.DbUpdateException: An error occurred while saving the entity changes. See the inner exception for details.
 ---> Microsoft.Data.SqlClient.SqlException (0x80131904): String or binary data would be truncated in table 'WuLmsDb.Dev.dbo.ParentGuardians', column 'PhoneNumber'. Truncated value: '08037013447, 0802682'.
The statement has been terminated.
   at System.Threading.Tasks.ContinuationResultTaskFromResultTask`2.InnerInvoke()
   at System.Threading.ExecutionContext.RunInternal(ExecutionContext executionContext, ContextCallback callback, Object state)
--- End of stack trace from previous location ---
   at System.Threading.ExecutionContext.RunInternal(ExecutionContext executionContext, ContextCallback callback, Object state)
   at System.Threading.Tasks.Task.ExecuteWithThreadLocal(Task& currentTaskSlot, Thread threadPoolThread)
--- End of stack trace from previous location ---
   at Microsoft.EntityFrameworkCore.Storage.RelationalCommand.ExecuteReaderAsync(RelationalCommandParameterObject parameterObject, CancellationToken cancellationToken)
   at Microsoft.EntityFrameworkCore.Storage.RelationalCommand.ExecuteReaderAsync(RelationalCommandParameterObject parameterObject, CancellationToken cancellationToken)
   at Microsoft.EntityFrameworkCore.Update.ReaderModificationCommandBatch.ExecuteAsync(IRelationalConnection connection, CancellationToken cancellationToken)
ClientConnectionId:6d6956fa-8340-4215-ab53-e4e23951ea7f
Error Number:2628,State:1,Class:16
   --- End of inner exception stack trace ---
   at Microsoft.EntityFrameworkCore.Update.ReaderModificationCommandBatch.ExecuteAsync(IRelationalConnection connection, CancellationToken cancellationToken)
   at Microsoft.EntityFrameworkCore.SqlServer.Update.Internal.SqlServerModificationCommandBatch.ExecuteAsync(IRelationalConnection connection, CancellationToken cancellationToken)
   at Microsoft.EntityFrameworkCore.Update.Internal.BatchExecutor.ExecuteAsync(IEnumerable`1 commandBatches, IRelationalConnection connection, CancellationToken cancellationToken)
   at Microsoft.EntityFrameworkCore.Update.Internal.BatchExecutor.ExecuteAsync(IEnumerable`1 commandBatches, IRelationalConnection connection, CancellationToken cancellationToken)
   at Microsoft.EntityFrameworkCore.Update.Internal.BatchExecutor.ExecuteAsync(IEnumerable`1 commandBatches, IRelationalConnection connection, CancellationToken cancellationToken)
   at Microsoft.EntityFrameworkCore.Storage.RelationalDatabase.SaveChangesAsync(IList`1 entries, CancellationToken cancellationToken)
   at Microsoft.EntityFrameworkCore.ChangeTracking.Internal.StateManager.SaveChangesAsync(IList`1 entriesToSave, CancellationToken cancellationToken)
   at Microsoft.EntityFrameworkCore.ChangeTracking.Internal.StateManager.SaveChangesAsync(StateManager stateManager, Boolean acceptAllChangesOnSuccess, CancellationToken cancellationToken)
   at Microsoft.EntityFrameworkCore.Storage.ExecutionStrategy.<>c__DisplayClass30_0`2.<<ExecuteAsync>b__0>d.MoveNext()
--- End of stack trace from previous location ---
   at Microsoft.EntityFrameworkCore.Storage.ExecutionStrategy.ExecuteImplementationAsync[TState,TResult](Func`4 operation, Func`4 verifySucceeded, TState state, CancellationToken cancellationToken)
   at Microsoft.EntityFrameworkCore.Storage.ExecutionStrategy.ExecuteImplementationAsync[TState,TResult](Func`4 operation, Func`4 verifySucceeded, TState state, CancellationToken cancellationToken)
   at Microsoft.EntityFrameworkCore.Storage.ExecutionStrategy.ExecuteAsync[TState,TResult](TState state, Func`4 operation, Func`4 verifySucceeded, CancellationToken cancellationToken)
   at Microsoft.EntityFrameworkCore.DbContext.SaveChangesAsync(Boolean acceptAllChangesOnSuccess, CancellationToken cancellationToken)
2026-06-13 15:22:56.139 +01:00 [ERR] An exception occurred in the database while saving changes for context type 'LMS.Api.Data.LmsDbContext'.
Microsoft.EntityFrameworkCore.DbUpdateException: An error occurred while saving the entity changes. See the inner exception for details.
 ---> Microsoft.Data.SqlClient.SqlException (0x80131904): String or binary data would be truncated in table 'WuLmsDb.Dev.dbo.ParentGuardians', column 'PhoneNumber'. Truncated value: '08037013447, 0802682'.
   at Microsoft.Data.SqlClient.SqlConnection.OnError(SqlException exception, Boolean breakConnection, Action`1 wrapCloseInAction)
   at Microsoft.Data.SqlClient.SqlInternalConnection.OnError(SqlException exception, Boolean breakConnection, Action`1 wrapCloseInAction)
   at Microsoft.Data.SqlClient.TdsParser.ThrowExceptionAndWarning(TdsParserStateObject stateObj, SqlCommand command, Boolean callerHasConnectionLock, Boolean asyncClose)
   at Microsoft.Data.SqlClient.TdsParser.TryRun(RunBehavior runBehavior, SqlCommand cmdHandler, SqlDataReader dataStream, BulkCopySimpleResultSet bulkCopyHandler, TdsParserStateObject stateObj, Boolean& dataReady)
   at Microsoft.Data.SqlClient.SqlDataReader.TryHasMoreRows(Boolean& moreRows)
   at Microsoft.Data.SqlClient.SqlDataReader.TryHasMoreResults(Boolean& moreResults)
   at Microsoft.Data.SqlClient.SqlDataReader.TryNextResult(Boolean& more)
   at Microsoft.Data.SqlClient.SqlDataReader.NextResultAsyncExecute(Task task, Object state)
   at Microsoft.Data.SqlClient.SqlDataReader.InvokeAsyncCall[T](SqlDataReaderBaseAsyncCallContext`1 context)
--- End of stack trace from previous location ---
   at Microsoft.EntityFrameworkCore.Update.AffectedCountModificationCommandBatch.ConsumeAsync(RelationalDataReader reader, CancellationToken cancellationToken)
ClientConnectionId:6d6956fa-8340-4215-ab53-e4e23951ea7f
Error Number:2628,State:1,Class:16
   --- End of inner exception stack trace ---
   at Microsoft.EntityFrameworkCore.Update.AffectedCountModificationCommandBatch.ConsumeAsync(RelationalDataReader reader, CancellationToken cancellationToken)
   at Microsoft.EntityFrameworkCore.Update.ReaderModificationCommandBatch.ExecuteAsync(IRelationalConnection connection, CancellationToken cancellationToken)
   at Microsoft.EntityFrameworkCore.Update.ReaderModificationCommandBatch.ExecuteAsync(IRelationalConnection connection, CancellationToken cancellationToken)
   at Microsoft.EntityFrameworkCore.SqlServer.Update.Internal.SqlServerModificationCommandBatch.ExecuteAsync(IRelationalConnection connection, CancellationToken cancellationToken)
   at Microsoft.EntityFrameworkCore.Update.Internal.BatchExecutor.ExecuteAsync(IEnumerable`1 commandBatches, IRelationalConnection connection, CancellationToken cancellationToken)
   at Microsoft.EntityFrameworkCore.Update.Internal.BatchExecutor.ExecuteAsync(IEnumerable`1 commandBatches, IRelationalConnection connection, CancellationToken cancellationToken)
   at Microsoft.EntityFrameworkCore.Update.Internal.BatchExecutor.ExecuteAsync(IEnumerable`1 commandBatches, IRelationalConnection connection, CancellationToken cancellationToken)
   at Microsoft.EntityFrameworkCore.Storage.RelationalDatabase.SaveChangesAsync(IList`1 entries, CancellationToken cancellationToken)
   at Microsoft.EntityFrameworkCore.ChangeTracking.Internal.StateManager.SaveChangesAsync(IList`1 entriesToSave, CancellationToken cancellationToken)
   at Microsoft.EntityFrameworkCore.ChangeTracking.Internal.StateManager.SaveChangesAsync(StateManager stateManager, Boolean acceptAllChangesOnSuccess, CancellationToken cancellationToken)
   at Microsoft.EntityFrameworkCore.Storage.ExecutionStrategy.<>c__DisplayClass30_0`2.<<ExecuteAsync>b__0>d.MoveNext()
--- End of stack trace from previous location ---
   at Microsoft.EntityFrameworkCore.Storage.ExecutionStrategy.ExecuteImplementationAsync[TState,TResult](Func`4 operation, Func`4 verifySucceeded, TState state, CancellationToken cancellationToken)
   at Microsoft.EntityFrameworkCore.Storage.ExecutionStrategy.ExecuteImplementationAsync[TState,TResult](Func`4 operation, Func`4 verifySucceeded, TState state, CancellationToken cancellationToken)
   at Microsoft.EntityFrameworkCore.Storage.ExecutionStrategy.ExecuteAsync[TState,TResult](TState state, Func`4 operation, Func`4 verifySucceeded, CancellationToken cancellationToken)
   at Microsoft.EntityFrameworkCore.DbContext.SaveChangesAsync(Boolean acceptAllChangesOnSuccess, CancellationToken cancellationToken)
Microsoft.EntityFrameworkCore.DbUpdateException: An error occurred while saving the entity changes. See the inner exception for details.
 ---> Microsoft.Data.SqlClient.SqlException (0x80131904): String or binary data would be truncated in table 'WuLmsDb.Dev.dbo.ParentGuardians', column 'PhoneNumber'. Truncated value: '08037013447, 0802682'.
   at Microsoft.Data.SqlClient.SqlConnection.OnError(SqlException exception, Boolean breakConnection, Action`1 wrapCloseInAction)
   at Microsoft.Data.SqlClient.SqlInternalConnection.OnError(SqlException exception, Boolean breakConnection, Action`1 wrapCloseInAction)
   at Microsoft.Data.SqlClient.TdsParser.ThrowExceptionAndWarning(TdsParserStateObject stateObj, SqlCommand command, Boolean callerHasConnectionLock, Boolean asyncClose)
   at Microsoft.Data.SqlClient.TdsParser.TryRun(RunBehavior runBehavior, SqlCommand cmdHandler, SqlDataReader dataStream, BulkCopySimpleResultSet bulkCopyHandler, TdsParserStateObject stateObj, Boolean& dataReady)
   at Microsoft.Data.SqlClient.SqlDataReader.TryHasMoreRows(Boolean& moreRows)
   at Microsoft.Data.SqlClient.SqlDataReader.TryHasMoreResults(Boolean& moreResults)
   at Microsoft.Data.SqlClient.SqlDataReader.TryNextResult(Boolean& more)
   at Microsoft.Data.SqlClient.SqlDataReader.NextResultAsyncExecute(Task task, Object state)
   at Microsoft.Data.SqlClient.SqlDataReader.InvokeAsyncCall[T](SqlDataReaderBaseAsyncCallContext`1 context)
--- End of stack trace from previous location ---
   at Microsoft.EntityFrameworkCore.Update.AffectedCountModificationCommandBatch.ConsumeAsync(RelationalDataReader reader, CancellationToken cancellationToken)
ClientConnectionId:6d6956fa-8340-4215-ab53-e4e23951ea7f
Error Number:2628,State:1,Class:16
   --- End of inner exception stack trace ---
   at Microsoft.EntityFrameworkCore.Update.AffectedCountModificationCommandBatch.ConsumeAsync(RelationalDataReader reader, CancellationToken cancellationToken)
   at Microsoft.EntityFrameworkCore.Update.ReaderModificationCommandBatch.ExecuteAsync(IRelationalConnection connection, CancellationToken cancellationToken)
   at Microsoft.EntityFrameworkCore.Update.ReaderModificationCommandBatch.ExecuteAsync(IRelationalConnection connection, CancellationToken cancellationToken)
   at Microsoft.EntityFrameworkCore.SqlServer.Update.Internal.SqlServerModificationCommandBatch.ExecuteAsync(IRelationalConnection connection, CancellationToken cancellationToken)
   at Microsoft.EntityFrameworkCore.Update.Internal.BatchExecutor.ExecuteAsync(IEnumerable`1 commandBatches, IRelationalConnection connection, CancellationToken cancellationToken)
   at Microsoft.EntityFrameworkCore.Update.Internal.BatchExecutor.ExecuteAsync(IEnumerable`1 commandBatches, IRelationalConnection connection, CancellationToken cancellationToken)
   at Microsoft.EntityFrameworkCore.Update.Internal.BatchExecutor.ExecuteAsync(IEnumerable`1 commandBatches, IRelationalConnection connection, CancellationToken cancellationToken)
   at Microsoft.EntityFrameworkCore.Storage.RelationalDatabase.SaveChangesAsync(IList`1 entries, CancellationToken cancellationToken)
   at Microsoft.EntityFrameworkCore.ChangeTracking.Internal.StateManager.SaveChangesAsync(IList`1 entriesToSave, CancellationToken cancellationToken)
   at Microsoft.EntityFrameworkCore.ChangeTracking.Internal.StateManager.SaveChangesAsync(StateManager stateManager, Boolean acceptAllChangesOnSuccess, CancellationToken cancellationToken)
   at Microsoft.EntityFrameworkCore.Storage.ExecutionStrategy.<>c__DisplayClass30_0`2.<<ExecuteAsync>b__0>d.MoveNext()
--- End of stack trace from previous location ---
   at Microsoft.EntityFrameworkCore.Storage.ExecutionStrategy.ExecuteImplementationAsync[TState,TResult](Func`4 operation, Func`4 verifySucceeded, TState state, CancellationToken cancellationToken)
   at Microsoft.EntityFrameworkCore.Storage.ExecutionStrategy.ExecuteImplementationAsync[TState,TResult](Func`4 operation, Func`4 verifySucceeded, TState state, CancellationToken cancellationToken)
   at Microsoft.EntityFrameworkCore.Storage.ExecutionStrategy.ExecuteAsync[TState,TResult](TState state, Func`4 operation, Func`4 verifySucceeded, CancellationToken cancellationToken)
   at Microsoft.EntityFrameworkCore.DbContext.SaveChangesAsync(Boolean acceptAllChangesOnSuccess, CancellationToken cancellationToken)
2026-06-13 15:22:56.144 +01:00 [ERR] HTTP POST /api/bulk-operations/students/import responded 500 in 2308.1997 ms
2026-06-13 15:23:10.301 +01:00 [INF] HTTP OPTIONS /api/bulk-operations/students/import responded 204 in 0.0765 ms
2026-06-13 15:23:10.620 +01:00 [INF] Email sent successfully to ewienroseline@gmail.com
2026-06-13 15:23:10.870 +01:00 [INF] Email sent successfully to tonyewilson2002@gmail.com
2026-06-13 15:23:11.143 +01:00 [INF] Email sent successfully to vickystarz2009@gmail.com
2026-06-13 15:23:11.389 +01:00 [INF] Email sent successfully to Preciousogechi211@gmail.com
2026-06-13 15:23:11.646 +01:00 [INF] Email sent successfully to miebiigali2@gmail.com
2026-06-13 15:23:11.925 +01:00 [INF] Email sent successfully to edwardcovenant6@gmail.com
2026-06-13 15:23:12.204 +01:00 [INF] Email sent successfully to Tonbraganfo@gmail.com
2026-06-13 15:23:12.473 +01:00 [INF] Email sent successfully to preyeoguoko12@gmail.com
2026-06-13 15:23:12.734 +01:00 [INF] Email sent successfully to idumangeexcel09@gmail.com
2026-06-13 15:23:13.011 +01:00 [INF] Email sent successfully to stellakattydens@gmail.com
2026-06-13 15:23:13.273 +01:00 [INF] Email sent successfully to erinkokoromeo@gmail.com
2026-06-13 15:23:13.584 +01:00 [INF] Email sent successfully to lopezzy01@gmail.com
2026-06-13 15:23:13.870 +01:00 [INF] Email sent successfully to luckyebi672@gmail.com
2026-06-13 15:23:14.139 +01:00 [INF] Email sent successfully to benitabekenawei@gmail.com
2026-06-13 15:23:14.421 +01:00 [INF] Email sent successfully to mhizziba@gmail.com
2026-06-13 15:23:14.676 +01:00 [ERR] Failed to send email via Brevo. Status: "BadRequest", Error: {"code":"invalid_parameter","message":"email is not valid in to"}

2026-06-13 15:23:14.676 +01:00 [ERR] Exception occurred while sending email to Lemonblessing69@gmail.com.
System.InvalidOperationException: Brevo API returned BadRequest: {"code":"invalid_parameter","message":"email is not valid in to"}

   at LMS.Api.Services.BrevoEmailService.SendEmailAsync(String toEmail, String subject, String htmlContent, Object attachment) in /Users/mac/Apps/LMS APP/LMSApi/Services/BrevoEmailService.cs:line 54
2026-06-13 15:23:14.959 +01:00 [INF] Email sent successfully to Mba4gk@gmail.com
2026-06-13 15:23:15.199 +01:00 [INF] Email sent successfully to Murraykingsley3@gmail.com
2026-06-13 15:23:15.443 +01:00 [INF] Email sent successfully to Ebiyoranthony247@gmail.com
2026-06-13 15:23:15.701 +01:00 [INF] Email sent successfully to baralayebonnie706@gmail.com
2026-06-13 15:23:15.964 +01:00 [INF] Email sent successfully to stellabokolo82@gmail.com
2026-06-13 15:23:16.233 +01:00 [INF] Email sent successfully to mamaweip1@gmail.com
2026-06-13 15:23:16.497 +01:00 [INF] Email sent successfully to napoleonjessica25@gmail.com
2026-06-13 15:23:16.763 +01:00 [INF] Email sent successfully to anthonyikpidi@gmail.com
2026-06-13 15:23:17.034 +01:00 [INF] Email sent successfully to josephgloriajoseph974@gmail.com
2026-06-13 15:23:17.309 +01:00 [INF] Email sent successfully to Gbenelaw83@gmail.com
2026-06-13 15:23:17.599 +01:00 [INF] Email sent successfully to gabrielidibi@gmail.com
2026-06-13 15:23:17.873 +01:00 [INF] Email sent successfully to Itamunoalaego@gmail.com
2026-06-13 15:23:18.133 +01:00 [INF] Email sent successfully to favzyjay@gmail.com
2026-06-13 15:23:18.379 +01:00 [INF] Email sent successfully to luckyayebafie@gmail.com
2026-06-13 15:23:18.639 +01:00 [INF] Email sent successfully to ekpebidepreyejohn@gmail.com
2026-06-13 15:23:18.910 +01:00 [INF] Email sent successfully to jdfawai72@gmail.com
2026-06-13 15:23:19.175 +01:00 [INF] Email sent successfully to wpere17@gmail.com
2026-06-13 15:23:19.418 +01:00 [INF] Email sent successfully to gabrielsarafina12@gamil.com
2026-06-13 15:23:19.684 +01:00 [INF] Email sent successfully to nwileneoa@ndic.gov.ng
2026-06-13 15:23:19.940 +01:00 [INF] Email sent successfully to osuwogbozimor@gmail.com
2026-06-13 15:23:20.231 +01:00 [INF] Email sent successfully to Woodc1888@gmail.com
2026-06-13 15:23:20.505 +01:00 [INF] Email sent successfully to olomupius2019@gmail.com
2026-06-13 15:23:20.771 +01:00 [INF] Email sent successfully to denyefaigarama@gmail.com
2026-06-13 15:23:21.030 +01:00 [INF] Email sent successfully to eboumooweipade@gmail.com
2026-06-13 15:23:21.281 +01:00 [INF] Email sent successfully to susarrise@yahoo.com
2026-06-13 15:23:21.546 +01:00 [INF] Email sent successfully to thewilliamskoffie@gmail.com
2026-06-13 15:23:21.812 +01:00 [INF] Email sent successfully to IsaiahEres852@gmail.com
2026-06-13 15:23:22.089 +01:00 [INF] Email sent successfully to frankugen@yahoo.com
2026-06-13 15:23:22.348 +01:00 [INF] Email sent successfully to favourbrakemi37@gmail.com
2026-06-13 15:23:22.600 +01:00 [INF] Email sent successfully to Itomulucky@gmail.com
2026-06-13 15:23:22.879 +01:00 [INF] Email sent successfully to aramseremoje@yahoo.com
2026-06-13 15:23:23.138 +01:00 [INF] Email sent successfully to Ayakumevictor@gmail.com
2026-06-13 15:23:23.411 +01:00 [INF] Email sent successfully to ogogolofaith@gmail.com
2026-06-13 15:23:23.678 +01:00 [INF] Email sent successfully to tonstin@ymail.com
2026-06-13 15:23:23.934 +01:00 [INF] Email sent successfully to benedictagbana@gmail.com
2026-06-13 15:23:24.199 +01:00 [INF] Email sent successfully to Muladedoris@gmail.com
2026-06-13 15:23:24.460 +01:00 [INF] Email sent successfully to innocentdemain1@gmail.com
2026-06-13 15:23:24.722 +01:00 [INF] Email sent successfully to Danijeky@yahoo.com
2026-06-13 15:23:24.997 +01:00 [INF] Email sent successfully to Fadaskill6@gmail.com
2026-06-13 15:23:25.275 +01:00 [INF] Email sent successfully to fabulousbk94@gmail.com
2026-06-13 15:23:25.549 +01:00 [INF] Email sent successfully to ebismakarabanigerialtd@gmail.com
2026-06-13 15:23:25.796 +01:00 [INF] Email sent successfully to Simonebipade110@gmail.com
2026-06-13 15:23:26.063 +01:00 [INF] Email sent successfully to malaroland1995@gmail.com
2026-06-13 15:23:26.318 +01:00 [INF] Email sent successfully to ghankuro@gmail.com
2026-06-13 15:23:26.588 +01:00 [INF] Email sent successfully to veraegone@gmail.com
2026-06-13 15:23:26.859 +01:00 [INF] Email sent successfully to Brastun64@gmail.com
2026-06-13 15:23:27.133 +01:00 [INF] Email sent successfully to victoriasmooth682@gmail.com
2026-06-13 15:23:27.413 +01:00 [INF] Email sent successfully to chigemezuuchegbu@gmail.com
2026-06-13 15:23:27.675 +01:00 [INF] Email sent successfully to Pearlemmanuel8@gmail.com
2026-06-13 15:23:27.939 +01:00 [INF] Email sent successfully to timsalvation632@gmail.com
2026-06-13 15:23:28.189 +01:00 [INF] Email sent successfully to Gloriakio999@gmail.com
2026-06-13 15:23:28.454 +01:00 [INF] Email sent successfully to marthauwubiti@gmail.com
2026-06-13 15:23:28.724 +01:00 [INF] Email sent successfully to nnahchi@yahoo.com
2026-06-13 15:23:29.003 +01:00 [INF] Email sent successfully to abashiru82@gmail.com
2026-06-13 15:23:29.271 +01:00 [INF] Email sent successfully to idonoteguonofamous@gmail.com
2026-06-13 15:23:29.529 +01:00 [INF] Email sent successfully to Princessaseri1999@gmail.com
2026-06-13 15:23:29.795 +01:00 [INF] Email sent successfully to ferdinandflorence209@gmail.com
2026-06-13 15:23:30.038 +01:00 [ERR] Failed to send email via Brevo. Status: "BadRequest", Error: {"code":"invalid_parameter","message":"email is not valid in to"}

2026-06-13 15:23:30.042 +01:00 [ERR] Exception occurred while sending email to He does not have
System.InvalidOperationException: Brevo API returned BadRequest: {"code":"invalid_parameter","message":"email is not valid in to"}

   at LMS.Api.Services.BrevoEmailService.SendEmailAsync(String toEmail, String subject, String htmlContent, Object attachment) in /Users/mac/Apps/LMS APP/LMSApi/Services/BrevoEmailService.cs:line 54
2026-06-13 15:23:30.333 +01:00 [INF] Email sent successfully to Moses.Ishiekwene@gmail.com
2026-06-13 15:23:30.821 +01:00 [INF] Email sent successfully to snkanang@gmail.com
2026-06-13 15:23:31.088 +01:00 [INF] Email sent successfully to davidjustice677@gmail.com
2026-06-13 15:23:31.380 +01:00 [INF] Email sent successfully to sdonoil@yahoo.com
2026-06-13 15:23:31.625 +01:00 [INF] Email sent successfully to anenenedestiny@gmail.com
2026-06-13 15:23:31.904 +01:00 [INF] Email sent successfully to tonyeibibo10@gmail.com
2026-06-13 15:23:32.175 +01:00 [INF] Email sent successfully to michael.mombe@uniport.edu.ng
2026-06-13 15:23:32.425 +01:00 [INF] Email sent successfully to obiohaval@gmail.com
2026-06-13 15:23:32.703 +01:00 [INF] Email sent successfully to austinmbamalu@yahoo.com
2026-06-13 15:23:32.958 +01:00 [INF] Email sent successfully to owidinah@gmail.com
2026-06-13 15:23:33.225 +01:00 [INF] Email sent successfully to Onyekachiadindu041@gmail.com
2026-06-13 15:23:33.497 +01:00 [INF] Email sent successfully to ninatommy456@gmail.com
2026-06-13 15:23:33.754 +01:00 [INF] Email sent successfully to Amafayewallace8@gmail.com
2026-06-13 15:23:34.023 +01:00 [INF] Email sent successfully to gbenebodegreat@gmail.com
2026-06-13 15:23:34.296 +01:00 [INF] Email sent successfully to Tarekewuruyai@gmail.com
2026-06-13 15:23:34.566 +01:00 [INF] Email sent successfully to eyimosabridget@gmail.com
2026-06-13 15:23:34.860 +01:00 [INF] Email sent successfully to eracacero87@gmail.com
2026-06-13 15:23:35.130 +01:00 [INF] Email sent successfully to Sthankgof439@gmail.com
2026-06-13 15:23:35.391 +01:00 [INF] Email sent successfully to judeoboku6@gmail.com
2026-06-13 15:23:35.692 +01:00 [INF] Email sent successfully to Irenepepple@gmail.com
2026-06-13 15:23:35.979 +01:00 [INF] Email sent successfully to luckysonusp@gmail.com
2026-06-13 15:23:36.224 +01:00 [INF] Email sent successfully to obaroanarobenjamin@gmail.com
2026-06-13 15:23:36.482 +01:00 [INF] Email sent successfully to stanleymbam@yahoo.com
2026-06-13 15:23:36.728 +01:00 [INF] Email sent successfully to abugohelen6@gmail.com
2026-06-13 15:23:36.998 +01:00 [INF] Email sent successfully to odupeter894@gmail.com
2026-06-13 15:23:37.279 +01:00 [INF] Email sent successfully to samkohwo@gmail.com
2026-06-13 15:23:37.554 +01:00 [INF] Email sent successfully to Godpower.nwokogba@gmail.com
2026-06-13 15:23:37.834 +01:00 [INF] Email sent successfully to engr4elect@gmail.com
2026-06-13 15:23:38.105 +01:00 [INF] Email sent successfully to Okiyadappa@gmail.com
2026-06-13 15:23:38.370 +01:00 [INF] Email sent successfully to eseadagbra1@gmail.com
2026-06-13 15:23:38.663 +01:00 [INF] Email sent successfully to teddyadias@yahoo.com
2026-06-13 15:23:38.929 +01:00 [INF] Email sent successfully to Tarelove@gmail.com
2026-06-13 15:23:39.208 +01:00 [INF] Email sent successfully to Onyiscab2014@gmail.com
2026-06-13 15:23:39.490 +01:00 [INF] Email sent successfully to atemebaghwarhearchibong@gmail.com
2026-06-13 15:23:39.754 +01:00 [INF] Email sent successfully to Nengiyecharles@gmail.com
2026-06-13 15:23:40.021 +01:00 [INF] Email sent successfully to katesien1@gmail.com
2026-06-13 15:23:40.299 +01:00 [INF] Email sent successfully to Emmaizu1234@gmail.com
2026-06-13 15:23:40.574 +01:00 [INF] Email sent successfully to ibiereakpana@yahoo.co.uk
2026-06-13 15:23:40.825 +01:00 [ERR] Failed to send email via Brevo. Status: "BadRequest", Error: {"code":"invalid_parameter","message":"email is not valid in to"}

2026-06-13 15:23:40.825 +01:00 [ERR] Exception occurred while sending email to pending
System.InvalidOperationException: Brevo API returned BadRequest: {"code":"invalid_parameter","message":"email is not valid in to"}

   at LMS.Api.Services.BrevoEmailService.SendEmailAsync(String toEmail, String subject, String htmlContent, Object attachment) in /Users/mac/Apps/LMS APP/LMSApi/Services/BrevoEmailService.cs:line 54
2026-06-13 15:23:41.089 +01:00 [INF] Email sent successfully to enyinnah@gmail.com
2026-06-13 15:23:41.362 +01:00 [INF] Email sent successfully to nengiyecharles@gmail.com
2026-06-13 15:23:41.623 +01:00 [INF] Email sent successfully to ukpong525@gmail.com
2026-06-13 15:23:41.644 +01:00 [INF] HTTP POST /api/bulk-operations/students/import responded 200 in 31339.8738 ms
2026-06-13 15:26:57.124 +01:00 [INF] HTTP OPTIONS /api/bulk-operations/students/import responded 204 in 0.0598 ms
2026-06-13 15:26:57.912 +01:00 [INF] Email sent successfully to Victorjumbo57@gmail.com
2026-06-13 15:26:58.176 +01:00 [INF] Email sent successfully to ayebanoabenabagidi@gmail.com
2026-06-13 15:26:58.417 +01:00 [ERR] Failed to send email via Brevo. Status: "BadRequest", Error: {"code":"invalid_parameter","message":"email is not valid in to"}

2026-06-13 15:26:58.417 +01:00 [ERR] Exception occurred while sending email to N/A
System.InvalidOperationException: Brevo API returned BadRequest: {"code":"invalid_parameter","message":"email is not valid in to"}

   at LMS.Api.Services.BrevoEmailService.SendEmailAsync(String toEmail, String subject, String htmlContent, Object attachment) in /Users/mac/Apps/LMS APP/LMSApi/Services/BrevoEmailService.cs:line 54
2026-06-13 15:26:58.681 +01:00 [INF] Email sent successfully to favouritejoseph123@gmail.com
2026-06-13 15:26:58.948 +01:00 [INF] Email sent successfully to awysal@gmail.com
2026-06-13 15:26:59.206 +01:00 [INF] Email sent successfully to bextbenz@gmail.com
2026-06-13 15:26:59.457 +01:00 [INF] Email sent successfully to richardwealthabban@gmail.com
2026-06-13 15:26:59.720 +01:00 [INF] Email sent successfully to michaelmekalachi@gmail.com
2026-06-13 15:26:59.976 +01:00 [INF] Email sent successfully to ja1611359@gmail.com
2026-06-13 15:27:00.240 +01:00 [INF] Email sent successfully to bridgetofarie@gmail.com
2026-06-13 15:27:00.496 +01:00 [INF] Email sent successfully to Onungweyemi890@gmail.com
2026-06-13 15:27:00.756 +01:00 [INF] Email sent successfully to Bournvitaakpe@gmail.com
2026-06-13 15:27:01.027 +01:00 [INF] Email sent successfully to odehtare96@gmail.com
2026-06-13 15:27:01.303 +01:00 [INF] Email sent successfully to ebbiedavies10@gmail.com
2026-06-13 15:27:01.587 +01:00 [INF] Email sent successfully to helenchukwuma76@gmail.com
2026-06-13 15:27:01.861 +01:00 [INF] Email sent successfully to benbefrank@gmail.com
2026-06-13 15:27:02.149 +01:00 [INF] Email sent successfully to osejaamezhi@gmail.com
2026-06-13 15:27:02.417 +01:00 [INF] Email sent successfully to Ritaawo24@gmail.com
2026-06-13 15:27:02.682 +01:00 [INF] Email sent successfully to amiedata@gmail.com
2026-06-13 15:27:02.954 +01:00 [INF] Email sent successfully to edonkenny@yahoo.com
2026-06-13 15:27:03.211 +01:00 [INF] Email sent successfully to Chavyvestz@hotmail.com
2026-06-13 15:27:03.481 +01:00 [INF] Email sent successfully to tarimank@gmail.com
2026-06-13 15:27:03.731 +01:00 [INF] Email sent successfully to governordivine08@gmail.com
2026-06-13 15:27:04.001 +01:00 [INF] Email sent successfully to Faborpaul@gmail.com
2026-06-13 15:27:04.397 +01:00 [INF] Email sent successfully to Dorathyamughan@gmail.com
2026-06-13 15:27:04.666 +01:00 [INF] Email sent successfully to 08042538855charity@gmail.com
2026-06-13 15:27:04.928 +01:00 [INF] Email sent successfully to Favoururoju@gmail.com
2026-06-13 15:27:05.187 +01:00 [INF] Email sent successfully to benjamineregha1986@gmail.com
2026-06-13 15:27:05.448 +01:00 [INF] Email sent successfully to gratefulwelekwe@gmail.com
2026-06-13 15:27:05.707 +01:00 [INF] Email sent successfully to tangbewilliams1998@gmail.com
2026-06-13 15:27:05.965 +01:00 [INF] Email sent successfully to mercytonye@gmail.com
2026-06-13 15:27:06.227 +01:00 [INF] Email sent successfully to okeyhu@yahoo.com
2026-06-13 15:27:06.490 +01:00 [INF] Email sent successfully to lakemefa2310@gmail.com
2026-06-13 15:27:06.779 +01:00 [INF] Email sent successfully to Victor.Lawson@renaissanceafrica.com
2026-06-13 15:27:07.036 +01:00 [INF] Email sent successfully to ruthbarinaadaa@gmail.com
2026-06-13 15:27:07.335 +01:00 [INF] Email sent successfully to Tamunokurogreen@gmail.com
2026-06-13 15:27:07.587 +01:00 [INF] Email sent successfully to mickblinks@gmail.com
2026-06-13 15:27:07.832 +01:00 [INF] Email sent successfully to blessingedmond82@gmail.com
2026-06-13 15:27:08.085 +01:00 [INF] Email sent successfully to baridubaridum@gmail.com
2026-06-13 15:27:08.356 +01:00 [INF] Email sent successfully to jonahmarvel47@gmail.com
2026-06-13 15:27:08.616 +01:00 [INF] Email sent successfully to Solozoe7@gmail.com
2026-06-13 15:27:08.640 +01:00 [INF] HTTP POST /api/bulk-operations/students/import responded 200 in 11514.0829 ms
2026-06-13 15:27:35.248 +01:00 [INF] HTTP OPTIONS /api/registry/stats responded 204 in 0.0808 ms
2026-06-13 15:27:35.280 +01:00 [INF] HTTP GET /api/registry/stats responded 200 in 30.0709 ms
2026-06-13 15:27:45.267 +01:00 [INF] HTTP GET /api/admin/programs responded 200 in 19.4730 ms
2026-06-13 15:27:45.324 +01:00 [INF] HTTP GET /api/admin/students responded 200 in 75.4033 ms
2026-06-13 15:27:53.322 +01:00 [INF] HTTP GET /api/admin/students/101844da-89c5-4baf-b6e7-28f6036d1baf responded 200 in 79.1096 ms
2026-06-13 15:28:18.758 +01:00 [INF] HTTP GET /api/admin/students/101844da-89c5-4baf-b6e7-28f6036d1baf/assignments responded 200 in 66.0209 ms
2026-06-13 15:28:21.371 +01:00 [INF] HTTP GET /api/admin/students/101844da-89c5-4baf-b6e7-28f6036d1baf/results responded 200 in 43.5539 ms
2026-06-13 15:28:24.187 +01:00 [INF] HTTP GET /api/admin/students/101844da-89c5-4baf-b6e7-28f6036d1baf/fees responded 200 in 65.8190 ms
2026-06-13 15:28:25.473 +01:00 [INF] HTTP GET /api/admin/students/101844da-89c5-4baf-b6e7-28f6036d1baf/parents responded 200 in 65.4915 ms
2026-06-13 15:28:45.045 +01:00 [INF] HTTP GET /api/admin/students/101844da-89c5-4baf-b6e7-28f6036d1baf/enrollments responded 200 in 60.1433 ms
2026-06-13 15:28:49.907 +01:00 [INF] HTTP GET /api/admin/students responded 200 in 18.2672 ms
2026-06-13 15:28:49.908 +01:00 [INF] HTTP GET /api/admin/programs responded 200 in 19.7131 ms
2026-06-13 15:28:52.988 +01:00 [INF] HTTP GET /api/admin/students responded 200 in 59.1373 ms
2026-06-13 15:28:56.178 +01:00 [INF] HTTP GET /api/admin/students responded 200 in 17.9845 ms
2026-06-13 15:29:09.898 +01:00 [INF] HTTP GET /api/admin/students responded 200 in 57.7450 ms
2026-06-13 15:29:13.927 +01:00 [INF] HTTP GET /api/admin/students responded 200 in 31.5892 ms
2026-06-13 15:29:19.098 +01:00 [INF] HTTP OPTIONS /api/admin/programs responded 204 in 0.0396 ms
2026-06-13 15:29:19.098 +01:00 [INF] HTTP OPTIONS /api/admin/sessions responded 204 in 0.0104 ms
2026-06-13 15:29:19.098 +01:00 [INF] HTTP OPTIONS /api/admin/faculties responded 204 in 0.0247 ms
2026-06-13 15:29:19.121 +01:00 [INF] HTTP GET /api/admin/sessions responded 200 in 21.9053 ms
2026-06-13 15:29:19.127 +01:00 [INF] HTTP GET /api/admin/faculties responded 200 in 22.2848 ms
2026-06-13 15:29:19.142 +01:00 [INF] HTTP GET /api/admin/programs responded 200 in 42.6376 ms
2026-06-13 15:30:25.081 +01:00 [INF] HTTP OPTIONS /api/course-catalog/upload responded 204 in 0.0600 ms
2026-06-13 15:30:25.525 +01:00 [WRN] Compiling a query which loads related collections for more than one collection navigation, either via 'Include' or through projection, but no 'QuerySplittingBehavior' has been configured. By default, Entity Framework will use 'QuerySplittingBehavior.SingleQuery', which can potentially result in slow query performance. See https://go.microsoft.com/fwlink/?linkid=2134277 for more information. To identify the query that's triggering this warning call 'ConfigureWarnings(w => w.Throw(RelationalEventId.MultipleCollectionIncludeWarning))'.
2026-06-13 15:30:25.623 +01:00 [INF] HTTP POST /api/course-catalog/upload responded 200 in 537.4157 ms
2026-06-13 15:31:18.073 +01:00 [INF] HTTP OPTIONS /api/course-catalog/apply/13767401-401a-4b8e-b4a1-2269d5491556 responded 204 in 0.1241 ms
2026-06-13 15:31:18.622 +01:00 [INF] HTTP POST /api/course-catalog/apply/13767401-401a-4b8e-b4a1-2269d5491556 responded 200 in 546.3005 ms
2026-06-13 15:31:30.756 +01:00 [INF] HTTP OPTIONS /api/admin/courses responded 204 in 0.0665 ms
2026-06-13 15:31:30.757 +01:00 [INF] HTTP OPTIONS /api/admin/lecturers responded 204 in 0.0162 ms
2026-06-13 15:31:30.757 +01:00 [INF] HTTP OPTIONS /api/admin/sessions responded 204 in 0.0155 ms
2026-06-13 15:31:30.757 +01:00 [INF] HTTP OPTIONS /api/admin/programs responded 204 in 0.0100 ms
2026-06-13 15:31:30.780 +01:00 [INF] HTTP GET /api/admin/sessions responded 200 in 14.9467 ms
2026-06-13 15:31:30.801 +01:00 [INF] HTTP GET /api/admin/programs responded 200 in 36.3657 ms
2026-06-13 15:31:30.803 +01:00 [INF] HTTP GET /api/admin/lecturers responded 200 in 38.2715 ms
2026-06-13 15:31:30.845 +01:00 [INF] HTTP GET /api/admin/courses responded 200 in 87.0609 ms
2026-06-13 15:31:42.807 +01:00 [INF] HTTP OPTIONS /api/admin/programs responded 204 in 0.0383 ms
2026-06-13 15:31:42.838 +01:00 [INF] HTTP GET /api/admin/programs responded 200 in 29.9215 ms
2026-06-13 15:31:42.840 +01:00 [INF] HTTP OPTIONS /api/admin/programs/6890d4e9-7fa7-4c90-a69c-00b1d40f24ab/curricula responded 204 in 0.0206 ms
2026-06-13 15:31:42.840 +01:00 [INF] HTTP OPTIONS /api/admin/programs/563617bb-5f66-4032-a765-04ba7b4dab4c/curricula responded 204 in 0.1117 ms
2026-06-13 15:31:42.840 +01:00 [INF] HTTP OPTIONS /api/admin/programs/71f5092d-27ce-43c2-ac10-0759dfe391ef/curricula responded 204 in 0.0034 ms
2026-06-13 15:31:42.840 +01:00 [INF] HTTP OPTIONS /api/admin/programs/f94fe24b-8781-4d68-9bdb-2056692c6e91/curricula responded 204 in 0.0108 ms
2026-06-13 15:31:42.841 +01:00 [INF] HTTP OPTIONS /api/admin/programs/6ca9564b-b745-43be-aa3f-4dedad7eb9f7/curricula responded 204 in 0.0167 ms
2026-06-13 15:31:42.841 +01:00 [INF] HTTP OPTIONS /api/admin/programs/bfe9d5d2-b914-4b87-a068-4aedff2cbd5f/curricula responded 204 in 0.0168 ms
2026-06-13 15:31:42.841 +01:00 [INF] HTTP OPTIONS /api/admin/programs/5126c1a2-28cc-4a6e-9223-20f0298da20b/curricula responded 204 in 0.0022 ms
2026-06-13 15:31:42.841 +01:00 [INF] HTTP OPTIONS /api/admin/programs/2b09cc5a-2a1e-49bf-b539-532eeafaeff9/curricula responded 204 in 0.0044 ms
2026-06-13 15:31:42.841 +01:00 [INF] HTTP OPTIONS /api/admin/programs/8fe7febc-5eca-4458-a437-5512650eb0b6/curricula responded 204 in 0.0050 ms
2026-06-13 15:31:42.842 +01:00 [INF] HTTP OPTIONS /api/admin/programs/747ff8cd-5660-438a-b23d-5d30f0a5a888/curricula responded 204 in 0.0095 ms
2026-06-13 15:31:42.842 +01:00 [INF] HTTP OPTIONS /api/admin/programs/8ee99692-b09b-4e10-9852-66b590651a22/curricula responded 204 in 0.0042 ms
2026-06-13 15:31:42.864 +01:00 [INF] HTTP GET /api/admin/programs/71f5092d-27ce-43c2-ac10-0759dfe391ef/curricula responded 200 in 22.7879 ms
2026-06-13 15:31:42.864 +01:00 [INF] HTTP GET /api/admin/programs/563617bb-5f66-4032-a765-04ba7b4dab4c/curricula responded 200 in 22.4226 ms
2026-06-13 15:31:42.864 +01:00 [INF] HTTP GET /api/admin/programs/6890d4e9-7fa7-4c90-a69c-00b1d40f24ab/curricula responded 200 in 22.9278 ms
2026-06-13 15:31:42.864 +01:00 [INF] HTTP GET /api/admin/programs/f94fe24b-8781-4d68-9bdb-2056692c6e91/curricula responded 200 in 21.7150 ms
2026-06-13 15:31:42.865 +01:00 [INF] HTTP OPTIONS /api/admin/programs/156c61fa-b96b-40e7-b39e-705751b440c3/curricula responded 204 in 0.0080 ms
2026-06-13 15:31:42.865 +01:00 [INF] HTTP OPTIONS /api/admin/programs/adcfa75d-3589-41c3-837c-6a5e70cc57d7/curricula responded 204 in 0.0203 ms
2026-06-13 15:31:42.866 +01:00 [INF] HTTP OPTIONS /api/admin/programs/7096914e-1b13-4d65-a15e-8bc1a0e8ba2c/curricula responded 204 in 0.0145 ms
2026-06-13 15:31:42.867 +01:00 [INF] HTTP OPTIONS /api/admin/programs/8198d36b-7ffa-4fd5-a3aa-9448ba191a38/curricula responded 204 in 0.0103 ms
2026-06-13 15:31:42.868 +01:00 [INF] HTTP OPTIONS /api/admin/programs/baeb4a0e-abfa-437e-a0c6-97267d61ffa3/curricula responded 204 in 0.0158 ms
2026-06-13 15:31:42.868 +01:00 [INF] HTTP OPTIONS /api/admin/programs/f31b48cd-2858-4e82-ad94-9cc31c75a527/curricula responded 204 in 0.0107 ms
2026-06-13 15:31:42.869 +01:00 [INF] HTTP OPTIONS /api/admin/programs/97e9e9d4-946c-46da-af1a-9e32f6a1504a/curricula responded 204 in 0.0081 ms
2026-06-13 15:31:42.869 +01:00 [INF] HTTP OPTIONS /api/admin/programs/6351fee0-7260-4e43-9563-a7477eb2d87b/curricula responded 204 in 0.0523 ms
2026-06-13 15:31:42.872 +01:00 [INF] HTTP GET /api/admin/programs/6ca9564b-b745-43be-aa3f-4dedad7eb9f7/curricula responded 200 in 29.4239 ms
2026-06-13 15:31:42.873 +01:00 [INF] HTTP OPTIONS /api/admin/programs/7df306ce-4256-4fbf-8dc4-afbd70d0a251/curricula responded 204 in 0.0207 ms
2026-06-13 15:31:42.874 +01:00 [INF] HTTP OPTIONS /api/admin/programs/6ba7f2e0-f36f-49ff-9a39-bd0ccfab5775/curricula responded 204 in 0.0157 ms
2026-06-13 15:31:42.874 +01:00 [INF] HTTP GET /api/admin/programs/bfe9d5d2-b914-4b87-a068-4aedff2cbd5f/curricula responded 200 in 30.8726 ms
2026-06-13 15:31:42.875 +01:00 [INF] HTTP OPTIONS /api/admin/programs/56c76fe9-0f6a-439b-a699-bd2358434346/curricula responded 204 in 0.0064 ms
2026-06-13 15:31:42.875 +01:00 [INF] HTTP OPTIONS /api/admin/programs/d653b1ad-d0d3-4009-babb-c098662147b2/curricula responded 204 in 0.0074 ms
2026-06-13 15:31:42.876 +01:00 [INF] HTTP OPTIONS /api/admin/programs/469d40fd-2959-4622-bdda-c27b1139df60/curricula responded 204 in 0.0106 ms
2026-06-13 15:31:42.877 +01:00 [INF] HTTP GET /api/admin/programs/2b09cc5a-2a1e-49bf-b539-532eeafaeff9/curricula responded 200 in 11.2337 ms
2026-06-13 15:31:42.877 +01:00 [INF] HTTP OPTIONS /api/admin/programs/caa77aee-8674-4f31-b364-c8df0864afd6/curricula responded 204 in 0.0229 ms
2026-06-13 15:31:42.877 +01:00 [INF] HTTP OPTIONS /api/admin/programs/fc8eb05b-5c06-429b-bf42-d2ffc2f8baa9/curricula responded 204 in 0.0130 ms
2026-06-13 15:31:42.877 +01:00 [INF] HTTP OPTIONS /api/admin/programs/b8976684-96ea-440d-8cd3-db1adaebae47/curricula responded 204 in 0.0025 ms
2026-06-13 15:31:42.878 +01:00 [INF] HTTP OPTIONS /api/admin/programs/1e99fb97-7c53-4c22-9975-eeebf693bef0/curricula responded 204 in 0.0167 ms
2026-06-13 15:31:42.878 +01:00 [INF] HTTP OPTIONS /api/admin/programs/bf6986da-c275-482e-b5ca-e94b5b2a6fec/curricula responded 204 in 0.0229 ms
2026-06-13 15:31:42.879 +01:00 [INF] HTTP GET /api/admin/programs/5126c1a2-28cc-4a6e-9223-20f0298da20b/curricula responded 200 in 13.4480 ms
2026-06-13 15:31:42.879 +01:00 [INF] HTTP OPTIONS /api/admin/programs/302cd18f-647b-4c3e-9034-ef8ee6d0390e/curricula responded 204 in 0.0115 ms
2026-06-13 15:31:42.879 +01:00 [INF] HTTP OPTIONS /api/admin/programs/729e1de3-50c3-4bb3-b46c-fb90a37dcba2/curricula responded 204 in 0.0026 ms
2026-06-13 15:31:42.880 +01:00 [INF] HTTP GET /api/admin/programs/8fe7febc-5eca-4458-a437-5512650eb0b6/curricula responded 200 in 13.7633 ms
2026-06-13 15:31:42.887 +01:00 [INF] HTTP GET /api/admin/programs/8ee99692-b09b-4e10-9852-66b590651a22/curricula responded 200 in 12.1708 ms
2026-06-13 15:31:42.890 +01:00 [INF] HTTP GET /api/admin/programs/7096914e-1b13-4d65-a15e-8bc1a0e8ba2c/curricula responded 200 in 10.6143 ms
2026-06-13 15:31:42.893 +01:00 [INF] HTTP GET /api/admin/programs/156c61fa-b96b-40e7-b39e-705751b440c3/curricula responded 200 in 13.3188 ms
2026-06-13 15:31:42.896 +01:00 [INF] HTTP GET /api/admin/programs/8198d36b-7ffa-4fd5-a3aa-9448ba191a38/curricula responded 200 in 14.9694 ms
2026-06-13 15:31:42.897 +01:00 [INF] HTTP GET /api/admin/programs/adcfa75d-3589-41c3-837c-6a5e70cc57d7/curricula responded 200 in 16.9855 ms
2026-06-13 15:31:42.901 +01:00 [INF] HTTP GET /api/admin/programs/baeb4a0e-abfa-437e-a0c6-97267d61ffa3/curricula responded 200 in 13.6067 ms
2026-06-13 15:31:42.902 +01:00 [INF] HTTP GET /api/admin/programs/f31b48cd-2858-4e82-ad94-9cc31c75a527/curricula responded 200 in 10.8566 ms
2026-06-13 15:31:42.905 +01:00 [INF] HTTP GET /api/admin/programs/747ff8cd-5660-438a-b23d-5d30f0a5a888/curricula responded 200 in 34.7642 ms
2026-06-13 15:31:42.908 +01:00 [INF] HTTP GET /api/admin/programs/97e9e9d4-946c-46da-af1a-9e32f6a1504a/curricula responded 200 in 14.4653 ms
2026-06-13 15:31:42.910 +01:00 [INF] HTTP GET /api/admin/programs/6351fee0-7260-4e43-9563-a7477eb2d87b/curricula responded 200 in 13.2981 ms
2026-06-13 15:31:42.914 +01:00 [INF] HTTP GET /api/admin/programs/7df306ce-4256-4fbf-8dc4-afbd70d0a251/curricula responded 200 in 17.0261 ms
2026-06-13 15:31:42.919 +01:00 [INF] HTTP GET /api/admin/programs/56c76fe9-0f6a-439b-a699-bd2358434346/curricula responded 200 in 16.9665 ms
2026-06-13 15:31:42.922 +01:00 [INF] HTTP GET /api/admin/programs/6ba7f2e0-f36f-49ff-9a39-bd0ccfab5775/curricula responded 200 in 20.2240 ms
2026-06-13 15:31:42.923 +01:00 [INF] HTTP GET /api/admin/programs/d653b1ad-d0d3-4009-babb-c098662147b2/curricula responded 200 in 17.7243 ms
2026-06-13 15:31:42.926 +01:00 [INF] HTTP GET /api/admin/programs/469d40fd-2959-4622-bdda-c27b1139df60/curricula responded 200 in 16.8904 ms
2026-06-13 15:31:42.928 +01:00 [INF] HTTP GET /api/admin/programs/caa77aee-8674-4f31-b364-c8df0864afd6/curricula responded 200 in 16.7123 ms
2026-06-13 15:31:42.930 +01:00 [INF] HTTP GET /api/admin/programs/fc8eb05b-5c06-429b-bf42-d2ffc2f8baa9/curricula responded 200 in 14.5113 ms
2026-06-13 15:31:42.932 +01:00 [INF] HTTP GET /api/admin/programs/b8976684-96ea-440d-8cd3-db1adaebae47/curricula responded 200 in 12.0724 ms
2026-06-13 15:31:42.933 +01:00 [INF] HTTP GET /api/admin/programs/1e99fb97-7c53-4c22-9975-eeebf693bef0/curricula responded 200 in 10.7037 ms
2026-06-13 15:31:42.936 +01:00 [INF] HTTP GET /api/admin/programs/bf6986da-c275-482e-b5ca-e94b5b2a6fec/curricula responded 200 in 11.9016 ms
2026-06-13 15:31:42.939 +01:00 [INF] HTTP GET /api/admin/programs/302cd18f-647b-4c3e-9034-ef8ee6d0390e/curricula responded 200 in 12.5458 ms
2026-06-13 15:31:42.940 +01:00 [INF] HTTP GET /api/admin/programs/729e1de3-50c3-4bb3-b46c-fb90a37dcba2/curricula responded 200 in 11.6098 ms
2026-06-13 15:32:03.315 +01:00 [INF] HTTP OPTIONS /api/admin/programs/adcfa75d-3589-41c3-837c-6a5e70cc57d7/enrollments responded 204 in 0.0402 ms
2026-06-13 15:32:03.315 +01:00 [INF] HTTP OPTIONS /api/admin/programs responded 204 in 0.0383 ms
2026-06-13 15:32:03.315 +01:00 [INF] HTTP OPTIONS /api/admin/programs/adcfa75d-3589-41c3-837c-6a5e70cc57d7/curricula responded 204 in 0.0059 ms
2026-06-13 15:32:03.317 +01:00 [INF] HTTP OPTIONS /api/admissions/subjects responded 204 in 0.0240 ms
2026-06-13 15:32:03.317 +01:00 [INF] HTTP OPTIONS /api/admin/sessions responded 204 in 0.0113 ms
2026-06-13 15:32:03.337 +01:00 [INF] HTTP GET /api/admin/programs/adcfa75d-3589-41c3-837c-6a5e70cc57d7/curricula responded 200 in 17.7620 ms
2026-06-13 15:32:03.338 +01:00 [INF] HTTP GET /api/admin/programs responded 200 in 20.3959 ms
2026-06-13 15:32:03.340 +01:00 [INF] HTTP GET /api/admin/sessions responded 200 in 21.1485 ms
2026-06-13 15:32:03.341 +01:00 [INF] Initializing Entra ID Service with TenantId: c9a98a3d-152f-4eb3-b93f-9b26fdd08495, ClientId: 84022968-6bdc-4c6b-8eab-57b75fa5d0b1, Domain: wigweuniversity.edu.ng
2026-06-13 15:32:03.342 +01:00 [INF] Entra ID Service initialized successfully
2026-06-13 15:32:03.344 +01:00 [INF] HTTP OPTIONS /api/admin/courses responded 204 in 0.0317 ms
2026-06-13 15:32:03.360 +01:00 [INF] HTTP GET /api/admin/sessions responded 200 in 15.7462 ms
2026-06-13 15:32:03.361 +01:00 [INF] HTTP GET /api/admin/programs/adcfa75d-3589-41c3-837c-6a5e70cc57d7/curricula responded 200 in 16.5706 ms
2026-06-13 15:32:03.362 +01:00 [INF] HTTP GET /api/admissions/subjects responded 200 in 40.3838 ms
2026-06-13 15:32:03.362 +01:00 [INF] HTTP OPTIONS /api/admin/curricula/8546eba9-09bd-4077-b7df-50547012af34 responded 204 in 0.0580 ms
2026-06-13 15:32:03.368 +01:00 [INF] HTTP GET /api/admin/programs/adcfa75d-3589-41c3-837c-6a5e70cc57d7/enrollments responded 200 in 50.1555 ms
2026-06-13 15:32:03.372 +01:00 [INF] HTTP GET /api/admin/courses responded 200 in 27.6205 ms
2026-06-13 15:32:03.432 +01:00 [INF] HTTP GET /api/admin/curricula/8546eba9-09bd-4077-b7df-50547012af34 responded 200 in 69.1106 ms
2026-06-13 15:32:03.434 +01:00 [INF] HTTP OPTIONS /api/admin/curricula/8546eba9-09bd-4077-b7df-50547012af34/history responded 204 in 0.0179 ms
2026-06-13 15:32:03.478 +01:00 [INF] HTTP GET /api/admin/curricula/8546eba9-09bd-4077-b7df-50547012af34/history responded 200 in 43.1358 ms
2026-06-13 15:32:47.815 +01:00 [INF] HTTP OPTIONS /api/admin/courses responded 204 in 0.0538 ms
2026-06-13 15:32:47.816 +01:00 [INF] HTTP OPTIONS /api/admin/programs responded 204 in 0.0064 ms
2026-06-13 15:32:47.816 +01:00 [INF] HTTP OPTIONS /api/admin/curricula/8546eba9-09bd-4077-b7df-50547012af34 responded 204 in 0.0125 ms
2026-06-13 15:32:47.840 +01:00 [INF] HTTP GET /api/admin/programs responded 200 in 23.1545 ms
2026-06-13 15:32:47.841 +01:00 [INF] HTTP GET /api/admin/curricula/8546eba9-09bd-4077-b7df-50547012af34 responded 200 in 22.3856 ms
2026-06-13 15:32:47.857 +01:00 [INF] HTTP GET /api/admin/courses responded 200 in 40.7838 ms
2026-06-13 15:32:47.867 +01:00 [INF] HTTP GET /api/admin/programs responded 200 in 23.1196 ms
2026-06-13 15:34:03.009 +01:00 [INF] HTTP OPTIONS /api/registry/stats responded 204 in 0.0375 ms
2026-06-13 15:34:03.035 +01:00 [INF] HTTP GET /api/registry/stats responded 200 in 24.2090 ms
2026-06-13 15:34:11.936 +01:00 [INF] HTTP OPTIONS /api/admin/programs responded 204 in 0.0210 ms
2026-06-13 15:34:11.936 +01:00 [INF] HTTP OPTIONS /api/admin/sessions responded 204 in 0.0057 ms
2026-06-13 15:34:11.936 +01:00 [INF] HTTP OPTIONS /api/admin/faculties responded 204 in 0.0381 ms
2026-06-13 15:34:11.957 +01:00 [INF] HTTP GET /api/admin/faculties responded 200 in 17.8380 ms
2026-06-13 15:34:11.959 +01:00 [INF] HTTP GET /api/admin/programs responded 200 in 22.0556 ms
2026-06-13 15:34:11.960 +01:00 [INF] HTTP GET /api/admin/sessions responded 200 in 21.3544 ms
2026-06-13 15:34:27.709 +01:00 [INF] HTTP OPTIONS /api/admin/faculties responded 204 in 0.0282 ms
2026-06-13 15:34:27.736 +01:00 [INF] HTTP GET /api/admin/faculties responded 200 in 25.5498 ms
2026-06-13 15:34:42.783 +01:00 [INF] HTTP OPTIONS /api/admin/programs responded 204 in 0.0175 ms
2026-06-13 15:34:42.783 +01:00 [INF] HTTP OPTIONS /api/admin/departments responded 204 in 0.0432 ms
2026-06-13 15:34:42.784 +01:00 [INF] HTTP OPTIONS /api/admin/faculties responded 204 in 0.0213 ms
2026-06-13 15:34:42.820 +01:00 [INF] HTTP GET /api/admin/faculties responded 200 in 33.9495 ms
2026-06-13 15:34:42.824 +01:00 [INF] HTTP GET /api/admin/programs responded 200 in 39.6486 ms
2026-06-13 15:34:42.828 +01:00 [INF] HTTP GET /api/admin/departments responded 200 in 43.4641 ms
2026-06-13 15:36:02.685 +01:00 [INF] HTTP OPTIONS /api/admin/faculties responded 204 in 0.0366 ms
2026-06-13 15:36:02.685 +01:00 [INF] HTTP OPTIONS /api/admin/programs responded 204 in 0.0366 ms
2026-06-13 15:36:02.686 +01:00 [INF] HTTP OPTIONS /api/admin/sessions responded 204 in 0.0099 ms
2026-06-13 15:36:02.713 +01:00 [INF] HTTP GET /api/admin/faculties responded 200 in 26.9906 ms
2026-06-13 15:36:02.714 +01:00 [INF] HTTP GET /api/admin/sessions responded 200 in 26.2396 ms
2026-06-13 15:36:02.718 +01:00 [INF] HTTP GET /api/admin/programs responded 200 in 31.5746 ms
2026-06-13 15:37:01.333 +01:00 [INF] HTTP OPTIONS /api/course-catalog/upload responded 204 in 0.0439 ms
2026-06-13 15:37:01.780 +01:00 [INF] HTTP POST /api/course-catalog/upload responded 200 in 444.6338 ms
2026-06-13 15:37:18.543 +01:00 [INF] HTTP OPTIONS /api/course-catalog/apply/398b7867-489a-47b7-b6a5-f4e59ecf1644 responded 204 in 0.0543 ms
2026-06-13 15:37:19.047 +01:00 [INF] HTTP POST /api/course-catalog/apply/398b7867-489a-47b7-b6a5-f4e59ecf1644 responded 200 in 502.5014 ms
2026-06-13 15:38:03.286 +01:00 [INF] HTTP OPTIONS /api/course-catalog/upload responded 204 in 0.1581 ms
2026-06-13 15:38:03.659 +01:00 [INF] HTTP POST /api/course-catalog/upload responded 200 in 367.0949 ms
2026-06-13 15:38:11.208 +01:00 [INF] HTTP OPTIONS /api/course-catalog/apply/39327eb7-28a5-453d-89eb-6a9cdf65903f responded 204 in 0.0459 ms
2026-06-13 15:38:11.529 +01:00 [INF] HTTP POST /api/course-catalog/apply/39327eb7-28a5-453d-89eb-6a9cdf65903f responded 200 in 317.1907 ms
2026-06-13 15:38:28.360 +01:00 [INF] HTTP OPTIONS /api/course-catalog/upload responded 204 in 0.0463 ms
2026-06-13 15:38:28.526 +01:00 [INF] HTTP POST /api/course-catalog/upload responded 200 in 164.0085 ms
2026-06-13 15:38:34.501 +01:00 [INF] HTTP OPTIONS /api/course-catalog/apply/5dfe880d-e478-4db4-9335-8fb4cbf0cc9c responded 204 in 0.0278 ms
2026-06-13 15:38:34.945 +01:00 [INF] HTTP POST /api/course-catalog/apply/5dfe880d-e478-4db4-9335-8fb4cbf0cc9c responded 200 in 443.0666 ms
2026-06-13 15:38:37.508 +01:00 [INF] HTTP OPTIONS /api/admin/programs responded 204 in 0.0461 ms
2026-06-13 15:38:37.539 +01:00 [INF] HTTP GET /api/admin/programs responded 200 in 29.8575 ms
2026-06-13 15:38:37.541 +01:00 [INF] HTTP OPTIONS /api/admin/programs/6890d4e9-7fa7-4c90-a69c-00b1d40f24ab/curricula responded 204 in 0.0218 ms
2026-06-13 15:38:37.542 +01:00 [INF] HTTP OPTIONS /api/admin/programs/563617bb-5f66-4032-a765-04ba7b4dab4c/curricula responded 204 in 0.0183 ms
2026-06-13 15:38:37.542 +01:00 [INF] HTTP OPTIONS /api/admin/programs/71f5092d-27ce-43c2-ac10-0759dfe391ef/curricula responded 204 in 0.0053 ms
2026-06-13 15:38:37.542 +01:00 [INF] HTTP OPTIONS /api/admin/programs/f94fe24b-8781-4d68-9bdb-2056692c6e91/curricula responded 204 in 0.0057 ms
2026-06-13 15:38:37.542 +01:00 [INF] HTTP OPTIONS /api/admin/programs/5126c1a2-28cc-4a6e-9223-20f0298da20b/curricula responded 204 in 0.0021 ms
2026-06-13 15:38:37.543 +01:00 [INF] HTTP OPTIONS /api/admin/programs/bfe9d5d2-b914-4b87-a068-4aedff2cbd5f/curricula responded 204 in 0.0067 ms
2026-06-13 15:38:37.544 +01:00 [INF] HTTP OPTIONS /api/admin/programs/6ca9564b-b745-43be-aa3f-4dedad7eb9f7/curricula responded 204 in 0.0069 ms
2026-06-13 15:38:37.555 +01:00 [INF] HTTP OPTIONS /api/admin/programs/2b09cc5a-2a1e-49bf-b539-532eeafaeff9/curricula responded 204 in 0.0792 ms
2026-06-13 15:38:37.566 +01:00 [INF] HTTP GET /api/admin/programs/563617bb-5f66-4032-a765-04ba7b4dab4c/curricula responded 200 in 23.3827 ms
2026-06-13 15:38:37.567 +01:00 [INF] HTTP OPTIONS /api/admin/programs/8fe7febc-5eca-4458-a437-5512650eb0b6/curricula responded 204 in 0.0212 ms
2026-06-13 15:38:37.568 +01:00 [INF] HTTP OPTIONS /api/admin/programs/747ff8cd-5660-438a-b23d-5d30f0a5a888/curricula responded 204 in 0.0169 ms
2026-06-13 15:38:37.569 +01:00 [INF] HTTP OPTIONS /api/admin/programs/8ee99692-b09b-4e10-9852-66b590651a22/curricula responded 204 in 0.0241 ms
2026-06-13 15:38:37.569 +01:00 [INF] HTTP OPTIONS /api/admin/programs/adcfa75d-3589-41c3-837c-6a5e70cc57d7/curricula responded 204 in 0.0080 ms
2026-06-13 15:38:37.570 +01:00 [INF] HTTP OPTIONS /api/admin/programs/156c61fa-b96b-40e7-b39e-705751b440c3/curricula responded 204 in 0.0095 ms
2026-06-13 15:38:37.570 +01:00 [INF] HTTP GET /api/admin/programs/6890d4e9-7fa7-4c90-a69c-00b1d40f24ab/curricula responded 200 in 27.5921 ms
2026-06-13 15:38:37.571 +01:00 [INF] HTTP OPTIONS /api/admin/programs/7096914e-1b13-4d65-a15e-8bc1a0e8ba2c/curricula responded 204 in 0.1618 ms
2026-06-13 15:38:37.571 +01:00 [INF] HTTP OPTIONS /api/admin/programs/8198d36b-7ffa-4fd5-a3aa-9448ba191a38/curricula responded 204 in 0.0848 ms
2026-06-13 15:38:37.571 +01:00 [INF] HTTP OPTIONS /api/admin/programs/baeb4a0e-abfa-437e-a0c6-97267d61ffa3/curricula responded 204 in 0.0696 ms
2026-06-13 15:38:37.571 +01:00 [INF] HTTP OPTIONS /api/admin/programs/f31b48cd-2858-4e82-ad94-9cc31c75a527/curricula responded 204 in 0.0089 ms
2026-06-13 15:38:37.572 +01:00 [INF] HTTP OPTIONS /api/admin/programs/97e9e9d4-946c-46da-af1a-9e32f6a1504a/curricula responded 204 in 0.0089 ms
2026-06-13 15:38:37.572 +01:00 [INF] HTTP OPTIONS /api/admin/programs/6351fee0-7260-4e43-9563-a7477eb2d87b/curricula responded 204 in 0.0214 ms
2026-06-13 15:38:37.573 +01:00 [INF] HTTP GET /api/admin/programs/bfe9d5d2-b914-4b87-a068-4aedff2cbd5f/curricula responded 200 in 15.0555 ms
2026-06-13 15:38:37.573 +01:00 [INF] HTTP OPTIONS /api/admin/programs/7df306ce-4256-4fbf-8dc4-afbd70d0a251/curricula responded 204 in 0.0091 ms
2026-06-13 15:38:37.573 +01:00 [INF] HTTP OPTIONS /api/admin/programs/6ba7f2e0-f36f-49ff-9a39-bd0ccfab5775/curricula responded 204 in 0.0020 ms
2026-06-13 15:38:37.574 +01:00 [INF] HTTP OPTIONS /api/admin/programs/56c76fe9-0f6a-439b-a699-bd2358434346/curricula responded 204 in 0.0442 ms
2026-06-13 15:38:37.574 +01:00 [INF] HTTP OPTIONS /api/admin/programs/469d40fd-2959-4622-bdda-c27b1139df60/curricula responded 204 in 0.0024 ms
2026-06-13 15:38:37.574 +01:00 [INF] HTTP OPTIONS /api/admin/programs/d653b1ad-d0d3-4009-babb-c098662147b2/curricula responded 204 in 0.0150 ms
2026-06-13 15:38:37.575 +01:00 [INF] HTTP OPTIONS /api/admin/programs/caa77aee-8674-4f31-b364-c8df0864afd6/curricula responded 204 in 0.0092 ms
2026-06-13 15:38:37.575 +01:00 [INF] HTTP OPTIONS /api/admin/programs/fc8eb05b-5c06-429b-bf42-d2ffc2f8baa9/curricula responded 204 in 0.0025 ms
2026-06-13 15:38:37.575 +01:00 [INF] HTTP OPTIONS /api/admin/programs/b8976684-96ea-440d-8cd3-db1adaebae47/curricula responded 204 in 0.0017 ms
2026-06-13 15:38:37.576 +01:00 [INF] HTTP OPTIONS /api/admin/programs/bf6986da-c275-482e-b5ca-e94b5b2a6fec/curricula responded 204 in 0.0151 ms
2026-06-13 15:38:37.576 +01:00 [INF] HTTP OPTIONS /api/admin/programs/1e99fb97-7c53-4c22-9975-eeebf693bef0/curricula responded 204 in 0.0210 ms
2026-06-13 15:38:37.576 +01:00 [INF] HTTP OPTIONS /api/admin/programs/302cd18f-647b-4c3e-9034-ef8ee6d0390e/curricula responded 204 in 0.0336 ms
2026-06-13 15:38:37.577 +01:00 [INF] HTTP OPTIONS /api/admin/programs/729e1de3-50c3-4bb3-b46c-fb90a37dcba2/curricula responded 204 in 0.0068 ms
2026-06-13 15:38:37.581 +01:00 [INF] HTTP GET /api/admin/programs/71f5092d-27ce-43c2-ac10-0759dfe391ef/curricula responded 200 in 37.8024 ms
2026-06-13 15:38:37.589 +01:00 [INF] HTTP GET /api/admin/programs/6ca9564b-b745-43be-aa3f-4dedad7eb9f7/curricula responded 200 in 11.9894 ms
2026-06-13 15:38:37.592 +01:00 [INF] HTTP GET /api/admin/programs/8fe7febc-5eca-4458-a437-5512650eb0b6/curricula responded 200 in 13.4387 ms
2026-06-13 15:38:37.594 +01:00 [INF] HTTP GET /api/admin/programs/2b09cc5a-2a1e-49bf-b539-532eeafaeff9/curricula responded 200 in 16.3207 ms
2026-06-13 15:38:37.596 +01:00 [INF] HTTP GET /api/admin/programs/747ff8cd-5660-438a-b23d-5d30f0a5a888/curricula responded 200 in 14.1760 ms
2026-06-13 15:38:37.601 +01:00 [INF] HTTP GET /api/admin/programs/8ee99692-b09b-4e10-9852-66b590651a22/curricula responded 200 in 10.8778 ms
2026-06-13 15:38:37.606 +01:00 [INF] HTTP GET /api/admin/programs/156c61fa-b96b-40e7-b39e-705751b440c3/curricula responded 200 in 11.7383 ms
2026-06-13 15:38:37.612 +01:00 [INF] HTTP GET /api/admin/programs/f94fe24b-8781-4d68-9bdb-2056692c6e91/curricula responded 200 in 67.7826 ms
2026-06-13 15:38:37.613 +01:00 [INF] HTTP GET /api/admin/programs/5126c1a2-28cc-4a6e-9223-20f0298da20b/curricula responded 200 in 68.6392 ms
2026-06-13 15:38:37.616 +01:00 [INF] HTTP GET /api/admin/programs/7096914e-1b13-4d65-a15e-8bc1a0e8ba2c/curricula responded 200 in 18.4768 ms
2026-06-13 15:38:37.617 +01:00 [INF] HTTP GET /api/admin/programs/8198d36b-7ffa-4fd5-a3aa-9448ba191a38/curricula responded 200 in 15.0558 ms
2026-06-13 15:38:37.623 +01:00 [INF] HTTP GET /api/admin/programs/baeb4a0e-abfa-437e-a0c6-97267d61ffa3/curricula responded 200 in 15.9134 ms
2026-06-13 15:38:37.629 +01:00 [INF] HTTP GET /api/admin/programs/97e9e9d4-946c-46da-af1a-9e32f6a1504a/curricula responded 200 in 15.0056 ms
2026-06-13 15:38:37.630 +01:00 [INF] HTTP GET /api/admin/programs/adcfa75d-3589-41c3-837c-6a5e70cc57d7/curricula responded 200 in 36.7788 ms
2026-06-13 15:38:37.630 +01:00 [INF] HTTP GET /api/admin/programs/f31b48cd-2858-4e82-ad94-9cc31c75a527/curricula responded 200 in 17.2799 ms
2026-06-13 15:38:37.633 +01:00 [INF] HTTP GET /api/admin/programs/6351fee0-7260-4e43-9563-a7477eb2d87b/curricula responded 200 in 15.6128 ms
2026-06-13 15:38:37.634 +01:00 [INF] HTTP GET /api/admin/programs/7df306ce-4256-4fbf-8dc4-afbd70d0a251/curricula responded 200 in 14.5829 ms
2026-06-13 15:38:37.638 +01:00 [INF] HTTP GET /api/admin/programs/6ba7f2e0-f36f-49ff-9a39-bd0ccfab5775/curricula responded 200 in 13.5789 ms
2026-06-13 15:38:37.643 +01:00 [INF] HTTP GET /api/admin/programs/d653b1ad-d0d3-4009-babb-c098662147b2/curricula responded 200 in 11.9018 ms
2026-06-13 15:38:37.646 +01:00 [INF] HTTP GET /api/admin/programs/469d40fd-2959-4622-bdda-c27b1139df60/curricula responded 200 in 15.4617 ms
2026-06-13 15:38:37.648 +01:00 [INF] HTTP GET /api/admin/programs/56c76fe9-0f6a-439b-a699-bd2358434346/curricula responded 200 in 18.2106 ms
2026-06-13 15:38:37.651 +01:00 [INF] HTTP GET /api/admin/programs/caa77aee-8674-4f31-b364-c8df0864afd6/curricula responded 200 in 16.7815 ms
2026-06-13 15:38:37.653 +01:00 [INF] HTTP GET /api/admin/programs/fc8eb05b-5c06-429b-bf42-d2ffc2f8baa9/curricula responded 200 in 17.8398 ms
2026-06-13 15:38:37.655 +01:00 [INF] HTTP GET /api/admin/programs/b8976684-96ea-440d-8cd3-db1adaebae47/curricula responded 200 in 16.3890 ms
2026-06-13 15:38:37.656 +01:00 [INF] HTTP GET /api/admin/programs/bf6986da-c275-482e-b5ca-e94b5b2a6fec/curricula responded 200 in 12.6406 ms
2026-06-13 15:38:37.660 +01:00 [INF] HTTP GET /api/admin/programs/1e99fb97-7c53-4c22-9975-eeebf693bef0/curricula responded 200 in 12.9650 ms
2026-06-13 15:38:37.662 +01:00 [INF] HTTP GET /api/admin/programs/302cd18f-647b-4c3e-9034-ef8ee6d0390e/curricula responded 200 in 12.9519 ms
2026-06-13 15:38:37.664 +01:00 [INF] HTTP GET /api/admin/programs/729e1de3-50c3-4bb3-b46c-fb90a37dcba2/curricula responded 200 in 12.4019 ms
2026-06-13 15:39:33.227 +01:00 [INF] HTTP OPTIONS /api/admin/programs responded 204 in 0.0387 ms
2026-06-13 15:39:33.227 +01:00 [INF] HTTP OPTIONS /api/admin/sessions responded 204 in 0.0072 ms
2026-06-13 15:39:33.227 +01:00 [INF] HTTP OPTIONS /api/admin/programs/6890d4e9-7fa7-4c90-a69c-00b1d40f24ab/enrollments responded 204 in 0.0088 ms
2026-06-13 15:39:33.228 +01:00 [INF] HTTP OPTIONS /api/admin/programs/6890d4e9-7fa7-4c90-a69c-00b1d40f24ab/curricula responded 204 in 0.0124 ms
2026-06-13 15:39:33.229 +01:00 [INF] HTTP OPTIONS /api/admissions/subjects responded 204 in 0.0134 ms
2026-06-13 15:39:33.248 +01:00 [INF] HTTP GET /api/admin/programs/6890d4e9-7fa7-4c90-a69c-00b1d40f24ab/enrollments responded 200 in 17.5596 ms
2026-06-13 15:39:33.251 +01:00 [INF] HTTP GET /api/admin/programs/6890d4e9-7fa7-4c90-a69c-00b1d40f24ab/curricula responded 200 in 18.5596 ms
2026-06-13 15:39:33.252 +01:00 [INF] HTTP GET /api/admin/programs responded 200 in 23.3828 ms
2026-06-13 15:39:33.254 +01:00 [INF] Initializing Entra ID Service with TenantId: c9a98a3d-152f-4eb3-b93f-9b26fdd08495, ClientId: 84022968-6bdc-4c6b-8eab-57b75fa5d0b1, Domain: wigweuniversity.edu.ng
2026-06-13 15:39:33.254 +01:00 [INF] HTTP GET /api/admin/sessions responded 200 in 25.4213 ms
2026-06-13 15:39:33.255 +01:00 [INF] Entra ID Service initialized successfully
2026-06-13 15:39:33.257 +01:00 [INF] HTTP OPTIONS /api/admin/courses responded 204 in 0.0221 ms
2026-06-13 15:39:33.258 +01:00 [INF] HTTP GET /api/admissions/subjects responded 200 in 24.9678 ms
2026-06-13 15:39:33.268 +01:00 [INF] HTTP GET /api/admin/programs/6890d4e9-7fa7-4c90-a69c-00b1d40f24ab/curricula responded 200 in 10.7085 ms
2026-06-13 15:39:33.269 +01:00 [INF] HTTP OPTIONS /api/admin/curricula/e22b1c74-7fa6-44a5-9382-d400bffece96 responded 204 in 0.0227 ms
2026-06-13 15:39:33.271 +01:00 [INF] HTTP GET /api/admin/sessions responded 200 in 14.1363 ms
2026-06-13 15:39:33.300 +01:00 [INF] HTTP GET /api/admin/curricula/e22b1c74-7fa6-44a5-9382-d400bffece96 responded 200 in 29.9550 ms
2026-06-13 15:39:33.302 +01:00 [INF] HTTP OPTIONS /api/admin/curricula/e22b1c74-7fa6-44a5-9382-d400bffece96/history responded 204 in 0.0247 ms
2026-06-13 15:39:33.315 +01:00 [INF] HTTP GET /api/admin/curricula/e22b1c74-7fa6-44a5-9382-d400bffece96/history responded 200 in 12.3180 ms
2026-06-13 15:39:33.343 +01:00 [INF] HTTP GET /api/admin/courses responded 200 in 84.6810 ms
2026-06-13 15:41:00.362 +01:00 [INF] HTTP OPTIONS /api/registry/stats responded 204 in 0.0412 ms
2026-06-13 15:41:00.393 +01:00 [INF] HTTP GET /api/registry/stats responded 200 in 29.8077 ms
2026-06-13 15:41:02.325 +01:00 [INF] HTTP OPTIONS /api/admin/sessions responded 204 in 0.0382 ms
2026-06-13 15:41:02.347 +01:00 [INF] HTTP GET /api/admin/sessions responded 200 in 21.3171 ms
2026-06-13 15:41:06.627 +01:00 [INF] HTTP OPTIONS /api/admin/courses responded 204 in 0.0466 ms
2026-06-13 15:41:06.704 +01:00 [INF] HTTP GET /api/admin/courses responded 200 in 75.8025 ms
2026-06-13 15:41:28.898 +01:00 [INF] HTTP OPTIONS /api/gradebook/migrate-classter responded 204 in 0.0450 ms
2026-06-13 15:41:29.779 +01:00 [INF] HTTP POST /api/gradebook/migrate-classter responded 200 in 874.7872 ms
2026-06-13 15:41:45.151 +01:00 [INF] HTTP OPTIONS /api/admin/courses responded 204 in 0.3336 ms
2026-06-13 15:41:45.248 +01:00 [INF] HTTP GET /api/admin/courses responded 200 in 93.1139 ms
2026-06-13 15:41:48.072 +01:00 [INF] HTTP GET /api/admin/courses responded 200 in 95.2619 ms
2026-06-13 15:41:58.214 +01:00 [INF] HTTP OPTIONS /api/gradebook/migrate-classter responded 204 in 0.0471 ms
2026-06-13 15:41:58.471 +01:00 [INF] HTTP POST /api/gradebook/migrate-classter responded 200 in 254.6013 ms
2026-06-13 15:42:26.332 +01:00 [INF] HTTP OPTIONS /api/courses/my-courses responded 204 in 0.0546 ms
2026-06-13 15:42:26.396 +01:00 [INF] HTTP GET /api/courses/my-courses responded 200 in 61.3953 ms
2026-06-13 15:44:05.996 +01:00 [INF] HTTP OPTIONS /api/me responded 204 in 0.0256 ms
2026-06-13 15:44:06.031 +01:00 [INF] HTTP GET /api/me responded 200 in 34.1637 ms
2026-06-13 15:44:06.049 +01:00 [INF] HTTP OPTIONS /api/courses/my-courses responded 204 in 0.0961 ms
2026-06-13 15:44:06.071 +01:00 [INF] HTTP GET /api/courses/my-courses responded 200 in 19.7100 ms
2026-06-13 15:44:13.828 +01:00 [INF] HTTP OPTIONS /api/me responded 204 in 0.0314 ms
2026-06-13 15:44:13.855 +01:00 [INF] HTTP GET /api/me responded 200 in 23.8960 ms
2026-06-13 15:44:13.879 +01:00 [INF] HTTP OPTIONS /api/courses/my-courses responded 204 in 0.0243 ms
2026-06-13 15:44:13.896 +01:00 [INF] HTTP GET /api/courses/my-courses responded 200 in 16.0578 ms
2026-06-13 15:47:40.564 +01:00 [INF] HTTP OPTIONS /api/me responded 204 in 0.6425 ms
2026-06-13 15:47:40.601 +01:00 [INF] HTTP GET /api/me responded 200 in 33.6384 ms
2026-06-13 15:47:40.618 +01:00 [INF] HTTP OPTIONS /api/courses/my-courses responded 204 in 0.0386 ms
2026-06-13 15:47:40.638 +01:00 [INF] HTTP GET /api/courses/my-courses responded 200 in 17.6251 ms
2026-06-13 15:53:34.966 +01:00 [INF] HTTP OPTIONS /api/admin/admission-config/gpa-scale-conversions responded 204 in 0.2351 ms
2026-06-13 15:53:34.967 +01:00 [INF] HTTP OPTIONS /api/admin/admission-config/program-prerequisites responded 204 in 0.0038 ms
2026-06-13 15:53:34.966 +01:00 [INF] HTTP OPTIONS /api/admin/admission-config/course-equivalencies responded 204 in 0.0082 ms
2026-06-13 15:53:34.967 +01:00 [INF] HTTP OPTIONS /api/admin/admission-config/program-credit-mappings responded 204 in 0.0052 ms
2026-06-13 15:53:34.969 +01:00 [INF] HTTP OPTIONS /api/admin/admission-config/grading-scales responded 204 in 0.0329 ms
2026-06-13 15:53:34.966 +01:00 [INF] HTTP OPTIONS /api/admin/admission-config/credit-transfer-rules responded 204 in 0.0595 ms
2026-06-13 15:53:35.065 +01:00 [INF] HTTP GET /api/admin/admission-config/course-equivalencies responded 200 in 95.7655 ms
2026-06-13 15:53:35.081 +01:00 [INF] HTTP GET /api/admin/admission-config/gpa-scale-conversions responded 200 in 112.0042 ms
2026-06-13 15:53:35.091 +01:00 [INF] HTTP GET /api/admin/admission-config/program-prerequisites responded 200 in 120.3947 ms
2026-06-13 15:53:35.113 +01:00 [INF] HTTP GET /api/admin/admission-config/program-credit-mappings responded 200 in 138.6586 ms
2026-06-13 15:53:35.118 +01:00 [INF] HTTP GET /api/admin/admission-config/credit-transfer-rules responded 200 in 142.8922 ms
2026-06-13 15:53:35.126 +01:00 [INF] HTTP GET /api/admin/admission-config/grading-scales responded 200 in 150.7750 ms
2026-06-13 15:54:15.350 +01:00 [INF] HTTP GET /api/admin/programs responded 200 in 33.4030 ms
2026-06-13 15:54:15.356 +01:00 [INF] HTTP GET /api/admin/students responded 200 in 40.2299 ms
2026-06-13 15:54:28.584 +01:00 [INF] HTTP GET /api/quizzes responded 200 in 47.6459 ms
2026-06-13 15:55:16.310 +01:00 [INF] HTTP OPTIONS /api/courses/my-courses responded 204 in 0.0408 ms
2026-06-13 15:55:16.345 +01:00 [INF] HTTP GET /api/courses/my-courses responded 200 in 32.6964 ms
2026-06-13 15:57:02.125 +01:00 [INF] HTTP OPTIONS /api/me responded 204 in 0.4105 ms
2026-06-13 15:57:02.175 +01:00 [INF] HTTP GET /api/me responded 200 in 46.1353 ms
2026-06-13 15:57:02.198 +01:00 [INF] HTTP OPTIONS /api/courses/my-courses responded 204 in 0.0306 ms
2026-06-13 15:57:02.253 +01:00 [INF] HTTP GET /api/courses/my-courses responded 200 in 53.4800 ms
2026-06-13 15:57:16.100 +01:00 [INF] HTTP OPTIONS /api/me responded 204 in 0.0319 ms
2026-06-13 15:57:16.147 +01:00 [INF] HTTP GET /api/me responded 200 in 42.6229 ms
2026-06-13 15:57:16.267 +01:00 [INF] HTTP OPTIONS /api/courses/my-courses responded 204 in 0.0613 ms
2026-06-13 15:57:16.474 +01:00 [INF] HTTP GET /api/courses/my-courses responded 200 in 135.5075 ms
2026-06-13 15:57:40.051 +01:00 [INF] HTTP OPTIONS /api/me responded 204 in 0.0298 ms
2026-06-13 15:57:40.083 +01:00 [INF] HTTP GET /api/me responded 200 in 29.0569 ms
2026-06-13 15:57:40.109 +01:00 [INF] HTTP OPTIONS /api/courses/my-courses responded 204 in 0.0320 ms
2026-06-13 15:57:40.142 +01:00 [INF] HTTP GET /api/courses/my-courses responded 200 in 30.7274 ms
2026-06-13 15:57:46.590 +01:00 [INF] HTTP OPTIONS /api/me responded 204 in 0.0361 ms
2026-06-13 15:57:46.625 +01:00 [INF] HTTP GET /api/me responded 200 in 33.4372 ms
2026-06-13 15:57:46.641 +01:00 [INF] HTTP OPTIONS /api/courses/my-courses responded 204 in 0.0226 ms
2026-06-13 15:57:46.659 +01:00 [INF] HTTP GET /api/courses/my-courses responded 200 in 17.1974 ms
2026-06-13 16:05:52.061 +01:00 [INF] HTTP OPTIONS /api/me responded 204 in 1.2098 ms
2026-06-13 16:05:52.151 +01:00 [INF] HTTP GET /api/me responded 200 in 86.7152 ms
2026-06-13 16:05:52.214 +01:00 [INF] HTTP OPTIONS /api/courses/my-courses responded 204 in 0.0247 ms
2026-06-13 16:05:52.359 +01:00 [INF] HTTP GET /api/courses/my-courses responded 200 in 60.5646 ms
2026-06-13 16:40:32.690 +01:00 [INF] HTTP OPTIONS /api/me responded 204 in 0.2045 ms
2026-06-13 16:40:32.702 +01:00 [INF] HTTP GET /api/me responded 200 in 10.6030 ms
2026-06-13 16:40:32.741 +01:00 [INF] HTTP OPTIONS /api/courses/my-courses responded 204 in 0.0268 ms
2026-06-13 16:40:32.752 +01:00 [INF] HTTP GET /api/courses/my-courses responded 401 in 10.0510 ms
2026-06-13 17:01:48.360 +01:00 [INF] HTTP OPTIONS /api/me responded 204 in 0.3277 ms
2026-06-13 17:01:48.379 +01:00 [INF] HTTP GET /api/me responded 200 in 6.9089 ms
2026-06-13 17:01:48.420 +01:00 [INF] HTTP OPTIONS /api/courses/my-courses responded 204 in 0.0293 ms
2026-06-13 17:01:48.428 +01:00 [INF] HTTP GET /api/courses/my-courses responded 401 in 1.7675 ms
2026-06-13 17:03:00.115 +01:00 [INF] HTTP OPTIONS /api/me responded 204 in 0.0320 ms
2026-06-13 17:03:00.124 +01:00 [INF] HTTP GET /api/me responded 200 in 7.0843 ms
2026-06-13 17:03:00.163 +01:00 [INF] HTTP OPTIONS /api/courses/my-courses responded 204 in 0.0275 ms
2026-06-13 17:03:00.172 +01:00 [INF] HTTP GET /api/courses/my-courses responded 401 in 2.4633 ms
2026-06-13 17:53:31.733 +01:00 [INF] HTTP OPTIONS /api/me responded 204 in 1.0190 ms
2026-06-13 17:53:31.747 +01:00 [INF] HTTP GET /api/me responded 200 in 2.2642 ms
2026-06-13 17:53:31.787 +01:00 [INF] HTTP OPTIONS /api/courses/my-courses responded 204 in 0.0226 ms
2026-06-13 17:53:31.789 +01:00 [INF] HTTP GET /api/courses/my-courses responded 401 in 1.2763 ms
2026-06-13 18:39:48.346 +01:00 [INF] HTTP OPTIONS /api/me responded 204 in 0.0224 ms
2026-06-13 18:39:48.397 +01:00 [INF] HTTP GET /api/me responded 200 in 49.3075 ms
2026-06-13 18:50:21.228 +01:00 [INF] HTTP OPTIONS /api/me responded 204 in 0.0214 ms
2026-06-13 18:50:21.281 +01:00 [INF] HTTP GET /api/me responded 200 in 51.9908 ms
2026-06-13 19:01:59.948 +01:00 [INF] HTTP OPTIONS /api/me responded 204 in 0.0213 ms
2026-06-13 19:02:00.029 +01:00 [INF] HTTP GET /api/me responded 200 in 79.3188 ms
2026-06-13 19:05:31.477 +01:00 [INF] HTTP OPTIONS /api/me responded 204 in 0.0230 ms
2026-06-13 19:05:31.518 +01:00 [INF] HTTP GET /api/me responded 200 in 40.1865 ms
2026-06-13 19:31:05.769 +01:00 [INF] HTTP OPTIONS /api/me responded 204 in 0.0230 ms
2026-06-13 19:31:05.839 +01:00 [INF] HTTP GET /api/me responded 200 in 69.1325 ms
2026-06-13 19:42:40.193 +01:00 [INF] HTTP OPTIONS /api/me responded 204 in 0.0202 ms
2026-06-13 19:42:40.261 +01:00 [INF] HTTP GET /api/me responded 200 in 67.1374 ms
2026-06-13 19:45:44.749 +01:00 [INF] HTTP OPTIONS /api/courses/my-courses responded 204 in 0.0394 ms
2026-06-13 19:45:44.783 +01:00 [INF] HTTP GET /api/courses/my-courses responded 200 in 23.5483 ms
2026-06-13 19:45:52.580 +01:00 [INF] HTTP OPTIONS /api/me responded 204 in 0.0504 ms
2026-06-13 19:45:52.604 +01:00 [INF] HTTP GET /api/me responded 200 in 23.1043 ms
2026-06-13 19:46:01.054 +01:00 [INF] HTTP OPTIONS /api/courses/my-courses responded 204 in 0.0286 ms
2026-06-13 19:46:01.078 +01:00 [INF] HTTP GET /api/courses/my-courses responded 200 in 22.2949 ms
2026-06-13 19:46:27.327 +01:00 [INF] HTTP OPTIONS /api/me responded 204 in 0.0224 ms
2026-06-13 19:46:27.385 +01:00 [INF] HTTP GET /api/me responded 200 in 56.2641 ms
2026-06-13 19:46:27.430 +01:00 [INF] HTTP OPTIONS /api/courses/my-courses responded 204 in 0.0506 ms
2026-06-13 19:46:27.513 +01:00 [INF] HTTP GET /api/courses/my-courses responded 200 in 81.2648 ms
