2026-06-15 09:20:11.967 +01:00 [INF] Sessions already seeded. Skipping.
2026-06-15 09:20:12.007 +01:00 [INF] Faculties already seeded. Skipping.
2026-06-15 09:20:12.021 +01:00 [INF] Departments already seeded. Skipping.
2026-06-15 09:20:12.039 +01:00 [INF] Programs already seeded. Skipping.
2026-06-15 09:20:12.090 +01:00 [INF] Lecturer john.doe@wigweuniversity.edu.ng already exists. Skipping.
2026-06-15 09:20:12.095 +01:00 [INF] Lecturer jane.smith@wigweuniversity.edu.ng already exists. Skipping.
2026-06-15 09:20:12.115 +01:00 [INF] All document types already exist. Skipping.
2026-06-15 09:20:12.128 +01:00 [INF] Sponsors already seeded. Skipping.
2026-06-15 09:20:12.173 +01:00 [INF] Subjects already seeded. Skipping.
2026-06-15 09:20:12.240 +01:00 [INF] Countries already seeded. Skipping.
2026-06-15 09:20:12.256 +01:00 [INF] Grading scales already seeded. Skipping.
2026-06-15 09:20:12.297 +01:00 [INF] Credit transfer rules already seeded. Skipping.
2026-06-15 09:20:12.312 +01:00 [INF] Program credit mappings already seeded. Skipping.
2026-06-15 09:20:12.314 +01:00 [INF] Database initialization completed successfully.
2026-06-15 09:20:12.386 +01:00 [INF] Initializing Entra ID Service with TenantId: c9a98a3d-152f-4eb3-b93f-9b26fdd08495, ClientId: 84022968-6bdc-4c6b-8eab-57b75fa5d0b1, Domain: wigweuniversity.edu.ng
2026-06-15 09:20:12.414 +01:00 [INF] Entra ID Service initialized successfully
2026-06-15 09:20:12.687 +01:00 [INF] Registered 287 endpoints in 2,731 milliseconds.
2026-06-15 09:20:12.723 +01:00 [ERR] Hosting failed to start
System.IO.IOException: Failed to bind to address http://127.0.0.1:5021: address already in use.
 ---> Microsoft.AspNetCore.Connections.AddressInUseException: Address already in use
 ---> System.Net.Sockets.SocketException (48): Address already in use
   at System.Net.Sockets.Socket.UpdateStatusAfterSocketErrorAndThrowException(SocketError error, Boolean disconnectOnFailure, String callerName)
   at System.Net.Sockets.Socket.DoBind(EndPoint endPointSnapshot, SocketAddress socketAddress)
   at System.Net.Sockets.Socket.Bind(EndPoint localEP)
   at Microsoft.AspNetCore.Server.Kestrel.Transport.Sockets.SocketTransportOptions.CreateDefaultBoundListenSocket(EndPoint endpoint)
   at Microsoft.AspNetCore.Server.Kestrel.Transport.Sockets.SocketConnectionListener.Bind()
   --- End of inner exception stack trace ---
   at Microsoft.AspNetCore.Server.Kestrel.Transport.Sockets.SocketConnectionListener.Bind()
   at Microsoft.AspNetCore.Server.Kestrel.Transport.Sockets.SocketTransportFactory.BindAsync(EndPoint endpoint, CancellationToken cancellationToken)
   at Microsoft.AspNetCore.Server.Kestrel.Core.Internal.Infrastructure.TransportManager.BindAsync(EndPoint endPoint, ConnectionDelegate connectionDelegate, EndpointConfig endpointConfig, CancellationToken cancellationToken)
   at Microsoft.AspNetCore.Server.Kestrel.Core.KestrelServerImpl.<>c__DisplayClass28_0`1.<<StartAsync>g__OnBind|0>d.MoveNext()
--- End of stack trace from previous location ---
   at Microsoft.AspNetCore.Server.Kestrel.Core.Internal.AddressBinder.BindEndpointAsync(ListenOptions endpoint, AddressBindContext context, CancellationToken cancellationToken)
   --- End of inner exception stack trace ---
   at Microsoft.AspNetCore.Server.Kestrel.Core.Internal.AddressBinder.BindEndpointAsync(ListenOptions endpoint, AddressBindContext context, CancellationToken cancellationToken)
   at Microsoft.AspNetCore.Server.Kestrel.Core.LocalhostListenOptions.BindAsync(AddressBindContext context, CancellationToken cancellationToken)
   at Microsoft.AspNetCore.Server.Kestrel.Core.Internal.AddressBinder.AddressesStrategy.BindAsync(AddressBindContext context, CancellationToken cancellationToken)
   at Microsoft.AspNetCore.Server.Kestrel.Core.KestrelServerImpl.BindAsync(CancellationToken cancellationToken)
   at Microsoft.AspNetCore.Server.Kestrel.Core.KestrelServerImpl.StartAsync[TContext](IHttpApplication`1 application, CancellationToken cancellationToken)
   at Microsoft.AspNetCore.Hosting.GenericWebHostService.StartAsync(CancellationToken cancellationToken)
   at Microsoft.Extensions.Hosting.Internal.Host.<StartAsync>b__14_1(IHostedService service, CancellationToken token)
   at Microsoft.Extensions.Hosting.Internal.Host.ForeachService[T](IEnumerable`1 services, CancellationToken token, Boolean concurrent, Boolean abortOnFirstException, List`1 exceptions, Func`3 operation)
2026-06-15 09:24:06.433 +01:00 [INF] HTTP OPTIONS /api/me responded 204 in 4.7004 ms
2026-06-15 09:24:06.487 +01:00 [INF] HTTP GET /api/me responded 200 in 18.9149 ms
2026-06-15 09:24:06.539 +01:00 [INF] HTTP OPTIONS /api/courses/my-courses responded 204 in 0.0205 ms
2026-06-15 09:24:06.549 +01:00 [INF] HTTP GET /api/courses/my-courses responded 401 in 8.7135 ms
2026-06-15 09:24:27.585 +01:00 [INF] HTTP OPTIONS /api/me responded 204 in 0.0227 ms
2026-06-15 09:24:27.588 +01:00 [INF] HTTP GET /api/me responded 200 in 2.5870 ms
2026-06-15 09:24:34.603 +01:00 [INF] HTTP OPTIONS /api/me responded 204 in 0.0369 ms
2026-06-15 09:24:34.657 +01:00 [INF] HTTP GET /api/me responded 200 in 53.2725 ms
2026-06-15 09:24:43.304 +01:00 [INF] HTTP OPTIONS /api/admin/sessions responded 204 in 0.0492 ms
2026-06-15 09:24:43.306 +01:00 [INF] HTTP OPTIONS /api/lecture-sessions responded 204 in 0.0295 ms
2026-06-15 09:24:43.307 +01:00 [INF] HTTP OPTIONS /api/timetable/lecturers responded 204 in 0.0239 ms
2026-06-15 09:24:43.328 +01:00 [INF] HTTP GET /api/admin/sessions responded 200 in 21.3853 ms
2026-06-15 09:24:43.395 +01:00 [INF] HTTP GET /api/timetable/lecturers responded 200 in 86.8927 ms
2026-06-15 09:24:43.457 +01:00 [INF] HTTP GET /api/lecture-sessions responded 200 in 148.1923 ms
2026-06-15 09:25:13.077 +01:00 [INF] HTTP OPTIONS /api/admissions/applications responded 204 in 0.0513 ms
2026-06-15 09:25:13.105 +01:00 [INF] Initializing Entra ID Service with TenantId: c9a98a3d-152f-4eb3-b93f-9b26fdd08495, ClientId: 84022968-6bdc-4c6b-8eab-57b75fa5d0b1, Domain: wigweuniversity.edu.ng
2026-06-15 09:25:13.110 +01:00 [INF] Entra ID Service initialized successfully
2026-06-15 09:25:13.230 +01:00 [INF] HTTP GET /api/admissions/applications responded 200 in 151.9457 ms
2026-06-15 09:26:03.424 +01:00 [INF] HTTP OPTIONS /api/me responded 204 in 0.0213 ms
2026-06-15 09:26:03.442 +01:00 [INF] HTTP GET /api/me responded 200 in 18.3187 ms
2026-06-15 09:26:03.469 +01:00 [INF] HTTP OPTIONS /api/admissions/document-types responded 204 in 0.0813 ms
2026-06-15 09:26:03.470 +01:00 [INF] HTTP OPTIONS /api/admissions/document-types responded 204 in 0.0171 ms
2026-06-15 09:26:03.470 +01:00 [INF] HTTP OPTIONS /api/admissions/faculties responded 204 in 0.0111 ms
2026-06-15 09:26:03.472 +01:00 [INF] HTTP OPTIONS /api/admissions/sessions responded 204 in 0.0129 ms
2026-06-15 09:26:03.472 +01:00 [INF] HTTP OPTIONS /api/admissions/sponsors responded 204 in 0.0083 ms
2026-06-15 09:26:03.473 +01:00 [INF] HTTP OPTIONS /api/admissions/subjects responded 204 in 0.0189 ms
2026-06-15 09:26:03.473 +01:00 [INF] HTTP OPTIONS /api/admissions/levels responded 204 in 0.0069 ms
2026-06-15 09:26:03.474 +01:00 [INF] HTTP OPTIONS /api/countries responded 204 in 0.0078 ms
2026-06-15 09:26:03.510 +01:00 [INF] Initializing Entra ID Service with TenantId: c9a98a3d-152f-4eb3-b93f-9b26fdd08495, ClientId: 84022968-6bdc-4c6b-8eab-57b75fa5d0b1, Domain: wigweuniversity.edu.ng
2026-06-15 09:26:03.510 +01:00 [INF] Entra ID Service initialized successfully
2026-06-15 09:26:03.517 +01:00 [INF] Initializing Entra ID Service with TenantId: c9a98a3d-152f-4eb3-b93f-9b26fdd08495, ClientId: 84022968-6bdc-4c6b-8eab-57b75fa5d0b1, Domain: wigweuniversity.edu.ng
2026-06-15 09:26:03.518 +01:00 [INF] Entra ID Service initialized successfully
2026-06-15 09:26:03.526 +01:00 [INF] HTTP GET /api/admissions/document-types responded 200 in 55.9653 ms
2026-06-15 09:26:03.528 +01:00 [INF] HTTP GET /api/admissions/document-types responded 200 in 57.4539 ms
2026-06-15 09:26:03.530 +01:00 [INF] HTTP GET /api/admissions/faculties responded 200 in 59.5380 ms
2026-06-15 09:26:03.531 +01:00 [INF] Initializing Entra ID Service with TenantId: c9a98a3d-152f-4eb3-b93f-9b26fdd08495, ClientId: 84022968-6bdc-4c6b-8eab-57b75fa5d0b1, Domain: wigweuniversity.edu.ng
2026-06-15 09:26:03.531 +01:00 [INF] Entra ID Service initialized successfully
2026-06-15 09:26:03.535 +01:00 [INF] HTTP GET /api/admissions/subjects responded 200 in 58.5148 ms
2026-06-15 09:26:03.538 +01:00 [INF] Initializing Entra ID Service with TenantId: c9a98a3d-152f-4eb3-b93f-9b26fdd08495, ClientId: 84022968-6bdc-4c6b-8eab-57b75fa5d0b1, Domain: wigweuniversity.edu.ng
2026-06-15 09:26:03.538 +01:00 [INF] Entra ID Service initialized successfully
2026-06-15 09:26:03.539 +01:00 [INF] Initializing Entra ID Service with TenantId: c9a98a3d-152f-4eb3-b93f-9b26fdd08495, ClientId: 84022968-6bdc-4c6b-8eab-57b75fa5d0b1, Domain: wigweuniversity.edu.ng
2026-06-15 09:26:03.540 +01:00 [INF] Entra ID Service initialized successfully
2026-06-15 09:26:03.545 +01:00 [INF] Initializing Entra ID Service with TenantId: c9a98a3d-152f-4eb3-b93f-9b26fdd08495, ClientId: 84022968-6bdc-4c6b-8eab-57b75fa5d0b1, Domain: wigweuniversity.edu.ng
2026-06-15 09:26:03.545 +01:00 [INF] Entra ID Service initialized successfully
2026-06-15 09:26:03.546 +01:00 [INF] HTTP GET /api/admissions/faculties responded 200 in 15.4309 ms
2026-06-15 09:26:03.546 +01:00 [INF] HTTP GET /api/admissions/sessions responded 200 in 73.5522 ms
2026-06-15 09:26:03.549 +01:00 [INF] HTTP OPTIONS /api/admissions/programs/780adcfd-92ad-4f80-8ec4-d97ae6b165e0 responded 204 in 0.0189 ms
2026-06-15 09:26:03.550 +01:00 [INF] HTTP OPTIONS /api/admissions/programs/0d17b27c-131d-4205-876a-3bd064ba8814 responded 204 in 0.3234 ms
2026-06-15 09:26:03.550 +01:00 [INF] HTTP OPTIONS /api/admissions/programs/57bcd87b-51c8-4110-a3a4-ae2f2175864e responded 204 in 0.0204 ms
2026-06-15 09:26:03.550 +01:00 [INF] HTTP OPTIONS /api/admissions/programs/5b02c1f7-ebf7-4698-8998-587a2ef867e7 responded 204 in 0.0319 ms
2026-06-15 09:26:03.560 +01:00 [INF] HTTP GET /api/admissions/levels responded 200 in 32.3978 ms
2026-06-15 09:26:03.562 +01:00 [INF] HTTP GET /api/admissions/sponsors responded 200 in 87.8473 ms
2026-06-15 09:26:03.565 +01:00 [INF] Initializing Entra ID Service with TenantId: c9a98a3d-152f-4eb3-b93f-9b26fdd08495, ClientId: 84022968-6bdc-4c6b-8eab-57b75fa5d0b1, Domain: wigweuniversity.edu.ng
2026-06-15 09:26:03.565 +01:00 [INF] Entra ID Service initialized successfully
2026-06-15 09:26:03.567 +01:00 [INF] Initializing Entra ID Service with TenantId: c9a98a3d-152f-4eb3-b93f-9b26fdd08495, ClientId: 84022968-6bdc-4c6b-8eab-57b75fa5d0b1, Domain: wigweuniversity.edu.ng
2026-06-15 09:26:03.567 +01:00 [INF] HTTP GET /api/countries responded 200 in 38.9628 ms
2026-06-15 09:26:03.567 +01:00 [INF] Entra ID Service initialized successfully
2026-06-15 09:26:03.572 +01:00 [INF] Initializing Entra ID Service with TenantId: c9a98a3d-152f-4eb3-b93f-9b26fdd08495, ClientId: 84022968-6bdc-4c6b-8eab-57b75fa5d0b1, Domain: wigweuniversity.edu.ng
2026-06-15 09:26:03.573 +01:00 [INF] Entra ID Service initialized successfully
2026-06-15 09:26:03.579 +01:00 [INF] Initializing Entra ID Service with TenantId: c9a98a3d-152f-4eb3-b93f-9b26fdd08495, ClientId: 84022968-6bdc-4c6b-8eab-57b75fa5d0b1, Domain: wigweuniversity.edu.ng
2026-06-15 09:26:03.579 +01:00 [INF] Entra ID Service initialized successfully
2026-06-15 09:26:03.582 +01:00 [INF] HTTP GET /api/admissions/programs/780adcfd-92ad-4f80-8ec4-d97ae6b165e0 responded 200 in 31.3860 ms
2026-06-15 09:26:03.582 +01:00 [INF] HTTP GET /api/admissions/programs/57bcd87b-51c8-4110-a3a4-ae2f2175864e responded 200 in 30.9140 ms
2026-06-15 09:26:03.582 +01:00 [INF] HTTP GET /api/admissions/programs/0d17b27c-131d-4205-876a-3bd064ba8814 responded 200 in 30.9140 ms
2026-06-15 09:26:03.583 +01:00 [INF] HTTP GET /api/admissions/programs/5b02c1f7-ebf7-4698-8998-587a2ef867e7 responded 200 in 22.0428 ms
2026-06-15 09:27:13.463 +01:00 [INF] HTTP OPTIONS /api/me responded 204 in 0.0223 ms
2026-06-15 09:27:13.478 +01:00 [INF] HTTP GET /api/me responded 200 in 14.3414 ms
2026-06-15 09:27:13.497 +01:00 [INF] HTTP OPTIONS /api/admissions/document-types responded 204 in 0.0397 ms
2026-06-15 09:27:13.498 +01:00 [INF] HTTP OPTIONS /api/admissions/document-types responded 204 in 0.0191 ms
2026-06-15 09:27:13.498 +01:00 [INF] HTTP OPTIONS /api/admissions/faculties responded 204 in 0.0112 ms
2026-06-15 09:27:13.499 +01:00 [INF] HTTP OPTIONS /api/admissions/sponsors responded 204 in 0.0311 ms
2026-06-15 09:27:13.499 +01:00 [INF] HTTP OPTIONS /api/admissions/subjects responded 204 in 0.0055 ms
2026-06-15 09:27:13.498 +01:00 [INF] HTTP OPTIONS /api/admissions/sessions responded 204 in 0.0075 ms
2026-06-15 09:27:13.501 +01:00 [INF] HTTP OPTIONS /api/admissions/levels responded 204 in 0.4485 ms
2026-06-15 09:27:13.501 +01:00 [INF] HTTP OPTIONS /api/admissions/faculties responded 204 in 0.0078 ms
2026-06-15 09:27:13.501 +01:00 [INF] HTTP OPTIONS /api/countries responded 204 in 0.0051 ms
2026-06-15 09:27:13.520 +01:00 [INF] Initializing Entra ID Service with TenantId: c9a98a3d-152f-4eb3-b93f-9b26fdd08495, ClientId: 84022968-6bdc-4c6b-8eab-57b75fa5d0b1, Domain: wigweuniversity.edu.ng
2026-06-15 09:27:13.520 +01:00 [INF] Entra ID Service initialized successfully
2026-06-15 09:27:13.522 +01:00 [INF] HTTP GET /api/admissions/sponsors responded 200 in 16.9830 ms
2026-06-15 09:27:13.523 +01:00 [INF] HTTP GET /api/admissions/document-types responded 200 in 20.0900 ms
2026-06-15 09:27:13.528 +01:00 [INF] HTTP GET /api/admissions/document-types responded 200 in 26.0072 ms
2026-06-15 09:27:13.528 +01:00 [INF] Initializing Entra ID Service with TenantId: c9a98a3d-152f-4eb3-b93f-9b26fdd08495, ClientId: 84022968-6bdc-4c6b-8eab-57b75fa5d0b1, Domain: wigweuniversity.edu.ng
2026-06-15 09:27:13.529 +01:00 [INF] Entra ID Service initialized successfully
2026-06-15 09:27:13.531 +01:00 [INF] HTTP GET /api/admissions/subjects responded 200 in 25.0712 ms
2026-06-15 09:27:13.531 +01:00 [INF] Initializing Entra ID Service with TenantId: c9a98a3d-152f-4eb3-b93f-9b26fdd08495, ClientId: 84022968-6bdc-4c6b-8eab-57b75fa5d0b1, Domain: wigweuniversity.edu.ng
2026-06-15 09:27:13.531 +01:00 [INF] Entra ID Service initialized successfully
2026-06-15 09:27:13.533 +01:00 [INF] HTTP GET /api/admissions/sessions responded 200 in 27.6418 ms
2026-06-15 09:27:13.534 +01:00 [INF] Initializing Entra ID Service with TenantId: c9a98a3d-152f-4eb3-b93f-9b26fdd08495, ClientId: 84022968-6bdc-4c6b-8eab-57b75fa5d0b1, Domain: wigweuniversity.edu.ng
2026-06-15 09:27:13.534 +01:00 [INF] Entra ID Service initialized successfully
2026-06-15 09:27:13.535 +01:00 [INF] Initializing Entra ID Service with TenantId: c9a98a3d-152f-4eb3-b93f-9b26fdd08495, ClientId: 84022968-6bdc-4c6b-8eab-57b75fa5d0b1, Domain: wigweuniversity.edu.ng
2026-06-15 09:27:13.535 +01:00 [INF] Entra ID Service initialized successfully
2026-06-15 09:27:13.536 +01:00 [INF] HTTP GET /api/admissions/faculties responded 200 in 32.1452 ms
2026-06-15 09:27:13.539 +01:00 [INF] HTTP GET /api/countries responded 200 in 14.9486 ms
2026-06-15 09:27:13.540 +01:00 [INF] HTTP GET /api/admissions/levels responded 200 in 16.9756 ms
2026-06-15 09:27:13.549 +01:00 [INF] Initializing Entra ID Service with TenantId: c9a98a3d-152f-4eb3-b93f-9b26fdd08495, ClientId: 84022968-6bdc-4c6b-8eab-57b75fa5d0b1, Domain: wigweuniversity.edu.ng
2026-06-15 09:27:13.549 +01:00 [INF] Entra ID Service initialized successfully
2026-06-15 09:27:13.551 +01:00 [INF] HTTP GET /api/admissions/faculties responded 200 in 14.3858 ms
2026-06-15 09:27:13.553 +01:00 [INF] HTTP OPTIONS /api/admissions/programs/780adcfd-92ad-4f80-8ec4-d97ae6b165e0 responded 204 in 0.0203 ms
2026-06-15 09:27:13.553 +01:00 [INF] HTTP OPTIONS /api/admissions/programs/0d17b27c-131d-4205-876a-3bd064ba8814 responded 204 in 0.0059 ms
2026-06-15 09:27:13.554 +01:00 [INF] HTTP OPTIONS /api/admissions/programs/57bcd87b-51c8-4110-a3a4-ae2f2175864e responded 204 in 0.0032 ms
2026-06-15 09:27:13.554 +01:00 [INF] HTTP OPTIONS /api/admissions/programs/5b02c1f7-ebf7-4698-8998-587a2ef867e7 responded 204 in 0.0055 ms
2026-06-15 09:27:13.563 +01:00 [INF] Initializing Entra ID Service with TenantId: c9a98a3d-152f-4eb3-b93f-9b26fdd08495, ClientId: 84022968-6bdc-4c6b-8eab-57b75fa5d0b1, Domain: wigweuniversity.edu.ng
2026-06-15 09:27:13.563 +01:00 [INF] Entra ID Service initialized successfully
2026-06-15 09:27:13.563 +01:00 [INF] Initializing Entra ID Service with TenantId: c9a98a3d-152f-4eb3-b93f-9b26fdd08495, ClientId: 84022968-6bdc-4c6b-8eab-57b75fa5d0b1, Domain: wigweuniversity.edu.ng
2026-06-15 09:27:13.564 +01:00 [INF] Entra ID Service initialized successfully
2026-06-15 09:27:13.565 +01:00 [INF] Initializing Entra ID Service with TenantId: c9a98a3d-152f-4eb3-b93f-9b26fdd08495, ClientId: 84022968-6bdc-4c6b-8eab-57b75fa5d0b1, Domain: wigweuniversity.edu.ng
2026-06-15 09:27:13.565 +01:00 [INF] Entra ID Service initialized successfully
2026-06-15 09:27:13.565 +01:00 [INF] HTTP GET /api/admissions/programs/0d17b27c-131d-4205-876a-3bd064ba8814 responded 200 in 11.4460 ms
2026-06-15 09:27:13.566 +01:00 [INF] HTTP GET /api/admissions/programs/5b02c1f7-ebf7-4698-8998-587a2ef867e7 responded 200 in 11.0329 ms
2026-06-15 09:27:13.567 +01:00 [INF] HTTP GET /api/admissions/programs/57bcd87b-51c8-4110-a3a4-ae2f2175864e responded 200 in 12.5252 ms
2026-06-15 09:27:13.568 +01:00 [INF] Initializing Entra ID Service with TenantId: c9a98a3d-152f-4eb3-b93f-9b26fdd08495, ClientId: 84022968-6bdc-4c6b-8eab-57b75fa5d0b1, Domain: wigweuniversity.edu.ng
2026-06-15 09:27:13.568 +01:00 [INF] Entra ID Service initialized successfully
2026-06-15 09:27:13.570 +01:00 [INF] HTTP GET /api/admissions/programs/780adcfd-92ad-4f80-8ec4-d97ae6b165e0 responded 200 in 16.3715 ms
2026-06-15 09:27:21.341 +01:00 [INF] HTTP OPTIONS /api/me responded 204 in 0.0758 ms
2026-06-15 09:27:21.366 +01:00 [INF] HTTP OPTIONS /api/admissions/document-types responded 204 in 0.0393 ms
2026-06-15 09:27:21.369 +01:00 [INF] HTTP OPTIONS /api/admissions/document-types responded 204 in 0.0231 ms
2026-06-15 09:27:21.369 +01:00 [INF] HTTP OPTIONS /api/admissions/faculties responded 204 in 0.0082 ms
2026-06-15 09:27:21.369 +01:00 [INF] HTTP OPTIONS /api/admissions/sessions responded 204 in 0.0061 ms
2026-06-15 09:27:21.376 +01:00 [INF] HTTP OPTIONS /api/admissions/sponsors responded 204 in 0.0233 ms
2026-06-15 09:27:21.376 +01:00 [INF] HTTP OPTIONS /api/admissions/subjects responded 204 in 0.0233 ms
2026-06-15 09:27:21.377 +01:00 [INF] HTTP OPTIONS /api/admissions/levels responded 204 in 0.0182 ms
2026-06-15 09:27:21.377 +01:00 [INF] HTTP OPTIONS /api/countries responded 204 in 0.0055 ms
2026-06-15 09:27:21.390 +01:00 [INF] Initializing Entra ID Service with TenantId: c9a98a3d-152f-4eb3-b93f-9b26fdd08495, ClientId: 84022968-6bdc-4c6b-8eab-57b75fa5d0b1, Domain: wigweuniversity.edu.ng
2026-06-15 09:27:21.390 +01:00 [INF] HTTP GET /api/admissions/document-types responded 200 in 23.2545 ms
2026-06-15 09:27:21.390 +01:00 [INF] Entra ID Service initialized successfully
2026-06-15 09:27:21.392 +01:00 [INF] Initializing Entra ID Service with TenantId: c9a98a3d-152f-4eb3-b93f-9b26fdd08495, ClientId: 84022968-6bdc-4c6b-8eab-57b75fa5d0b1, Domain: wigweuniversity.edu.ng
2026-06-15 09:27:21.392 +01:00 [INF] HTTP GET /api/admissions/faculties responded 200 in 15.0826 ms
2026-06-15 09:27:21.392 +01:00 [INF] Entra ID Service initialized successfully
2026-06-15 09:27:21.394 +01:00 [INF] HTTP GET /api/admissions/sponsors responded 200 in 14.4258 ms
2026-06-15 09:27:21.398 +01:00 [INF] HTTP GET /api/admissions/document-types responded 200 in 20.9941 ms
2026-06-15 09:27:21.400 +01:00 [INF] Initializing Entra ID Service with TenantId: c9a98a3d-152f-4eb3-b93f-9b26fdd08495, ClientId: 84022968-6bdc-4c6b-8eab-57b75fa5d0b1, Domain: wigweuniversity.edu.ng
2026-06-15 09:27:21.401 +01:00 [INF] Entra ID Service initialized successfully
2026-06-15 09:27:21.403 +01:00 [INF] HTTP GET /api/admissions/sessions responded 200 in 25.3938 ms
2026-06-15 09:27:21.406 +01:00 [INF] Initializing Entra ID Service with TenantId: c9a98a3d-152f-4eb3-b93f-9b26fdd08495, ClientId: 84022968-6bdc-4c6b-8eab-57b75fa5d0b1, Domain: wigweuniversity.edu.ng
2026-06-15 09:27:21.406 +01:00 [INF] Entra ID Service initialized successfully
2026-06-15 09:27:21.408 +01:00 [INF] Initializing Entra ID Service with TenantId: c9a98a3d-152f-4eb3-b93f-9b26fdd08495, ClientId: 84022968-6bdc-4c6b-8eab-57b75fa5d0b1, Domain: wigweuniversity.edu.ng
2026-06-15 09:27:21.408 +01:00 [INF] HTTP GET /api/admissions/subjects responded 200 in 28.0128 ms
2026-06-15 09:27:21.408 +01:00 [INF] Entra ID Service initialized successfully
2026-06-15 09:27:21.412 +01:00 [INF] HTTP GET /api/admissions/levels responded 200 in 20.7778 ms
2026-06-15 09:27:21.412 +01:00 [INF] HTTP GET /api/countries responded 200 in 19.3355 ms
2026-06-15 09:27:21.414 +01:00 [INF] Initializing Entra ID Service with TenantId: c9a98a3d-152f-4eb3-b93f-9b26fdd08495, ClientId: 84022968-6bdc-4c6b-8eab-57b75fa5d0b1, Domain: wigweuniversity.edu.ng
2026-06-15 09:27:21.414 +01:00 [INF] Entra ID Service initialized successfully
2026-06-15 09:27:21.416 +01:00 [INF] HTTP GET /api/admissions/faculties responded 200 in 20.7448 ms
2026-06-15 09:27:21.418 +01:00 [INF] HTTP OPTIONS /api/admissions/programs/780adcfd-92ad-4f80-8ec4-d97ae6b165e0 responded 204 in 0.0183 ms
2026-06-15 09:27:21.418 +01:00 [INF] HTTP OPTIONS /api/admissions/programs/0d17b27c-131d-4205-876a-3bd064ba8814 responded 204 in 0.0053 ms
2026-06-15 09:27:21.419 +01:00 [INF] HTTP OPTIONS /api/admissions/programs/57bcd87b-51c8-4110-a3a4-ae2f2175864e responded 204 in 0.0077 ms
2026-06-15 09:27:21.419 +01:00 [INF] HTTP OPTIONS /api/admissions/programs/5b02c1f7-ebf7-4698-8998-587a2ef867e7 responded 204 in 0.0029 ms
2026-06-15 09:27:21.427 +01:00 [INF] Initializing Entra ID Service with TenantId: c9a98a3d-152f-4eb3-b93f-9b26fdd08495, ClientId: 84022968-6bdc-4c6b-8eab-57b75fa5d0b1, Domain: wigweuniversity.edu.ng
2026-06-15 09:27:21.427 +01:00 [INF] Entra ID Service initialized successfully
2026-06-15 09:27:21.429 +01:00 [INF] Initializing Entra ID Service with TenantId: c9a98a3d-152f-4eb3-b93f-9b26fdd08495, ClientId: 84022968-6bdc-4c6b-8eab-57b75fa5d0b1, Domain: wigweuniversity.edu.ng
2026-06-15 09:27:21.429 +01:00 [INF] Entra ID Service initialized successfully
2026-06-15 09:27:21.430 +01:00 [INF] HTTP GET /api/admissions/programs/0d17b27c-131d-4205-876a-3bd064ba8814 responded 200 in 11.4694 ms
2026-06-15 09:27:21.431 +01:00 [INF] HTTP GET /api/admissions/programs/780adcfd-92ad-4f80-8ec4-d97ae6b165e0 responded 200 in 12.5776 ms
2026-06-15 09:27:21.432 +01:00 [INF] Initializing Entra ID Service with TenantId: c9a98a3d-152f-4eb3-b93f-9b26fdd08495, ClientId: 84022968-6bdc-4c6b-8eab-57b75fa5d0b1, Domain: wigweuniversity.edu.ng
2026-06-15 09:27:21.432 +01:00 [INF] Entra ID Service initialized successfully
2026-06-15 09:27:21.432 +01:00 [INF] Initializing Entra ID Service with TenantId: c9a98a3d-152f-4eb3-b93f-9b26fdd08495, ClientId: 84022968-6bdc-4c6b-8eab-57b75fa5d0b1, Domain: wigweuniversity.edu.ng
2026-06-15 09:27:21.433 +01:00 [INF] Entra ID Service initialized successfully
2026-06-15 09:27:21.433 +01:00 [INF] HTTP GET /api/admissions/programs/57bcd87b-51c8-4110-a3a4-ae2f2175864e responded 200 in 14.2835 ms
2026-06-15 09:27:21.434 +01:00 [INF] HTTP GET /api/admissions/programs/5b02c1f7-ebf7-4698-8998-587a2ef867e7 responded 200 in 15.0545 ms
2026-06-15 09:27:23.373 +01:00 [INF] HTTP GET /api/me responded 200 in 16.5133 ms
2026-06-15 09:27:23.404 +01:00 [INF] Initializing Entra ID Service with TenantId: c9a98a3d-152f-4eb3-b93f-9b26fdd08495, ClientId: 84022968-6bdc-4c6b-8eab-57b75fa5d0b1, Domain: wigweuniversity.edu.ng
2026-06-15 09:27:23.405 +01:00 [INF] Entra ID Service initialized successfully
2026-06-15 09:27:23.407 +01:00 [INF] HTTP GET /api/admissions/sessions responded 200 in 18.9135 ms
2026-06-15 09:27:23.407 +01:00 [INF] Initializing Entra ID Service with TenantId: c9a98a3d-152f-4eb3-b93f-9b26fdd08495, ClientId: 84022968-6bdc-4c6b-8eab-57b75fa5d0b1, Domain: wigweuniversity.edu.ng
2026-06-15 09:27:23.407 +01:00 [INF] Entra ID Service initialized successfully
2026-06-15 09:27:23.409 +01:00 [INF] Initializing Entra ID Service with TenantId: c9a98a3d-152f-4eb3-b93f-9b26fdd08495, ClientId: 84022968-6bdc-4c6b-8eab-57b75fa5d0b1, Domain: wigweuniversity.edu.ng
2026-06-15 09:27:23.409 +01:00 [INF] Entra ID Service initialized successfully
2026-06-15 09:27:23.410 +01:00 [INF] HTTP GET /api/admissions/sponsors responded 200 in 21.7964 ms
2026-06-15 09:27:23.411 +01:00 [INF] HTTP GET /api/admissions/faculties responded 200 in 23.1826 ms
2026-06-15 09:27:23.413 +01:00 [INF] HTTP GET /api/admissions/document-types responded 200 in 26.5415 ms
2026-06-15 09:27:23.416 +01:00 [INF] Initializing Entra ID Service with TenantId: c9a98a3d-152f-4eb3-b93f-9b26fdd08495, ClientId: 84022968-6bdc-4c6b-8eab-57b75fa5d0b1, Domain: wigweuniversity.edu.ng
2026-06-15 09:27:23.416 +01:00 [INF] Entra ID Service initialized successfully
2026-06-15 09:27:23.418 +01:00 [INF] HTTP GET /api/admissions/subjects responded 200 in 29.8258 ms
2026-06-15 09:27:23.421 +01:00 [INF] Initializing Entra ID Service with TenantId: c9a98a3d-152f-4eb3-b93f-9b26fdd08495, ClientId: 84022968-6bdc-4c6b-8eab-57b75fa5d0b1, Domain: wigweuniversity.edu.ng
2026-06-15 09:27:23.421 +01:00 [INF] HTTP GET /api/admissions/document-types responded 200 in 33.1914 ms
2026-06-15 09:27:23.421 +01:00 [INF] Entra ID Service initialized successfully
2026-06-15 09:27:23.423 +01:00 [INF] Initializing Entra ID Service with TenantId: c9a98a3d-152f-4eb3-b93f-9b26fdd08495, ClientId: 84022968-6bdc-4c6b-8eab-57b75fa5d0b1, Domain: wigweuniversity.edu.ng
2026-06-15 09:27:23.424 +01:00 [INF] Entra ID Service initialized successfully
2026-06-15 09:27:23.425 +01:00 [INF] HTTP GET /api/admissions/levels responded 200 in 17.3820 ms
2026-06-15 09:27:23.425 +01:00 [INF] HTTP GET /api/admissions/faculties responded 200 in 13.5551 ms
2026-06-15 09:27:23.427 +01:00 [INF] HTTP GET /api/countries responded 200 in 16.5122 ms
2026-06-15 09:27:23.439 +01:00 [INF] Initializing Entra ID Service with TenantId: c9a98a3d-152f-4eb3-b93f-9b26fdd08495, ClientId: 84022968-6bdc-4c6b-8eab-57b75fa5d0b1, Domain: wigweuniversity.edu.ng
2026-06-15 09:27:23.439 +01:00 [INF] Entra ID Service initialized successfully
2026-06-15 09:27:23.440 +01:00 [INF] Initializing Entra ID Service with TenantId: c9a98a3d-152f-4eb3-b93f-9b26fdd08495, ClientId: 84022968-6bdc-4c6b-8eab-57b75fa5d0b1, Domain: wigweuniversity.edu.ng
2026-06-15 09:27:23.440 +01:00 [INF] Entra ID Service initialized successfully
2026-06-15 09:27:23.441 +01:00 [INF] HTTP GET /api/admissions/programs/57bcd87b-51c8-4110-a3a4-ae2f2175864e responded 200 in 13.1093 ms
2026-06-15 09:27:23.441 +01:00 [INF] HTTP GET /api/admissions/programs/780adcfd-92ad-4f80-8ec4-d97ae6b165e0 responded 200 in 14.3251 ms
2026-06-15 09:27:23.441 +01:00 [INF] Initializing Entra ID Service with TenantId: c9a98a3d-152f-4eb3-b93f-9b26fdd08495, ClientId: 84022968-6bdc-4c6b-8eab-57b75fa5d0b1, Domain: wigweuniversity.edu.ng
2026-06-15 09:27:23.442 +01:00 [INF] Entra ID Service initialized successfully
2026-06-15 09:27:23.444 +01:00 [INF] HTTP GET /api/admissions/programs/5b02c1f7-ebf7-4698-8998-587a2ef867e7 responded 200 in 15.5283 ms
2026-06-15 09:27:23.445 +01:00 [INF] Initializing Entra ID Service with TenantId: c9a98a3d-152f-4eb3-b93f-9b26fdd08495, ClientId: 84022968-6bdc-4c6b-8eab-57b75fa5d0b1, Domain: wigweuniversity.edu.ng
2026-06-15 09:27:23.446 +01:00 [INF] Entra ID Service initialized successfully
2026-06-15 09:27:23.447 +01:00 [INF] HTTP GET /api/admissions/programs/0d17b27c-131d-4205-876a-3bd064ba8814 responded 200 in 19.5475 ms
2026-06-15 09:27:23.979 +01:00 [INF] HTTP GET /api/me responded 200 in 19.9320 ms
2026-06-15 09:27:24.013 +01:00 [INF] Initializing Entra ID Service with TenantId: c9a98a3d-152f-4eb3-b93f-9b26fdd08495, ClientId: 84022968-6bdc-4c6b-8eab-57b75fa5d0b1, Domain: wigweuniversity.edu.ng
2026-06-15 09:27:24.013 +01:00 [INF] Entra ID Service initialized successfully
2026-06-15 09:27:24.013 +01:00 [INF] HTTP GET /api/admissions/document-types responded 200 in 19.4941 ms
2026-06-15 09:27:24.015 +01:00 [INF] Initializing Entra ID Service with TenantId: c9a98a3d-152f-4eb3-b93f-9b26fdd08495, ClientId: 84022968-6bdc-4c6b-8eab-57b75fa5d0b1, Domain: wigweuniversity.edu.ng
2026-06-15 09:27:24.015 +01:00 [INF] Entra ID Service initialized successfully
2026-06-15 09:27:24.016 +01:00 [INF] HTTP GET /api/admissions/sponsors responded 200 in 21.3281 ms
2026-06-15 09:27:24.017 +01:00 [INF] HTTP GET /api/admissions/faculties responded 200 in 23.2443 ms
2026-06-15 09:27:24.018 +01:00 [INF] Initializing Entra ID Service with TenantId: c9a98a3d-152f-4eb3-b93f-9b26fdd08495, ClientId: 84022968-6bdc-4c6b-8eab-57b75fa5d0b1, Domain: wigweuniversity.edu.ng
2026-06-15 09:27:24.018 +01:00 [INF] Entra ID Service initialized successfully
2026-06-15 09:27:24.020 +01:00 [INF] HTTP GET /api/admissions/sessions responded 200 in 25.9251 ms
2026-06-15 09:27:24.022 +01:00 [INF] HTTP GET /api/admissions/document-types responded 200 in 29.0612 ms
2026-06-15 09:27:24.023 +01:00 [INF] Initializing Entra ID Service with TenantId: c9a98a3d-152f-4eb3-b93f-9b26fdd08495, ClientId: 84022968-6bdc-4c6b-8eab-57b75fa5d0b1, Domain: wigweuniversity.edu.ng
2026-06-15 09:27:24.024 +01:00 [INF] Entra ID Service initialized successfully
2026-06-15 09:27:24.025 +01:00 [INF] Initializing Entra ID Service with TenantId: c9a98a3d-152f-4eb3-b93f-9b26fdd08495, ClientId: 84022968-6bdc-4c6b-8eab-57b75fa5d0b1, Domain: wigweuniversity.edu.ng
2026-06-15 09:27:24.025 +01:00 [INF] Entra ID Service initialized successfully
2026-06-15 09:27:24.026 +01:00 [INF] HTTP GET /api/admissions/subjects responded 200 in 30.8813 ms
2026-06-15 09:27:24.030 +01:00 [INF] HTTP GET /api/admissions/levels responded 200 in 15.6155 ms
2026-06-15 09:27:24.030 +01:00 [INF] HTTP GET /api/countries responded 200 in 13.1369 ms
2026-06-15 09:27:24.031 +01:00 [INF] Initializing Entra ID Service with TenantId: c9a98a3d-152f-4eb3-b93f-9b26fdd08495, ClientId: 84022968-6bdc-4c6b-8eab-57b75fa5d0b1, Domain: wigweuniversity.edu.ng
2026-06-15 09:27:24.031 +01:00 [INF] Entra ID Service initialized successfully
2026-06-15 09:27:24.033 +01:00 [INF] HTTP GET /api/admissions/faculties responded 200 in 14.9109 ms
2026-06-15 09:27:24.046 +01:00 [INF] Initializing Entra ID Service with TenantId: c9a98a3d-152f-4eb3-b93f-9b26fdd08495, ClientId: 84022968-6bdc-4c6b-8eab-57b75fa5d0b1, Domain: wigweuniversity.edu.ng
2026-06-15 09:27:24.046 +01:00 [INF] Entra ID Service initialized successfully
2026-06-15 09:27:24.047 +01:00 [INF] Initializing Entra ID Service with TenantId: c9a98a3d-152f-4eb3-b93f-9b26fdd08495, ClientId: 84022968-6bdc-4c6b-8eab-57b75fa5d0b1, Domain: wigweuniversity.edu.ng
2026-06-15 09:27:24.047 +01:00 [INF] Entra ID Service initialized successfully
2026-06-15 09:27:24.048 +01:00 [INF] HTTP GET /api/admissions/programs/57bcd87b-51c8-4110-a3a4-ae2f2175864e responded 200 in 11.9631 ms
2026-06-15 09:27:24.049 +01:00 [INF] HTTP GET /api/admissions/programs/780adcfd-92ad-4f80-8ec4-d97ae6b165e0 responded 200 in 14.1074 ms
2026-06-15 09:27:24.049 +01:00 [INF] Initializing Entra ID Service with TenantId: c9a98a3d-152f-4eb3-b93f-9b26fdd08495, ClientId: 84022968-6bdc-4c6b-8eab-57b75fa5d0b1, Domain: wigweuniversity.edu.ng
2026-06-15 09:27:24.049 +01:00 [INF] Entra ID Service initialized successfully
2026-06-15 09:27:24.051 +01:00 [INF] Initializing Entra ID Service with TenantId: c9a98a3d-152f-4eb3-b93f-9b26fdd08495, ClientId: 84022968-6bdc-4c6b-8eab-57b75fa5d0b1, Domain: wigweuniversity.edu.ng
2026-06-15 09:27:24.051 +01:00 [INF] Entra ID Service initialized successfully
2026-06-15 09:27:24.051 +01:00 [INF] HTTP GET /api/admissions/programs/0d17b27c-131d-4205-876a-3bd064ba8814 responded 200 in 15.9226 ms
2026-06-15 09:27:24.053 +01:00 [INF] HTTP GET /api/admissions/programs/5b02c1f7-ebf7-4698-8998-587a2ef867e7 responded 200 in 17.1225 ms
2026-06-15 09:27:24.167 +01:00 [INF] HTTP GET /api/me responded 200 in 13.6173 ms
2026-06-15 09:27:24.195 +01:00 [INF] Initializing Entra ID Service with TenantId: c9a98a3d-152f-4eb3-b93f-9b26fdd08495, ClientId: 84022968-6bdc-4c6b-8eab-57b75fa5d0b1, Domain: wigweuniversity.edu.ng
2026-06-15 09:27:24.195 +01:00 [INF] Entra ID Service initialized successfully
2026-06-15 09:27:24.196 +01:00 [INF] Initializing Entra ID Service with TenantId: c9a98a3d-152f-4eb3-b93f-9b26fdd08495, ClientId: 84022968-6bdc-4c6b-8eab-57b75fa5d0b1, Domain: wigweuniversity.edu.ng
2026-06-15 09:27:24.197 +01:00 [INF] Entra ID Service initialized successfully
2026-06-15 09:27:24.198 +01:00 [INF] HTTP GET /api/admissions/sponsors responded 200 in 15.8791 ms
2026-06-15 09:27:24.200 +01:00 [INF] HTTP GET /api/admissions/sessions responded 200 in 18.2858 ms
2026-06-15 09:27:24.201 +01:00 [INF] Initializing Entra ID Service with TenantId: c9a98a3d-152f-4eb3-b93f-9b26fdd08495, ClientId: 84022968-6bdc-4c6b-8eab-57b75fa5d0b1, Domain: wigweuniversity.edu.ng
2026-06-15 09:27:24.201 +01:00 [INF] Entra ID Service initialized successfully
2026-06-15 09:27:24.202 +01:00 [INF] Initializing Entra ID Service with TenantId: c9a98a3d-152f-4eb3-b93f-9b26fdd08495, ClientId: 84022968-6bdc-4c6b-8eab-57b75fa5d0b1, Domain: wigweuniversity.edu.ng
2026-06-15 09:27:24.202 +01:00 [INF] Entra ID Service initialized successfully
2026-06-15 09:27:24.203 +01:00 [INF] HTTP GET /api/admissions/subjects responded 200 in 21.0380 ms
2026-06-15 09:27:24.205 +01:00 [INF] HTTP GET /api/admissions/faculties responded 200 in 23.1020 ms
2026-06-15 09:27:24.206 +01:00 [INF] HTTP GET /api/admissions/document-types responded 200 in 25.6850 ms
2026-06-15 09:27:24.209 +01:00 [INF] HTTP GET /api/admissions/document-types responded 200 in 26.9231 ms
2026-06-15 09:27:24.209 +01:00 [INF] Initializing Entra ID Service with TenantId: c9a98a3d-152f-4eb3-b93f-9b26fdd08495, ClientId: 84022968-6bdc-4c6b-8eab-57b75fa5d0b1, Domain: wigweuniversity.edu.ng
2026-06-15 09:27:24.209 +01:00 [INF] Entra ID Service initialized successfully
2026-06-15 09:27:24.214 +01:00 [INF] HTTP GET /api/countries responded 200 in 12.9621 ms
2026-06-15 09:27:24.214 +01:00 [INF] Initializing Entra ID Service with TenantId: c9a98a3d-152f-4eb3-b93f-9b26fdd08495, ClientId: 84022968-6bdc-4c6b-8eab-57b75fa5d0b1, Domain: wigweuniversity.edu.ng
2026-06-15 09:27:24.215 +01:00 [INF] Entra ID Service initialized successfully
2026-06-15 09:27:24.216 +01:00 [INF] HTTP GET /api/admissions/faculties responded 200 in 10.6412 ms
2026-06-15 09:27:24.217 +01:00 [INF] HTTP GET /api/admissions/levels responded 200 in 17.9375 ms
2026-06-15 09:27:24.228 +01:00 [INF] Initializing Entra ID Service with TenantId: c9a98a3d-152f-4eb3-b93f-9b26fdd08495, ClientId: 84022968-6bdc-4c6b-8eab-57b75fa5d0b1, Domain: wigweuniversity.edu.ng
2026-06-15 09:27:24.228 +01:00 [INF] Entra ID Service initialized successfully
2026-06-15 09:27:24.229 +01:00 [INF] Initializing Entra ID Service with TenantId: c9a98a3d-152f-4eb3-b93f-9b26fdd08495, ClientId: 84022968-6bdc-4c6b-8eab-57b75fa5d0b1, Domain: wigweuniversity.edu.ng
2026-06-15 09:27:24.229 +01:00 [INF] Entra ID Service initialized successfully
2026-06-15 09:27:24.230 +01:00 [INF] HTTP GET /api/admissions/programs/5b02c1f7-ebf7-4698-8998-587a2ef867e7 responded 200 in 10.4793 ms
2026-06-15 09:27:24.230 +01:00 [INF] Initializing Entra ID Service with TenantId: c9a98a3d-152f-4eb3-b93f-9b26fdd08495, ClientId: 84022968-6bdc-4c6b-8eab-57b75fa5d0b1, Domain: wigweuniversity.edu.ng
2026-06-15 09:27:24.230 +01:00 [INF] HTTP GET /api/admissions/programs/57bcd87b-51c8-4110-a3a4-ae2f2175864e responded 200 in 11.2108 ms
2026-06-15 09:27:24.231 +01:00 [INF] Entra ID Service initialized successfully
2026-06-15 09:27:24.232 +01:00 [INF] HTTP GET /api/admissions/programs/780adcfd-92ad-4f80-8ec4-d97ae6b165e0 responded 200 in 14.1134 ms
2026-06-15 09:27:24.233 +01:00 [INF] Initializing Entra ID Service with TenantId: c9a98a3d-152f-4eb3-b93f-9b26fdd08495, ClientId: 84022968-6bdc-4c6b-8eab-57b75fa5d0b1, Domain: wigweuniversity.edu.ng
2026-06-15 09:27:24.233 +01:00 [INF] Entra ID Service initialized successfully
2026-06-15 09:27:24.235 +01:00 [INF] HTTP GET /api/admissions/programs/0d17b27c-131d-4205-876a-3bd064ba8814 responded 200 in 15.9646 ms
2026-06-15 09:27:24.395 +01:00 [INF] HTTP GET /api/me responded 200 in 15.6288 ms
2026-06-15 09:27:24.422 +01:00 [INF] HTTP GET /api/admissions/document-types responded 200 in 14.3840 ms
2026-06-15 09:27:24.424 +01:00 [INF] HTTP GET /api/admissions/document-types responded 200 in 14.3175 ms
2026-06-15 09:27:24.424 +01:00 [INF] Initializing Entra ID Service with TenantId: c9a98a3d-152f-4eb3-b93f-9b26fdd08495, ClientId: 84022968-6bdc-4c6b-8eab-57b75fa5d0b1, Domain: wigweuniversity.edu.ng
2026-06-15 09:27:24.424 +01:00 [INF] Entra ID Service initialized successfully
2026-06-15 09:27:24.426 +01:00 [INF] Initializing Entra ID Service with TenantId: c9a98a3d-152f-4eb3-b93f-9b26fdd08495, ClientId: 84022968-6bdc-4c6b-8eab-57b75fa5d0b1, Domain: wigweuniversity.edu.ng
2026-06-15 09:27:24.426 +01:00 [INF] HTTP GET /api/admissions/sessions responded 200 in 16.0060 ms
2026-06-15 09:27:24.426 +01:00 [INF] Entra ID Service initialized successfully
2026-06-15 09:27:24.428 +01:00 [INF] Initializing Entra ID Service with TenantId: c9a98a3d-152f-4eb3-b93f-9b26fdd08495, ClientId: 84022968-6bdc-4c6b-8eab-57b75fa5d0b1, Domain: wigweuniversity.edu.ng
2026-06-15 09:27:24.428 +01:00 [INF] HTTP GET /api/admissions/sponsors responded 200 in 17.7591 ms
2026-06-15 09:27:24.428 +01:00 [INF] Entra ID Service initialized successfully
2026-06-15 09:27:24.429 +01:00 [INF] HTTP GET /api/admissions/faculties responded 200 in 19.0170 ms
2026-06-15 09:27:24.430 +01:00 [INF] Initializing Entra ID Service with TenantId: c9a98a3d-152f-4eb3-b93f-9b26fdd08495, ClientId: 84022968-6bdc-4c6b-8eab-57b75fa5d0b1, Domain: wigweuniversity.edu.ng
2026-06-15 09:27:24.430 +01:00 [INF] Entra ID Service initialized successfully
2026-06-15 09:27:24.432 +01:00 [INF] HTTP GET /api/admissions/subjects responded 200 in 20.8470 ms
2026-06-15 09:27:24.434 +01:00 [INF] Initializing Entra ID Service with TenantId: c9a98a3d-152f-4eb3-b93f-9b26fdd08495, ClientId: 84022968-6bdc-4c6b-8eab-57b75fa5d0b1, Domain: wigweuniversity.edu.ng
2026-06-15 09:27:24.435 +01:00 [INF] Entra ID Service initialized successfully
2026-06-15 09:27:24.438 +01:00 [INF] HTTP GET /api/admissions/levels responded 200 in 15.3556 ms
2026-06-15 09:27:24.439 +01:00 [INF] HTTP GET /api/countries responded 200 in 14.9454 ms
2026-06-15 09:27:24.440 +01:00 [INF] Initializing Entra ID Service with TenantId: c9a98a3d-152f-4eb3-b93f-9b26fdd08495, ClientId: 84022968-6bdc-4c6b-8eab-57b75fa5d0b1, Domain: wigweuniversity.edu.ng
2026-06-15 09:27:24.440 +01:00 [INF] Entra ID Service initialized successfully
2026-06-15 09:27:24.442 +01:00 [INF] HTTP GET /api/admissions/faculties responded 200 in 11.8686 ms
2026-06-15 09:27:24.454 +01:00 [INF] Initializing Entra ID Service with TenantId: c9a98a3d-152f-4eb3-b93f-9b26fdd08495, ClientId: 84022968-6bdc-4c6b-8eab-57b75fa5d0b1, Domain: wigweuniversity.edu.ng
2026-06-15 09:27:24.454 +01:00 [INF] Entra ID Service initialized successfully
2026-06-15 09:27:24.455 +01:00 [INF] Initializing Entra ID Service with TenantId: c9a98a3d-152f-4eb3-b93f-9b26fdd08495, ClientId: 84022968-6bdc-4c6b-8eab-57b75fa5d0b1, Domain: wigweuniversity.edu.ng
2026-06-15 09:27:24.456 +01:00 [INF] Entra ID Service initialized successfully
2026-06-15 09:27:24.456 +01:00 [INF] HTTP GET /api/admissions/programs/780adcfd-92ad-4f80-8ec4-d97ae6b165e0 responded 200 in 11.5478 ms
2026-06-15 09:27:24.457 +01:00 [INF] Initializing Entra ID Service with TenantId: c9a98a3d-152f-4eb3-b93f-9b26fdd08495, ClientId: 84022968-6bdc-4c6b-8eab-57b75fa5d0b1, Domain: wigweuniversity.edu.ng
2026-06-15 09:27:24.457 +01:00 [INF] HTTP GET /api/admissions/programs/5b02c1f7-ebf7-4698-8998-587a2ef867e7 responded 200 in 11.8708 ms
2026-06-15 09:27:24.457 +01:00 [INF] Entra ID Service initialized successfully
2026-06-15 09:27:24.459 +01:00 [INF] HTTP GET /api/admissions/programs/0d17b27c-131d-4205-876a-3bd064ba8814 responded 200 in 14.8359 ms
2026-06-15 09:27:24.459 +01:00 [INF] Initializing Entra ID Service with TenantId: c9a98a3d-152f-4eb3-b93f-9b26fdd08495, ClientId: 84022968-6bdc-4c6b-8eab-57b75fa5d0b1, Domain: wigweuniversity.edu.ng
2026-06-15 09:27:24.460 +01:00 [INF] Entra ID Service initialized successfully
2026-06-15 09:27:24.462 +01:00 [INF] HTTP GET /api/admissions/programs/57bcd87b-51c8-4110-a3a4-ae2f2175864e responded 200 in 16.7200 ms
2026-06-15 09:27:26.192 +01:00 [INF] HTTP GET /api/me responded 200 in 16.0957 ms
2026-06-15 09:27:26.237 +01:00 [INF] Initializing Entra ID Service with TenantId: c9a98a3d-152f-4eb3-b93f-9b26fdd08495, ClientId: 84022968-6bdc-4c6b-8eab-57b75fa5d0b1, Domain: wigweuniversity.edu.ng
2026-06-15 09:27:26.237 +01:00 [INF] Entra ID Service initialized successfully
2026-06-15 09:27:26.239 +01:00 [INF] HTTP GET /api/admissions/faculties responded 200 in 27.8542 ms
2026-06-15 09:27:26.242 +01:00 [INF] HTTP GET /api/admissions/document-types responded 200 in 31.7483 ms
2026-06-15 09:27:26.244 +01:00 [INF] HTTP GET /api/admissions/document-types responded 200 in 32.8530 ms
2026-06-15 09:27:26.244 +01:00 [INF] Initializing Entra ID Service with TenantId: c9a98a3d-152f-4eb3-b93f-9b26fdd08495, ClientId: 84022968-6bdc-4c6b-8eab-57b75fa5d0b1, Domain: wigweuniversity.edu.ng
2026-06-15 09:27:26.244 +01:00 [INF] Entra ID Service initialized successfully
2026-06-15 09:27:26.246 +01:00 [INF] Initializing Entra ID Service with TenantId: c9a98a3d-152f-4eb3-b93f-9b26fdd08495, ClientId: 84022968-6bdc-4c6b-8eab-57b75fa5d0b1, Domain: wigweuniversity.edu.ng
2026-06-15 09:27:26.246 +01:00 [INF] HTTP GET /api/admissions/sessions responded 200 in 34.6477 ms
2026-06-15 09:27:26.246 +01:00 [INF] Entra ID Service initialized successfully
2026-06-15 09:27:26.249 +01:00 [INF] HTTP GET /api/admissions/subjects responded 200 in 37.0253 ms
2026-06-15 09:27:26.249 +01:00 [INF] Initializing Entra ID Service with TenantId: c9a98a3d-152f-4eb3-b93f-9b26fdd08495, ClientId: 84022968-6bdc-4c6b-8eab-57b75fa5d0b1, Domain: wigweuniversity.edu.ng
2026-06-15 09:27:26.249 +01:00 [INF] Entra ID Service initialized successfully
2026-06-15 09:27:26.251 +01:00 [INF] Initializing Entra ID Service with TenantId: c9a98a3d-152f-4eb3-b93f-9b26fdd08495, ClientId: 84022968-6bdc-4c6b-8eab-57b75fa5d0b1, Domain: wigweuniversity.edu.ng
2026-06-15 09:27:26.251 +01:00 [INF] Entra ID Service initialized successfully
2026-06-15 09:27:26.252 +01:00 [INF] HTTP GET /api/admissions/sponsors responded 200 in 40.4895 ms
2026-06-15 09:27:26.254 +01:00 [INF] HTTP GET /api/admissions/levels responded 200 in 14.7761 ms
2026-06-15 09:27:26.255 +01:00 [INF] HTTP GET /api/countries responded 200 in 12.7344 ms
2026-06-15 09:27:26.255 +01:00 [INF] Initializing Entra ID Service with TenantId: c9a98a3d-152f-4eb3-b93f-9b26fdd08495, ClientId: 84022968-6bdc-4c6b-8eab-57b75fa5d0b1, Domain: wigweuniversity.edu.ng
2026-06-15 09:27:26.256 +01:00 [INF] Entra ID Service initialized successfully
2026-06-15 09:27:26.257 +01:00 [INF] HTTP GET /api/admissions/faculties responded 200 in 12.2903 ms
2026-06-15 09:27:26.270 +01:00 [INF] Initializing Entra ID Service with TenantId: c9a98a3d-152f-4eb3-b93f-9b26fdd08495, ClientId: 84022968-6bdc-4c6b-8eab-57b75fa5d0b1, Domain: wigweuniversity.edu.ng
2026-06-15 09:27:26.270 +01:00 [INF] Entra ID Service initialized successfully
2026-06-15 09:27:26.271 +01:00 [INF] Initializing Entra ID Service with TenantId: c9a98a3d-152f-4eb3-b93f-9b26fdd08495, ClientId: 84022968-6bdc-4c6b-8eab-57b75fa5d0b1, Domain: wigweuniversity.edu.ng
2026-06-15 09:27:26.271 +01:00 [INF] Entra ID Service initialized successfully
2026-06-15 09:27:26.272 +01:00 [INF] Initializing Entra ID Service with TenantId: c9a98a3d-152f-4eb3-b93f-9b26fdd08495, ClientId: 84022968-6bdc-4c6b-8eab-57b75fa5d0b1, Domain: wigweuniversity.edu.ng
2026-06-15 09:27:26.272 +01:00 [INF] HTTP GET /api/admissions/programs/57bcd87b-51c8-4110-a3a4-ae2f2175864e responded 200 in 11.9446 ms
2026-06-15 09:27:26.272 +01:00 [INF] Entra ID Service initialized successfully
2026-06-15 09:27:26.273 +01:00 [INF] HTTP GET /api/admissions/programs/5b02c1f7-ebf7-4698-8998-587a2ef867e7 responded 200 in 12.5959 ms
2026-06-15 09:27:26.274 +01:00 [INF] HTTP GET /api/admissions/programs/0d17b27c-131d-4205-876a-3bd064ba8814 responded 200 in 14.4303 ms
2026-06-15 09:27:26.274 +01:00 [INF] Initializing Entra ID Service with TenantId: c9a98a3d-152f-4eb3-b93f-9b26fdd08495, ClientId: 84022968-6bdc-4c6b-8eab-57b75fa5d0b1, Domain: wigweuniversity.edu.ng
2026-06-15 09:27:26.275 +01:00 [INF] Entra ID Service initialized successfully
2026-06-15 09:27:26.277 +01:00 [INF] HTTP GET /api/admissions/programs/780adcfd-92ad-4f80-8ec4-d97ae6b165e0 responded 200 in 17.2443 ms
2026-06-15 09:27:34.102 +01:00 [INF] HTTP OPTIONS /api/me responded 204 in 0.0454 ms
2026-06-15 09:27:34.119 +01:00 [INF] HTTP GET /api/me responded 200 in 16.0048 ms
2026-06-15 09:27:34.140 +01:00 [INF] HTTP OPTIONS /api/admissions/document-types responded 204 in 0.0438 ms
2026-06-15 09:27:34.141 +01:00 [INF] HTTP OPTIONS /api/admissions/document-types responded 204 in 0.0098 ms
2026-06-15 09:27:34.144 +01:00 [INF] HTTP OPTIONS /api/admissions/faculties responded 204 in 0.0324 ms
2026-06-15 09:27:34.144 +01:00 [INF] HTTP OPTIONS /api/admissions/sessions responded 204 in 0.0076 ms
2026-06-15 09:27:34.144 +01:00 [INF] HTTP OPTIONS /api/admissions/sponsors responded 204 in 0.0066 ms
2026-06-15 09:27:34.145 +01:00 [INF] HTTP OPTIONS /api/admissions/subjects responded 204 in 0.0097 ms
2026-06-15 09:27:34.146 +01:00 [INF] HTTP OPTIONS /api/admissions/levels responded 204 in 0.0090 ms
2026-06-15 09:27:34.146 +01:00 [INF] HTTP OPTIONS /api/countries responded 204 in 0.0038 ms
2026-06-15 09:27:34.146 +01:00 [INF] HTTP OPTIONS /api/admissions/faculties responded 204 in 0.0050 ms
2026-06-15 09:27:34.160 +01:00 [INF] HTTP GET /api/admissions/document-types responded 200 in 15.8455 ms
2026-06-15 09:27:34.164 +01:00 [INF] HTTP GET /api/admissions/document-types responded 200 in 19.7087 ms
2026-06-15 09:27:34.166 +01:00 [INF] Initializing Entra ID Service with TenantId: c9a98a3d-152f-4eb3-b93f-9b26fdd08495, ClientId: 84022968-6bdc-4c6b-8eab-57b75fa5d0b1, Domain: wigweuniversity.edu.ng
2026-06-15 09:27:34.166 +01:00 [INF] Entra ID Service initialized successfully
2026-06-15 09:27:34.167 +01:00 [INF] Initializing Entra ID Service with TenantId: c9a98a3d-152f-4eb3-b93f-9b26fdd08495, ClientId: 84022968-6bdc-4c6b-8eab-57b75fa5d0b1, Domain: wigweuniversity.edu.ng
2026-06-15 09:27:34.168 +01:00 [INF] Entra ID Service initialized successfully
2026-06-15 09:27:34.169 +01:00 [INF] HTTP GET /api/admissions/sponsors responded 200 in 21.7658 ms
2026-06-15 09:27:34.169 +01:00 [INF] HTTP GET /api/admissions/sessions responded 200 in 22.5091 ms
2026-06-15 09:27:34.171 +01:00 [INF] Initializing Entra ID Service with TenantId: c9a98a3d-152f-4eb3-b93f-9b26fdd08495, ClientId: 84022968-6bdc-4c6b-8eab-57b75fa5d0b1, Domain: wigweuniversity.edu.ng
2026-06-15 09:27:34.171 +01:00 [INF] Entra ID Service initialized successfully
2026-06-15 09:27:34.173 +01:00 [INF] Initializing Entra ID Service with TenantId: c9a98a3d-152f-4eb3-b93f-9b26fdd08495, ClientId: 84022968-6bdc-4c6b-8eab-57b75fa5d0b1, Domain: wigweuniversity.edu.ng
2026-06-15 09:27:34.173 +01:00 [INF] HTTP GET /api/admissions/faculties responded 200 in 27.0063 ms
2026-06-15 09:27:34.173 +01:00 [INF] Entra ID Service initialized successfully
2026-06-15 09:27:34.174 +01:00 [INF] Initializing Entra ID Service with TenantId: c9a98a3d-152f-4eb3-b93f-9b26fdd08495, ClientId: 84022968-6bdc-4c6b-8eab-57b75fa5d0b1, Domain: wigweuniversity.edu.ng
2026-06-15 09:27:34.175 +01:00 [INF] Entra ID Service initialized successfully
2026-06-15 09:27:34.176 +01:00 [INF] HTTP GET /api/admissions/subjects responded 200 in 28.6278 ms
2026-06-15 09:27:34.179 +01:00 [INF] HTTP GET /api/admissions/levels responded 200 in 18.5002 ms
2026-06-15 09:27:34.179 +01:00 [INF] HTTP GET /api/countries responded 200 in 14.9469 ms
2026-06-15 09:27:34.186 +01:00 [INF] Initializing Entra ID Service with TenantId: c9a98a3d-152f-4eb3-b93f-9b26fdd08495, ClientId: 84022968-6bdc-4c6b-8eab-57b75fa5d0b1, Domain: wigweuniversity.edu.ng
2026-06-15 09:27:34.186 +01:00 [INF] Entra ID Service initialized successfully
2026-06-15 09:27:34.188 +01:00 [INF] HTTP GET /api/admissions/faculties responded 200 in 12.9645 ms
2026-06-15 09:27:34.193 +01:00 [INF] HTTP OPTIONS /api/admissions/programs/780adcfd-92ad-4f80-8ec4-d97ae6b165e0 responded 204 in 0.0405 ms
2026-06-15 09:27:34.194 +01:00 [INF] HTTP OPTIONS /api/admissions/programs/0d17b27c-131d-4205-876a-3bd064ba8814 responded 204 in 0.0124 ms
2026-06-15 09:27:34.194 +01:00 [INF] HTTP OPTIONS /api/admissions/programs/57bcd87b-51c8-4110-a3a4-ae2f2175864e responded 204 in 0.0035 ms
2026-06-15 09:27:34.194 +01:00 [INF] HTTP OPTIONS /api/admissions/programs/5b02c1f7-ebf7-4698-8998-587a2ef867e7 responded 204 in 0.0024 ms
2026-06-15 09:27:34.204 +01:00 [INF] Initializing Entra ID Service with TenantId: c9a98a3d-152f-4eb3-b93f-9b26fdd08495, ClientId: 84022968-6bdc-4c6b-8eab-57b75fa5d0b1, Domain: wigweuniversity.edu.ng
2026-06-15 09:27:34.204 +01:00 [INF] Entra ID Service initialized successfully
2026-06-15 09:27:34.205 +01:00 [INF] Initializing Entra ID Service with TenantId: c9a98a3d-152f-4eb3-b93f-9b26fdd08495, ClientId: 84022968-6bdc-4c6b-8eab-57b75fa5d0b1, Domain: wigweuniversity.edu.ng
2026-06-15 09:27:34.205 +01:00 [INF] Entra ID Service initialized successfully
2026-06-15 09:27:34.206 +01:00 [INF] HTTP GET /api/admissions/programs/5b02c1f7-ebf7-4698-8998-587a2ef867e7 responded 200 in 10.8499 ms
2026-06-15 09:27:34.207 +01:00 [INF] HTTP GET /api/admissions/programs/0d17b27c-131d-4205-876a-3bd064ba8814 responded 200 in 12.5169 ms
2026-06-15 09:27:34.207 +01:00 [INF] Initializing Entra ID Service with TenantId: c9a98a3d-152f-4eb3-b93f-9b26fdd08495, ClientId: 84022968-6bdc-4c6b-8eab-57b75fa5d0b1, Domain: wigweuniversity.edu.ng
2026-06-15 09:27:34.207 +01:00 [INF] Entra ID Service initialized successfully
2026-06-15 09:27:34.208 +01:00 [INF] Initializing Entra ID Service with TenantId: c9a98a3d-152f-4eb3-b93f-9b26fdd08495, ClientId: 84022968-6bdc-4c6b-8eab-57b75fa5d0b1, Domain: wigweuniversity.edu.ng
2026-06-15 09:27:34.208 +01:00 [INF] Entra ID Service initialized successfully
2026-06-15 09:27:34.208 +01:00 [INF] HTTP GET /api/admissions/programs/780adcfd-92ad-4f80-8ec4-d97ae6b165e0 responded 200 in 14.5108 ms
2026-06-15 09:27:34.210 +01:00 [INF] HTTP GET /api/admissions/programs/57bcd87b-51c8-4110-a3a4-ae2f2175864e responded 200 in 15.3661 ms
2026-06-15 09:28:11.681 +01:00 [INF] HTTP OPTIONS /api/me responded 204 in 0.0244 ms
2026-06-15 09:28:11.747 +01:00 [INF] HTTP GET /api/me responded 200 in 64.8626 ms
2026-06-15 09:28:11.764 +01:00 [INF] HTTP OPTIONS /api/admissions/document-types responded 204 in 0.0249 ms
2026-06-15 09:28:11.765 +01:00 [INF] HTTP OPTIONS /api/admissions/document-types responded 204 in 0.0287 ms
2026-06-15 09:28:11.766 +01:00 [INF] HTTP OPTIONS /api/admissions/faculties responded 204 in 0.0131 ms
2026-06-15 09:28:11.766 +01:00 [INF] HTTP OPTIONS /api/admissions/sessions responded 204 in 0.0083 ms
2026-06-15 09:28:11.766 +01:00 [INF] HTTP OPTIONS /api/admissions/sponsors responded 204 in 0.0048 ms
2026-06-15 09:28:11.768 +01:00 [INF] HTTP OPTIONS /api/admissions/subjects responded 204 in 0.0114 ms
2026-06-15 09:28:11.768 +01:00 [INF] HTTP OPTIONS /api/admissions/levels responded 204 in 0.0035 ms
2026-06-15 09:28:11.769 +01:00 [INF] HTTP OPTIONS /api/countries responded 204 in 0.0180 ms
2026-06-15 09:28:11.796 +01:00 [INF] HTTP GET /api/admissions/document-types responded 200 in 31.5956 ms
2026-06-15 09:28:11.798 +01:00 [INF] HTTP GET /api/admissions/document-types responded 200 in 31.8948 ms
2026-06-15 09:28:11.799 +01:00 [INF] Initializing Entra ID Service with TenantId: c9a98a3d-152f-4eb3-b93f-9b26fdd08495, ClientId: 84022968-6bdc-4c6b-8eab-57b75fa5d0b1, Domain: wigweuniversity.edu.ng
2026-06-15 09:28:11.800 +01:00 [INF] Entra ID Service initialized successfully
2026-06-15 09:28:11.801 +01:00 [INF] Initializing Entra ID Service with TenantId: c9a98a3d-152f-4eb3-b93f-9b26fdd08495, ClientId: 84022968-6bdc-4c6b-8eab-57b75fa5d0b1, Domain: wigweuniversity.edu.ng
2026-06-15 09:28:11.801 +01:00 [INF] Entra ID Service initialized successfully
2026-06-15 09:28:11.801 +01:00 [INF] HTTP GET /api/admissions/sessions responded 200 in 33.6560 ms
2026-06-15 09:28:11.803 +01:00 [INF] HTTP GET /api/admissions/sponsors responded 200 in 33.6231 ms
2026-06-15 09:28:11.804 +01:00 [INF] Initializing Entra ID Service with TenantId: c9a98a3d-152f-4eb3-b93f-9b26fdd08495, ClientId: 84022968-6bdc-4c6b-8eab-57b75fa5d0b1, Domain: wigweuniversity.edu.ng
2026-06-15 09:28:11.805 +01:00 [INF] Entra ID Service initialized successfully
2026-06-15 09:28:11.807 +01:00 [INF] HTTP GET /api/admissions/faculties responded 200 in 39.6557 ms
2026-06-15 09:28:11.809 +01:00 [INF] Initializing Entra ID Service with TenantId: c9a98a3d-152f-4eb3-b93f-9b26fdd08495, ClientId: 84022968-6bdc-4c6b-8eab-57b75fa5d0b1, Domain: wigweuniversity.edu.ng
2026-06-15 09:28:11.809 +01:00 [INF] Entra ID Service initialized successfully
2026-06-15 09:28:11.811 +01:00 [INF] HTTP GET /api/admissions/subjects responded 200 in 41.1005 ms
2026-06-15 09:28:11.812 +01:00 [INF] Initializing Entra ID Service with TenantId: c9a98a3d-152f-4eb3-b93f-9b26fdd08495, ClientId: 84022968-6bdc-4c6b-8eab-57b75fa5d0b1, Domain: wigweuniversity.edu.ng
2026-06-15 09:28:11.813 +01:00 [INF] Entra ID Service initialized successfully
2026-06-15 09:28:11.830 +01:00 [INF] HTTP GET /api/admissions/levels responded 200 in 33.1635 ms
2026-06-15 09:28:11.838 +01:00 [INF] HTTP GET /api/countries responded 200 in 38.4990 ms
2026-06-15 09:28:11.842 +01:00 [INF] Initializing Entra ID Service with TenantId: c9a98a3d-152f-4eb3-b93f-9b26fdd08495, ClientId: 84022968-6bdc-4c6b-8eab-57b75fa5d0b1, Domain: wigweuniversity.edu.ng
2026-06-15 09:28:11.842 +01:00 [INF] Entra ID Service initialized successfully
2026-06-15 09:28:11.844 +01:00 [INF] HTTP GET /api/admissions/faculties responded 200 in 35.7332 ms
2026-06-15 09:28:11.846 +01:00 [INF] HTTP OPTIONS /api/admissions/programs/780adcfd-92ad-4f80-8ec4-d97ae6b165e0 responded 204 in 0.0219 ms
2026-06-15 09:28:11.846 +01:00 [INF] HTTP OPTIONS /api/admissions/programs/0d17b27c-131d-4205-876a-3bd064ba8814 responded 204 in 0.0044 ms
2026-06-15 09:28:11.847 +01:00 [INF] HTTP OPTIONS /api/admissions/programs/57bcd87b-51c8-4110-a3a4-ae2f2175864e responded 204 in 0.0051 ms
2026-06-15 09:28:11.847 +01:00 [INF] HTTP OPTIONS /api/admissions/programs/5b02c1f7-ebf7-4698-8998-587a2ef867e7 responded 204 in 0.0029 ms
2026-06-15 09:28:11.857 +01:00 [INF] Initializing Entra ID Service with TenantId: c9a98a3d-152f-4eb3-b93f-9b26fdd08495, ClientId: 84022968-6bdc-4c6b-8eab-57b75fa5d0b1, Domain: wigweuniversity.edu.ng
2026-06-15 09:28:11.857 +01:00 [INF] Entra ID Service initialized successfully
2026-06-15 09:28:11.858 +01:00 [INF] Initializing Entra ID Service with TenantId: c9a98a3d-152f-4eb3-b93f-9b26fdd08495, ClientId: 84022968-6bdc-4c6b-8eab-57b75fa5d0b1, Domain: wigweuniversity.edu.ng
2026-06-15 09:28:11.858 +01:00 [INF] Entra ID Service initialized successfully
2026-06-15 09:28:11.858 +01:00 [INF] HTTP GET /api/admissions/programs/0d17b27c-131d-4205-876a-3bd064ba8814 responded 200 in 11.5007 ms
2026-06-15 09:28:11.859 +01:00 [INF] Initializing Entra ID Service with TenantId: c9a98a3d-152f-4eb3-b93f-9b26fdd08495, ClientId: 84022968-6bdc-4c6b-8eab-57b75fa5d0b1, Domain: wigweuniversity.edu.ng
2026-06-15 09:28:11.859 +01:00 [INF] Entra ID Service initialized successfully
2026-06-15 09:28:11.860 +01:00 [INF] HTTP GET /api/admissions/programs/780adcfd-92ad-4f80-8ec4-d97ae6b165e0 responded 200 in 12.6325 ms
2026-06-15 09:28:11.860 +01:00 [INF] HTTP GET /api/admissions/programs/5b02c1f7-ebf7-4698-8998-587a2ef867e7 responded 200 in 12.2957 ms
2026-06-15 09:28:11.861 +01:00 [INF] Initializing Entra ID Service with TenantId: c9a98a3d-152f-4eb3-b93f-9b26fdd08495, ClientId: 84022968-6bdc-4c6b-8eab-57b75fa5d0b1, Domain: wigweuniversity.edu.ng
2026-06-15 09:28:11.861 +01:00 [INF] Entra ID Service initialized successfully
2026-06-15 09:28:11.862 +01:00 [INF] HTTP GET /api/admissions/programs/57bcd87b-51c8-4110-a3a4-ae2f2175864e responded 200 in 14.6493 ms
2026-06-15 09:30:45.873 +01:00 [INF] HTTP OPTIONS /api/admissions/identify responded 204 in 0.0675 ms
2026-06-15 09:30:45.898 +01:00 [INF] Initializing Entra ID Service with TenantId: c9a98a3d-152f-4eb3-b93f-9b26fdd08495, ClientId: 84022968-6bdc-4c6b-8eab-57b75fa5d0b1, Domain: wigweuniversity.edu.ng
2026-06-15 09:30:45.899 +01:00 [INF] Entra ID Service initialized successfully
2026-06-15 09:30:46.000 +01:00 [INF] HTTP POST /api/admissions/identify responded 200 in 124.6363 ms
2026-06-15 09:30:46.006 +01:00 [INF] HTTP OPTIONS /api/admissions/document-types responded 204 in 0.0215 ms
2026-06-15 09:30:46.019 +01:00 [INF] HTTP GET /api/admissions/document-types responded 200 in 12.1691 ms
2026-06-15 09:30:55.014 +01:00 [INF] HTTP OPTIONS /api/admissions/departments/faculty/0d17b27c-131d-4205-876a-3bd064ba8814 responded 204 in 0.0372 ms
2026-06-15 09:30:55.040 +01:00 [INF] Initializing Entra ID Service with TenantId: c9a98a3d-152f-4eb3-b93f-9b26fdd08495, ClientId: 84022968-6bdc-4c6b-8eab-57b75fa5d0b1, Domain: wigweuniversity.edu.ng
2026-06-15 09:30:55.040 +01:00 [INF] Entra ID Service initialized successfully
2026-06-15 09:30:55.060 +01:00 [INF] HTTP GET /api/admissions/departments/faculty/0d17b27c-131d-4205-876a-3bd064ba8814 responded 200 in 42.8508 ms
2026-06-15 09:30:56.638 +01:00 [INF] HTTP OPTIONS /api/admissions/programs/department/fd8cfee7-593c-44fb-86a5-616fc870b821 responded 204 in 0.0463 ms
2026-06-15 09:30:56.662 +01:00 [INF] Initializing Entra ID Service with TenantId: c9a98a3d-152f-4eb3-b93f-9b26fdd08495, ClientId: 84022968-6bdc-4c6b-8eab-57b75fa5d0b1, Domain: wigweuniversity.edu.ng
2026-06-15 09:30:56.662 +01:00 [INF] Entra ID Service initialized successfully
2026-06-15 09:30:56.674 +01:00 [INF] HTTP GET /api/admissions/programs/department/fd8cfee7-593c-44fb-86a5-616fc870b821 responded 200 in 35.8075 ms
2026-06-15 09:31:00.041 +01:00 [INF] HTTP OPTIONS /api/admissions/document-types responded 204 in 0.0444 ms
2026-06-15 09:31:00.064 +01:00 [INF] HTTP GET /api/admissions/document-types responded 200 in 19.4255 ms
2026-06-15 09:32:23.175 +01:00 [INF] HTTP OPTIONS /api/admissions/applications responded 204 in 0.0411 ms
2026-06-15 09:32:23.197 +01:00 [INF] Initializing Entra ID Service with TenantId: c9a98a3d-152f-4eb3-b93f-9b26fdd08495, ClientId: 84022968-6bdc-4c6b-8eab-57b75fa5d0b1, Domain: wigweuniversity.edu.ng
2026-06-15 09:32:23.198 +01:00 [INF] Entra ID Service initialized successfully
2026-06-15 09:32:23.202 +01:00 [INF] HTTP GET /api/admissions/applications responded 200 in 25.4134 ms
2026-06-15 09:32:25.175 +01:00 [INF] Initializing Entra ID Service with TenantId: c9a98a3d-152f-4eb3-b93f-9b26fdd08495, ClientId: 84022968-6bdc-4c6b-8eab-57b75fa5d0b1, Domain: wigweuniversity.edu.ng
2026-06-15 09:32:25.176 +01:00 [INF] Entra ID Service initialized successfully
2026-06-15 09:32:25.178 +01:00 [INF] HTTP GET /api/admissions/applications responded 200 in 27.2416 ms
2026-06-15 09:32:59.667 +01:00 [INF] HTTP OPTIONS /api/admissions/applications responded 204 in 0.0397 ms
2026-06-15 09:32:59.683 +01:00 [INF] Initializing Entra ID Service with TenantId: c9a98a3d-152f-4eb3-b93f-9b26fdd08495, ClientId: 84022968-6bdc-4c6b-8eab-57b75fa5d0b1, Domain: wigweuniversity.edu.ng
2026-06-15 09:32:59.683 +01:00 [INF] Entra ID Service initialized successfully
2026-06-15 09:32:59.685 +01:00 [INF] HTTP GET /api/admissions/applications responded 200 in 17.2133 ms
2026-06-15 09:33:01.409 +01:00 [INF] HTTP OPTIONS /api/me responded 204 in 0.0215 ms
2026-06-15 09:33:01.431 +01:00 [INF] HTTP GET /api/me responded 200 in 21.5835 ms
2026-06-15 09:33:01.561 +01:00 [INF] Initializing Entra ID Service with TenantId: c9a98a3d-152f-4eb3-b93f-9b26fdd08495, ClientId: 84022968-6bdc-4c6b-8eab-57b75fa5d0b1, Domain: wigweuniversity.edu.ng
2026-06-15 09:33:01.561 +01:00 [INF] Entra ID Service initialized successfully
2026-06-15 09:33:01.563 +01:00 [INF] HTTP GET /api/admissions/applications responded 200 in 75.9130 ms
2026-06-15 09:33:37.588 +01:00 [INF] HTTP OPTIONS /api/me responded 204 in 0.0429 ms
2026-06-15 09:33:37.614 +01:00 [INF] HTTP GET /api/me responded 200 in 22.3022 ms
2026-06-15 09:33:37.635 +01:00 [INF] HTTP OPTIONS /api/admissions/document-types responded 204 in 0.0840 ms
2026-06-15 09:33:37.639 +01:00 [INF] HTTP OPTIONS /api/admissions/document-types responded 204 in 0.0159 ms
2026-06-15 09:33:37.639 +01:00 [INF] HTTP OPTIONS /api/admissions/faculties responded 204 in 0.0028 ms
2026-06-15 09:33:37.639 +01:00 [INF] HTTP OPTIONS /api/admissions/sessions responded 204 in 0.0019 ms
2026-06-15 09:33:37.639 +01:00 [INF] HTTP OPTIONS /api/admissions/sponsors responded 204 in 0.0017 ms
2026-06-15 09:33:37.639 +01:00 [INF] HTTP OPTIONS /api/admissions/subjects responded 204 in 0.0016 ms
2026-06-15 09:33:37.642 +01:00 [INF] HTTP OPTIONS /api/admissions/levels responded 204 in 0.0197 ms
2026-06-15 09:33:37.643 +01:00 [INF] HTTP OPTIONS /api/admissions/faculties responded 204 in 0.0098 ms
2026-06-15 09:33:37.643 +01:00 [INF] HTTP OPTIONS /api/countries responded 204 in 0.0051 ms
2026-06-15 09:33:37.656 +01:00 [INF] HTTP GET /api/admissions/document-types responded 200 in 19.8988 ms
2026-06-15 09:33:37.668 +01:00 [INF] Initializing Entra ID Service with TenantId: c9a98a3d-152f-4eb3-b93f-9b26fdd08495, ClientId: 84022968-6bdc-4c6b-8eab-57b75fa5d0b1, Domain: wigweuniversity.edu.ng
2026-06-15 09:33:37.669 +01:00 [INF] Entra ID Service initialized successfully
2026-06-15 09:33:37.670 +01:00 [INF] HTTP GET /api/admissions/document-types responded 200 in 29.9945 ms
2026-06-15 09:33:37.672 +01:00 [INF] HTTP GET /api/admissions/levels responded 200 in 15.3428 ms
2026-06-15 09:33:37.681 +01:00 [INF] Initializing Entra ID Service with TenantId: c9a98a3d-152f-4eb3-b93f-9b26fdd08495, ClientId: 84022968-6bdc-4c6b-8eab-57b75fa5d0b1, Domain: wigweuniversity.edu.ng
2026-06-15 09:33:37.681 +01:00 [INF] Entra ID Service initialized successfully
2026-06-15 09:33:37.681 +01:00 [INF] HTTP GET /api/countries responded 200 in 10.6897 ms
2026-06-15 09:33:37.682 +01:00 [INF] Initializing Entra ID Service with TenantId: c9a98a3d-152f-4eb3-b93f-9b26fdd08495, ClientId: 84022968-6bdc-4c6b-8eab-57b75fa5d0b1, Domain: wigweuniversity.edu.ng
2026-06-15 09:33:37.682 +01:00 [INF] Entra ID Service initialized successfully
2026-06-15 09:33:37.683 +01:00 [INF] HTTP GET /api/admissions/subjects responded 200 in 36.6575 ms
2026-06-15 09:33:37.683 +01:00 [INF] HTTP GET /api/admissions/faculties responded 200 in 41.0662 ms
2026-06-15 09:33:37.693 +01:00 [INF] Initializing Entra ID Service with TenantId: c9a98a3d-152f-4eb3-b93f-9b26fdd08495, ClientId: 84022968-6bdc-4c6b-8eab-57b75fa5d0b1, Domain: wigweuniversity.edu.ng
2026-06-15 09:33:37.693 +01:00 [INF] Entra ID Service initialized successfully
2026-06-15 09:33:37.694 +01:00 [INF] Initializing Entra ID Service with TenantId: c9a98a3d-152f-4eb3-b93f-9b26fdd08495, ClientId: 84022968-6bdc-4c6b-8eab-57b75fa5d0b1, Domain: wigweuniversity.edu.ng
2026-06-15 09:33:37.694 +01:00 [INF] HTTP GET /api/admissions/faculties responded 200 in 10.3269 ms
2026-06-15 09:33:37.695 +01:00 [INF] Entra ID Service initialized successfully
2026-06-15 09:33:37.695 +01:00 [INF] Initializing Entra ID Service with TenantId: c9a98a3d-152f-4eb3-b93f-9b26fdd08495, ClientId: 84022968-6bdc-4c6b-8eab-57b75fa5d0b1, Domain: wigweuniversity.edu.ng
2026-06-15 09:33:37.695 +01:00 [INF] Entra ID Service initialized successfully
2026-06-15 09:33:37.696 +01:00 [INF] HTTP GET /api/admissions/sessions responded 200 in 49.9353 ms
2026-06-15 09:33:37.696 +01:00 [INF] HTTP GET /api/admissions/sponsors responded 200 in 51.0139 ms
2026-06-15 09:33:37.697 +01:00 [INF] HTTP OPTIONS /api/admissions/programs/780adcfd-92ad-4f80-8ec4-d97ae6b165e0 responded 204 in 0.0159 ms
2026-06-15 09:33:37.697 +01:00 [INF] HTTP OPTIONS /api/admissions/programs/0d17b27c-131d-4205-876a-3bd064ba8814 responded 204 in 0.0057 ms
2026-06-15 09:33:37.697 +01:00 [INF] HTTP OPTIONS /api/admissions/programs/57bcd87b-51c8-4110-a3a4-ae2f2175864e responded 204 in 0.0025 ms
2026-06-15 09:33:37.698 +01:00 [INF] HTTP OPTIONS /api/admissions/programs/5b02c1f7-ebf7-4698-8998-587a2ef867e7 responded 204 in 0.0160 ms
2026-06-15 09:33:37.713 +01:00 [INF] Initializing Entra ID Service with TenantId: c9a98a3d-152f-4eb3-b93f-9b26fdd08495, ClientId: 84022968-6bdc-4c6b-8eab-57b75fa5d0b1, Domain: wigweuniversity.edu.ng
2026-06-15 09:33:37.714 +01:00 [INF] Initializing Entra ID Service with TenantId: c9a98a3d-152f-4eb3-b93f-9b26fdd08495, ClientId: 84022968-6bdc-4c6b-8eab-57b75fa5d0b1, Domain: wigweuniversity.edu.ng
2026-06-15 09:33:37.718 +01:00 [INF] Entra ID Service initialized successfully
2026-06-15 09:33:37.718 +01:00 [INF] Entra ID Service initialized successfully
2026-06-15 09:33:37.720 +01:00 [INF] Initializing Entra ID Service with TenantId: c9a98a3d-152f-4eb3-b93f-9b26fdd08495, ClientId: 84022968-6bdc-4c6b-8eab-57b75fa5d0b1, Domain: wigweuniversity.edu.ng
2026-06-15 09:33:37.720 +01:00 [INF] HTTP GET /api/admissions/programs/0d17b27c-131d-4205-876a-3bd064ba8814 responded 200 in 22.4660 ms
2026-06-15 09:33:37.720 +01:00 [INF] HTTP GET /api/admissions/programs/57bcd87b-51c8-4110-a3a4-ae2f2175864e responded 200 in 22.4004 ms
2026-06-15 09:33:37.725 +01:00 [INF] Entra ID Service initialized successfully
2026-06-15 09:33:37.727 +01:00 [INF] Initializing Entra ID Service with TenantId: c9a98a3d-152f-4eb3-b93f-9b26fdd08495, ClientId: 84022968-6bdc-4c6b-8eab-57b75fa5d0b1, Domain: wigweuniversity.edu.ng
2026-06-15 09:33:37.727 +01:00 [INF] HTTP GET /api/admissions/programs/780adcfd-92ad-4f80-8ec4-d97ae6b165e0 responded 200 in 30.0629 ms
2026-06-15 09:33:37.728 +01:00 [INF] Entra ID Service initialized successfully
2026-06-15 09:33:37.729 +01:00 [INF] HTTP GET /api/admissions/programs/5b02c1f7-ebf7-4698-8998-587a2ef867e7 responded 200 in 29.4994 ms
2026-06-15 09:33:51.080 +01:00 [INF] HTTP OPTIONS /api/admissions/identify responded 204 in 0.2725 ms
2026-06-15 09:33:51.101 +01:00 [INF] Initializing Entra ID Service with TenantId: c9a98a3d-152f-4eb3-b93f-9b26fdd08495, ClientId: 84022968-6bdc-4c6b-8eab-57b75fa5d0b1, Domain: wigweuniversity.edu.ng
2026-06-15 09:33:51.101 +01:00 [INF] Entra ID Service initialized successfully
2026-06-15 09:33:51.104 +01:00 [INF] HTTP POST /api/admissions/identify responded 200 in 23.2642 ms
2026-06-15 09:33:51.109 +01:00 [INF] HTTP OPTIONS /api/admissions/document-types responded 204 in 0.0323 ms
2026-06-15 09:33:51.124 +01:00 [INF] HTTP GET /api/admissions/document-types responded 200 in 14.8746 ms
2026-06-15 09:45:10.594 +01:00 [INF] HTTP OPTIONS /api/me responded 204 in 4.2848 ms
2026-06-15 09:45:10.777 +01:00 [INF] HTTP GET /api/me responded 200 in 152.6860 ms
2026-06-15 09:45:10.802 +01:00 [INF] HTTP OPTIONS /api/admissions/document-types responded 204 in 0.0216 ms
2026-06-15 09:45:10.834 +01:00 [INF] HTTP OPTIONS /api/admissions/faculties responded 204 in 0.0242 ms
2026-06-15 09:45:10.835 +01:00 [INF] HTTP OPTIONS /api/admissions/document-types responded 204 in 0.0180 ms
2026-06-15 09:45:10.835 +01:00 [INF] HTTP OPTIONS /api/admissions/sessions responded 204 in 0.0159 ms
2026-06-15 09:45:10.835 +01:00 [INF] HTTP OPTIONS /api/admissions/sponsors responded 204 in 0.0054 ms
2026-06-15 09:45:10.841 +01:00 [INF] HTTP OPTIONS /api/admissions/subjects responded 204 in 1.8500 ms
2026-06-15 09:45:10.852 +01:00 [INF] HTTP OPTIONS /api/admissions/levels responded 204 in 6.0195 ms
2026-06-15 09:45:10.865 +01:00 [INF] HTTP OPTIONS /api/countries responded 204 in 0.0140 ms
2026-06-15 09:45:10.852 +01:00 [INF] HTTP OPTIONS /api/me responded 204 in 6.1538 ms
2026-06-15 09:45:10.858 +01:00 [INF] HTTP OPTIONS /api/admissions/faculties responded 204 in 0.0905 ms
2026-06-15 09:45:10.879 +01:00 [INF] HTTP GET /api/me responded 200 in 0.8146 ms
2026-06-15 09:45:10.940 +01:00 [INF] HTTP OPTIONS /api/courses/my-courses responded 204 in 11.6769 ms
2026-06-15 09:45:10.959 +01:00 [INF] HTTP GET /api/courses/my-courses responded 401 in 1.2879 ms
2026-06-15 09:45:11.009 +01:00 [INF] HTTP GET /api/admissions/document-types responded 200 in 143.1037 ms
2026-06-15 09:45:11.074 +01:00 [INF] Initializing Entra ID Service with TenantId: c9a98a3d-152f-4eb3-b93f-9b26fdd08495, ClientId: 84022968-6bdc-4c6b-8eab-57b75fa5d0b1, Domain: wigweuniversity.edu.ng
2026-06-15 09:45:11.075 +01:00 [INF] Entra ID Service initialized successfully
2026-06-15 09:45:11.077 +01:00 [INF] Initializing Entra ID Service with TenantId: c9a98a3d-152f-4eb3-b93f-9b26fdd08495, ClientId: 84022968-6bdc-4c6b-8eab-57b75fa5d0b1, Domain: wigweuniversity.edu.ng
2026-06-15 09:45:11.077 +01:00 [INF] Entra ID Service initialized successfully
2026-06-15 09:45:11.085 +01:00 [INF] HTTP GET /api/admissions/faculties responded 200 in 215.5188 ms
2026-06-15 09:45:11.095 +01:00 [INF] HTTP GET /api/admissions/levels responded 200 in 85.1933 ms
2026-06-15 09:45:11.312 +01:00 [INF] HTTP GET /api/countries responded 200 in 224.7643 ms
2026-06-15 09:45:11.324 +01:00 [INF] Initializing Entra ID Service with TenantId: c9a98a3d-152f-4eb3-b93f-9b26fdd08495, ClientId: 84022968-6bdc-4c6b-8eab-57b75fa5d0b1, Domain: wigweuniversity.edu.ng
2026-06-15 09:45:11.324 +01:00 [INF] Entra ID Service initialized successfully
2026-06-15 09:45:11.328 +01:00 [INF] Initializing Entra ID Service with TenantId: c9a98a3d-152f-4eb3-b93f-9b26fdd08495, ClientId: 84022968-6bdc-4c6b-8eab-57b75fa5d0b1, Domain: wigweuniversity.edu.ng
2026-06-15 09:45:11.328 +01:00 [INF] Entra ID Service initialized successfully
2026-06-15 09:45:11.330 +01:00 [INF] HTTP GET /api/admissions/sessions responded 200 in 453.0533 ms
2026-06-15 09:45:11.331 +01:00 [INF] HTTP GET /api/admissions/subjects responded 200 in 446.1220 ms
2026-06-15 09:45:11.331 +01:00 [INF] Initializing Entra ID Service with TenantId: c9a98a3d-152f-4eb3-b93f-9b26fdd08495, ClientId: 84022968-6bdc-4c6b-8eab-57b75fa5d0b1, Domain: wigweuniversity.edu.ng
2026-06-15 09:45:11.332 +01:00 [INF] Entra ID Service initialized successfully
2026-06-15 09:45:11.344 +01:00 [INF] HTTP GET /api/admissions/sponsors responded 200 in 465.9198 ms
2026-06-15 09:45:11.348 +01:00 [INF] Initializing Entra ID Service with TenantId: c9a98a3d-152f-4eb3-b93f-9b26fdd08495, ClientId: 84022968-6bdc-4c6b-8eab-57b75fa5d0b1, Domain: wigweuniversity.edu.ng
2026-06-15 09:45:11.348 +01:00 [INF] Entra ID Service initialized successfully
2026-06-15 09:45:11.352 +01:00 [INF] HTTP GET /api/me responded 200 in 250.9768 ms
2026-06-15 09:45:11.360 +01:00 [INF] HTTP GET /api/admissions/faculties responded 200 in 39.9818 ms
2026-06-15 09:45:11.365 +01:00 [INF] HTTP OPTIONS /api/admissions/programs/5b02c1f7-ebf7-4698-8998-587a2ef867e7 responded 204 in 0.0168 ms
2026-06-15 09:45:11.365 +01:00 [INF] HTTP OPTIONS /api/admissions/programs/780adcfd-92ad-4f80-8ec4-d97ae6b165e0 responded 204 in 0.1470 ms
2026-06-15 09:45:11.365 +01:00 [INF] HTTP OPTIONS /api/admissions/programs/0d17b27c-131d-4205-876a-3bd064ba8814 responded 204 in 0.1453 ms
2026-06-15 09:45:11.365 +01:00 [INF] HTTP OPTIONS /api/admissions/programs/57bcd87b-51c8-4110-a3a4-ae2f2175864e responded 204 in 0.0300 ms
2026-06-15 09:45:11.374 +01:00 [INF] HTTP GET /api/admissions/document-types responded 200 in 496.9130 ms
2026-06-15 09:45:11.390 +01:00 [INF] HTTP OPTIONS /api/admissions/applications responded 204 in 0.0195 ms
2026-06-15 09:45:11.402 +01:00 [INF] Initializing Entra ID Service with TenantId: c9a98a3d-152f-4eb3-b93f-9b26fdd08495, ClientId: 84022968-6bdc-4c6b-8eab-57b75fa5d0b1, Domain: wigweuniversity.edu.ng
2026-06-15 09:45:11.402 +01:00 [INF] Entra ID Service initialized successfully
2026-06-15 09:45:11.406 +01:00 [INF] Initializing Entra ID Service with TenantId: c9a98a3d-152f-4eb3-b93f-9b26fdd08495, ClientId: 84022968-6bdc-4c6b-8eab-57b75fa5d0b1, Domain: wigweuniversity.edu.ng
2026-06-15 09:45:11.406 +01:00 [INF] Entra ID Service initialized successfully
2026-06-15 09:45:11.408 +01:00 [INF] HTTP GET /api/admissions/programs/0d17b27c-131d-4205-876a-3bd064ba8814 responded 200 in 40.4449 ms
2026-06-15 09:45:11.409 +01:00 [INF] HTTP GET /api/admissions/programs/5b02c1f7-ebf7-4698-8998-587a2ef867e7 responded 200 in 41.4754 ms
2026-06-15 09:45:11.412 +01:00 [INF] Initializing Entra ID Service with TenantId: c9a98a3d-152f-4eb3-b93f-9b26fdd08495, ClientId: 84022968-6bdc-4c6b-8eab-57b75fa5d0b1, Domain: wigweuniversity.edu.ng
2026-06-15 09:45:11.413 +01:00 [INF] Entra ID Service initialized successfully
2026-06-15 09:45:11.437 +01:00 [INF] Initializing Entra ID Service with TenantId: c9a98a3d-152f-4eb3-b93f-9b26fdd08495, ClientId: 84022968-6bdc-4c6b-8eab-57b75fa5d0b1, Domain: wigweuniversity.edu.ng
2026-06-15 09:45:11.437 +01:00 [INF] Entra ID Service initialized successfully
2026-06-15 09:45:11.440 +01:00 [INF] HTTP GET /api/admissions/programs/57bcd87b-51c8-4110-a3a4-ae2f2175864e responded 200 in 69.8946 ms
2026-06-15 09:45:11.441 +01:00 [INF] HTTP GET /api/admissions/programs/780adcfd-92ad-4f80-8ec4-d97ae6b165e0 responded 200 in 73.6913 ms
2026-06-15 09:45:11.447 +01:00 [INF] Initializing Entra ID Service with TenantId: c9a98a3d-152f-4eb3-b93f-9b26fdd08495, ClientId: 84022968-6bdc-4c6b-8eab-57b75fa5d0b1, Domain: wigweuniversity.edu.ng
2026-06-15 09:45:11.447 +01:00 [INF] Entra ID Service initialized successfully
2026-06-15 09:45:11.451 +01:00 [INF] HTTP GET /api/admissions/applications responded 200 in 59.6250 ms
2026-06-15 09:53:53.820 +01:00 [INF] HTTP OPTIONS /api/me responded 204 in 0.0810 ms
2026-06-15 09:53:54.050 +01:00 [INF] HTTP GET /api/me responded 200 in 228.7716 ms
2026-06-15 09:53:54.094 +01:00 [INF] HTTP OPTIONS /api/admissions/applications responded 204 in 0.0244 ms
2026-06-15 09:53:54.115 +01:00 [INF] Initializing Entra ID Service with TenantId: c9a98a3d-152f-4eb3-b93f-9b26fdd08495, ClientId: 84022968-6bdc-4c6b-8eab-57b75fa5d0b1, Domain: wigweuniversity.edu.ng
2026-06-15 09:53:54.115 +01:00 [INF] Entra ID Service initialized successfully
2026-06-15 09:53:54.118 +01:00 [INF] HTTP GET /api/admissions/applications responded 200 in 23.1649 ms
2026-06-15 09:54:27.045 +01:00 [INF] HTTP OPTIONS /api/admin/sessions responded 204 in 0.0235 ms
2026-06-15 09:54:27.068 +01:00 [INF] HTTP GET /api/admin/sessions responded 200 in 21.6915 ms
2026-06-15 09:54:45.190 +01:00 [INF] HTTP OPTIONS /api/admin/sessions/eed50a84-7299-40b9-b28e-fb68dbeb4f8d/toggle-status responded 204 in 0.0290 ms
2026-06-15 09:54:45.240 +01:00 [INF] HTTP PATCH /api/admin/sessions/eed50a84-7299-40b9-b28e-fb68dbeb4f8d/toggle-status responded 200 in 49.1427 ms
2026-06-15 09:54:45.242 +01:00 [INF] HTTP OPTIONS /api/admin/sessions responded 204 in 0.0629 ms
2026-06-15 09:54:45.258 +01:00 [INF] HTTP GET /api/admin/sessions responded 200 in 14.9935 ms
2026-06-15 09:54:54.978 +01:00 [INF] HTTP OPTIONS /api/me responded 204 in 1.9873 ms
2026-06-15 09:54:55.005 +01:00 [INF] HTTP GET /api/me responded 200 in 20.6088 ms
2026-06-15 09:54:55.020 +01:00 [INF] HTTP OPTIONS /api/admissions/document-types responded 204 in 0.1001 ms
2026-06-15 09:54:55.023 +01:00 [INF] HTTP OPTIONS /api/admissions/document-types responded 204 in 0.0164 ms
2026-06-15 09:54:55.023 +01:00 [INF] HTTP OPTIONS /api/admissions/faculties responded 204 in 0.0157 ms
2026-06-15 09:54:55.024 +01:00 [INF] HTTP OPTIONS /api/admissions/sessions responded 204 in 0.0080 ms
2026-06-15 09:54:55.024 +01:00 [INF] HTTP OPTIONS /api/admissions/subjects responded 204 in 0.0153 ms
2026-06-15 09:54:55.025 +01:00 [INF] HTTP OPTIONS /api/admissions/sponsors responded 204 in 0.1079 ms
2026-06-15 09:54:55.026 +01:00 [INF] HTTP OPTIONS /api/admissions/levels responded 204 in 0.0981 ms
2026-06-15 09:54:55.028 +01:00 [INF] HTTP OPTIONS /api/countries responded 204 in 0.0153 ms
2026-06-15 09:54:55.042 +01:00 [INF] HTTP GET /api/admissions/document-types responded 200 in 20.4623 ms
2026-06-15 09:54:55.054 +01:00 [INF] Initializing Entra ID Service with TenantId: c9a98a3d-152f-4eb3-b93f-9b26fdd08495, ClientId: 84022968-6bdc-4c6b-8eab-57b75fa5d0b1, Domain: wigweuniversity.edu.ng
2026-06-15 09:54:55.054 +01:00 [INF] Entra ID Service initialized successfully
2026-06-15 09:54:55.057 +01:00 [INF] HTTP GET /api/admissions/document-types responded 200 in 32.9737 ms
2026-06-15 09:54:55.058 +01:00 [INF] HTTP GET /api/admissions/levels responded 200 in 15.7748 ms
2026-06-15 09:54:55.071 +01:00 [INF] Initializing Entra ID Service with TenantId: c9a98a3d-152f-4eb3-b93f-9b26fdd08495, ClientId: 84022968-6bdc-4c6b-8eab-57b75fa5d0b1, Domain: wigweuniversity.edu.ng
2026-06-15 09:54:55.071 +01:00 [INF] Entra ID Service initialized successfully
2026-06-15 09:54:55.073 +01:00 [INF] Initializing Entra ID Service with TenantId: c9a98a3d-152f-4eb3-b93f-9b26fdd08495, ClientId: 84022968-6bdc-4c6b-8eab-57b75fa5d0b1, Domain: wigweuniversity.edu.ng
2026-06-15 09:54:55.073 +01:00 [INF] HTTP GET /api/admissions/sessions responded 200 in 47.3382 ms
2026-06-15 09:54:55.073 +01:00 [INF] Entra ID Service initialized successfully
2026-06-15 09:54:55.074 +01:00 [INF] Initializing Entra ID Service with TenantId: c9a98a3d-152f-4eb3-b93f-9b26fdd08495, ClientId: 84022968-6bdc-4c6b-8eab-57b75fa5d0b1, Domain: wigweuniversity.edu.ng
2026-06-15 09:54:55.074 +01:00 [INF] HTTP GET /api/admissions/faculties responded 200 in 48.6489 ms
2026-06-15 09:54:55.075 +01:00 [INF] Entra ID Service initialized successfully
2026-06-15 09:54:55.077 +01:00 [INF] HTTP GET /api/admissions/subjects responded 200 in 50.0620 ms
2026-06-15 09:54:55.086 +01:00 [INF] Initializing Entra ID Service with TenantId: c9a98a3d-152f-4eb3-b93f-9b26fdd08495, ClientId: 84022968-6bdc-4c6b-8eab-57b75fa5d0b1, Domain: wigweuniversity.edu.ng
2026-06-15 09:54:55.086 +01:00 [INF] HTTP GET /api/countries responded 200 in 28.8600 ms
2026-06-15 09:54:55.086 +01:00 [INF] Entra ID Service initialized successfully
2026-06-15 09:54:55.088 +01:00 [INF] HTTP GET /api/admissions/faculties responded 200 in 12.8016 ms
2026-06-15 09:54:55.089 +01:00 [INF] Initializing Entra ID Service with TenantId: c9a98a3d-152f-4eb3-b93f-9b26fdd08495, ClientId: 84022968-6bdc-4c6b-8eab-57b75fa5d0b1, Domain: wigweuniversity.edu.ng
2026-06-15 09:54:55.089 +01:00 [INF] Entra ID Service initialized successfully
2026-06-15 09:54:55.090 +01:00 [INF] HTTP OPTIONS /api/admissions/programs/780adcfd-92ad-4f80-8ec4-d97ae6b165e0 responded 204 in 0.0193 ms
2026-06-15 09:54:55.091 +01:00 [INF] HTTP OPTIONS /api/admissions/programs/0d17b27c-131d-4205-876a-3bd064ba8814 responded 204 in 0.0062 ms
2026-06-15 09:54:55.091 +01:00 [INF] HTTP OPTIONS /api/admissions/programs/57bcd87b-51c8-4110-a3a4-ae2f2175864e responded 204 in 0.0052 ms
2026-06-15 09:54:55.091 +01:00 [INF] HTTP OPTIONS /api/admissions/programs/5b02c1f7-ebf7-4698-8998-587a2ef867e7 responded 204 in 0.0035 ms
2026-06-15 09:54:55.092 +01:00 [INF] HTTP GET /api/admissions/sponsors responded 200 in 63.2747 ms
2026-06-15 09:54:55.102 +01:00 [INF] Initializing Entra ID Service with TenantId: c9a98a3d-152f-4eb3-b93f-9b26fdd08495, ClientId: 84022968-6bdc-4c6b-8eab-57b75fa5d0b1, Domain: wigweuniversity.edu.ng
2026-06-15 09:54:55.102 +01:00 [INF] Entra ID Service initialized successfully
2026-06-15 09:54:55.103 +01:00 [INF] Initializing Entra ID Service with TenantId: c9a98a3d-152f-4eb3-b93f-9b26fdd08495, ClientId: 84022968-6bdc-4c6b-8eab-57b75fa5d0b1, Domain: wigweuniversity.edu.ng
2026-06-15 09:54:55.103 +01:00 [INF] Entra ID Service initialized successfully
2026-06-15 09:54:55.103 +01:00 [INF] HTTP GET /api/admissions/programs/5b02c1f7-ebf7-4698-8998-587a2ef867e7 responded 200 in 11.4906 ms
2026-06-15 09:54:55.105 +01:00 [INF] HTTP GET /api/admissions/programs/780adcfd-92ad-4f80-8ec4-d97ae6b165e0 responded 200 in 13.4755 ms
2026-06-15 09:54:55.106 +01:00 [INF] Initializing Entra ID Service with TenantId: c9a98a3d-152f-4eb3-b93f-9b26fdd08495, ClientId: 84022968-6bdc-4c6b-8eab-57b75fa5d0b1, Domain: wigweuniversity.edu.ng
2026-06-15 09:54:55.106 +01:00 [INF] Entra ID Service initialized successfully
2026-06-15 09:54:55.107 +01:00 [INF] Initializing Entra ID Service with TenantId: c9a98a3d-152f-4eb3-b93f-9b26fdd08495, ClientId: 84022968-6bdc-4c6b-8eab-57b75fa5d0b1, Domain: wigweuniversity.edu.ng
2026-06-15 09:54:55.107 +01:00 [INF] Entra ID Service initialized successfully
2026-06-15 09:54:55.108 +01:00 [INF] HTTP GET /api/admissions/programs/0d17b27c-131d-4205-876a-3bd064ba8814 responded 200 in 16.0395 ms
2026-06-15 09:54:55.109 +01:00 [INF] HTTP GET /api/admissions/programs/57bcd87b-51c8-4110-a3a4-ae2f2175864e responded 200 in 17.7177 ms
2026-06-15 09:55:55.917 +01:00 [INF] HTTP OPTIONS /api/me responded 204 in 0.0210 ms
2026-06-15 09:55:55.920 +01:00 [INF] HTTP OPTIONS /api/me responded 204 in 0.0153 ms
2026-06-15 09:55:55.970 +01:00 [INF] HTTP OPTIONS /api/me responded 204 in 0.0296 ms
2026-06-15 09:55:55.978 +01:00 [INF] HTTP GET /api/me responded 200 in 6.3157 ms
2026-06-15 09:55:55.986 +01:00 [INF] HTTP GET /api/me responded 200 in 63.7757 ms
2026-06-15 09:55:56.017 +01:00 [INF] HTTP OPTIONS /api/courses/my-courses responded 204 in 0.0280 ms
2026-06-15 09:55:56.022 +01:00 [INF] HTTP GET /api/courses/my-courses responded 401 in 0.6423 ms
2026-06-15 09:55:56.023 +01:00 [INF] HTTP GET /api/me responded 200 in 25.1604 ms
2026-06-15 09:55:56.119 +01:00 [INF] HTTP OPTIONS /api/admin/sessions responded 204 in 0.0358 ms
2026-06-15 09:55:56.145 +01:00 [INF] HTTP GET /api/admin/sessions responded 200 in 24.7872 ms
2026-06-15 09:55:56.217 +01:00 [INF] HTTP OPTIONS /api/admissions/document-types responded 204 in 0.0988 ms
2026-06-15 09:55:56.217 +01:00 [INF] HTTP OPTIONS /api/admissions/sessions responded 204 in 0.0029 ms
2026-06-15 09:55:56.217 +01:00 [INF] HTTP OPTIONS /api/admissions/sponsors responded 204 in 0.1150 ms
2026-06-15 09:55:56.217 +01:00 [INF] HTTP OPTIONS /api/admissions/document-types responded 204 in 0.0828 ms
2026-06-15 09:55:56.217 +01:00 [INF] HTTP OPTIONS /api/admissions/faculties responded 204 in 0.0048 ms
2026-06-15 09:55:56.218 +01:00 [INF] HTTP OPTIONS /api/admissions/subjects responded 204 in 0.0689 ms
2026-06-15 09:55:56.218 +01:00 [INF] HTTP OPTIONS /api/admissions/levels responded 204 in 0.0054 ms
2026-06-15 09:55:56.218 +01:00 [INF] HTTP OPTIONS /api/admissions/faculties responded 204 in 0.0022 ms
2026-06-15 09:55:56.218 +01:00 [INF] HTTP OPTIONS /api/countries responded 204 in 0.0030 ms
2026-06-15 09:55:56.307 +01:00 [INF] Initializing Entra ID Service with TenantId: c9a98a3d-152f-4eb3-b93f-9b26fdd08495, ClientId: 84022968-6bdc-4c6b-8eab-57b75fa5d0b1, Domain: wigweuniversity.edu.ng
2026-06-15 09:55:56.307 +01:00 [INF] Entra ID Service initialized successfully
2026-06-15 09:55:56.324 +01:00 [INF] Initializing Entra ID Service with TenantId: c9a98a3d-152f-4eb3-b93f-9b26fdd08495, ClientId: 84022968-6bdc-4c6b-8eab-57b75fa5d0b1, Domain: wigweuniversity.edu.ng
2026-06-15 09:55:56.324 +01:00 [INF] Entra ID Service initialized successfully
2026-06-15 09:55:56.343 +01:00 [INF] HTTP GET /api/admissions/sponsors responded 200 in 111.2822 ms
2026-06-15 09:55:56.345 +01:00 [INF] HTTP GET /api/admissions/levels responded 200 in 110.4308 ms
2026-06-15 09:55:56.385 +01:00 [INF] Initializing Entra ID Service with TenantId: c9a98a3d-152f-4eb3-b93f-9b26fdd08495, ClientId: 84022968-6bdc-4c6b-8eab-57b75fa5d0b1, Domain: wigweuniversity.edu.ng
2026-06-15 09:55:56.386 +01:00 [INF] Entra ID Service initialized successfully
2026-06-15 09:55:56.396 +01:00 [INF] HTTP GET /api/admissions/document-types responded 200 in 163.1383 ms
2026-06-15 09:55:56.420 +01:00 [INF] HTTP GET /api/admissions/sessions responded 200 in 188.0083 ms
2026-06-15 09:55:56.423 +01:00 [INF] HTTP GET /api/countries responded 200 in 189.1076 ms
2026-06-15 09:55:56.424 +01:00 [INF] Initializing Entra ID Service with TenantId: c9a98a3d-152f-4eb3-b93f-9b26fdd08495, ClientId: 84022968-6bdc-4c6b-8eab-57b75fa5d0b1, Domain: wigweuniversity.edu.ng
2026-06-15 09:55:56.424 +01:00 [INF] Entra ID Service initialized successfully
2026-06-15 09:55:56.427 +01:00 [INF] Initializing Entra ID Service with TenantId: c9a98a3d-152f-4eb3-b93f-9b26fdd08495, ClientId: 84022968-6bdc-4c6b-8eab-57b75fa5d0b1, Domain: wigweuniversity.edu.ng
2026-06-15 09:55:56.427 +01:00 [INF] HTTP GET /api/admissions/faculties responded 200 in 192.8319 ms
2026-06-15 09:55:56.427 +01:00 [INF] Entra ID Service initialized successfully
2026-06-15 09:55:56.434 +01:00 [INF] HTTP GET /api/admissions/subjects responded 200 in 59.7886 ms
2026-06-15 09:55:56.441 +01:00 [INF] HTTP OPTIONS /api/admissions/programs/780adcfd-92ad-4f80-8ec4-d97ae6b165e0 responded 204 in 0.0214 ms
2026-06-15 09:55:56.441 +01:00 [INF] HTTP OPTIONS /api/admissions/programs/0d17b27c-131d-4205-876a-3bd064ba8814 responded 204 in 0.0035 ms
2026-06-15 09:55:56.441 +01:00 [INF] HTTP OPTIONS /api/admissions/programs/57bcd87b-51c8-4110-a3a4-ae2f2175864e responded 204 in 0.0020 ms
2026-06-15 09:55:56.441 +01:00 [INF] HTTP OPTIONS /api/admissions/programs/5b02c1f7-ebf7-4698-8998-587a2ef867e7 responded 204 in 0.0017 ms
2026-06-15 09:55:56.441 +01:00 [INF] HTTP GET /api/admissions/document-types responded 200 in 56.9424 ms
2026-06-15 09:55:56.474 +01:00 [INF] Initializing Entra ID Service with TenantId: c9a98a3d-152f-4eb3-b93f-9b26fdd08495, ClientId: 84022968-6bdc-4c6b-8eab-57b75fa5d0b1, Domain: wigweuniversity.edu.ng
2026-06-15 09:55:56.474 +01:00 [INF] Entra ID Service initialized successfully
2026-06-15 09:55:56.478 +01:00 [INF] HTTP GET /api/admissions/faculties responded 200 in 47.9743 ms
2026-06-15 09:55:56.479 +01:00 [INF] Initializing Entra ID Service with TenantId: c9a98a3d-152f-4eb3-b93f-9b26fdd08495, ClientId: 84022968-6bdc-4c6b-8eab-57b75fa5d0b1, Domain: wigweuniversity.edu.ng
2026-06-15 09:55:56.480 +01:00 [INF] Entra ID Service initialized successfully
2026-06-15 09:55:56.482 +01:00 [INF] Initializing Entra ID Service with TenantId: c9a98a3d-152f-4eb3-b93f-9b26fdd08495, ClientId: 84022968-6bdc-4c6b-8eab-57b75fa5d0b1, Domain: wigweuniversity.edu.ng
2026-06-15 09:55:56.482 +01:00 [INF] Entra ID Service initialized successfully
2026-06-15 09:55:56.485 +01:00 [INF] HTTP GET /api/admissions/programs/0d17b27c-131d-4205-876a-3bd064ba8814 responded 200 in 40.8018 ms
2026-06-15 09:55:56.485 +01:00 [INF] HTTP GET /api/admissions/programs/57bcd87b-51c8-4110-a3a4-ae2f2175864e responded 200 in 40.4947 ms
2026-06-15 09:55:56.487 +01:00 [INF] Initializing Entra ID Service with TenantId: c9a98a3d-152f-4eb3-b93f-9b26fdd08495, ClientId: 84022968-6bdc-4c6b-8eab-57b75fa5d0b1, Domain: wigweuniversity.edu.ng
2026-06-15 09:55:56.488 +01:00 [INF] Entra ID Service initialized successfully
2026-06-15 09:55:56.488 +01:00 [INF] Initializing Entra ID Service with TenantId: c9a98a3d-152f-4eb3-b93f-9b26fdd08495, ClientId: 84022968-6bdc-4c6b-8eab-57b75fa5d0b1, Domain: wigweuniversity.edu.ng
2026-06-15 09:55:56.488 +01:00 [INF] Entra ID Service initialized successfully
2026-06-15 09:55:56.490 +01:00 [INF] HTTP GET /api/admissions/programs/780adcfd-92ad-4f80-8ec4-d97ae6b165e0 responded 200 in 45.7846 ms
2026-06-15 09:55:56.491 +01:00 [INF] HTTP GET /api/admissions/programs/5b02c1f7-ebf7-4698-8998-587a2ef867e7 responded 200 in 45.9561 ms
2026-06-15 09:57:16.877 +01:00 [INF] HTTP OPTIONS /api/me responded 204 in 0.1058 ms
2026-06-15 09:57:16.961 +01:00 [INF] HTTP GET /api/me responded 200 in 77.5785 ms
2026-06-15 09:57:17.011 +01:00 [INF] HTTP OPTIONS /api/me responded 204 in 0.0666 ms
2026-06-15 09:57:17.036 +01:00 [INF] HTTP GET /api/me responded 200 in 1.8831 ms
2026-06-15 09:57:17.059 +01:00 [INF] HTTP GET /api/me responded 200 in 97.1358 ms
2026-06-15 09:57:17.075 +01:00 [INF] HTTP OPTIONS /api/courses/my-courses responded 204 in 0.0292 ms
2026-06-15 09:57:17.081 +01:00 [INF] HTTP GET /api/courses/my-courses responded 401 in 1.7431 ms
2026-06-15 09:57:17.188 +01:00 [INF] HTTP OPTIONS /api/admin/sessions responded 204 in 0.0225 ms
2026-06-15 09:57:17.212 +01:00 [INF] HTTP GET /api/admin/sessions responded 200 in 20.4440 ms
2026-06-15 09:57:17.473 +01:00 [INF] HTTP OPTIONS /api/admissions/document-types responded 204 in 0.0255 ms
2026-06-15 09:57:17.474 +01:00 [INF] HTTP OPTIONS /api/admissions/document-types responded 204 in 0.0186 ms
2026-06-15 09:57:17.475 +01:00 [INF] HTTP OPTIONS /api/admissions/faculties responded 204 in 0.0408 ms
2026-06-15 09:57:17.475 +01:00 [INF] HTTP OPTIONS /api/admissions/sessions responded 204 in 0.0125 ms
2026-06-15 09:57:17.476 +01:00 [INF] HTTP OPTIONS /api/admissions/subjects responded 204 in 0.0120 ms
2026-06-15 09:57:17.477 +01:00 [INF] HTTP OPTIONS /api/admissions/faculties responded 204 in 0.0189 ms
2026-06-15 09:57:17.477 +01:00 [INF] HTTP OPTIONS /api/countries responded 204 in 0.0237 ms
2026-06-15 09:57:17.477 +01:00 [INF] HTTP OPTIONS /api/admissions/sponsors responded 204 in 0.0043 ms
2026-06-15 09:57:17.477 +01:00 [INF] HTTP OPTIONS /api/admissions/levels responded 204 in 0.0056 ms
2026-06-15 09:57:17.509 +01:00 [INF] HTTP GET /api/admissions/document-types responded 200 in 34.4786 ms
2026-06-15 09:57:17.509 +01:00 [INF] Initializing Entra ID Service with TenantId: c9a98a3d-152f-4eb3-b93f-9b26fdd08495, ClientId: 84022968-6bdc-4c6b-8eab-57b75fa5d0b1, Domain: wigweuniversity.edu.ng
2026-06-15 09:57:17.510 +01:00 [INF] Entra ID Service initialized successfully
2026-06-15 09:57:17.512 +01:00 [INF] HTTP GET /api/admissions/subjects responded 200 in 33.5005 ms
2026-06-15 09:57:17.512 +01:00 [INF] HTTP GET /api/admissions/document-types responded 200 in 37.5193 ms
2026-06-15 09:57:17.514 +01:00 [INF] Initializing Entra ID Service with TenantId: c9a98a3d-152f-4eb3-b93f-9b26fdd08495, ClientId: 84022968-6bdc-4c6b-8eab-57b75fa5d0b1, Domain: wigweuniversity.edu.ng
2026-06-15 09:57:17.516 +01:00 [INF] Entra ID Service initialized successfully
2026-06-15 09:57:17.518 +01:00 [INF] Initializing Entra ID Service with TenantId: c9a98a3d-152f-4eb3-b93f-9b26fdd08495, ClientId: 84022968-6bdc-4c6b-8eab-57b75fa5d0b1, Domain: wigweuniversity.edu.ng
2026-06-15 09:57:17.518 +01:00 [INF] HTTP GET /api/admissions/sessions responded 200 in 39.4108 ms
2026-06-15 09:57:17.518 +01:00 [INF] Entra ID Service initialized successfully
2026-06-15 09:57:17.521 +01:00 [INF] HTTP GET /api/admissions/faculties responded 200 in 42.2730 ms
2026-06-15 09:57:17.522 +01:00 [INF] HTTP GET /api/countries responded 200 in 43.7714 ms
2026-06-15 09:57:17.525 +01:00 [INF] Initializing Entra ID Service with TenantId: c9a98a3d-152f-4eb3-b93f-9b26fdd08495, ClientId: 84022968-6bdc-4c6b-8eab-57b75fa5d0b1, Domain: wigweuniversity.edu.ng
2026-06-15 09:57:17.525 +01:00 [INF] Entra ID Service initialized successfully
2026-06-15 09:57:17.528 +01:00 [INF] HTTP GET /api/admissions/sponsors responded 200 in 18.3955 ms
2026-06-15 09:57:17.530 +01:00 [INF] Initializing Entra ID Service with TenantId: c9a98a3d-152f-4eb3-b93f-9b26fdd08495, ClientId: 84022968-6bdc-4c6b-8eab-57b75fa5d0b1, Domain: wigweuniversity.edu.ng
2026-06-15 09:57:17.531 +01:00 [INF] Entra ID Service initialized successfully
2026-06-15 09:57:17.535 +01:00 [INF] HTTP GET /api/admissions/levels responded 200 in 21.2613 ms
2026-06-15 09:57:17.535 +01:00 [INF] Initializing Entra ID Service with TenantId: c9a98a3d-152f-4eb3-b93f-9b26fdd08495, ClientId: 84022968-6bdc-4c6b-8eab-57b75fa5d0b1, Domain: wigweuniversity.edu.ng
2026-06-15 09:57:17.537 +01:00 [INF] Entra ID Service initialized successfully
2026-06-15 09:57:17.541 +01:00 [INF] HTTP GET /api/admissions/faculties responded 200 in 19.3048 ms
2026-06-15 09:57:17.558 +01:00 [INF] HTTP OPTIONS /api/admissions/programs/780adcfd-92ad-4f80-8ec4-d97ae6b165e0 responded 204 in 0.0204 ms
2026-06-15 09:57:17.558 +01:00 [INF] HTTP OPTIONS /api/admissions/programs/0d17b27c-131d-4205-876a-3bd064ba8814 responded 204 in 0.0204 ms
2026-06-15 09:57:17.560 +01:00 [INF] HTTP OPTIONS /api/admissions/programs/57bcd87b-51c8-4110-a3a4-ae2f2175864e responded 204 in 0.0053 ms
2026-06-15 09:57:17.560 +01:00 [INF] HTTP OPTIONS /api/admissions/programs/5b02c1f7-ebf7-4698-8998-587a2ef867e7 responded 204 in 0.0050 ms
2026-06-15 09:57:17.576 +01:00 [INF] Initializing Entra ID Service with TenantId: c9a98a3d-152f-4eb3-b93f-9b26fdd08495, ClientId: 84022968-6bdc-4c6b-8eab-57b75fa5d0b1, Domain: wigweuniversity.edu.ng
2026-06-15 09:57:17.577 +01:00 [INF] Initializing Entra ID Service with TenantId: c9a98a3d-152f-4eb3-b93f-9b26fdd08495, ClientId: 84022968-6bdc-4c6b-8eab-57b75fa5d0b1, Domain: wigweuniversity.edu.ng
2026-06-15 09:57:17.577 +01:00 [INF] Entra ID Service initialized successfully
2026-06-15 09:57:17.577 +01:00 [INF] Entra ID Service initialized successfully
2026-06-15 09:57:17.580 +01:00 [INF] Initializing Entra ID Service with TenantId: c9a98a3d-152f-4eb3-b93f-9b26fdd08495, ClientId: 84022968-6bdc-4c6b-8eab-57b75fa5d0b1, Domain: wigweuniversity.edu.ng
2026-06-15 09:57:17.580 +01:00 [INF] HTTP GET /api/admissions/programs/780adcfd-92ad-4f80-8ec4-d97ae6b165e0 responded 200 in 20.9700 ms
2026-06-15 09:57:17.580 +01:00 [INF] Entra ID Service initialized successfully
2026-06-15 09:57:17.581 +01:00 [INF] HTTP GET /api/admissions/programs/5b02c1f7-ebf7-4698-8998-587a2ef867e7 responded 200 in 20.4095 ms
2026-06-15 09:57:17.584 +01:00 [INF] HTTP GET /api/admissions/programs/0d17b27c-131d-4205-876a-3bd064ba8814 responded 200 in 24.8293 ms
2026-06-15 09:57:17.585 +01:00 [INF] Initializing Entra ID Service with TenantId: c9a98a3d-152f-4eb3-b93f-9b26fdd08495, ClientId: 84022968-6bdc-4c6b-8eab-57b75fa5d0b1, Domain: wigweuniversity.edu.ng
2026-06-15 09:57:17.585 +01:00 [INF] Entra ID Service initialized successfully
2026-06-15 09:57:17.588 +01:00 [INF] HTTP GET /api/admissions/programs/57bcd87b-51c8-4110-a3a4-ae2f2175864e responded 200 in 27.5048 ms
2026-06-15 09:58:20.430 +01:00 [INF] HTTP OPTIONS /api/me responded 204 in 0.0250 ms
2026-06-15 09:58:20.430 +01:00 [INF] HTTP OPTIONS /api/me responded 204 in 0.0345 ms
2026-06-15 09:58:20.492 +01:00 [INF] HTTP OPTIONS /api/me responded 204 in 0.0278 ms
2026-06-15 09:58:20.501 +01:00 [INF] HTTP GET /api/me responded 200 in 0.7905 ms
2026-06-15 09:58:20.538 +01:00 [INF] HTTP GET /api/me responded 200 in 104.2293 ms
2026-06-15 09:58:20.553 +01:00 [INF] HTTP OPTIONS /api/courses/my-courses responded 204 in 0.0204 ms
2026-06-15 09:58:20.555 +01:00 [INF] HTTP GET /api/courses/my-courses responded 401 in 0.5924 ms
2026-06-15 09:58:20.650 +01:00 [INF] HTTP GET /api/me responded 200 in 97.8351 ms
2026-06-15 09:58:20.892 +01:00 [INF] HTTP OPTIONS /api/admin/sessions responded 204 in 0.0256 ms
2026-06-15 09:58:20.963 +01:00 [INF] HTTP OPTIONS /api/admissions/document-types responded 204 in 0.1079 ms
2026-06-15 09:58:20.968 +01:00 [INF] HTTP OPTIONS /api/admissions/sponsors responded 204 in 0.0062 ms
2026-06-15 09:58:20.965 +01:00 [INF] HTTP OPTIONS /api/admissions/document-types responded 204 in 0.0131 ms
2026-06-15 09:58:20.967 +01:00 [INF] HTTP OPTIONS /api/admissions/faculties responded 204 in 0.0154 ms
2026-06-15 09:58:20.974 +01:00 [INF] HTTP OPTIONS /api/admissions/subjects responded 204 in 0.0192 ms
2026-06-15 09:58:20.974 +01:00 [INF] HTTP OPTIONS /api/admissions/levels responded 204 in 0.0024 ms
2026-06-15 09:58:20.974 +01:00 [INF] HTTP GET /api/admin/sessions responded 200 in 79.2663 ms
2026-06-15 09:58:20.991 +01:00 [INF] HTTP OPTIONS /api/admissions/sessions responded 204 in 0.4118 ms
2026-06-15 09:58:20.991 +01:00 [INF] HTTP OPTIONS /api/admissions/faculties responded 204 in 0.0110 ms
2026-06-15 09:58:20.991 +01:00 [INF] HTTP OPTIONS /api/countries responded 204 in 0.1809 ms
2026-06-15 09:58:21.046 +01:00 [INF] Initializing Entra ID Service with TenantId: c9a98a3d-152f-4eb3-b93f-9b26fdd08495, ClientId: 84022968-6bdc-4c6b-8eab-57b75fa5d0b1, Domain: wigweuniversity.edu.ng
2026-06-15 09:58:21.046 +01:00 [INF] Entra ID Service initialized successfully
2026-06-15 09:58:21.050 +01:00 [INF] Initializing Entra ID Service with TenantId: c9a98a3d-152f-4eb3-b93f-9b26fdd08495, ClientId: 84022968-6bdc-4c6b-8eab-57b75fa5d0b1, Domain: wigweuniversity.edu.ng
2026-06-15 09:58:21.050 +01:00 [INF] Entra ID Service initialized successfully
2026-06-15 09:58:21.050 +01:00 [INF] HTTP GET /api/admissions/sponsors responded 200 in 51.4074 ms
2026-06-15 09:58:21.052 +01:00 [INF] HTTP GET /api/admissions/subjects responded 200 in 48.4838 ms
2026-06-15 09:58:21.061 +01:00 [INF] Initializing Entra ID Service with TenantId: c9a98a3d-152f-4eb3-b93f-9b26fdd08495, ClientId: 84022968-6bdc-4c6b-8eab-57b75fa5d0b1, Domain: wigweuniversity.edu.ng
2026-06-15 09:58:21.061 +01:00 [INF] Entra ID Service initialized successfully
2026-06-15 09:58:21.061 +01:00 [INF] HTTP GET /api/admissions/document-types responded 200 in 69.9714 ms
2026-06-15 09:58:21.064 +01:00 [INF] HTTP GET /api/admissions/faculties responded 200 in 64.6202 ms
2026-06-15 09:58:21.066 +01:00 [INF] Initializing Entra ID Service with TenantId: c9a98a3d-152f-4eb3-b93f-9b26fdd08495, ClientId: 84022968-6bdc-4c6b-8eab-57b75fa5d0b1, Domain: wigweuniversity.edu.ng
2026-06-15 09:58:21.066 +01:00 [INF] Entra ID Service initialized successfully
2026-06-15 09:58:21.069 +01:00 [INF] Initializing Entra ID Service with TenantId: c9a98a3d-152f-4eb3-b93f-9b26fdd08495, ClientId: 84022968-6bdc-4c6b-8eab-57b75fa5d0b1, Domain: wigweuniversity.edu.ng
2026-06-15 09:58:21.069 +01:00 [INF] Entra ID Service initialized successfully
2026-06-15 09:58:21.070 +01:00 [INF] HTTP GET /api/admissions/sessions responded 200 in 64.7270 ms
2026-06-15 09:58:21.075 +01:00 [INF] HTTP GET /api/admissions/levels responded 200 in 71.1396 ms
2026-06-15 09:58:21.080 +01:00 [INF] HTTP GET /api/countries responded 200 in 28.6438 ms
2026-06-15 09:58:21.085 +01:00 [INF] HTTP GET /api/admissions/document-types responded 200 in 29.8261 ms
2026-06-15 09:58:21.095 +01:00 [INF] Initializing Entra ID Service with TenantId: c9a98a3d-152f-4eb3-b93f-9b26fdd08495, ClientId: 84022968-6bdc-4c6b-8eab-57b75fa5d0b1, Domain: wigweuniversity.edu.ng
2026-06-15 09:58:21.095 +01:00 [INF] Entra ID Service initialized successfully
2026-06-15 09:58:21.098 +01:00 [INF] HTTP GET /api/admissions/faculties responded 200 in 31.7910 ms
2026-06-15 09:58:21.102 +01:00 [INF] HTTP OPTIONS /api/admissions/programs/780adcfd-92ad-4f80-8ec4-d97ae6b165e0 responded 204 in 0.0221 ms
2026-06-15 09:58:21.103 +01:00 [INF] HTTP OPTIONS /api/admissions/programs/0d17b27c-131d-4205-876a-3bd064ba8814 responded 204 in 0.0110 ms
2026-06-15 09:58:21.103 +01:00 [INF] HTTP OPTIONS /api/admissions/programs/5b02c1f7-ebf7-4698-8998-587a2ef867e7 responded 204 in 0.0085 ms
2026-06-15 09:58:21.103 +01:00 [INF] HTTP OPTIONS /api/admissions/programs/57bcd87b-51c8-4110-a3a4-ae2f2175864e responded 204 in 0.0156 ms
2026-06-15 09:58:21.120 +01:00 [INF] Initializing Entra ID Service with TenantId: c9a98a3d-152f-4eb3-b93f-9b26fdd08495, ClientId: 84022968-6bdc-4c6b-8eab-57b75fa5d0b1, Domain: wigweuniversity.edu.ng
2026-06-15 09:58:21.121 +01:00 [INF] Entra ID Service initialized successfully
2026-06-15 09:58:21.122 +01:00 [INF] Initializing Entra ID Service with TenantId: c9a98a3d-152f-4eb3-b93f-9b26fdd08495, ClientId: 84022968-6bdc-4c6b-8eab-57b75fa5d0b1, Domain: wigweuniversity.edu.ng
2026-06-15 09:58:21.123 +01:00 [INF] Entra ID Service initialized successfully
2026-06-15 09:58:21.125 +01:00 [INF] HTTP GET /api/admissions/programs/780adcfd-92ad-4f80-8ec4-d97ae6b165e0 responded 200 in 22.6928 ms
2026-06-15 09:58:21.125 +01:00 [INF] HTTP GET /api/admissions/programs/57bcd87b-51c8-4110-a3a4-ae2f2175864e responded 200 in 21.1370 ms
2026-06-15 09:58:21.125 +01:00 [INF] Initializing Entra ID Service with TenantId: c9a98a3d-152f-4eb3-b93f-9b26fdd08495, ClientId: 84022968-6bdc-4c6b-8eab-57b75fa5d0b1, Domain: wigweuniversity.edu.ng
2026-06-15 09:58:21.126 +01:00 [INF] Entra ID Service initialized successfully
2026-06-15 09:58:21.128 +01:00 [INF] HTTP GET /api/admissions/programs/5b02c1f7-ebf7-4698-8998-587a2ef867e7 responded 200 in 24.2556 ms
2026-06-15 09:58:21.128 +01:00 [INF] Initializing Entra ID Service with TenantId: c9a98a3d-152f-4eb3-b93f-9b26fdd08495, ClientId: 84022968-6bdc-4c6b-8eab-57b75fa5d0b1, Domain: wigweuniversity.edu.ng
2026-06-15 09:58:21.129 +01:00 [INF] Entra ID Service initialized successfully
2026-06-15 09:58:21.131 +01:00 [INF] HTTP GET /api/admissions/programs/0d17b27c-131d-4205-876a-3bd064ba8814 responded 200 in 27.2969 ms
2026-06-15 09:58:37.834 +01:00 [INF] HTTP OPTIONS /api/me responded 204 in 0.0327 ms
2026-06-15 09:58:37.878 +01:00 [INF] HTTP GET /api/me responded 200 in 42.2243 ms
2026-06-15 09:58:37.904 +01:00 [INF] HTTP GET /api/me responded 200 in 24.1598 ms
2026-06-15 09:58:37.966 +01:00 [INF] HTTP OPTIONS /api/admissions/document-types responded 204 in 0.0140 ms
2026-06-15 09:58:37.966 +01:00 [INF] HTTP OPTIONS /api/admissions/document-types responded 204 in 0.0245 ms
2026-06-15 09:58:37.966 +01:00 [INF] HTTP OPTIONS /api/admissions/sessions responded 204 in 0.0041 ms
2026-06-15 09:58:37.966 +01:00 [INF] HTTP OPTIONS /api/admissions/faculties responded 204 in 0.0053 ms
2026-06-15 09:58:37.966 +01:00 [INF] HTTP OPTIONS /api/admissions/sponsors responded 204 in 0.0026 ms
2026-06-15 09:58:37.967 +01:00 [INF] HTTP OPTIONS /api/admissions/subjects responded 204 in 0.0053 ms
2026-06-15 09:58:37.983 +01:00 [INF] HTTP OPTIONS /api/admissions/levels responded 204 in 0.0325 ms
2026-06-15 09:58:37.985 +01:00 [INF] HTTP OPTIONS /api/admissions/faculties responded 204 in 0.0144 ms
2026-06-15 09:58:38.024 +01:00 [INF] HTTP GET /api/admissions/document-types responded 200 in 40.3904 ms
2026-06-15 09:58:38.030 +01:00 [INF] HTTP OPTIONS /api/me responded 204 in 0.0196 ms
2026-06-15 09:58:38.035 +01:00 [INF] HTTP OPTIONS /api/countries responded 204 in 0.0224 ms
2026-06-15 09:58:38.052 +01:00 [INF] HTTP GET /api/me responded 200 in 16.7465 ms
2026-06-15 09:58:38.052 +01:00 [INF] Initializing Entra ID Service with TenantId: c9a98a3d-152f-4eb3-b93f-9b26fdd08495, ClientId: 84022968-6bdc-4c6b-8eab-57b75fa5d0b1, Domain: wigweuniversity.edu.ng
2026-06-15 09:58:38.052 +01:00 [INF] Initializing Entra ID Service with TenantId: c9a98a3d-152f-4eb3-b93f-9b26fdd08495, ClientId: 84022968-6bdc-4c6b-8eab-57b75fa5d0b1, Domain: wigweuniversity.edu.ng
2026-06-15 09:58:38.052 +01:00 [INF] Entra ID Service initialized successfully
2026-06-15 09:58:38.052 +01:00 [INF] Entra ID Service initialized successfully
2026-06-15 09:58:38.052 +01:00 [INF] HTTP GET /api/admissions/document-types responded 200 in 68.5899 ms
2026-06-15 09:58:38.054 +01:00 [INF] HTTP OPTIONS /api/admin/sessions responded 204 in 0.0260 ms
2026-06-15 09:58:38.069 +01:00 [INF] HTTP GET /api/admissions/sponsors responded 200 in 81.9444 ms
2026-06-15 09:58:38.070 +01:00 [INF] Initializing Entra ID Service with TenantId: c9a98a3d-152f-4eb3-b93f-9b26fdd08495, ClientId: 84022968-6bdc-4c6b-8eab-57b75fa5d0b1, Domain: wigweuniversity.edu.ng
2026-06-15 09:58:38.070 +01:00 [INF] Entra ID Service initialized successfully
2026-06-15 09:58:38.070 +01:00 [INF] HTTP GET /api/admissions/subjects responded 200 in 82.8293 ms
2026-06-15 09:58:38.071 +01:00 [INF] Initializing Entra ID Service with TenantId: c9a98a3d-152f-4eb3-b93f-9b26fdd08495, ClientId: 84022968-6bdc-4c6b-8eab-57b75fa5d0b1, Domain: wigweuniversity.edu.ng
2026-06-15 09:58:38.071 +01:00 [INF] Entra ID Service initialized successfully
2026-06-15 09:58:38.089 +01:00 [INF] HTTP GET /api/admissions/faculties responded 200 in 104.6362 ms
2026-06-15 09:58:38.092 +01:00 [INF] HTTP OPTIONS /api/courses/my-courses responded 204 in 0.0212 ms
2026-06-15 09:58:38.093 +01:00 [INF] HTTP GET /api/admissions/sessions responded 200 in 108.7018 ms
2026-06-15 09:58:38.101 +01:00 [INF] HTTP GET /api/courses/my-courses responded 401 in 4.9535 ms
2026-06-15 09:58:38.142 +01:00 [INF] Initializing Entra ID Service with TenantId: c9a98a3d-152f-4eb3-b93f-9b26fdd08495, ClientId: 84022968-6bdc-4c6b-8eab-57b75fa5d0b1, Domain: wigweuniversity.edu.ng
2026-06-15 09:58:38.143 +01:00 [INF] Entra ID Service initialized successfully
2026-06-15 09:58:38.171 +01:00 [INF] HTTP GET /api/admissions/levels responded 200 in 116.8564 ms
2026-06-15 09:58:38.176 +01:00 [INF] Initializing Entra ID Service with TenantId: c9a98a3d-152f-4eb3-b93f-9b26fdd08495, ClientId: 84022968-6bdc-4c6b-8eab-57b75fa5d0b1, Domain: wigweuniversity.edu.ng
2026-06-15 09:58:38.176 +01:00 [INF] Entra ID Service initialized successfully
2026-06-15 09:58:38.177 +01:00 [INF] HTTP GET /api/countries responded 200 in 106.3372 ms
2026-06-15 09:58:38.177 +01:00 [INF] HTTP GET /api/admin/sessions responded 200 in 87.3786 ms
2026-06-15 09:58:38.180 +01:00 [INF] HTTP GET /api/admissions/faculties responded 200 in 86.6847 ms
2026-06-15 09:58:38.227 +01:00 [INF] HTTP OPTIONS /api/admissions/programs/57bcd87b-51c8-4110-a3a4-ae2f2175864e responded 204 in 0.0054 ms
2026-06-15 09:58:38.227 +01:00 [INF] HTTP OPTIONS /api/admissions/programs/0d17b27c-131d-4205-876a-3bd064ba8814 responded 204 in 0.0206 ms
2026-06-15 09:58:38.227 +01:00 [INF] HTTP OPTIONS /api/admissions/programs/5b02c1f7-ebf7-4698-8998-587a2ef867e7 responded 204 in 0.0026 ms
2026-06-15 09:58:38.227 +01:00 [INF] HTTP OPTIONS /api/admissions/programs/780adcfd-92ad-4f80-8ec4-d97ae6b165e0 responded 204 in 0.0206 ms
2026-06-15 09:58:38.253 +01:00 [INF] Initializing Entra ID Service with TenantId: c9a98a3d-152f-4eb3-b93f-9b26fdd08495, ClientId: 84022968-6bdc-4c6b-8eab-57b75fa5d0b1, Domain: wigweuniversity.edu.ng
2026-06-15 09:58:38.253 +01:00 [INF] Entra ID Service initialized successfully
2026-06-15 09:58:38.255 +01:00 [INF] Initializing Entra ID Service with TenantId: c9a98a3d-152f-4eb3-b93f-9b26fdd08495, ClientId: 84022968-6bdc-4c6b-8eab-57b75fa5d0b1, Domain: wigweuniversity.edu.ng
2026-06-15 09:58:38.255 +01:00 [INF] Entra ID Service initialized successfully
2026-06-15 09:58:38.255 +01:00 [INF] HTTP GET /api/admissions/programs/780adcfd-92ad-4f80-8ec4-d97ae6b165e0 responded 200 in 26.4662 ms
2026-06-15 09:58:38.257 +01:00 [INF] Initializing Entra ID Service with TenantId: c9a98a3d-152f-4eb3-b93f-9b26fdd08495, ClientId: 84022968-6bdc-4c6b-8eab-57b75fa5d0b1, Domain: wigweuniversity.edu.ng
2026-06-15 09:58:38.257 +01:00 [INF] Entra ID Service initialized successfully
2026-06-15 09:58:38.257 +01:00 [INF] HTTP GET /api/admissions/programs/57bcd87b-51c8-4110-a3a4-ae2f2175864e responded 200 in 28.6097 ms
2026-06-15 09:58:38.259 +01:00 [INF] Initializing Entra ID Service with TenantId: c9a98a3d-152f-4eb3-b93f-9b26fdd08495, ClientId: 84022968-6bdc-4c6b-8eab-57b75fa5d0b1, Domain: wigweuniversity.edu.ng
2026-06-15 09:58:38.259 +01:00 [INF] HTTP GET /api/admissions/programs/0d17b27c-131d-4205-876a-3bd064ba8814 responded 200 in 30.1320 ms
2026-06-15 09:58:38.259 +01:00 [INF] Entra ID Service initialized successfully
2026-06-15 09:58:38.261 +01:00 [INF] HTTP GET /api/admissions/programs/5b02c1f7-ebf7-4698-8998-587a2ef867e7 responded 200 in 32.4090 ms
2026-06-15 09:59:54.276 +01:00 [INF] HTTP OPTIONS /api/admissions/identify responded 204 in 0.0828 ms
2026-06-15 09:59:54.302 +01:00 [INF] Initializing Entra ID Service with TenantId: c9a98a3d-152f-4eb3-b93f-9b26fdd08495, ClientId: 84022968-6bdc-4c6b-8eab-57b75fa5d0b1, Domain: wigweuniversity.edu.ng
2026-06-15 09:59:54.303 +01:00 [INF] Entra ID Service initialized successfully
2026-06-15 09:59:54.307 +01:00 [INF] HTTP POST /api/admissions/identify responded 200 in 27.0978 ms
2026-06-15 09:59:54.310 +01:00 [INF] HTTP OPTIONS /api/admissions/document-types responded 204 in 0.0203 ms
2026-06-15 09:59:54.326 +01:00 [INF] HTTP GET /api/admissions/document-types responded 200 in 15.4884 ms
2026-06-15 10:05:13.771 +01:00 [INF] HTTP OPTIONS /api/me responded 204 in 0.0245 ms
2026-06-15 10:05:13.949 +01:00 [INF] HTTP GET /api/me responded 200 in 172.9758 ms
2026-06-15 10:05:14.000 +01:00 [INF] HTTP GET /api/me responded 200 in 48.9673 ms
2026-06-15 10:05:14.117 +01:00 [INF] HTTP OPTIONS /api/admissions/document-types responded 204 in 0.0412 ms
2026-06-15 10:05:14.118 +01:00 [INF] HTTP OPTIONS /api/admissions/document-types responded 204 in 0.0083 ms
2026-06-15 10:05:14.184 +01:00 [INF] HTTP OPTIONS /api/admissions/subjects responded 204 in 0.0318 ms
2026-06-15 10:05:14.124 +01:00 [INF] HTTP OPTIONS /api/admissions/faculties responded 204 in 0.0401 ms
2026-06-15 10:05:14.188 +01:00 [INF] HTTP OPTIONS /api/admissions/sessions responded 204 in 56.0091 ms
2026-06-15 10:05:14.199 +01:00 [INF] HTTP OPTIONS /api/admissions/faculties responded 204 in 0.0224 ms
2026-06-15 10:05:14.200 +01:00 [INF] HTTP OPTIONS /api/admissions/levels responded 204 in 0.0150 ms
2026-06-15 10:05:14.200 +01:00 [INF] HTTP OPTIONS /api/countries responded 204 in 0.0189 ms
2026-06-15 10:05:14.204 +01:00 [INF] HTTP OPTIONS /api/admissions/sponsors responded 204 in 0.0218 ms
2026-06-15 10:05:14.284 +01:00 [INF] HTTP OPTIONS /api/me responded 204 in 0.0193 ms
2026-06-15 10:05:14.289 +01:00 [INF] HTTP GET /api/me responded 200 in 0.5570 ms
2026-06-15 10:05:14.339 +01:00 [INF] HTTP OPTIONS /api/courses/my-courses responded 204 in 0.0224 ms
2026-06-15 10:05:14.350 +01:00 [INF] HTTP GET /api/courses/my-courses responded 401 in 0.5514 ms
2026-06-15 10:05:14.393 +01:00 [INF] HTTP GET /api/admissions/document-types responded 200 in 191.5908 ms
2026-06-15 10:05:14.487 +01:00 [INF] HTTP GET /api/countries responded 200 in 77.1931 ms
2026-06-15 10:05:14.495 +01:00 [INF] HTTP GET /api/admissions/document-types responded 200 in 292.2833 ms
2026-06-15 10:05:14.516 +01:00 [INF] Initializing Entra ID Service with TenantId: c9a98a3d-152f-4eb3-b93f-9b26fdd08495, ClientId: 84022968-6bdc-4c6b-8eab-57b75fa5d0b1, Domain: wigweuniversity.edu.ng
2026-06-15 10:05:14.516 +01:00 [INF] Entra ID Service initialized successfully
2026-06-15 10:05:14.524 +01:00 [INF] HTTP GET /api/admissions/sponsors responded 200 in 36.2043 ms
2026-06-15 10:05:14.558 +01:00 [INF] Initializing Entra ID Service with TenantId: c9a98a3d-152f-4eb3-b93f-9b26fdd08495, ClientId: 84022968-6bdc-4c6b-8eab-57b75fa5d0b1, Domain: wigweuniversity.edu.ng
2026-06-15 10:05:14.563 +01:00 [INF] Entra ID Service initialized successfully
2026-06-15 10:05:14.585 +01:00 [INF] HTTP OPTIONS /api/admin/sessions responded 204 in 0.0237 ms
2026-06-15 10:05:14.606 +01:00 [INF] HTTP GET /api/admissions/faculties responded 200 in 396.7941 ms
2026-06-15 10:05:14.623 +01:00 [INF] Initializing Entra ID Service with TenantId: c9a98a3d-152f-4eb3-b93f-9b26fdd08495, ClientId: 84022968-6bdc-4c6b-8eab-57b75fa5d0b1, Domain: wigweuniversity.edu.ng
2026-06-15 10:05:14.623 +01:00 [INF] Entra ID Service initialized successfully
2026-06-15 10:05:14.626 +01:00 [INF] HTTP GET /api/admissions/subjects responded 200 in 417.6890 ms
2026-06-15 10:05:14.629 +01:00 [INF] Initializing Entra ID Service with TenantId: c9a98a3d-152f-4eb3-b93f-9b26fdd08495, ClientId: 84022968-6bdc-4c6b-8eab-57b75fa5d0b1, Domain: wigweuniversity.edu.ng
2026-06-15 10:05:14.629 +01:00 [INF] Entra ID Service initialized successfully
2026-06-15 10:05:14.632 +01:00 [INF] HTTP GET /api/admissions/sessions responded 200 in 320.4680 ms
2026-06-15 10:05:14.633 +01:00 [INF] Initializing Entra ID Service with TenantId: c9a98a3d-152f-4eb3-b93f-9b26fdd08495, ClientId: 84022968-6bdc-4c6b-8eab-57b75fa5d0b1, Domain: wigweuniversity.edu.ng
2026-06-15 10:05:14.633 +01:00 [INF] Entra ID Service initialized successfully
2026-06-15 10:05:14.638 +01:00 [INF] Initializing Entra ID Service with TenantId: c9a98a3d-152f-4eb3-b93f-9b26fdd08495, ClientId: 84022968-6bdc-4c6b-8eab-57b75fa5d0b1, Domain: wigweuniversity.edu.ng
2026-06-15 10:05:14.639 +01:00 [INF] HTTP GET /api/admissions/levels responded 200 in 379.7410 ms
2026-06-15 10:05:14.639 +01:00 [INF] Entra ID Service initialized successfully
2026-06-15 10:05:14.642 +01:00 [INF] HTTP GET /api/admissions/faculties responded 200 in 34.6850 ms
2026-06-15 10:05:14.650 +01:00 [INF] HTTP OPTIONS /api/admissions/programs/780adcfd-92ad-4f80-8ec4-d97ae6b165e0 responded 204 in 0.3036 ms
2026-06-15 10:05:14.650 +01:00 [INF] HTTP OPTIONS /api/admissions/programs/0d17b27c-131d-4205-876a-3bd064ba8814 responded 204 in 0.0064 ms
2026-06-15 10:05:14.652 +01:00 [INF] HTTP OPTIONS /api/admissions/programs/5b02c1f7-ebf7-4698-8998-587a2ef867e7 responded 204 in 0.0233 ms
2026-06-15 10:05:14.650 +01:00 [INF] HTTP OPTIONS /api/admissions/programs/57bcd87b-51c8-4110-a3a4-ae2f2175864e responded 204 in 0.0023 ms
2026-06-15 10:05:14.702 +01:00 [INF] HTTP GET /api/admin/sessions responded 200 in 110.9525 ms
2026-06-15 10:05:14.713 +01:00 [INF] Initializing Entra ID Service with TenantId: c9a98a3d-152f-4eb3-b93f-9b26fdd08495, ClientId: 84022968-6bdc-4c6b-8eab-57b75fa5d0b1, Domain: wigweuniversity.edu.ng
2026-06-15 10:05:14.714 +01:00 [INF] Entra ID Service initialized successfully
2026-06-15 10:05:14.718 +01:00 [INF] Initializing Entra ID Service with TenantId: c9a98a3d-152f-4eb3-b93f-9b26fdd08495, ClientId: 84022968-6bdc-4c6b-8eab-57b75fa5d0b1, Domain: wigweuniversity.edu.ng
2026-06-15 10:05:14.718 +01:00 [INF] HTTP GET /api/admissions/programs/0d17b27c-131d-4205-876a-3bd064ba8814 responded 200 in 60.4406 ms
2026-06-15 10:05:14.718 +01:00 [INF] Entra ID Service initialized successfully
2026-06-15 10:05:14.720 +01:00 [INF] Initializing Entra ID Service with TenantId: c9a98a3d-152f-4eb3-b93f-9b26fdd08495, ClientId: 84022968-6bdc-4c6b-8eab-57b75fa5d0b1, Domain: wigweuniversity.edu.ng
2026-06-15 10:05:14.720 +01:00 [INF] Entra ID Service initialized successfully
2026-06-15 10:05:14.720 +01:00 [INF] HTTP GET /api/admissions/programs/780adcfd-92ad-4f80-8ec4-d97ae6b165e0 responded 200 in 63.1261 ms
2026-06-15 10:05:14.722 +01:00 [INF] Initializing Entra ID Service with TenantId: c9a98a3d-152f-4eb3-b93f-9b26fdd08495, ClientId: 84022968-6bdc-4c6b-8eab-57b75fa5d0b1, Domain: wigweuniversity.edu.ng
2026-06-15 10:05:14.722 +01:00 [INF] HTTP GET /api/admissions/programs/5b02c1f7-ebf7-4698-8998-587a2ef867e7 responded 200 in 63.7700 ms
2026-06-15 10:05:14.722 +01:00 [INF] Entra ID Service initialized successfully
2026-06-15 10:05:14.725 +01:00 [INF] HTTP GET /api/admissions/programs/57bcd87b-51c8-4110-a3a4-ae2f2175864e responded 200 in 66.4949 ms
2026-06-15 10:06:41.872 +01:00 [INF] HTTP OPTIONS /api/admissions/identify responded 204 in 0.0428 ms
2026-06-15 10:06:41.893 +01:00 [INF] Initializing Entra ID Service with TenantId: c9a98a3d-152f-4eb3-b93f-9b26fdd08495, ClientId: 84022968-6bdc-4c6b-8eab-57b75fa5d0b1, Domain: wigweuniversity.edu.ng
2026-06-15 10:06:41.894 +01:00 [INF] Entra ID Service initialized successfully
2026-06-15 10:06:41.897 +01:00 [INF] HTTP POST /api/admissions/identify responded 200 in 22.8083 ms
2026-06-15 10:06:41.903 +01:00 [INF] HTTP OPTIONS /api/admissions/document-types responded 204 in 0.0372 ms
2026-06-15 10:06:41.922 +01:00 [INF] HTTP GET /api/admissions/document-types responded 200 in 17.8547 ms
2026-06-15 10:06:46.741 +01:00 [INF] HTTP OPTIONS /api/admissions/save responded 204 in 0.0246 ms
2026-06-15 10:06:46.759 +01:00 [INF] Initializing Entra ID Service with TenantId: c9a98a3d-152f-4eb3-b93f-9b26fdd08495, ClientId: 84022968-6bdc-4c6b-8eab-57b75fa5d0b1, Domain: wigweuniversity.edu.ng
2026-06-15 10:06:46.759 +01:00 [INF] Entra ID Service initialized successfully
2026-06-15 10:06:47.042 +01:00 [INF] HTTP POST /api/admissions/save responded 200 in 299.6979 ms
2026-06-15 10:07:07.652 +01:00 [INF] HTTP OPTIONS /api/admissions/applications responded 204 in 0.0473 ms
2026-06-15 10:07:07.669 +01:00 [INF] Initializing Entra ID Service with TenantId: c9a98a3d-152f-4eb3-b93f-9b26fdd08495, ClientId: 84022968-6bdc-4c6b-8eab-57b75fa5d0b1, Domain: wigweuniversity.edu.ng
2026-06-15 10:07:07.670 +01:00 [INF] Entra ID Service initialized successfully
2026-06-15 10:07:07.743 +01:00 [INF] HTTP GET /api/admissions/applications responded 200 in 89.8735 ms
2026-06-15 10:10:44.042 +01:00 [INF] HTTP OPTIONS /api/me responded 204 in 0.0215 ms
2026-06-15 10:10:44.071 +01:00 [INF] HTTP GET /api/me responded 200 in 25.9541 ms
2026-06-15 10:10:44.092 +01:00 [INF] HTTP OPTIONS /api/admissions/applications responded 204 in 0.0227 ms
2026-06-15 10:10:44.110 +01:00 [INF] Initializing Entra ID Service with TenantId: c9a98a3d-152f-4eb3-b93f-9b26fdd08495, ClientId: 84022968-6bdc-4c6b-8eab-57b75fa5d0b1, Domain: wigweuniversity.edu.ng
2026-06-15 10:10:44.110 +01:00 [INF] Entra ID Service initialized successfully
2026-06-15 10:10:44.116 +01:00 [INF] HTTP GET /api/admissions/applications responded 200 in 23.2777 ms
2026-06-15 10:10:45.042 +01:00 [INF] HTTP GET /api/me responded 200 in 45.9531 ms
2026-06-15 10:10:45.083 +01:00 [INF] HTTP OPTIONS /api/me responded 204 in 0.0328 ms
2026-06-15 10:10:45.095 +01:00 [INF] HTTP GET /api/me responded 200 in 1.4633 ms
2026-06-15 10:10:45.133 +01:00 [INF] HTTP OPTIONS /api/courses/my-courses responded 204 in 0.0558 ms
2026-06-15 10:10:45.142 +01:00 [INF] HTTP GET /api/courses/my-courses responded 401 in 4.6452 ms
2026-06-15 10:10:46.536 +01:00 [INF] HTTP OPTIONS /api/admissions/document-types responded 204 in 0.0220 ms
2026-06-15 10:10:46.536 +01:00 [INF] HTTP OPTIONS /api/admissions/document-types responded 204 in 0.0280 ms
2026-06-15 10:10:46.538 +01:00 [INF] HTTP OPTIONS /api/admissions/faculties responded 204 in 0.0977 ms
2026-06-15 10:10:46.540 +01:00 [INF] HTTP OPTIONS /api/admissions/sessions responded 204 in 0.0362 ms
2026-06-15 10:10:46.541 +01:00 [INF] HTTP OPTIONS /api/admissions/sponsors responded 204 in 0.0283 ms
2026-06-15 10:10:46.542 +01:00 [INF] HTTP OPTIONS /api/admissions/levels responded 204 in 0.0118 ms
2026-06-15 10:10:46.541 +01:00 [INF] HTTP OPTIONS /api/admissions/subjects responded 204 in 0.0060 ms
2026-06-15 10:10:46.543 +01:00 [INF] HTTP OPTIONS /api/countries responded 204 in 0.0350 ms
2026-06-15 10:10:46.587 +01:00 [INF] HTTP GET /api/admissions/document-types responded 200 in 46.1805 ms
2026-06-15 10:10:46.589 +01:00 [INF] Initializing Entra ID Service with TenantId: c9a98a3d-152f-4eb3-b93f-9b26fdd08495, ClientId: 84022968-6bdc-4c6b-8eab-57b75fa5d0b1, Domain: wigweuniversity.edu.ng
2026-06-15 10:10:46.590 +01:00 [INF] Entra ID Service initialized successfully
2026-06-15 10:10:46.593 +01:00 [INF] HTTP GET /api/admissions/sponsors responded 200 in 49.5704 ms
2026-06-15 10:10:46.597 +01:00 [INF] Initializing Entra ID Service with TenantId: c9a98a3d-152f-4eb3-b93f-9b26fdd08495, ClientId: 84022968-6bdc-4c6b-8eab-57b75fa5d0b1, Domain: wigweuniversity.edu.ng
2026-06-15 10:10:46.598 +01:00 [INF] Entra ID Service initialized successfully
2026-06-15 10:10:46.599 +01:00 [INF] HTTP GET /api/admissions/sessions responded 200 in 57.1416 ms
2026-06-15 10:10:46.605 +01:00 [INF] HTTP GET /api/admissions/document-types responded 200 in 64.7691 ms
2026-06-15 10:10:46.608 +01:00 [INF] Initializing Entra ID Service with TenantId: c9a98a3d-152f-4eb3-b93f-9b26fdd08495, ClientId: 84022968-6bdc-4c6b-8eab-57b75fa5d0b1, Domain: wigweuniversity.edu.ng
2026-06-15 10:10:46.608 +01:00 [INF] Entra ID Service initialized successfully
2026-06-15 10:10:46.611 +01:00 [INF] HTTP GET /api/admissions/faculties responded 200 in 69.5015 ms
2026-06-15 10:10:46.615 +01:00 [INF] Initializing Entra ID Service with TenantId: c9a98a3d-152f-4eb3-b93f-9b26fdd08495, ClientId: 84022968-6bdc-4c6b-8eab-57b75fa5d0b1, Domain: wigweuniversity.edu.ng
2026-06-15 10:10:46.615 +01:00 [INF] Entra ID Service initialized successfully
2026-06-15 10:10:46.619 +01:00 [INF] HTTP GET /api/admissions/subjects responded 200 in 31.4656 ms
2026-06-15 10:10:46.622 +01:00 [INF] Initializing Entra ID Service with TenantId: c9a98a3d-152f-4eb3-b93f-9b26fdd08495, ClientId: 84022968-6bdc-4c6b-8eab-57b75fa5d0b1, Domain: wigweuniversity.edu.ng
2026-06-15 10:10:46.622 +01:00 [INF] Entra ID Service initialized successfully
2026-06-15 10:10:46.630 +01:00 [INF] HTTP GET /api/countries responded 200 in 35.6658 ms
2026-06-15 10:10:46.632 +01:00 [INF] HTTP GET /api/admissions/levels responded 200 in 87.8431 ms
2026-06-15 10:10:46.644 +01:00 [INF] Initializing Entra ID Service with TenantId: c9a98a3d-152f-4eb3-b93f-9b26fdd08495, ClientId: 84022968-6bdc-4c6b-8eab-57b75fa5d0b1, Domain: wigweuniversity.edu.ng
2026-06-15 10:10:46.644 +01:00 [INF] Entra ID Service initialized successfully
2026-06-15 10:10:46.646 +01:00 [INF] HTTP GET /api/admissions/faculties responded 200 in 32.2248 ms
2026-06-15 10:10:46.747 +01:00 [INF] HTTP OPTIONS /api/admissions/programs/780adcfd-92ad-4f80-8ec4-d97ae6b165e0 responded 204 in 0.0222 ms
2026-06-15 10:10:46.748 +01:00 [INF] HTTP OPTIONS /api/admissions/programs/0d17b27c-131d-4205-876a-3bd064ba8814 responded 204 in 0.0069 ms
2026-06-15 10:10:46.749 +01:00 [INF] HTTP OPTIONS /api/admissions/programs/57bcd87b-51c8-4110-a3a4-ae2f2175864e responded 204 in 0.0168 ms
2026-06-15 10:10:46.749 +01:00 [INF] HTTP OPTIONS /api/admissions/programs/5b02c1f7-ebf7-4698-8998-587a2ef867e7 responded 204 in 0.0074 ms
2026-06-15 10:10:46.767 +01:00 [INF] Initializing Entra ID Service with TenantId: c9a98a3d-152f-4eb3-b93f-9b26fdd08495, ClientId: 84022968-6bdc-4c6b-8eab-57b75fa5d0b1, Domain: wigweuniversity.edu.ng
2026-06-15 10:10:46.768 +01:00 [INF] Entra ID Service initialized successfully
2026-06-15 10:10:46.787 +01:00 [INF] HTTP GET /api/admissions/programs/57bcd87b-51c8-4110-a3a4-ae2f2175864e responded 200 in 37.2172 ms
2026-06-15 10:10:46.787 +01:00 [INF] Initializing Entra ID Service with TenantId: c9a98a3d-152f-4eb3-b93f-9b26fdd08495, ClientId: 84022968-6bdc-4c6b-8eab-57b75fa5d0b1, Domain: wigweuniversity.edu.ng
2026-06-15 10:10:46.787 +01:00 [INF] Entra ID Service initialized successfully
2026-06-15 10:10:46.789 +01:00 [INF] Initializing Entra ID Service with TenantId: c9a98a3d-152f-4eb3-b93f-9b26fdd08495, ClientId: 84022968-6bdc-4c6b-8eab-57b75fa5d0b1, Domain: wigweuniversity.edu.ng
2026-06-15 10:10:46.790 +01:00 [INF] Entra ID Service initialized successfully
2026-06-15 10:10:46.790 +01:00 [INF] HTTP GET /api/admissions/programs/0d17b27c-131d-4205-876a-3bd064ba8814 responded 200 in 41.3639 ms
2026-06-15 10:10:46.795 +01:00 [INF] HTTP GET /api/admissions/programs/780adcfd-92ad-4f80-8ec4-d97ae6b165e0 responded 200 in 47.4414 ms
2026-06-15 10:10:46.795 +01:00 [INF] Initializing Entra ID Service with TenantId: c9a98a3d-152f-4eb3-b93f-9b26fdd08495, ClientId: 84022968-6bdc-4c6b-8eab-57b75fa5d0b1, Domain: wigweuniversity.edu.ng
2026-06-15 10:10:46.795 +01:00 [INF] Entra ID Service initialized successfully
2026-06-15 10:10:46.798 +01:00 [INF] HTTP GET /api/admissions/programs/5b02c1f7-ebf7-4698-8998-587a2ef867e7 responded 200 in 48.5087 ms
2026-06-15 10:12:34.975 +01:00 [INF] HTTP OPTIONS /api/me responded 204 in 0.0617 ms
2026-06-15 10:12:35.008 +01:00 [INF] HTTP GET /api/me responded 200 in 30.3876 ms
2026-06-15 10:12:35.023 +01:00 [INF] HTTP OPTIONS /api/admissions/applications responded 204 in 0.0555 ms
2026-06-15 10:12:35.046 +01:00 [INF] Initializing Entra ID Service with TenantId: c9a98a3d-152f-4eb3-b93f-9b26fdd08495, ClientId: 84022968-6bdc-4c6b-8eab-57b75fa5d0b1, Domain: wigweuniversity.edu.ng
2026-06-15 10:12:35.047 +01:00 [INF] Entra ID Service initialized successfully
2026-06-15 10:12:35.052 +01:00 [INF] HTTP GET /api/admissions/applications responded 200 in 28.1476 ms
2026-06-15 10:12:35.998 +01:00 [INF] HTTP OPTIONS /api/me responded 204 in 0.0264 ms
2026-06-15 10:12:36.012 +01:00 [INF] HTTP GET /api/me responded 200 in 0.6708 ms
2026-06-15 10:12:36.052 +01:00 [INF] HTTP OPTIONS /api/courses/my-courses responded 204 in 0.0186 ms
2026-06-15 10:12:36.130 +01:00 [INF] HTTP GET /api/courses/my-courses responded 401 in 67.8864 ms
2026-06-15 10:12:36.153 +01:00 [INF] HTTP GET /api/me responded 200 in 171.7924 ms
2026-06-15 10:12:37.419 +01:00 [INF] HTTP OPTIONS /api/admissions/document-types responded 204 in 0.0288 ms
2026-06-15 10:12:37.419 +01:00 [INF] HTTP OPTIONS /api/admissions/faculties responded 204 in 0.0028 ms
2026-06-15 10:12:37.419 +01:00 [INF] HTTP OPTIONS /api/admissions/subjects responded 204 in 0.0067 ms
2026-06-15 10:12:37.419 +01:00 [INF] HTTP OPTIONS /api/admissions/sessions responded 204 in 0.0023 ms
2026-06-15 10:12:37.419 +01:00 [INF] HTTP OPTIONS /api/admissions/document-types responded 204 in 0.3866 ms
2026-06-15 10:12:37.421 +01:00 [INF] HTTP OPTIONS /api/admissions/sponsors responded 204 in 0.0118 ms
2026-06-15 10:12:37.422 +01:00 [INF] HTTP OPTIONS /api/admissions/levels responded 204 in 0.0085 ms
2026-06-15 10:12:37.449 +01:00 [INF] HTTP GET /api/admissions/document-types responded 200 in 27.3759 ms
2026-06-15 10:12:37.453 +01:00 [INF] HTTP OPTIONS /api/countries responded 204 in 0.0211 ms
2026-06-15 10:12:37.453 +01:00 [INF] Initializing Entra ID Service with TenantId: c9a98a3d-152f-4eb3-b93f-9b26fdd08495, ClientId: 84022968-6bdc-4c6b-8eab-57b75fa5d0b1, Domain: wigweuniversity.edu.ng
2026-06-15 10:12:37.454 +01:00 [INF] HTTP GET /api/admissions/document-types responded 200 in 29.9261 ms
2026-06-15 10:12:37.454 +01:00 [INF] Entra ID Service initialized successfully
2026-06-15 10:12:37.481 +01:00 [INF] Initializing Entra ID Service with TenantId: c9a98a3d-152f-4eb3-b93f-9b26fdd08495, ClientId: 84022968-6bdc-4c6b-8eab-57b75fa5d0b1, Domain: wigweuniversity.edu.ng
2026-06-15 10:12:37.481 +01:00 [INF] HTTP GET /api/admissions/sponsors responded 200 in 57.6489 ms
2026-06-15 10:12:37.482 +01:00 [INF] Entra ID Service initialized successfully
2026-06-15 10:12:37.484 +01:00 [INF] Initializing Entra ID Service with TenantId: c9a98a3d-152f-4eb3-b93f-9b26fdd08495, ClientId: 84022968-6bdc-4c6b-8eab-57b75fa5d0b1, Domain: wigweuniversity.edu.ng
2026-06-15 10:12:37.484 +01:00 [INF] Entra ID Service initialized successfully
2026-06-15 10:12:37.488 +01:00 [INF] HTTP GET /api/admissions/faculties responded 200 in 66.6430 ms
2026-06-15 10:12:37.489 +01:00 [INF] HTTP GET /api/admissions/sessions responded 200 in 65.5725 ms
2026-06-15 10:12:37.493 +01:00 [INF] Initializing Entra ID Service with TenantId: c9a98a3d-152f-4eb3-b93f-9b26fdd08495, ClientId: 84022968-6bdc-4c6b-8eab-57b75fa5d0b1, Domain: wigweuniversity.edu.ng
2026-06-15 10:12:37.494 +01:00 [INF] Entra ID Service initialized successfully
2026-06-15 10:12:37.499 +01:00 [INF] HTTP GET /api/admissions/subjects responded 200 in 76.7473 ms
2026-06-15 10:12:37.512 +01:00 [INF] Initializing Entra ID Service with TenantId: c9a98a3d-152f-4eb3-b93f-9b26fdd08495, ClientId: 84022968-6bdc-4c6b-8eab-57b75fa5d0b1, Domain: wigweuniversity.edu.ng
2026-06-15 10:12:37.512 +01:00 [INF] Entra ID Service initialized successfully
2026-06-15 10:12:37.515 +01:00 [INF] HTTP GET /api/countries responded 200 in 55.4108 ms
2026-06-15 10:12:37.522 +01:00 [INF] HTTP GET /api/admissions/levels responded 200 in 61.8003 ms
2026-06-15 10:12:37.524 +01:00 [INF] Initializing Entra ID Service with TenantId: c9a98a3d-152f-4eb3-b93f-9b26fdd08495, ClientId: 84022968-6bdc-4c6b-8eab-57b75fa5d0b1, Domain: wigweuniversity.edu.ng
2026-06-15 10:12:37.524 +01:00 [INF] Entra ID Service initialized successfully
2026-06-15 10:12:37.526 +01:00 [INF] HTTP GET /api/admissions/faculties responded 200 in 35.3353 ms
2026-06-15 10:12:37.544 +01:00 [INF] HTTP OPTIONS /api/admissions/programs/780adcfd-92ad-4f80-8ec4-d97ae6b165e0 responded 204 in 0.0221 ms
2026-06-15 10:12:37.545 +01:00 [INF] HTTP OPTIONS /api/admissions/programs/0d17b27c-131d-4205-876a-3bd064ba8814 responded 204 in 0.0073 ms
2026-06-15 10:12:37.546 +01:00 [INF] HTTP OPTIONS /api/admissions/programs/57bcd87b-51c8-4110-a3a4-ae2f2175864e responded 204 in 0.0401 ms
2026-06-15 10:12:37.548 +01:00 [INF] HTTP OPTIONS /api/admissions/programs/5b02c1f7-ebf7-4698-8998-587a2ef867e7 responded 204 in 0.0183 ms
2026-06-15 10:12:37.570 +01:00 [INF] Initializing Entra ID Service with TenantId: c9a98a3d-152f-4eb3-b93f-9b26fdd08495, ClientId: 84022968-6bdc-4c6b-8eab-57b75fa5d0b1, Domain: wigweuniversity.edu.ng
2026-06-15 10:12:37.570 +01:00 [INF] Entra ID Service initialized successfully
2026-06-15 10:12:37.570 +01:00 [INF] Initializing Entra ID Service with TenantId: c9a98a3d-152f-4eb3-b93f-9b26fdd08495, ClientId: 84022968-6bdc-4c6b-8eab-57b75fa5d0b1, Domain: wigweuniversity.edu.ng
2026-06-15 10:12:37.570 +01:00 [INF] Entra ID Service initialized successfully
2026-06-15 10:12:37.571 +01:00 [INF] Initializing Entra ID Service with TenantId: c9a98a3d-152f-4eb3-b93f-9b26fdd08495, ClientId: 84022968-6bdc-4c6b-8eab-57b75fa5d0b1, Domain: wigweuniversity.edu.ng
2026-06-15 10:12:37.572 +01:00 [INF] Entra ID Service initialized successfully
2026-06-15 10:12:37.572 +01:00 [INF] HTTP GET /api/admissions/programs/780adcfd-92ad-4f80-8ec4-d97ae6b165e0 responded 200 in 27.0802 ms
2026-06-15 10:12:37.572 +01:00 [INF] HTTP GET /api/admissions/programs/0d17b27c-131d-4205-876a-3bd064ba8814 responded 200 in 26.2078 ms
2026-06-15 10:12:37.575 +01:00 [INF] HTTP GET /api/admissions/programs/57bcd87b-51c8-4110-a3a4-ae2f2175864e responded 200 in 27.4375 ms
2026-06-15 10:12:37.577 +01:00 [INF] Initializing Entra ID Service with TenantId: c9a98a3d-152f-4eb3-b93f-9b26fdd08495, ClientId: 84022968-6bdc-4c6b-8eab-57b75fa5d0b1, Domain: wigweuniversity.edu.ng
2026-06-15 10:12:37.578 +01:00 [INF] Entra ID Service initialized successfully
2026-06-15 10:12:37.580 +01:00 [INF] HTTP GET /api/admissions/programs/5b02c1f7-ebf7-4698-8998-587a2ef867e7 responded 200 in 31.0564 ms
2026-06-15 10:13:06.317 +01:00 [INF] HTTP OPTIONS /api/me responded 204 in 0.0313 ms
2026-06-15 10:13:06.333 +01:00 [INF] HTTP GET /api/me responded 200 in 14.7804 ms
2026-06-15 10:13:06.348 +01:00 [INF] HTTP OPTIONS /api/admissions/applications responded 204 in 0.0255 ms
2026-06-15 10:13:06.348 +01:00 [INF] HTTP OPTIONS /api/admissions/applications/drafts-eligible-for-reminder responded 204 in 0.0067 ms
2026-06-15 10:13:06.372 +01:00 [INF] Initializing Entra ID Service with TenantId: c9a98a3d-152f-4eb3-b93f-9b26fdd08495, ClientId: 84022968-6bdc-4c6b-8eab-57b75fa5d0b1, Domain: wigweuniversity.edu.ng
2026-06-15 10:13:06.372 +01:00 [INF] Entra ID Service initialized successfully
2026-06-15 10:13:06.375 +01:00 [INF] Initializing Entra ID Service with TenantId: c9a98a3d-152f-4eb3-b93f-9b26fdd08495, ClientId: 84022968-6bdc-4c6b-8eab-57b75fa5d0b1, Domain: wigweuniversity.edu.ng
2026-06-15 10:13:06.375 +01:00 [INF] Entra ID Service initialized successfully
2026-06-15 10:13:06.376 +01:00 [INF] HTTP GET /api/admissions/applications responded 200 in 27.5057 ms
2026-06-15 10:13:06.380 +01:00 [INF] HTTP GET /api/admissions/applications/drafts-eligible-for-reminder responded 400 in 30.7390 ms
2026-06-15 10:13:07.023 +01:00 [INF] HTTP OPTIONS /api/me responded 204 in 0.0263 ms
2026-06-15 10:13:07.027 +01:00 [INF] HTTP GET /api/me responded 200 in 1.4843 ms
2026-06-15 10:13:07.064 +01:00 [INF] HTTP GET /api/me responded 200 in 63.0883 ms
2026-06-15 10:13:07.082 +01:00 [INF] HTTP OPTIONS /api/courses/my-courses responded 204 in 0.9853 ms
2026-06-15 10:13:07.089 +01:00 [INF] HTTP GET /api/courses/my-courses responded 401 in 0.6035 ms
2026-06-15 10:13:07.610 +01:00 [INF] HTTP OPTIONS /api/admissions/document-types responded 204 in 0.0250 ms
2026-06-15 10:13:07.610 +01:00 [INF] HTTP OPTIONS /api/admissions/document-types responded 204 in 0.0039 ms
2026-06-15 10:13:07.610 +01:00 [INF] HTTP OPTIONS /api/admissions/sessions responded 204 in 0.0019 ms
2026-06-15 10:13:07.610 +01:00 [INF] HTTP OPTIONS /api/admissions/faculties responded 204 in 0.0063 ms
2026-06-15 10:13:07.610 +01:00 [INF] HTTP OPTIONS /api/admissions/subjects responded 204 in 0.0020 ms
2026-06-15 10:13:07.610 +01:00 [INF] HTTP OPTIONS /api/admissions/sponsors responded 204 in 0.0030 ms
2026-06-15 10:13:07.625 +01:00 [INF] HTTP OPTIONS /api/admissions/levels responded 204 in 0.0359 ms
2026-06-15 10:13:07.628 +01:00 [INF] HTTP OPTIONS /api/admissions/faculties responded 204 in 0.0187 ms
2026-06-15 10:13:07.637 +01:00 [INF] HTTP OPTIONS /api/countries responded 204 in 8.7106 ms
2026-06-15 10:13:07.722 +01:00 [INF] HTTP GET /api/admissions/document-types responded 200 in 98.8931 ms
2026-06-15 10:13:07.728 +01:00 [INF] Initializing Entra ID Service with TenantId: c9a98a3d-152f-4eb3-b93f-9b26fdd08495, ClientId: 84022968-6bdc-4c6b-8eab-57b75fa5d0b1, Domain: wigweuniversity.edu.ng
2026-06-15 10:13:07.728 +01:00 [INF] Initializing Entra ID Service with TenantId: c9a98a3d-152f-4eb3-b93f-9b26fdd08495, ClientId: 84022968-6bdc-4c6b-8eab-57b75fa5d0b1, Domain: wigweuniversity.edu.ng
2026-06-15 10:13:07.729 +01:00 [INF] Entra ID Service initialized successfully
2026-06-15 10:13:07.729 +01:00 [INF] Entra ID Service initialized successfully
2026-06-15 10:13:07.734 +01:00 [INF] HTTP GET /api/admissions/subjects responded 200 in 99.5121 ms
2026-06-15 10:13:07.734 +01:00 [INF] Initializing Entra ID Service with TenantId: c9a98a3d-152f-4eb3-b93f-9b26fdd08495, ClientId: 84022968-6bdc-4c6b-8eab-57b75fa5d0b1, Domain: wigweuniversity.edu.ng
2026-06-15 10:13:07.734 +01:00 [INF] HTTP GET /api/admissions/sessions responded 200 in 106.7449 ms
2026-06-15 10:13:07.735 +01:00 [INF] Entra ID Service initialized successfully
2026-06-15 10:13:07.735 +01:00 [INF] HTTP GET /api/admissions/document-types responded 200 in 109.9383 ms
2026-06-15 10:13:07.738 +01:00 [INF] Initializing Entra ID Service with TenantId: c9a98a3d-152f-4eb3-b93f-9b26fdd08495, ClientId: 84022968-6bdc-4c6b-8eab-57b75fa5d0b1, Domain: wigweuniversity.edu.ng
2026-06-15 10:13:07.738 +01:00 [INF] Entra ID Service initialized successfully
2026-06-15 10:13:07.739 +01:00 [INF] HTTP GET /api/admissions/faculties responded 200 in 107.5174 ms
2026-06-15 10:13:07.746 +01:00 [INF] HTTP GET /api/admissions/sponsors responded 200 in 101.6018 ms
2026-06-15 10:13:07.754 +01:00 [INF] Initializing Entra ID Service with TenantId: c9a98a3d-152f-4eb3-b93f-9b26fdd08495, ClientId: 84022968-6bdc-4c6b-8eab-57b75fa5d0b1, Domain: wigweuniversity.edu.ng
2026-06-15 10:13:07.754 +01:00 [INF] Entra ID Service initialized successfully
2026-06-15 10:13:07.760 +01:00 [INF] HTTP GET /api/admissions/levels responded 200 in 31.2592 ms
2026-06-15 10:13:07.762 +01:00 [INF] Initializing Entra ID Service with TenantId: c9a98a3d-152f-4eb3-b93f-9b26fdd08495, ClientId: 84022968-6bdc-4c6b-8eab-57b75fa5d0b1, Domain: wigweuniversity.edu.ng
2026-06-15 10:13:07.763 +01:00 [INF] HTTP GET /api/countries responded 200 in 24.9514 ms
2026-06-15 10:13:07.767 +01:00 [INF] Entra ID Service initialized successfully
2026-06-15 10:13:07.770 +01:00 [INF] HTTP GET /api/admissions/faculties responded 200 in 30.2568 ms
2026-06-15 10:13:07.776 +01:00 [INF] HTTP OPTIONS /api/admissions/programs/0d17b27c-131d-4205-876a-3bd064ba8814 responded 204 in 0.0266 ms
2026-06-15 10:13:07.776 +01:00 [INF] HTTP OPTIONS /api/admissions/programs/780adcfd-92ad-4f80-8ec4-d97ae6b165e0 responded 204 in 0.0341 ms
2026-06-15 10:13:07.776 +01:00 [INF] HTTP OPTIONS /api/admissions/programs/57bcd87b-51c8-4110-a3a4-ae2f2175864e responded 204 in 0.0060 ms
2026-06-15 10:13:07.776 +01:00 [INF] HTTP OPTIONS /api/admissions/programs/5b02c1f7-ebf7-4698-8998-587a2ef867e7 responded 204 in 0.0189 ms
2026-06-15 10:13:07.803 +01:00 [INF] Initializing Entra ID Service with TenantId: c9a98a3d-152f-4eb3-b93f-9b26fdd08495, ClientId: 84022968-6bdc-4c6b-8eab-57b75fa5d0b1, Domain: wigweuniversity.edu.ng
2026-06-15 10:13:07.803 +01:00 [INF] Entra ID Service initialized successfully
2026-06-15 10:13:07.804 +01:00 [INF] Initializing Entra ID Service with TenantId: c9a98a3d-152f-4eb3-b93f-9b26fdd08495, ClientId: 84022968-6bdc-4c6b-8eab-57b75fa5d0b1, Domain: wigweuniversity.edu.ng
2026-06-15 10:13:07.804 +01:00 [INF] Entra ID Service initialized successfully
2026-06-15 10:13:07.806 +01:00 [INF] HTTP GET /api/admissions/programs/0d17b27c-131d-4205-876a-3bd064ba8814 responded 200 in 27.4750 ms
2026-06-15 10:13:07.806 +01:00 [INF] HTTP GET /api/admissions/programs/780adcfd-92ad-4f80-8ec4-d97ae6b165e0 responded 200 in 27.7171 ms
2026-06-15 10:13:07.808 +01:00 [INF] Initializing Entra ID Service with TenantId: c9a98a3d-152f-4eb3-b93f-9b26fdd08495, ClientId: 84022968-6bdc-4c6b-8eab-57b75fa5d0b1, Domain: wigweuniversity.edu.ng
2026-06-15 10:13:07.809 +01:00 [INF] Entra ID Service initialized successfully
2026-06-15 10:13:07.811 +01:00 [INF] Initializing Entra ID Service with TenantId: c9a98a3d-152f-4eb3-b93f-9b26fdd08495, ClientId: 84022968-6bdc-4c6b-8eab-57b75fa5d0b1, Domain: wigweuniversity.edu.ng
2026-06-15 10:13:07.811 +01:00 [INF] Entra ID Service initialized successfully
2026-06-15 10:13:07.812 +01:00 [INF] HTTP GET /api/admissions/programs/5b02c1f7-ebf7-4698-8998-587a2ef867e7 responded 200 in 32.2091 ms
2026-06-15 10:13:07.813 +01:00 [INF] HTTP GET /api/admissions/programs/57bcd87b-51c8-4110-a3a4-ae2f2175864e responded 200 in 33.5492 ms
2026-06-15 10:13:32.359 +01:00 [INF] HTTP OPTIONS /api/me responded 204 in 0.0448 ms
2026-06-15 10:13:32.380 +01:00 [INF] HTTP GET /api/me responded 200 in 19.3868 ms
2026-06-15 10:13:32.394 +01:00 [INF] HTTP OPTIONS /api/admissions/applications responded 204 in 0.0238 ms
2026-06-15 10:13:32.394 +01:00 [INF] HTTP OPTIONS /api/admissions/applications/drafts-eligible-for-reminder responded 204 in 0.0058 ms
2026-06-15 10:13:32.423 +01:00 [INF] Initializing Entra ID Service with TenantId: c9a98a3d-152f-4eb3-b93f-9b26fdd08495, ClientId: 84022968-6bdc-4c6b-8eab-57b75fa5d0b1, Domain: wigweuniversity.edu.ng
2026-06-15 10:13:32.425 +01:00 [INF] Entra ID Service initialized successfully
2026-06-15 10:13:32.426 +01:00 [INF] HTTP GET /api/admissions/applications/drafts-eligible-for-reminder responded 400 in 29.9929 ms
2026-06-15 10:13:32.429 +01:00 [INF] Initializing Entra ID Service with TenantId: c9a98a3d-152f-4eb3-b93f-9b26fdd08495, ClientId: 84022968-6bdc-4c6b-8eab-57b75fa5d0b1, Domain: wigweuniversity.edu.ng
2026-06-15 10:13:32.429 +01:00 [INF] Entra ID Service initialized successfully
2026-06-15 10:13:32.435 +01:00 [INF] HTTP GET /api/admissions/applications responded 200 in 39.4832 ms
2026-06-15 10:13:33.047 +01:00 [INF] HTTP OPTIONS /api/me responded 204 in 0.0211 ms
2026-06-15 10:13:33.062 +01:00 [INF] HTTP GET /api/me responded 200 in 10.4897 ms
2026-06-15 10:13:33.071 +01:00 [INF] HTTP GET /api/me responded 200 in 82.9918 ms
2026-06-15 10:13:33.113 +01:00 [INF] HTTP OPTIONS /api/courses/my-courses responded 204 in 0.0291 ms
2026-06-15 10:13:33.183 +01:00 [INF] HTTP GET /api/courses/my-courses responded 401 in 43.3314 ms
2026-06-15 10:13:33.688 +01:00 [INF] HTTP OPTIONS /api/admissions/document-types responded 204 in 0.0411 ms
2026-06-15 10:13:33.688 +01:00 [INF] HTTP OPTIONS /api/admissions/document-types responded 204 in 0.0213 ms
2026-06-15 10:13:33.688 +01:00 [INF] HTTP OPTIONS /api/admissions/sessions responded 204 in 0.0063 ms
2026-06-15 10:13:33.689 +01:00 [INF] HTTP OPTIONS /api/admissions/sponsors responded 204 in 0.0026 ms
2026-06-15 10:13:33.689 +01:00 [INF] HTTP OPTIONS /api/admissions/faculties responded 204 in 0.0058 ms
2026-06-15 10:13:33.689 +01:00 [INF] HTTP OPTIONS /api/admissions/subjects responded 204 in 0.0020 ms
2026-06-15 10:13:33.700 +01:00 [INF] HTTP OPTIONS /api/admissions/levels responded 204 in 0.0361 ms
2026-06-15 10:13:33.704 +01:00 [INF] HTTP OPTIONS /api/admissions/faculties responded 204 in 0.0213 ms
2026-06-15 10:13:33.705 +01:00 [INF] HTTP OPTIONS /api/countries responded 204 in 0.0252 ms
2026-06-15 10:13:33.807 +01:00 [INF] Initializing Entra ID Service with TenantId: c9a98a3d-152f-4eb3-b93f-9b26fdd08495, ClientId: 84022968-6bdc-4c6b-8eab-57b75fa5d0b1, Domain: wigweuniversity.edu.ng
2026-06-15 10:13:33.807 +01:00 [INF] Entra ID Service initialized successfully
2026-06-15 10:13:33.809 +01:00 [INF] HTTP GET /api/admissions/document-types responded 200 in 112.0100 ms
2026-06-15 10:13:33.810 +01:00 [INF] HTTP GET /api/admissions/document-types responded 200 in 110.3884 ms
2026-06-15 10:13:33.812 +01:00 [INF] HTTP GET /api/admissions/sessions responded 200 in 111.4052 ms
2026-06-15 10:13:33.813 +01:00 [INF] Initializing Entra ID Service with TenantId: c9a98a3d-152f-4eb3-b93f-9b26fdd08495, ClientId: 84022968-6bdc-4c6b-8eab-57b75fa5d0b1, Domain: wigweuniversity.edu.ng
2026-06-15 10:13:33.813 +01:00 [INF] Entra ID Service initialized successfully
2026-06-15 10:13:33.818 +01:00 [INF] Initializing Entra ID Service with TenantId: c9a98a3d-152f-4eb3-b93f-9b26fdd08495, ClientId: 84022968-6bdc-4c6b-8eab-57b75fa5d0b1, Domain: wigweuniversity.edu.ng
2026-06-15 10:13:33.818 +01:00 [INF] Entra ID Service initialized successfully
2026-06-15 10:13:33.819 +01:00 [INF] HTTP GET /api/admissions/subjects responded 200 in 102.7750 ms
2026-06-15 10:13:33.818 +01:00 [INF] Initializing Entra ID Service with TenantId: c9a98a3d-152f-4eb3-b93f-9b26fdd08495, ClientId: 84022968-6bdc-4c6b-8eab-57b75fa5d0b1, Domain: wigweuniversity.edu.ng
2026-06-15 10:13:33.821 +01:00 [INF] Entra ID Service initialized successfully
2026-06-15 10:13:33.821 +01:00 [INF] HTTP GET /api/admissions/faculties responded 200 in 105.0512 ms
2026-06-15 10:13:33.825 +01:00 [INF] HTTP GET /api/admissions/sponsors responded 200 in 110.1394 ms
2026-06-15 10:13:33.835 +01:00 [INF] Initializing Entra ID Service with TenantId: c9a98a3d-152f-4eb3-b93f-9b26fdd08495, ClientId: 84022968-6bdc-4c6b-8eab-57b75fa5d0b1, Domain: wigweuniversity.edu.ng
2026-06-15 10:13:33.835 +01:00 [INF] HTTP GET /api/countries responded 200 in 21.6104 ms
2026-06-15 10:13:33.835 +01:00 [INF] Entra ID Service initialized successfully
2026-06-15 10:13:33.844 +01:00 [INF] HTTP GET /api/admissions/levels responded 200 in 30.9710 ms
2026-06-15 10:13:33.846 +01:00 [INF] Initializing Entra ID Service with TenantId: c9a98a3d-152f-4eb3-b93f-9b26fdd08495, ClientId: 84022968-6bdc-4c6b-8eab-57b75fa5d0b1, Domain: wigweuniversity.edu.ng
2026-06-15 10:13:33.847 +01:00 [INF] Entra ID Service initialized successfully
2026-06-15 10:13:33.850 +01:00 [INF] HTTP GET /api/admissions/faculties responded 200 in 27.0344 ms
2026-06-15 10:13:33.853 +01:00 [INF] HTTP OPTIONS /api/admissions/programs/780adcfd-92ad-4f80-8ec4-d97ae6b165e0 responded 204 in 0.0223 ms
2026-06-15 10:13:33.856 +01:00 [INF] HTTP OPTIONS /api/admissions/programs/57bcd87b-51c8-4110-a3a4-ae2f2175864e responded 204 in 0.0093 ms
2026-06-15 10:13:33.856 +01:00 [INF] HTTP OPTIONS /api/admissions/programs/5b02c1f7-ebf7-4698-8998-587a2ef867e7 responded 204 in 0.0036 ms
2026-06-15 10:13:33.856 +01:00 [INF] HTTP OPTIONS /api/admissions/programs/0d17b27c-131d-4205-876a-3bd064ba8814 responded 204 in 0.0153 ms
2026-06-15 10:13:33.877 +01:00 [INF] Initializing Entra ID Service with TenantId: c9a98a3d-152f-4eb3-b93f-9b26fdd08495, ClientId: 84022968-6bdc-4c6b-8eab-57b75fa5d0b1, Domain: wigweuniversity.edu.ng
2026-06-15 10:13:33.877 +01:00 [INF] Entra ID Service initialized successfully
2026-06-15 10:13:33.879 +01:00 [INF] Initializing Entra ID Service with TenantId: c9a98a3d-152f-4eb3-b93f-9b26fdd08495, ClientId: 84022968-6bdc-4c6b-8eab-57b75fa5d0b1, Domain: wigweuniversity.edu.ng
2026-06-15 10:13:33.879 +01:00 [INF] Entra ID Service initialized successfully
2026-06-15 10:13:33.880 +01:00 [INF] HTTP GET /api/admissions/programs/780adcfd-92ad-4f80-8ec4-d97ae6b165e0 responded 200 in 24.9563 ms
2026-06-15 10:13:33.883 +01:00 [INF] Initializing Entra ID Service with TenantId: c9a98a3d-152f-4eb3-b93f-9b26fdd08495, ClientId: 84022968-6bdc-4c6b-8eab-57b75fa5d0b1, Domain: wigweuniversity.edu.ng
2026-06-15 10:13:33.883 +01:00 [INF] HTTP GET /api/admissions/programs/5b02c1f7-ebf7-4698-8998-587a2ef867e7 responded 200 in 24.5921 ms
2026-06-15 10:13:33.884 +01:00 [INF] Entra ID Service initialized successfully
2026-06-15 10:13:33.886 +01:00 [INF] Initializing Entra ID Service with TenantId: c9a98a3d-152f-4eb3-b93f-9b26fdd08495, ClientId: 84022968-6bdc-4c6b-8eab-57b75fa5d0b1, Domain: wigweuniversity.edu.ng
2026-06-15 10:13:33.886 +01:00 [INF] HTTP GET /api/admissions/programs/0d17b27c-131d-4205-876a-3bd064ba8814 responded 200 in 27.0525 ms
2026-06-15 10:13:33.886 +01:00 [INF] Entra ID Service initialized successfully
2026-06-15 10:13:33.889 +01:00 [INF] HTTP GET /api/admissions/programs/57bcd87b-51c8-4110-a3a4-ae2f2175864e responded 200 in 29.7175 ms
2026-06-15 10:15:25.743 +01:00 [INF] HTTP OPTIONS /api/me responded 204 in 0.0269 ms
2026-06-15 10:15:25.839 +01:00 [INF] HTTP GET /api/me responded 200 in 84.0342 ms
2026-06-15 10:15:25.855 +01:00 [INF] HTTP OPTIONS /api/admissions/applications/drafts-eligible-for-reminder responded 204 in 0.0263 ms
2026-06-15 10:15:25.855 +01:00 [INF] HTTP OPTIONS /api/admissions/applications responded 204 in 0.1183 ms
2026-06-15 10:15:25.900 +01:00 [INF] Initializing Entra ID Service with TenantId: c9a98a3d-152f-4eb3-b93f-9b26fdd08495, ClientId: 84022968-6bdc-4c6b-8eab-57b75fa5d0b1, Domain: wigweuniversity.edu.ng
2026-06-15 10:15:25.901 +01:00 [INF] Entra ID Service initialized successfully
2026-06-15 10:15:25.901 +01:00 [INF] HTTP GET /api/admissions/applications/drafts-eligible-for-reminder responded 400 in 44.8705 ms
2026-06-15 10:15:25.906 +01:00 [INF] Initializing Entra ID Service with TenantId: c9a98a3d-152f-4eb3-b93f-9b26fdd08495, ClientId: 84022968-6bdc-4c6b-8eab-57b75fa5d0b1, Domain: wigweuniversity.edu.ng
2026-06-15 10:15:25.907 +01:00 [INF] Entra ID Service initialized successfully
2026-06-15 10:15:25.921 +01:00 [INF] HTTP OPTIONS /api/me responded 204 in 0.0220 ms
2026-06-15 10:15:25.932 +01:00 [INF] HTTP GET /api/admissions/applications responded 200 in 76.0573 ms
2026-06-15 10:15:25.944 +01:00 [INF] HTTP GET /api/me responded 200 in 16.6000 ms
2026-06-15 10:15:25.985 +01:00 [INF] HTTP OPTIONS /api/courses/my-courses responded 204 in 0.0276 ms
2026-06-15 10:15:25.990 +01:00 [INF] HTTP GET /api/courses/my-courses responded 401 in 0.8540 ms
2026-06-15 10:15:26.041 +01:00 [INF] HTTP GET /api/me responded 200 in 72.0655 ms
2026-06-15 10:15:26.871 +01:00 [INF] HTTP OPTIONS /api/admissions/document-types responded 204 in 0.0450 ms
2026-06-15 10:15:26.874 +01:00 [INF] HTTP OPTIONS /api/admissions/document-types responded 204 in 0.0606 ms
2026-06-15 10:15:26.874 +01:00 [INF] HTTP OPTIONS /api/admissions/faculties responded 204 in 0.0731 ms
2026-06-15 10:15:26.875 +01:00 [INF] HTTP OPTIONS /api/admissions/sponsors responded 204 in 0.0342 ms
2026-06-15 10:15:26.875 +01:00 [INF] HTTP OPTIONS /api/admissions/sessions responded 204 in 0.0078 ms
2026-06-15 10:15:26.875 +01:00 [INF] HTTP OPTIONS /api/admissions/subjects responded 204 in 0.0210 ms
2026-06-15 10:15:26.876 +01:00 [INF] HTTP OPTIONS /api/admissions/levels responded 204 in 0.0330 ms
2026-06-15 10:15:26.900 +01:00 [INF] Initializing Entra ID Service with TenantId: c9a98a3d-152f-4eb3-b93f-9b26fdd08495, ClientId: 84022968-6bdc-4c6b-8eab-57b75fa5d0b1, Domain: wigweuniversity.edu.ng
2026-06-15 10:15:26.900 +01:00 [INF] HTTP GET /api/admissions/document-types responded 200 in 26.5838 ms
2026-06-15 10:15:26.901 +01:00 [INF] HTTP OPTIONS /api/countries responded 204 in 0.0209 ms
2026-06-15 10:15:26.902 +01:00 [INF] Entra ID Service initialized successfully
2026-06-15 10:15:26.907 +01:00 [INF] HTTP GET /api/admissions/sponsors responded 200 in 29.8642 ms
2026-06-15 10:15:26.909 +01:00 [INF] HTTP GET /api/admissions/document-types responded 200 in 34.3212 ms
2026-06-15 10:15:26.910 +01:00 [INF] Initializing Entra ID Service with TenantId: c9a98a3d-152f-4eb3-b93f-9b26fdd08495, ClientId: 84022968-6bdc-4c6b-8eab-57b75fa5d0b1, Domain: wigweuniversity.edu.ng
2026-06-15 10:15:26.914 +01:00 [INF] Initializing Entra ID Service with TenantId: c9a98a3d-152f-4eb3-b93f-9b26fdd08495, ClientId: 84022968-6bdc-4c6b-8eab-57b75fa5d0b1, Domain: wigweuniversity.edu.ng
2026-06-15 10:15:26.914 +01:00 [INF] Entra ID Service initialized successfully
2026-06-15 10:15:26.915 +01:00 [INF] Entra ID Service initialized successfully
2026-06-15 10:15:26.917 +01:00 [INF] HTTP GET /api/admissions/faculties responded 200 in 40.4233 ms
2026-06-15 10:15:26.917 +01:00 [INF] HTTP GET /api/admissions/sessions responded 200 in 39.8710 ms
2026-06-15 10:15:26.919 +01:00 [INF] Initializing Entra ID Service with TenantId: c9a98a3d-152f-4eb3-b93f-9b26fdd08495, ClientId: 84022968-6bdc-4c6b-8eab-57b75fa5d0b1, Domain: wigweuniversity.edu.ng
2026-06-15 10:15:26.919 +01:00 [INF] Entra ID Service initialized successfully
2026-06-15 10:15:26.923 +01:00 [INF] HTTP GET /api/admissions/subjects responded 200 in 45.4688 ms
2026-06-15 10:15:26.925 +01:00 [INF] Initializing Entra ID Service with TenantId: c9a98a3d-152f-4eb3-b93f-9b26fdd08495, ClientId: 84022968-6bdc-4c6b-8eab-57b75fa5d0b1, Domain: wigweuniversity.edu.ng
2026-06-15 10:15:26.925 +01:00 [INF] Entra ID Service initialized successfully
2026-06-15 10:15:26.931 +01:00 [INF] HTTP GET /api/admissions/levels responded 200 in 28.6351 ms
2026-06-15 10:15:26.932 +01:00 [INF] Initializing Entra ID Service with TenantId: c9a98a3d-152f-4eb3-b93f-9b26fdd08495, ClientId: 84022968-6bdc-4c6b-8eab-57b75fa5d0b1, Domain: wigweuniversity.edu.ng
2026-06-15 10:15:26.932 +01:00 [INF] Entra ID Service initialized successfully
2026-06-15 10:15:26.932 +01:00 [INF] HTTP GET /api/countries responded 200 in 23.3629 ms
2026-06-15 10:15:26.935 +01:00 [INF] HTTP GET /api/admissions/faculties responded 200 in 16.8969 ms
2026-06-15 10:15:26.946 +01:00 [INF] HTTP OPTIONS /api/admissions/programs/780adcfd-92ad-4f80-8ec4-d97ae6b165e0 responded 204 in 0.0719 ms
2026-06-15 10:15:26.947 +01:00 [INF] HTTP OPTIONS /api/admissions/programs/0d17b27c-131d-4205-876a-3bd064ba8814 responded 204 in 0.0169 ms
2026-06-15 10:15:26.948 +01:00 [INF] HTTP OPTIONS /api/admissions/programs/57bcd87b-51c8-4110-a3a4-ae2f2175864e responded 204 in 0.0143 ms
2026-06-15 10:15:26.949 +01:00 [INF] HTTP OPTIONS /api/admissions/programs/5b02c1f7-ebf7-4698-8998-587a2ef867e7 responded 204 in 0.0102 ms
2026-06-15 10:15:26.965 +01:00 [INF] Initializing Entra ID Service with TenantId: c9a98a3d-152f-4eb3-b93f-9b26fdd08495, ClientId: 84022968-6bdc-4c6b-8eab-57b75fa5d0b1, Domain: wigweuniversity.edu.ng
2026-06-15 10:15:26.965 +01:00 [INF] Entra ID Service initialized successfully
2026-06-15 10:15:26.967 +01:00 [INF] Initializing Entra ID Service with TenantId: c9a98a3d-152f-4eb3-b93f-9b26fdd08495, ClientId: 84022968-6bdc-4c6b-8eab-57b75fa5d0b1, Domain: wigweuniversity.edu.ng
2026-06-15 10:15:26.967 +01:00 [INF] Entra ID Service initialized successfully
2026-06-15 10:15:26.967 +01:00 [INF] HTTP GET /api/admissions/programs/57bcd87b-51c8-4110-a3a4-ae2f2175864e responded 200 in 17.2385 ms
2026-06-15 10:15:26.969 +01:00 [INF] Initializing Entra ID Service with TenantId: c9a98a3d-152f-4eb3-b93f-9b26fdd08495, ClientId: 84022968-6bdc-4c6b-8eab-57b75fa5d0b1, Domain: wigweuniversity.edu.ng
2026-06-15 10:15:26.969 +01:00 [INF] Entra ID Service initialized successfully
2026-06-15 10:15:26.970 +01:00 [INF] HTTP GET /api/admissions/programs/780adcfd-92ad-4f80-8ec4-d97ae6b165e0 responded 200 in 21.6725 ms
2026-06-15 10:15:26.972 +01:00 [INF] HTTP GET /api/admissions/programs/0d17b27c-131d-4205-876a-3bd064ba8814 responded 200 in 23.6501 ms
2026-06-15 10:15:26.972 +01:00 [INF] Initializing Entra ID Service with TenantId: c9a98a3d-152f-4eb3-b93f-9b26fdd08495, ClientId: 84022968-6bdc-4c6b-8eab-57b75fa5d0b1, Domain: wigweuniversity.edu.ng
2026-06-15 10:15:26.973 +01:00 [INF] Entra ID Service initialized successfully
2026-06-15 10:15:26.976 +01:00 [INF] HTTP GET /api/admissions/programs/5b02c1f7-ebf7-4698-8998-587a2ef867e7 responded 200 in 25.8733 ms
2026-06-15 10:17:52.571 +01:00 [INF] HTTP OPTIONS /api/me responded 204 in 0.3869 ms
2026-06-15 10:17:52.704 +01:00 [INF] HTTP GET /api/me responded 200 in 124.8148 ms
2026-06-15 10:17:52.723 +01:00 [INF] HTTP OPTIONS /api/admissions/applications responded 204 in 0.0305 ms
2026-06-15 10:17:52.723 +01:00 [INF] HTTP OPTIONS /api/admissions/applications/drafts-eligible-for-reminder responded 204 in 0.0073 ms
2026-06-15 10:17:52.779 +01:00 [INF] Initializing Entra ID Service with TenantId: c9a98a3d-152f-4eb3-b93f-9b26fdd08495, ClientId: 84022968-6bdc-4c6b-8eab-57b75fa5d0b1, Domain: wigweuniversity.edu.ng
2026-06-15 10:17:52.780 +01:00 [INF] Entra ID Service initialized successfully
2026-06-15 10:17:52.786 +01:00 [INF] Initializing Entra ID Service with TenantId: c9a98a3d-152f-4eb3-b93f-9b26fdd08495, ClientId: 84022968-6bdc-4c6b-8eab-57b75fa5d0b1, Domain: wigweuniversity.edu.ng
2026-06-15 10:17:52.786 +01:00 [INF] HTTP GET /api/admissions/applications/drafts-eligible-for-reminder responded 400 in 59.7553 ms
2026-06-15 10:17:52.788 +01:00 [INF] Entra ID Service initialized successfully
2026-06-15 10:17:52.823 +01:00 [INF] HTTP GET /api/admissions/applications responded 200 in 96.9564 ms
2026-06-15 10:17:52.840 +01:00 [INF] HTTP GET /api/me responded 200 in 75.3073 ms
2026-06-15 10:17:52.862 +01:00 [INF] HTTP OPTIONS /api/me responded 204 in 9.5013 ms
2026-06-15 10:17:52.865 +01:00 [INF] HTTP GET /api/me responded 200 in 1.3078 ms
2026-06-15 10:17:52.918 +01:00 [INF] HTTP OPTIONS /api/courses/my-courses responded 204 in 0.1248 ms
2026-06-15 10:17:52.928 +01:00 [INF] HTTP GET /api/courses/my-courses responded 401 in 3.6651 ms
2026-06-15 10:17:53.928 +01:00 [INF] HTTP OPTIONS /api/admissions/document-types responded 204 in 0.0348 ms
2026-06-15 10:17:53.930 +01:00 [INF] HTTP OPTIONS /api/admissions/document-types responded 204 in 0.0643 ms
2026-06-15 10:17:53.930 +01:00 [INF] HTTP OPTIONS /api/admissions/faculties responded 204 in 0.0300 ms
2026-06-15 10:17:53.931 +01:00 [INF] HTTP OPTIONS /api/admissions/sessions responded 204 in 0.0202 ms
2026-06-15 10:17:53.933 +01:00 [INF] HTTP OPTIONS /api/admissions/sponsors responded 204 in 0.1602 ms
2026-06-15 10:17:53.933 +01:00 [INF] HTTP OPTIONS /api/admissions/subjects responded 204 in 0.0052 ms
2026-06-15 10:17:53.935 +01:00 [INF] HTTP OPTIONS /api/countries responded 204 in 0.0140 ms
2026-06-15 10:17:53.935 +01:00 [INF] HTTP OPTIONS /api/admissions/levels responded 204 in 0.0185 ms
2026-06-15 10:17:53.973 +01:00 [INF] HTTP GET /api/admissions/document-types responded 200 in 43.2468 ms
2026-06-15 10:17:53.978 +01:00 [INF] Initializing Entra ID Service with TenantId: c9a98a3d-152f-4eb3-b93f-9b26fdd08495, ClientId: 84022968-6bdc-4c6b-8eab-57b75fa5d0b1, Domain: wigweuniversity.edu.ng
2026-06-15 10:17:53.978 +01:00 [INF] Entra ID Service initialized successfully
2026-06-15 10:17:53.979 +01:00 [INF] HTTP GET /api/admissions/document-types responded 200 in 45.7216 ms
2026-06-15 10:17:53.987 +01:00 [INF] HTTP GET /api/admissions/subjects responded 200 in 48.8874 ms
2026-06-15 10:17:53.991 +01:00 [INF] Initializing Entra ID Service with TenantId: c9a98a3d-152f-4eb3-b93f-9b26fdd08495, ClientId: 84022968-6bdc-4c6b-8eab-57b75fa5d0b1, Domain: wigweuniversity.edu.ng
2026-06-15 10:17:53.992 +01:00 [INF] Entra ID Service initialized successfully
2026-06-15 10:17:54.001 +01:00 [INF] HTTP GET /api/admissions/sessions responded 200 in 66.8999 ms
2026-06-15 10:17:54.004 +01:00 [INF] Initializing Entra ID Service with TenantId: c9a98a3d-152f-4eb3-b93f-9b26fdd08495, ClientId: 84022968-6bdc-4c6b-8eab-57b75fa5d0b1, Domain: wigweuniversity.edu.ng
2026-06-15 10:17:54.006 +01:00 [INF] Entra ID Service initialized successfully
2026-06-15 10:17:54.014 +01:00 [INF] HTTP GET /api/admissions/faculties responded 200 in 80.0499 ms
2026-06-15 10:17:54.014 +01:00 [INF] Initializing Entra ID Service with TenantId: c9a98a3d-152f-4eb3-b93f-9b26fdd08495, ClientId: 84022968-6bdc-4c6b-8eab-57b75fa5d0b1, Domain: wigweuniversity.edu.ng
2026-06-15 10:17:54.014 +01:00 [INF] Entra ID Service initialized successfully
2026-06-15 10:17:54.022 +01:00 [INF] HTTP GET /api/admissions/sponsors responded 200 in 82.9687 ms
2026-06-15 10:17:54.027 +01:00 [INF] HTTP GET /api/countries responded 200 in 49.6053 ms
2026-06-15 10:17:54.028 +01:00 [INF] Initializing Entra ID Service with TenantId: c9a98a3d-152f-4eb3-b93f-9b26fdd08495, ClientId: 84022968-6bdc-4c6b-8eab-57b75fa5d0b1, Domain: wigweuniversity.edu.ng
2026-06-15 10:17:54.034 +01:00 [INF] Entra ID Service initialized successfully
2026-06-15 10:17:54.038 +01:00 [INF] HTTP GET /api/admissions/levels responded 200 in 58.3690 ms
2026-06-15 10:17:54.042 +01:00 [INF] Initializing Entra ID Service with TenantId: c9a98a3d-152f-4eb3-b93f-9b26fdd08495, ClientId: 84022968-6bdc-4c6b-8eab-57b75fa5d0b1, Domain: wigweuniversity.edu.ng
2026-06-15 10:17:54.043 +01:00 [INF] Entra ID Service initialized successfully
2026-06-15 10:17:54.045 +01:00 [INF] HTTP GET /api/admissions/faculties responded 200 in 30.1461 ms
2026-06-15 10:17:54.060 +01:00 [INF] HTTP OPTIONS /api/admissions/programs/780adcfd-92ad-4f80-8ec4-d97ae6b165e0 responded 204 in 0.0257 ms
2026-06-15 10:17:54.062 +01:00 [INF] HTTP OPTIONS /api/admissions/programs/0d17b27c-131d-4205-876a-3bd064ba8814 responded 204 in 0.0312 ms
2026-06-15 10:17:54.063 +01:00 [INF] HTTP OPTIONS /api/admissions/programs/57bcd87b-51c8-4110-a3a4-ae2f2175864e responded 204 in 0.0440 ms
2026-06-15 10:17:54.063 +01:00 [INF] HTTP OPTIONS /api/admissions/programs/5b02c1f7-ebf7-4698-8998-587a2ef867e7 responded 204 in 0.0148 ms
2026-06-15 10:17:54.076 +01:00 [INF] Initializing Entra ID Service with TenantId: c9a98a3d-152f-4eb3-b93f-9b26fdd08495, ClientId: 84022968-6bdc-4c6b-8eab-57b75fa5d0b1, Domain: wigweuniversity.edu.ng
2026-06-15 10:17:54.076 +01:00 [INF] Entra ID Service initialized successfully
2026-06-15 10:17:54.077 +01:00 [INF] Initializing Entra ID Service with TenantId: c9a98a3d-152f-4eb3-b93f-9b26fdd08495, ClientId: 84022968-6bdc-4c6b-8eab-57b75fa5d0b1, Domain: wigweuniversity.edu.ng
2026-06-15 10:17:54.077 +01:00 [INF] Entra ID Service initialized successfully
2026-06-15 10:17:54.078 +01:00 [INF] HTTP GET /api/admissions/programs/780adcfd-92ad-4f80-8ec4-d97ae6b165e0 responded 200 in 17.1413 ms
2026-06-15 10:17:54.079 +01:00 [INF] Initializing Entra ID Service with TenantId: c9a98a3d-152f-4eb3-b93f-9b26fdd08495, ClientId: 84022968-6bdc-4c6b-8eab-57b75fa5d0b1, Domain: wigweuniversity.edu.ng
2026-06-15 10:17:54.079 +01:00 [INF] Entra ID Service initialized successfully
2026-06-15 10:17:54.079 +01:00 [INF] HTTP GET /api/admissions/programs/5b02c1f7-ebf7-4698-8998-587a2ef867e7 responded 200 in 14.9010 ms
2026-06-15 10:17:54.081 +01:00 [INF] Initializing Entra ID Service with TenantId: c9a98a3d-152f-4eb3-b93f-9b26fdd08495, ClientId: 84022968-6bdc-4c6b-8eab-57b75fa5d0b1, Domain: wigweuniversity.edu.ng
2026-06-15 10:17:54.081 +01:00 [INF] Entra ID Service initialized successfully
2026-06-15 10:17:54.081 +01:00 [INF] HTTP GET /api/admissions/programs/0d17b27c-131d-4205-876a-3bd064ba8814 responded 200 in 18.4900 ms
2026-06-15 10:17:54.084 +01:00 [INF] HTTP GET /api/admissions/programs/57bcd87b-51c8-4110-a3a4-ae2f2175864e responded 200 in 19.6777 ms
2026-06-15 10:32:27.208 +01:00 [INF] HTTP OPTIONS /api/admissions/applications/drafts-eligible-for-reminder responded 204 in 0.5564 ms
2026-06-15 10:32:27.208 +01:00 [INF] HTTP OPTIONS /api/admissions/applications responded 204 in 0.5591 ms
2026-06-15 10:32:27.323 +01:00 [INF] Initializing Entra ID Service with TenantId: c9a98a3d-152f-4eb3-b93f-9b26fdd08495, ClientId: 84022968-6bdc-4c6b-8eab-57b75fa5d0b1, Domain: wigweuniversity.edu.ng
2026-06-15 10:32:27.324 +01:00 [INF] Entra ID Service initialized successfully
2026-06-15 10:32:27.325 +01:00 [INF] HTTP GET /api/admissions/applications/drafts-eligible-for-reminder responded 400 in 111.8529 ms
2026-06-15 10:32:27.333 +01:00 [INF] Initializing Entra ID Service with TenantId: c9a98a3d-152f-4eb3-b93f-9b26fdd08495, ClientId: 84022968-6bdc-4c6b-8eab-57b75fa5d0b1, Domain: wigweuniversity.edu.ng
2026-06-15 10:32:27.333 +01:00 [INF] Entra ID Service initialized successfully
2026-06-15 10:32:27.346 +01:00 [INF] HTTP GET /api/admissions/applications responded 200 in 133.2192 ms
2026-06-15 10:32:55.671 +01:00 [INF] HTTP OPTIONS /api/admissions/applications/drafts-eligible-for-reminder responded 204 in 0.0243 ms
2026-06-15 10:32:55.693 +01:00 [INF] Initializing Entra ID Service with TenantId: c9a98a3d-152f-4eb3-b93f-9b26fdd08495, ClientId: 84022968-6bdc-4c6b-8eab-57b75fa5d0b1, Domain: wigweuniversity.edu.ng
2026-06-15 10:32:55.693 +01:00 [INF] Entra ID Service initialized successfully
2026-06-15 10:32:55.693 +01:00 [INF] HTTP GET /api/admissions/applications/drafts-eligible-for-reminder responded 400 in 21.3545 ms
2026-06-15 10:33:13.140 +01:00 [INF] HTTP OPTIONS /api/me responded 204 in 0.0243 ms
2026-06-15 10:33:13.194 +01:00 [INF] HTTP GET /api/me responded 200 in 50.3952 ms
2026-06-15 10:33:13.263 +01:00 [INF] HTTP OPTIONS /api/admissions/applications responded 204 in 0.0246 ms
2026-06-15 10:33:13.263 +01:00 [INF] HTTP OPTIONS /api/admissions/applications/drafts-eligible-for-reminder responded 204 in 0.0282 ms
2026-06-15 10:33:13.309 +01:00 [INF] Initializing Entra ID Service with TenantId: c9a98a3d-152f-4eb3-b93f-9b26fdd08495, ClientId: 84022968-6bdc-4c6b-8eab-57b75fa5d0b1, Domain: wigweuniversity.edu.ng
2026-06-15 10:33:13.309 +01:00 [INF] Entra ID Service initialized successfully
2026-06-15 10:33:13.311 +01:00 [INF] Initializing Entra ID Service with TenantId: c9a98a3d-152f-4eb3-b93f-9b26fdd08495, ClientId: 84022968-6bdc-4c6b-8eab-57b75fa5d0b1, Domain: wigweuniversity.edu.ng
2026-06-15 10:33:13.312 +01:00 [INF] Entra ID Service initialized successfully
2026-06-15 10:33:13.312 +01:00 [INF] HTTP GET /api/admissions/applications/drafts-eligible-for-reminder responded 400 in 45.4360 ms
2026-06-15 10:33:13.325 +01:00 [INF] HTTP GET /api/admissions/applications responded 200 in 60.7940 ms
2026-06-15 10:33:14.251 +01:00 [INF] HTTP OPTIONS /api/me responded 204 in 0.0268 ms
2026-06-15 10:33:14.256 +01:00 [INF] HTTP GET /api/me responded 200 in 1.0740 ms
2026-06-15 10:33:14.309 +01:00 [INF] HTTP OPTIONS /api/courses/my-courses responded 204 in 0.0326 ms
2026-06-15 10:33:14.335 +01:00 [INF] HTTP GET /api/courses/my-courses responded 401 in 19.8895 ms
2026-06-15 10:33:14.349 +01:00 [INF] HTTP GET /api/me responded 200 in 113.8761 ms
2026-06-15 10:33:16.266 +01:00 [INF] Initializing Entra ID Service with TenantId: c9a98a3d-152f-4eb3-b93f-9b26fdd08495, ClientId: 84022968-6bdc-4c6b-8eab-57b75fa5d0b1, Domain: wigweuniversity.edu.ng
2026-06-15 10:33:16.266 +01:00 [INF] Entra ID Service initialized successfully
2026-06-15 10:33:16.266 +01:00 [INF] HTTP GET /api/admissions/applications/drafts-eligible-for-reminder responded 400 in 25.0695 ms
2026-06-15 10:33:16.343 +01:00 [INF] HTTP OPTIONS /api/admissions/document-types responded 204 in 0.0357 ms
2026-06-15 10:33:16.343 +01:00 [INF] HTTP OPTIONS /api/admissions/faculties responded 204 in 0.0104 ms
2026-06-15 10:33:16.343 +01:00 [INF] HTTP OPTIONS /api/admissions/document-types responded 204 in 0.0277 ms
2026-06-15 10:33:16.345 +01:00 [INF] HTTP OPTIONS /api/admissions/sessions responded 204 in 0.0254 ms
2026-06-15 10:33:16.351 +01:00 [INF] HTTP OPTIONS /api/admissions/subjects responded 204 in 0.0302 ms
2026-06-15 10:33:16.351 +01:00 [INF] HTTP OPTIONS /api/admissions/sponsors responded 204 in 0.0068 ms
2026-06-15 10:33:16.363 +01:00 [INF] HTTP OPTIONS /api/countries responded 204 in 0.0405 ms
2026-06-15 10:33:16.404 +01:00 [INF] HTTP OPTIONS /api/admissions/levels responded 204 in 0.0493 ms
2026-06-15 10:33:16.434 +01:00 [INF] Initializing Entra ID Service with TenantId: c9a98a3d-152f-4eb3-b93f-9b26fdd08495, ClientId: 84022968-6bdc-4c6b-8eab-57b75fa5d0b1, Domain: wigweuniversity.edu.ng
2026-06-15 10:33:16.434 +01:00 [INF] Entra ID Service initialized successfully
2026-06-15 10:33:16.434 +01:00 [INF] HTTP GET /api/admissions/document-types responded 200 in 88.7813 ms
2026-06-15 10:33:16.438 +01:00 [INF] HTTP GET /api/admissions/faculties responded 200 in 91.0029 ms
2026-06-15 10:33:16.487 +01:00 [INF] HTTP GET /api/countries responded 200 in 51.8220 ms
2026-06-15 10:33:16.510 +01:00 [INF] Initializing Entra ID Service with TenantId: c9a98a3d-152f-4eb3-b93f-9b26fdd08495, ClientId: 84022968-6bdc-4c6b-8eab-57b75fa5d0b1, Domain: wigweuniversity.edu.ng
2026-06-15 10:33:16.510 +01:00 [INF] HTTP GET /api/admissions/document-types responded 200 in 162.5293 ms
2026-06-15 10:33:16.510 +01:00 [INF] Entra ID Service initialized successfully
2026-06-15 10:33:16.515 +01:00 [INF] Initializing Entra ID Service with TenantId: c9a98a3d-152f-4eb3-b93f-9b26fdd08495, ClientId: 84022968-6bdc-4c6b-8eab-57b75fa5d0b1, Domain: wigweuniversity.edu.ng
2026-06-15 10:33:16.515 +01:00 [INF] HTTP GET /api/admissions/sessions responded 200 in 165.4369 ms
2026-06-15 10:33:16.515 +01:00 [INF] Entra ID Service initialized successfully
2026-06-15 10:33:16.519 +01:00 [INF] HTTP GET /api/admissions/faculties responded 200 in 29.2475 ms
2026-06-15 10:33:16.529 +01:00 [INF] Initializing Entra ID Service with TenantId: c9a98a3d-152f-4eb3-b93f-9b26fdd08495, ClientId: 84022968-6bdc-4c6b-8eab-57b75fa5d0b1, Domain: wigweuniversity.edu.ng
2026-06-15 10:33:16.530 +01:00 [INF] Entra ID Service initialized successfully
2026-06-15 10:33:16.535 +01:00 [INF] HTTP GET /api/admissions/sponsors responded 200 in 124.6560 ms
2026-06-15 10:33:16.536 +01:00 [INF] Initializing Entra ID Service with TenantId: c9a98a3d-152f-4eb3-b93f-9b26fdd08495, ClientId: 84022968-6bdc-4c6b-8eab-57b75fa5d0b1, Domain: wigweuniversity.edu.ng
2026-06-15 10:33:16.536 +01:00 [INF] Entra ID Service initialized successfully
2026-06-15 10:33:16.541 +01:00 [INF] HTTP GET /api/admissions/subjects responded 200 in 158.7857 ms
2026-06-15 10:33:16.545 +01:00 [INF] HTTP OPTIONS /api/admissions/programs/780adcfd-92ad-4f80-8ec4-d97ae6b165e0 responded 204 in 0.0290 ms
2026-06-15 10:33:16.546 +01:00 [INF] HTTP OPTIONS /api/admissions/programs/0d17b27c-131d-4205-876a-3bd064ba8814 responded 204 in 0.1873 ms
2026-06-15 10:33:16.548 +01:00 [INF] HTTP OPTIONS /api/admissions/programs/57bcd87b-51c8-4110-a3a4-ae2f2175864e responded 204 in 0.0300 ms
2026-06-15 10:33:16.551 +01:00 [INF] HTTP OPTIONS /api/admissions/programs/5b02c1f7-ebf7-4698-8998-587a2ef867e7 responded 204 in 0.0575 ms
2026-06-15 10:33:16.557 +01:00 [INF] Initializing Entra ID Service with TenantId: c9a98a3d-152f-4eb3-b93f-9b26fdd08495, ClientId: 84022968-6bdc-4c6b-8eab-57b75fa5d0b1, Domain: wigweuniversity.edu.ng
2026-06-15 10:33:16.557 +01:00 [INF] Entra ID Service initialized successfully
2026-06-15 10:33:16.568 +01:00 [INF] HTTP GET /api/admissions/levels responded 200 in 127.8682 ms
2026-06-15 10:33:16.568 +01:00 [INF] Initializing Entra ID Service with TenantId: c9a98a3d-152f-4eb3-b93f-9b26fdd08495, ClientId: 84022968-6bdc-4c6b-8eab-57b75fa5d0b1, Domain: wigweuniversity.edu.ng
2026-06-15 10:33:16.568 +01:00 [INF] Entra ID Service initialized successfully
2026-06-15 10:33:16.571 +01:00 [INF] Initializing Entra ID Service with TenantId: c9a98a3d-152f-4eb3-b93f-9b26fdd08495, ClientId: 84022968-6bdc-4c6b-8eab-57b75fa5d0b1, Domain: wigweuniversity.edu.ng
2026-06-15 10:33:16.572 +01:00 [INF] Entra ID Service initialized successfully
2026-06-15 10:33:16.572 +01:00 [INF] HTTP GET /api/admissions/programs/0d17b27c-131d-4205-876a-3bd064ba8814 responded 200 in 23.9054 ms
2026-06-15 10:33:16.575 +01:00 [INF] HTTP GET /api/admissions/programs/780adcfd-92ad-4f80-8ec4-d97ae6b165e0 responded 200 in 29.2981 ms
2026-06-15 10:33:16.575 +01:00 [INF] Initializing Entra ID Service with TenantId: c9a98a3d-152f-4eb3-b93f-9b26fdd08495, ClientId: 84022968-6bdc-4c6b-8eab-57b75fa5d0b1, Domain: wigweuniversity.edu.ng
2026-06-15 10:33:16.575 +01:00 [INF] Entra ID Service initialized successfully
2026-06-15 10:33:16.578 +01:00 [INF] Initializing Entra ID Service with TenantId: c9a98a3d-152f-4eb3-b93f-9b26fdd08495, ClientId: 84022968-6bdc-4c6b-8eab-57b75fa5d0b1, Domain: wigweuniversity.edu.ng
2026-06-15 10:33:16.578 +01:00 [INF] Entra ID Service initialized successfully
2026-06-15 10:33:16.580 +01:00 [INF] HTTP GET /api/admissions/programs/57bcd87b-51c8-4110-a3a4-ae2f2175864e responded 200 in 29.2780 ms
2026-06-15 10:33:16.583 +01:00 [INF] HTTP GET /api/admissions/programs/5b02c1f7-ebf7-4698-8998-587a2ef867e7 responded 200 in 30.0118 ms
2026-06-15 10:33:30.771 +01:00 [INF] HTTP OPTIONS /api/me responded 204 in 0.1495 ms
2026-06-15 10:33:30.937 +01:00 [INF] HTTP GET /api/me responded 200 in 160.8912 ms
2026-06-15 10:33:30.969 +01:00 [INF] HTTP OPTIONS /api/admissions/applications responded 204 in 0.0237 ms
2026-06-15 10:33:30.969 +01:00 [INF] HTTP OPTIONS /api/admissions/applications/drafts-eligible-for-reminder responded 204 in 0.0062 ms
2026-06-15 10:33:31.050 +01:00 [INF] Initializing Entra ID Service with TenantId: c9a98a3d-152f-4eb3-b93f-9b26fdd08495, ClientId: 84022968-6bdc-4c6b-8eab-57b75fa5d0b1, Domain: wigweuniversity.edu.ng
2026-06-15 10:33:31.057 +01:00 [INF] Entra ID Service initialized successfully
2026-06-15 10:33:31.069 +01:00 [INF] Initializing Entra ID Service with TenantId: c9a98a3d-152f-4eb3-b93f-9b26fdd08495, ClientId: 84022968-6bdc-4c6b-8eab-57b75fa5d0b1, Domain: wigweuniversity.edu.ng
2026-06-15 10:33:31.073 +01:00 [INF] Entra ID Service initialized successfully
2026-06-15 10:33:31.074 +01:00 [INF] HTTP GET /api/admissions/applications/drafts-eligible-for-reminder responded 400 in 89.6706 ms
2026-06-15 10:33:31.113 +01:00 [INF] HTTP GET /api/admissions/applications responded 200 in 130.0738 ms
2026-06-15 10:33:31.306 +01:00 [INF] HTTP OPTIONS /api/me responded 204 in 0.0387 ms
2026-06-15 10:33:31.313 +01:00 [INF] HTTP GET /api/me responded 200 in 5.1363 ms
2026-06-15 10:33:31.370 +01:00 [INF] HTTP OPTIONS /api/courses/my-courses responded 204 in 0.0692 ms
2026-06-15 10:33:31.380 +01:00 [INF] HTTP GET /api/courses/my-courses responded 401 in 0.6020 ms
2026-06-15 10:33:31.672 +01:00 [INF] HTTP GET /api/me responded 200 in 112.5020 ms
2026-06-15 10:33:32.717 +01:00 [INF] HTTP OPTIONS /api/admissions/document-types responded 204 in 0.0523 ms
2026-06-15 10:33:32.717 +01:00 [INF] HTTP OPTIONS /api/admissions/sponsors responded 204 in 0.0055 ms
2026-06-15 10:33:32.718 +01:00 [INF] HTTP OPTIONS /api/admissions/document-types responded 204 in 0.0054 ms
2026-06-15 10:33:32.717 +01:00 [INF] HTTP OPTIONS /api/admissions/sessions responded 204 in 0.0255 ms
2026-06-15 10:33:32.718 +01:00 [INF] HTTP OPTIONS /api/admissions/faculties responded 204 in 0.0072 ms
2026-06-15 10:33:32.724 +01:00 [INF] HTTP OPTIONS /api/admissions/subjects responded 204 in 0.0215 ms
2026-06-15 10:33:32.725 +01:00 [INF] HTTP OPTIONS /api/admissions/levels responded 204 in 0.0284 ms
2026-06-15 10:33:32.727 +01:00 [INF] HTTP OPTIONS /api/admissions/faculties responded 204 in 0.0175 ms
2026-06-15 10:33:32.737 +01:00 [INF] HTTP OPTIONS /api/countries responded 204 in 0.0232 ms
2026-06-15 10:33:32.785 +01:00 [INF] Initializing Entra ID Service with TenantId: c9a98a3d-152f-4eb3-b93f-9b26fdd08495, ClientId: 84022968-6bdc-4c6b-8eab-57b75fa5d0b1, Domain: wigweuniversity.edu.ng
2026-06-15 10:33:32.796 +01:00 [INF] Entra ID Service initialized successfully
2026-06-15 10:33:32.797 +01:00 [INF] HTTP GET /api/admissions/applications/drafts-eligible-for-reminder responded 400 in 81.2145 ms
2026-06-15 10:33:32.807 +01:00 [INF] Initializing Entra ID Service with TenantId: c9a98a3d-152f-4eb3-b93f-9b26fdd08495, ClientId: 84022968-6bdc-4c6b-8eab-57b75fa5d0b1, Domain: wigweuniversity.edu.ng
2026-06-15 10:33:32.809 +01:00 [INF] Entra ID Service initialized successfully
2026-06-15 10:33:32.832 +01:00 [INF] HTTP GET /api/admissions/sponsors responded 200 in 92.2864 ms
2026-06-15 10:33:32.867 +01:00 [INF] Initializing Entra ID Service with TenantId: c9a98a3d-152f-4eb3-b93f-9b26fdd08495, ClientId: 84022968-6bdc-4c6b-8eab-57b75fa5d0b1, Domain: wigweuniversity.edu.ng
2026-06-15 10:33:32.869 +01:00 [INF] Entra ID Service initialized successfully
2026-06-15 10:33:32.880 +01:00 [INF] Initializing Entra ID Service with TenantId: c9a98a3d-152f-4eb3-b93f-9b26fdd08495, ClientId: 84022968-6bdc-4c6b-8eab-57b75fa5d0b1, Domain: wigweuniversity.edu.ng
2026-06-15 10:33:32.880 +01:00 [INF] HTTP GET /api/admissions/document-types responded 200 in 153.2893 ms
2026-06-15 10:33:32.885 +01:00 [INF] Entra ID Service initialized successfully
2026-06-15 10:33:32.889 +01:00 [INF] HTTP GET /api/admissions/faculties responded 200 in 136.1418 ms
2026-06-15 10:33:32.901 +01:00 [INF] HTTP GET /api/admissions/sessions responded 200 in 165.3954 ms
2026-06-15 10:33:32.909 +01:00 [INF] Initializing Entra ID Service with TenantId: c9a98a3d-152f-4eb3-b93f-9b26fdd08495, ClientId: 84022968-6bdc-4c6b-8eab-57b75fa5d0b1, Domain: wigweuniversity.edu.ng
2026-06-15 10:33:32.910 +01:00 [INF] Entra ID Service initialized successfully
2026-06-15 10:33:32.914 +01:00 [INF] HTTP GET /api/admissions/subjects responded 200 in 107.5854 ms
2026-06-15 10:33:32.918 +01:00 [INF] Initializing Entra ID Service with TenantId: c9a98a3d-152f-4eb3-b93f-9b26fdd08495, ClientId: 84022968-6bdc-4c6b-8eab-57b75fa5d0b1, Domain: wigweuniversity.edu.ng
2026-06-15 10:33:32.918 +01:00 [INF] Entra ID Service initialized successfully
2026-06-15 10:33:32.926 +01:00 [INF] HTTP GET /api/countries responded 200 in 38.6495 ms
2026-06-15 10:33:32.936 +01:00 [INF] Initializing Entra ID Service with TenantId: c9a98a3d-152f-4eb3-b93f-9b26fdd08495, ClientId: 84022968-6bdc-4c6b-8eab-57b75fa5d0b1, Domain: wigweuniversity.edu.ng
2026-06-15 10:33:32.936 +01:00 [INF] Entra ID Service initialized successfully
2026-06-15 10:33:32.940 +01:00 [INF] HTTP GET /api/admissions/levels responded 200 in 95.4765 ms
2026-06-15 10:33:32.941 +01:00 [INF] HTTP GET /api/admissions/faculties responded 200 in 42.6770 ms
2026-06-15 10:33:32.948 +01:00 [INF] HTTP GET /api/admissions/document-types responded 200 in 220.7312 ms
2026-06-15 10:33:32.955 +01:00 [INF] HTTP OPTIONS /api/admissions/programs/780adcfd-92ad-4f80-8ec4-d97ae6b165e0 responded 204 in 0.0259 ms
2026-06-15 10:33:32.955 +01:00 [INF] HTTP OPTIONS /api/admissions/programs/0d17b27c-131d-4205-876a-3bd064ba8814 responded 204 in 0.0259 ms
2026-06-15 10:33:32.957 +01:00 [INF] HTTP OPTIONS /api/admissions/programs/57bcd87b-51c8-4110-a3a4-ae2f2175864e responded 204 in 0.0417 ms
2026-06-15 10:33:32.959 +01:00 [INF] HTTP OPTIONS /api/admissions/programs/5b02c1f7-ebf7-4698-8998-587a2ef867e7 responded 204 in 0.0175 ms
2026-06-15 10:33:32.984 +01:00 [INF] Initializing Entra ID Service with TenantId: c9a98a3d-152f-4eb3-b93f-9b26fdd08495, ClientId: 84022968-6bdc-4c6b-8eab-57b75fa5d0b1, Domain: wigweuniversity.edu.ng
2026-06-15 10:33:32.985 +01:00 [INF] Entra ID Service initialized successfully
2026-06-15 10:33:32.989 +01:00 [INF] Initializing Entra ID Service with TenantId: c9a98a3d-152f-4eb3-b93f-9b26fdd08495, ClientId: 84022968-6bdc-4c6b-8eab-57b75fa5d0b1, Domain: wigweuniversity.edu.ng
2026-06-15 10:33:32.989 +01:00 [INF] Entra ID Service initialized successfully
2026-06-15 10:33:32.990 +01:00 [INF] HTTP GET /api/admissions/programs/780adcfd-92ad-4f80-8ec4-d97ae6b165e0 responded 200 in 32.3085 ms
2026-06-15 10:33:32.993 +01:00 [INF] Initializing Entra ID Service with TenantId: c9a98a3d-152f-4eb3-b93f-9b26fdd08495, ClientId: 84022968-6bdc-4c6b-8eab-57b75fa5d0b1, Domain: wigweuniversity.edu.ng
2026-06-15 10:33:32.993 +01:00 [INF] HTTP GET /api/admissions/programs/0d17b27c-131d-4205-876a-3bd064ba8814 responded 200 in 35.2855 ms
2026-06-15 10:33:32.993 +01:00 [INF] Entra ID Service initialized successfully
2026-06-15 10:33:33.000 +01:00 [INF] Initializing Entra ID Service with TenantId: c9a98a3d-152f-4eb3-b93f-9b26fdd08495, ClientId: 84022968-6bdc-4c6b-8eab-57b75fa5d0b1, Domain: wigweuniversity.edu.ng
2026-06-15 10:33:33.000 +01:00 [INF] HTTP GET /api/admissions/programs/5b02c1f7-ebf7-4698-8998-587a2ef867e7 responded 200 in 40.1908 ms
2026-06-15 10:33:33.000 +01:00 [INF] Entra ID Service initialized successfully
2026-06-15 10:33:33.005 +01:00 [INF] HTTP GET /api/admissions/programs/57bcd87b-51c8-4110-a3a4-ae2f2175864e responded 200 in 45.6215 ms
2026-06-15 10:34:14.245 +01:00 [INF] HTTP OPTIONS /api/admin/courses responded 204 in 0.0778 ms
2026-06-15 10:34:14.245 +01:00 [INF] HTTP OPTIONS /api/admin/programs responded 204 in 0.0059 ms
2026-06-15 10:34:14.307 +01:00 [INF] HTTP GET /api/admin/programs responded 200 in 59.6009 ms
2026-06-15 10:34:14.401 +01:00 [INF] HTTP GET /api/admin/courses responded 200 in 153.9645 ms
2026-06-15 10:34:19.346 +01:00 [INF] HTTP OPTIONS /api/admin/programs responded 204 in 0.0347 ms
2026-06-15 10:34:19.384 +01:00 [INF] HTTP GET /api/admin/programs responded 200 in 36.7468 ms
2026-06-15 10:34:19.388 +01:00 [INF] HTTP OPTIONS /api/admin/programs/6890d4e9-7fa7-4c90-a69c-00b1d40f24ab/curricula responded 204 in 0.0247 ms
2026-06-15 10:34:19.389 +01:00 [INF] HTTP OPTIONS /api/admin/programs/563617bb-5f66-4032-a765-04ba7b4dab4c/curricula responded 204 in 0.0145 ms
2026-06-15 10:34:19.389 +01:00 [INF] HTTP OPTIONS /api/admin/programs/71f5092d-27ce-43c2-ac10-0759dfe391ef/curricula responded 204 in 0.0136 ms
2026-06-15 10:34:19.390 +01:00 [INF] HTTP OPTIONS /api/admin/programs/f94fe24b-8781-4d68-9bdb-2056692c6e91/curricula responded 204 in 0.0081 ms
2026-06-15 10:34:19.391 +01:00 [INF] HTTP OPTIONS /api/admin/programs/bfe9d5d2-b914-4b87-a068-4aedff2cbd5f/curricula responded 204 in 0.0083 ms
2026-06-15 10:34:19.392 +01:00 [INF] HTTP OPTIONS /api/admin/programs/5126c1a2-28cc-4a6e-9223-20f0298da20b/curricula responded 204 in 0.0365 ms
2026-06-15 10:34:19.392 +01:00 [INF] HTTP OPTIONS /api/admin/programs/6ca9564b-b745-43be-aa3f-4dedad7eb9f7/curricula responded 204 in 0.0080 ms
2026-06-15 10:34:19.474 +01:00 [INF] HTTP GET /api/admin/programs/71f5092d-27ce-43c2-ac10-0759dfe391ef/curricula responded 200 in 83.3492 ms
2026-06-15 10:34:19.475 +01:00 [INF] HTTP OPTIONS /api/admin/programs/2b09cc5a-2a1e-49bf-b539-532eeafaeff9/curricula responded 204 in 0.0250 ms
2026-06-15 10:34:19.479 +01:00 [INF] HTTP GET /api/admin/programs/563617bb-5f66-4032-a765-04ba7b4dab4c/curricula responded 200 in 89.3117 ms
2026-06-15 10:34:19.479 +01:00 [INF] HTTP GET /api/admin/programs/bfe9d5d2-b914-4b87-a068-4aedff2cbd5f/curricula responded 200 in 85.3220 ms
2026-06-15 10:34:19.482 +01:00 [INF] HTTP OPTIONS /api/admin/programs/8fe7febc-5eca-4458-a437-5512650eb0b6/curricula responded 204 in 0.0340 ms
2026-06-15 10:34:19.483 +01:00 [INF] HTTP OPTIONS /api/admin/programs/747ff8cd-5660-438a-b23d-5d30f0a5a888/curricula responded 204 in 0.0170 ms
2026-06-15 10:34:19.488 +01:00 [INF] HTTP OPTIONS /api/admin/programs/adcfa75d-3589-41c3-837c-6a5e70cc57d7/curricula responded 204 in 0.0266 ms
2026-06-15 10:34:19.488 +01:00 [INF] HTTP OPTIONS /api/admin/programs/8ee99692-b09b-4e10-9852-66b590651a22/curricula responded 204 in 0.0130 ms
2026-06-15 10:34:19.489 +01:00 [INF] HTTP OPTIONS /api/admin/programs/156c61fa-b96b-40e7-b39e-705751b440c3/curricula responded 204 in 0.0309 ms
2026-06-15 10:34:19.490 +01:00 [INF] HTTP OPTIONS /api/admin/programs/7096914e-1b13-4d65-a15e-8bc1a0e8ba2c/curricula responded 204 in 0.0469 ms
2026-06-15 10:34:19.491 +01:00 [INF] HTTP GET /api/admin/programs/6890d4e9-7fa7-4c90-a69c-00b1d40f24ab/curricula responded 200 in 101.9969 ms
2026-06-15 10:34:19.492 +01:00 [INF] HTTP OPTIONS /api/admin/programs/8198d36b-7ffa-4fd5-a3aa-9448ba191a38/curricula responded 204 in 0.0877 ms
2026-06-15 10:34:19.492 +01:00 [INF] HTTP OPTIONS /api/admin/programs/baeb4a0e-abfa-437e-a0c6-97267d61ffa3/curricula responded 204 in 0.0995 ms
2026-06-15 10:34:19.493 +01:00 [INF] HTTP OPTIONS /api/admin/programs/f31b48cd-2858-4e82-ad94-9cc31c75a527/curricula responded 204 in 0.0257 ms
2026-06-15 10:34:19.495 +01:00 [INF] HTTP OPTIONS /api/admin/programs/97e9e9d4-946c-46da-af1a-9e32f6a1504a/curricula responded 204 in 0.0145 ms
2026-06-15 10:34:19.495 +01:00 [INF] HTTP OPTIONS /api/admin/programs/6351fee0-7260-4e43-9563-a7477eb2d87b/curricula responded 204 in 0.0202 ms
2026-06-15 10:34:19.496 +01:00 [INF] HTTP OPTIONS /api/admin/programs/7df306ce-4256-4fbf-8dc4-afbd70d0a251/curricula responded 204 in 0.1040 ms
2026-06-15 10:34:19.496 +01:00 [INF] HTTP OPTIONS /api/admin/programs/6ba7f2e0-f36f-49ff-9a39-bd0ccfab5775/curricula responded 204 in 0.0281 ms
2026-06-15 10:34:19.496 +01:00 [INF] HTTP OPTIONS /api/admin/programs/56c76fe9-0f6a-439b-a699-bd2358434346/curricula responded 204 in 0.0092 ms
2026-06-15 10:34:19.499 +01:00 [INF] HTTP OPTIONS /api/admin/programs/469d40fd-2959-4622-bdda-c27b1139df60/curricula responded 204 in 0.0483 ms
2026-06-15 10:34:19.499 +01:00 [INF] HTTP OPTIONS /api/admin/programs/caa77aee-8674-4f31-b364-c8df0864afd6/curricula responded 204 in 0.0190 ms
2026-06-15 10:34:19.499 +01:00 [INF] HTTP OPTIONS /api/admin/programs/d653b1ad-d0d3-4009-babb-c098662147b2/curricula responded 204 in 0.0188 ms
2026-06-15 10:34:19.502 +01:00 [INF] HTTP OPTIONS /api/admin/programs/fc8eb05b-5c06-429b-bf42-d2ffc2f8baa9/curricula responded 204 in 0.1266 ms
2026-06-15 10:34:19.502 +01:00 [INF] HTTP OPTIONS /api/admin/programs/b8976684-96ea-440d-8cd3-db1adaebae47/curricula responded 204 in 0.0167 ms
2026-06-15 10:34:19.502 +01:00 [INF] HTTP OPTIONS /api/admin/programs/bf6986da-c275-482e-b5ca-e94b5b2a6fec/curricula responded 204 in 0.0788 ms
2026-06-15 10:34:19.503 +01:00 [INF] HTTP GET /api/admin/programs/f94fe24b-8781-4d68-9bdb-2056692c6e91/curricula responded 200 in 111.6900 ms
2026-06-15 10:34:19.504 +01:00 [INF] HTTP OPTIONS /api/admin/programs/1e99fb97-7c53-4c22-9975-eeebf693bef0/curricula responded 204 in 0.2176 ms
2026-06-15 10:34:19.508 +01:00 [INF] HTTP OPTIONS /api/admin/programs/302cd18f-647b-4c3e-9034-ef8ee6d0390e/curricula responded 204 in 0.0268 ms
2026-06-15 10:34:19.509 +01:00 [INF] HTTP OPTIONS /api/admin/programs/729e1de3-50c3-4bb3-b46c-fb90a37dcba2/curricula responded 204 in 0.2392 ms
2026-06-15 10:34:19.519 +01:00 [INF] HTTP GET /api/admin/programs/5126c1a2-28cc-4a6e-9223-20f0298da20b/curricula responded 200 in 124.9150 ms
2026-06-15 10:34:19.528 +01:00 [INF] HTTP GET /api/admin/programs/6ca9564b-b745-43be-aa3f-4dedad7eb9f7/curricula responded 200 in 50.5573 ms
2026-06-15 10:34:19.541 +01:00 [INF] HTTP GET /api/admin/programs/8fe7febc-5eca-4458-a437-5512650eb0b6/curricula responded 200 in 32.3350 ms
2026-06-15 10:34:19.548 +01:00 [INF] HTTP GET /api/admin/programs/747ff8cd-5660-438a-b23d-5d30f0a5a888/curricula responded 200 in 34.5106 ms
2026-06-15 10:34:19.553 +01:00 [INF] HTTP GET /api/admin/programs/2b09cc5a-2a1e-49bf-b539-532eeafaeff9/curricula responded 200 in 43.6088 ms
2026-06-15 10:34:19.556 +01:00 [INF] HTTP GET /api/admin/programs/adcfa75d-3589-41c3-837c-6a5e70cc57d7/curricula responded 200 in 42.8376 ms
2026-06-15 10:34:19.564 +01:00 [INF] HTTP GET /api/admin/programs/8ee99692-b09b-4e10-9852-66b590651a22/curricula responded 200 in 43.9085 ms
2026-06-15 10:34:19.567 +01:00 [INF] HTTP GET /api/admin/programs/156c61fa-b96b-40e7-b39e-705751b440c3/curricula responded 200 in 37.4848 ms
2026-06-15 10:34:19.572 +01:00 [INF] HTTP GET /api/admin/programs/7096914e-1b13-4d65-a15e-8bc1a0e8ba2c/curricula responded 200 in 27.6145 ms
2026-06-15 10:34:19.580 +01:00 [INF] HTTP GET /api/admin/programs/8198d36b-7ffa-4fd5-a3aa-9448ba191a38/curricula responded 200 in 30.6936 ms
2026-06-15 10:34:19.583 +01:00 [INF] HTTP GET /api/admin/programs/baeb4a0e-abfa-437e-a0c6-97267d61ffa3/curricula responded 200 in 28.8388 ms
2026-06-15 10:34:19.588 +01:00 [INF] HTTP GET /api/admin/programs/f31b48cd-2858-4e82-ad94-9cc31c75a527/curricula responded 200 in 29.3473 ms
2026-06-15 10:34:19.590 +01:00 [INF] HTTP GET /api/admin/programs/97e9e9d4-946c-46da-af1a-9e32f6a1504a/curricula responded 200 in 25.1399 ms
2026-06-15 10:34:19.595 +01:00 [INF] HTTP GET /api/admin/programs/6351fee0-7260-4e43-9563-a7477eb2d87b/curricula responded 200 in 26.9594 ms
2026-06-15 10:34:19.599 +01:00 [INF] HTTP GET /api/admin/programs/7df306ce-4256-4fbf-8dc4-afbd70d0a251/curricula responded 200 in 25.1967 ms
2026-06-15 10:34:19.622 +01:00 [INF] HTTP GET /api/admin/programs/6ba7f2e0-f36f-49ff-9a39-bd0ccfab5775/curricula responded 200 in 40.9941 ms
2026-06-15 10:34:19.625 +01:00 [INF] HTTP GET /api/admin/programs/56c76fe9-0f6a-439b-a699-bd2358434346/curricula responded 200 in 40.9660 ms
2026-06-15 10:34:19.630 +01:00 [INF] HTTP GET /api/admin/programs/469d40fd-2959-4622-bdda-c27b1139df60/curricula responded 200 in 41.4688 ms
2026-06-15 10:34:19.636 +01:00 [INF] HTTP GET /api/admin/programs/caa77aee-8674-4f31-b364-c8df0864afd6/curricula responded 200 in 44.0229 ms
2026-06-15 10:34:19.644 +01:00 [INF] HTTP GET /api/admin/programs/d653b1ad-d0d3-4009-babb-c098662147b2/curricula responded 200 in 47.6431 ms
2026-06-15 10:34:19.652 +01:00 [INF] HTTP GET /api/admin/programs/fc8eb05b-5c06-429b-bf42-d2ffc2f8baa9/curricula responded 200 in 52.2235 ms
2026-06-15 10:34:19.656 +01:00 [INF] HTTP GET /api/admin/programs/b8976684-96ea-440d-8cd3-db1adaebae47/curricula responded 200 in 33.4496 ms
2026-06-15 10:34:19.660 +01:00 [INF] HTTP GET /api/admin/programs/bf6986da-c275-482e-b5ca-e94b5b2a6fec/curricula responded 200 in 33.6943 ms
2026-06-15 10:34:19.666 +01:00 [INF] HTTP GET /api/admin/programs/1e99fb97-7c53-4c22-9975-eeebf693bef0/curricula responded 200 in 34.3387 ms
2026-06-15 10:34:19.669 +01:00 [INF] HTTP GET /api/admin/programs/302cd18f-647b-4c3e-9034-ef8ee6d0390e/curricula responded 200 in 31.2675 ms
2026-06-15 10:34:19.674 +01:00 [INF] HTTP GET /api/admin/programs/729e1de3-50c3-4bb3-b46c-fb90a37dcba2/curricula responded 200 in 28.7978 ms
2026-06-15 10:34:24.415 +01:00 [INF] HTTP OPTIONS /api/admin/programs responded 204 in 0.0485 ms
2026-06-15 10:34:24.415 +01:00 [INF] HTTP OPTIONS /api/admin/programs/6ca9564b-b745-43be-aa3f-4dedad7eb9f7/enrollments responded 204 in 0.0100 ms
2026-06-15 10:34:24.416 +01:00 [INF] HTTP OPTIONS /api/admin/sessions responded 204 in 0.0100 ms
2026-06-15 10:34:24.421 +01:00 [INF] HTTP OPTIONS /api/admin/programs/6ca9564b-b745-43be-aa3f-4dedad7eb9f7/curricula responded 204 in 0.0202 ms
2026-06-15 10:34:24.421 +01:00 [INF] HTTP OPTIONS /api/admissions/subjects responded 204 in 0.0075 ms
2026-06-15 10:34:24.440 +01:00 [INF] Initializing Entra ID Service with TenantId: c9a98a3d-152f-4eb3-b93f-9b26fdd08495, ClientId: 84022968-6bdc-4c6b-8eab-57b75fa5d0b1, Domain: wigweuniversity.edu.ng
2026-06-15 10:34:24.440 +01:00 [INF] Entra ID Service initialized successfully
2026-06-15 10:34:24.444 +01:00 [INF] HTTP GET /api/admin/sessions responded 200 in 23.1513 ms
2026-06-15 10:34:24.445 +01:00 [INF] HTTP GET /api/admissions/subjects responded 200 in 20.7258 ms
2026-06-15 10:34:24.453 +01:00 [INF] HTTP GET /api/admin/programs/6ca9564b-b745-43be-aa3f-4dedad7eb9f7/curricula responded 200 in 29.8240 ms
2026-06-15 10:34:24.459 +01:00 [INF] HTTP GET /api/admin/programs responded 200 in 42.9550 ms
2026-06-15 10:34:24.465 +01:00 [INF] HTTP GET /api/admin/programs/6ca9564b-b745-43be-aa3f-4dedad7eb9f7/enrollments responded 200 in 47.9571 ms
2026-06-15 10:34:24.471 +01:00 [INF] HTTP OPTIONS /api/admin/courses responded 204 in 0.0337 ms
2026-06-15 10:34:24.489 +01:00 [INF] HTTP GET /api/admin/programs/6ca9564b-b745-43be-aa3f-4dedad7eb9f7/curricula responded 200 in 20.2215 ms
2026-06-15 10:34:24.492 +01:00 [INF] HTTP GET /api/admin/sessions responded 200 in 21.3896 ms
2026-06-15 10:34:24.494 +01:00 [INF] HTTP OPTIONS /api/admin/curricula/de8ab251-f39e-40ec-a01c-97a6848be2e7 responded 204 in 0.0716 ms
2026-06-15 10:34:24.539 +01:00 [INF] HTTP GET /api/admin/curricula/de8ab251-f39e-40ec-a01c-97a6848be2e7 responded 200 in 43.9855 ms
2026-06-15 10:34:24.544 +01:00 [INF] HTTP OPTIONS /api/admin/curricula/de8ab251-f39e-40ec-a01c-97a6848be2e7/history responded 204 in 0.0648 ms
2026-06-15 10:34:24.562 +01:00 [INF] HTTP GET /api/admin/courses responded 200 in 89.9830 ms
2026-06-15 10:34:24.595 +01:00 [INF] HTTP GET /api/admin/curricula/de8ab251-f39e-40ec-a01c-97a6848be2e7/history responded 200 in 48.0735 ms
2026-06-15 10:34:29.862 +01:00 [INF] HTTP OPTIONS /api/admin/courses responded 204 in 0.0258 ms
2026-06-15 10:34:29.863 +01:00 [INF] HTTP OPTIONS /api/admin/programs responded 204 in 0.0254 ms
2026-06-15 10:34:29.891 +01:00 [INF] HTTP GET /api/admin/programs responded 200 in 26.2115 ms
2026-06-15 10:34:29.929 +01:00 [INF] HTTP GET /api/admin/courses responded 200 in 66.8068 ms
2026-06-15 10:34:32.705 +01:00 [INF] HTTP OPTIONS /api/admissions/applications/drafts-eligible-for-reminder responded 204 in 0.0276 ms
2026-06-15 10:34:32.728 +01:00 [INF] Initializing Entra ID Service with TenantId: c9a98a3d-152f-4eb3-b93f-9b26fdd08495, ClientId: 84022968-6bdc-4c6b-8eab-57b75fa5d0b1, Domain: wigweuniversity.edu.ng
2026-06-15 10:34:32.728 +01:00 [INF] Entra ID Service initialized successfully
2026-06-15 10:34:32.728 +01:00 [INF] HTTP GET /api/admissions/applications/drafts-eligible-for-reminder responded 400 in 21.5887 ms
2026-06-15 10:34:44.128 +01:00 [INF] HTTP OPTIONS /api/admin/courses responded 204 in 0.1357 ms
2026-06-15 10:34:44.128 +01:00 [INF] HTTP OPTIONS /api/admin/programs responded 204 in 0.1357 ms
2026-06-15 10:34:44.164 +01:00 [INF] HTTP GET /api/admin/programs responded 200 in 34.1470 ms
2026-06-15 10:34:44.193 +01:00 [INF] HTTP GET /api/admin/courses responded 200 in 63.8848 ms
2026-06-15 10:35:02.856 +01:00 [INF] HTTP OPTIONS /api/admin/courses responded 204 in 0.0256 ms
2026-06-15 10:35:02.857 +01:00 [INF] HTTP OPTIONS /api/admin/programs responded 204 in 0.0283 ms
2026-06-15 10:35:02.886 +01:00 [INF] HTTP GET /api/admin/programs responded 200 in 28.9354 ms
2026-06-15 10:35:02.925 +01:00 [INF] HTTP GET /api/admin/courses responded 200 in 67.9258 ms
2026-06-15 10:35:32.702 +01:00 [INF] HTTP OPTIONS /api/admissions/applications/drafts-eligible-for-reminder responded 204 in 0.0234 ms
2026-06-15 10:35:32.727 +01:00 [INF] Initializing Entra ID Service with TenantId: c9a98a3d-152f-4eb3-b93f-9b26fdd08495, ClientId: 84022968-6bdc-4c6b-8eab-57b75fa5d0b1, Domain: wigweuniversity.edu.ng
2026-06-15 10:35:32.727 +01:00 [INF] Entra ID Service initialized successfully
2026-06-15 10:35:32.728 +01:00 [INF] HTTP GET /api/admissions/applications/drafts-eligible-for-reminder responded 400 in 24.9868 ms
2026-06-15 10:35:41.096 +01:00 [INF] HTTP OPTIONS /api/admin/programs responded 204 in 0.0470 ms
2026-06-15 10:35:41.130 +01:00 [INF] HTTP GET /api/admin/programs responded 200 in 33.0720 ms
2026-06-15 10:35:41.133 +01:00 [INF] HTTP OPTIONS /api/admin/programs/6890d4e9-7fa7-4c90-a69c-00b1d40f24ab/curricula responded 204 in 0.0487 ms
2026-06-15 10:35:41.134 +01:00 [INF] HTTP OPTIONS /api/admin/programs/563617bb-5f66-4032-a765-04ba7b4dab4c/curricula responded 204 in 0.0122 ms
2026-06-15 10:35:41.138 +01:00 [INF] HTTP OPTIONS /api/admin/programs/71f5092d-27ce-43c2-ac10-0759dfe391ef/curricula responded 204 in 0.0298 ms
2026-06-15 10:35:41.149 +01:00 [INF] HTTP OPTIONS /api/admin/programs/5126c1a2-28cc-4a6e-9223-20f0298da20b/curricula responded 204 in 0.0219 ms
2026-06-15 10:35:41.149 +01:00 [INF] HTTP OPTIONS /api/admin/programs/f94fe24b-8781-4d68-9bdb-2056692c6e91/curricula responded 204 in 0.0226 ms
2026-06-15 10:35:41.149 +01:00 [INF] HTTP OPTIONS /api/admin/programs/bfe9d5d2-b914-4b87-a068-4aedff2cbd5f/curricula responded 204 in 0.0296 ms
2026-06-15 10:35:41.152 +01:00 [INF] HTTP OPTIONS /api/admin/programs/6ca9564b-b745-43be-aa3f-4dedad7eb9f7/curricula responded 204 in 0.0305 ms
2026-06-15 10:35:41.152 +01:00 [INF] HTTP OPTIONS /api/admin/programs/8fe7febc-5eca-4458-a437-5512650eb0b6/curricula responded 204 in 0.0294 ms
2026-06-15 10:35:41.153 +01:00 [INF] HTTP OPTIONS /api/admin/programs/2b09cc5a-2a1e-49bf-b539-532eeafaeff9/curricula responded 204 in 0.0406 ms
2026-06-15 10:35:41.154 +01:00 [INF] HTTP OPTIONS /api/admin/programs/747ff8cd-5660-438a-b23d-5d30f0a5a888/curricula responded 204 in 0.0270 ms
2026-06-15 10:35:41.154 +01:00 [INF] HTTP OPTIONS /api/admin/programs/8ee99692-b09b-4e10-9852-66b590651a22/curricula responded 204 in 0.0088 ms
2026-06-15 10:35:41.156 +01:00 [INF] HTTP OPTIONS /api/admin/programs/adcfa75d-3589-41c3-837c-6a5e70cc57d7/curricula responded 204 in 0.0210 ms
2026-06-15 10:35:41.156 +01:00 [INF] HTTP OPTIONS /api/admin/programs/156c61fa-b96b-40e7-b39e-705751b440c3/curricula responded 204 in 0.0035 ms
2026-06-15 10:35:41.157 +01:00 [INF] HTTP OPTIONS /api/admin/programs/8198d36b-7ffa-4fd5-a3aa-9448ba191a38/curricula responded 204 in 0.0284 ms
2026-06-15 10:35:41.158 +01:00 [INF] HTTP OPTIONS /api/admin/programs/7096914e-1b13-4d65-a15e-8bc1a0e8ba2c/curricula responded 204 in 0.0188 ms
2026-06-15 10:35:41.158 +01:00 [INF] HTTP OPTIONS /api/admin/programs/baeb4a0e-abfa-437e-a0c6-97267d61ffa3/curricula responded 204 in 0.0099 ms
2026-06-15 10:35:41.160 +01:00 [INF] HTTP OPTIONS /api/admin/programs/97e9e9d4-946c-46da-af1a-9e32f6a1504a/curricula responded 204 in 0.0225 ms
2026-06-15 10:35:41.160 +01:00 [INF] HTTP OPTIONS /api/admin/programs/f31b48cd-2858-4e82-ad94-9cc31c75a527/curricula responded 204 in 0.0035 ms
2026-06-15 10:35:41.160 +01:00 [INF] HTTP OPTIONS /api/admin/programs/6351fee0-7260-4e43-9563-a7477eb2d87b/curricula responded 204 in 0.0065 ms
2026-06-15 10:35:41.160 +01:00 [INF] HTTP GET /api/admin/programs/6890d4e9-7fa7-4c90-a69c-00b1d40f24ab/curricula responded 200 in 26.5796 ms
2026-06-15 10:35:41.162 +01:00 [INF] HTTP OPTIONS /api/admin/programs/7df306ce-4256-4fbf-8dc4-afbd70d0a251/curricula responded 204 in 0.0276 ms
2026-06-15 10:35:41.162 +01:00 [INF] HTTP OPTIONS /api/admin/programs/6ba7f2e0-f36f-49ff-9a39-bd0ccfab5775/curricula responded 204 in 0.0034 ms
2026-06-15 10:35:41.162 +01:00 [INF] HTTP OPTIONS /api/admin/programs/56c76fe9-0f6a-439b-a699-bd2358434346/curricula responded 204 in 0.0063 ms
2026-06-15 10:35:41.162 +01:00 [INF] HTTP OPTIONS /api/admin/programs/d653b1ad-d0d3-4009-babb-c098662147b2/curricula responded 204 in 0.0026 ms
2026-06-15 10:35:41.163 +01:00 [INF] HTTP GET /api/admin/programs/563617bb-5f66-4032-a765-04ba7b4dab4c/curricula responded 200 in 27.2065 ms
2026-06-15 10:35:41.163 +01:00 [INF] HTTP OPTIONS /api/admin/programs/caa77aee-8674-4f31-b364-c8df0864afd6/curricula responded 204 in 0.0269 ms
2026-06-15 10:35:41.163 +01:00 [INF] HTTP OPTIONS /api/admin/programs/469d40fd-2959-4622-bdda-c27b1139df60/curricula responded 204 in 0.0177 ms
2026-06-15 10:35:41.163 +01:00 [INF] HTTP OPTIONS /api/admin/programs/fc8eb05b-5c06-429b-bf42-d2ffc2f8baa9/curricula responded 204 in 0.0030 ms
2026-06-15 10:35:41.165 +01:00 [INF] HTTP OPTIONS /api/admin/programs/b8976684-96ea-440d-8cd3-db1adaebae47/curricula responded 204 in 0.0152 ms
2026-06-15 10:35:41.165 +01:00 [INF] HTTP OPTIONS /api/admin/programs/bf6986da-c275-482e-b5ca-e94b5b2a6fec/curricula responded 204 in 0.0025 ms
2026-06-15 10:35:41.166 +01:00 [INF] HTTP GET /api/admin/programs/71f5092d-27ce-43c2-ac10-0759dfe391ef/curricula responded 200 in 26.6751 ms
2026-06-15 10:35:41.167 +01:00 [INF] HTTP OPTIONS /api/admin/programs/1e99fb97-7c53-4c22-9975-eeebf693bef0/curricula responded 204 in 0.1643 ms
2026-06-15 10:35:41.167 +01:00 [INF] HTTP OPTIONS /api/admin/programs/302cd18f-647b-4c3e-9034-ef8ee6d0390e/curricula responded 204 in 0.0185 ms
2026-06-15 10:35:41.168 +01:00 [INF] HTTP OPTIONS /api/admin/programs/729e1de3-50c3-4bb3-b46c-fb90a37dcba2/curricula responded 204 in 0.0097 ms
2026-06-15 10:35:41.185 +01:00 [INF] HTTP GET /api/admin/programs/f94fe24b-8781-4d68-9bdb-2056692c6e91/curricula responded 200 in 21.2668 ms
2026-06-15 10:35:41.189 +01:00 [INF] HTTP GET /api/admin/programs/bfe9d5d2-b914-4b87-a068-4aedff2cbd5f/curricula responded 200 in 24.3932 ms
2026-06-15 10:35:41.191 +01:00 [INF] HTTP GET /api/admin/programs/6ca9564b-b745-43be-aa3f-4dedad7eb9f7/curricula responded 200 in 23.2546 ms
2026-06-15 10:35:41.196 +01:00 [INF] HTTP GET /api/admin/programs/5126c1a2-28cc-4a6e-9223-20f0298da20b/curricula responded 200 in 31.8572 ms
2026-06-15 10:35:41.198 +01:00 [INF] HTTP GET /api/admin/programs/2b09cc5a-2a1e-49bf-b539-532eeafaeff9/curricula responded 200 in 27.9175 ms
2026-06-15 10:35:41.204 +01:00 [INF] HTTP GET /api/admin/programs/8fe7febc-5eca-4458-a437-5512650eb0b6/curricula responded 200 in 34.1725 ms
2026-06-15 10:35:41.211 +01:00 [INF] HTTP GET /api/admin/programs/747ff8cd-5660-438a-b23d-5d30f0a5a888/curricula responded 200 in 25.1528 ms
2026-06-15 10:35:41.217 +01:00 [INF] HTTP GET /api/admin/programs/adcfa75d-3589-41c3-837c-6a5e70cc57d7/curricula responded 200 in 23.7734 ms
2026-06-15 10:35:41.219 +01:00 [INF] HTTP GET /api/admin/programs/8ee99692-b09b-4e10-9852-66b590651a22/curricula responded 200 in 27.8906 ms
2026-06-15 10:35:41.221 +01:00 [INF] HTTP GET /api/admin/programs/156c61fa-b96b-40e7-b39e-705751b440c3/curricula responded 200 in 25.0234 ms
2026-06-15 10:35:41.225 +01:00 [INF] HTTP GET /api/admin/programs/8198d36b-7ffa-4fd5-a3aa-9448ba191a38/curricula responded 200 in 25.9068 ms
2026-06-15 10:35:41.231 +01:00 [INF] HTTP GET /api/admin/programs/7096914e-1b13-4d65-a15e-8bc1a0e8ba2c/curricula responded 200 in 25.3235 ms
2026-06-15 10:35:41.237 +01:00 [INF] HTTP GET /api/admin/programs/baeb4a0e-abfa-437e-a0c6-97267d61ffa3/curricula responded 200 in 24.8887 ms
2026-06-15 10:35:41.238 +01:00 [INF] HTTP GET /api/admin/programs/97e9e9d4-946c-46da-af1a-9e32f6a1504a/curricula responded 200 in 20.9449 ms
2026-06-15 10:35:41.243 +01:00 [INF] HTTP GET /api/admin/programs/f31b48cd-2858-4e82-ad94-9cc31c75a527/curricula responded 200 in 23.3678 ms
2026-06-15 10:35:41.247 +01:00 [INF] HTTP GET /api/admin/programs/6351fee0-7260-4e43-9563-a7477eb2d87b/curricula responded 200 in 24.2045 ms
2026-06-15 10:35:41.250 +01:00 [INF] HTTP GET /api/admin/programs/7df306ce-4256-4fbf-8dc4-afbd70d0a251/curricula responded 200 in 24.7818 ms
2026-06-15 10:35:41.253 +01:00 [INF] HTTP GET /api/admin/programs/6ba7f2e0-f36f-49ff-9a39-bd0ccfab5775/curricula responded 200 in 21.0489 ms
2026-06-15 10:35:41.257 +01:00 [INF] HTTP GET /api/admin/programs/d653b1ad-d0d3-4009-babb-c098662147b2/curricula responded 200 in 19.9161 ms
2026-06-15 10:35:41.260 +01:00 [INF] HTTP GET /api/admin/programs/56c76fe9-0f6a-439b-a699-bd2358434346/curricula responded 200 in 21.4766 ms
2026-06-15 10:35:41.265 +01:00 [INF] HTTP GET /api/admin/programs/caa77aee-8674-4f31-b364-c8df0864afd6/curricula responded 200 in 20.4412 ms
2026-06-15 10:35:41.271 +01:00 [INF] HTTP GET /api/admin/programs/469d40fd-2959-4622-bdda-c27b1139df60/curricula responded 200 in 23.2211 ms
2026-06-15 10:35:41.274 +01:00 [INF] HTTP GET /api/admin/programs/bf6986da-c275-482e-b5ca-e94b5b2a6fec/curricula responded 200 in 19.8070 ms
2026-06-15 10:35:41.277 +01:00 [INF] HTTP GET /api/admin/programs/fc8eb05b-5c06-429b-bf42-d2ffc2f8baa9/curricula responded 200 in 25.3508 ms
2026-06-15 10:35:41.280 +01:00 [INF] HTTP GET /api/admin/programs/b8976684-96ea-440d-8cd3-db1adaebae47/curricula responded 200 in 21.5993 ms
2026-06-15 10:35:41.284 +01:00 [INF] HTTP GET /api/admin/programs/1e99fb97-7c53-4c22-9975-eeebf693bef0/curricula responded 200 in 22.9788 ms
2026-06-15 10:35:41.286 +01:00 [INF] HTTP GET /api/admin/programs/302cd18f-647b-4c3e-9034-ef8ee6d0390e/curricula responded 200 in 20.6583 ms
2026-06-15 10:35:41.288 +01:00 [INF] HTTP GET /api/admin/programs/729e1de3-50c3-4bb3-b46c-fb90a37dcba2/curricula responded 200 in 16.4516 ms
2026-06-15 10:35:52.747 +01:00 [INF] HTTP OPTIONS /api/me responded 204 in 0.0259 ms
2026-06-15 10:35:52.803 +01:00 [INF] HTTP GET /api/me responded 200 in 54.1435 ms
2026-06-15 10:35:53.155 +01:00 [INF] HTTP OPTIONS /api/me responded 204 in 0.0253 ms
2026-06-15 10:35:53.167 +01:00 [INF] HTTP GET /api/me responded 200 in 2.2608 ms
2026-06-15 10:35:53.201 +01:00 [INF] HTTP GET /api/me responded 200 in 76.5787 ms
2026-06-15 10:35:53.209 +01:00 [INF] HTTP OPTIONS /api/courses/my-courses responded 204 in 0.0229 ms
2026-06-15 10:35:53.222 +01:00 [INF] HTTP GET /api/courses/my-courses responded 401 in 6.1271 ms
2026-06-15 10:35:54.363 +01:00 [INF] HTTP OPTIONS /api/admissions/document-types responded 204 in 0.0515 ms
2026-06-15 10:35:54.365 +01:00 [INF] HTTP OPTIONS /api/admissions/document-types responded 204 in 0.0243 ms
2026-06-15 10:35:54.367 +01:00 [INF] HTTP OPTIONS /api/admissions/faculties responded 204 in 0.0313 ms
2026-06-15 10:35:54.372 +01:00 [INF] HTTP OPTIONS /api/admissions/sponsors responded 204 in 0.0157 ms
2026-06-15 10:35:54.372 +01:00 [INF] HTTP OPTIONS /api/admissions/sessions responded 204 in 0.0281 ms
2026-06-15 10:35:54.375 +01:00 [INF] HTTP OPTIONS /api/admissions/subjects responded 204 in 0.7005 ms
2026-06-15 10:35:54.378 +01:00 [INF] HTTP OPTIONS /api/admissions/levels responded 204 in 0.0277 ms
2026-06-15 10:35:54.381 +01:00 [INF] HTTP OPTIONS /api/countries responded 204 in 0.0138 ms
2026-06-15 10:35:54.444 +01:00 [INF] Initializing Entra ID Service with TenantId: c9a98a3d-152f-4eb3-b93f-9b26fdd08495, ClientId: 84022968-6bdc-4c6b-8eab-57b75fa5d0b1, Domain: wigweuniversity.edu.ng
2026-06-15 10:35:54.445 +01:00 [INF] Entra ID Service initialized successfully
2026-06-15 10:35:54.445 +01:00 [INF] HTTP GET /api/admissions/document-types responded 200 in 79.2106 ms
2026-06-15 10:35:54.450 +01:00 [INF] HTTP GET /api/admissions/faculties responded 200 in 78.1970 ms
2026-06-15 10:35:54.475 +01:00 [INF] Initializing Entra ID Service with TenantId: c9a98a3d-152f-4eb3-b93f-9b26fdd08495, ClientId: 84022968-6bdc-4c6b-8eab-57b75fa5d0b1, Domain: wigweuniversity.edu.ng
2026-06-15 10:35:54.476 +01:00 [INF] Entra ID Service initialized successfully
2026-06-15 10:35:54.483 +01:00 [INF] HTTP GET /api/admissions/sponsors responded 200 in 107.5588 ms
2026-06-15 10:35:54.486 +01:00 [INF] HTTP GET /api/admissions/document-types responded 200 in 122.0025 ms
2026-06-15 10:35:54.489 +01:00 [INF] Initializing Entra ID Service with TenantId: c9a98a3d-152f-4eb3-b93f-9b26fdd08495, ClientId: 84022968-6bdc-4c6b-8eab-57b75fa5d0b1, Domain: wigweuniversity.edu.ng
2026-06-15 10:35:54.489 +01:00 [INF] Entra ID Service initialized successfully
2026-06-15 10:35:54.496 +01:00 [INF] Initializing Entra ID Service with TenantId: c9a98a3d-152f-4eb3-b93f-9b26fdd08495, ClientId: 84022968-6bdc-4c6b-8eab-57b75fa5d0b1, Domain: wigweuniversity.edu.ng
2026-06-15 10:35:54.496 +01:00 [INF] HTTP GET /api/admissions/subjects responded 200 in 113.0471 ms
2026-06-15 10:35:54.496 +01:00 [INF] Entra ID Service initialized successfully
2026-06-15 10:35:54.502 +01:00 [INF] Initializing Entra ID Service with TenantId: c9a98a3d-152f-4eb3-b93f-9b26fdd08495, ClientId: 84022968-6bdc-4c6b-8eab-57b75fa5d0b1, Domain: wigweuniversity.edu.ng
2026-06-15 10:35:54.503 +01:00 [INF] HTTP GET /api/admissions/sessions responded 200 in 121.6211 ms
2026-06-15 10:35:54.503 +01:00 [INF] Entra ID Service initialized successfully
2026-06-15 10:35:54.513 +01:00 [INF] HTTP GET /api/admissions/levels responded 200 in 66.2888 ms
2026-06-15 10:35:54.515 +01:00 [INF] Initializing Entra ID Service with TenantId: c9a98a3d-152f-4eb3-b93f-9b26fdd08495, ClientId: 84022968-6bdc-4c6b-8eab-57b75fa5d0b1, Domain: wigweuniversity.edu.ng
2026-06-15 10:35:54.515 +01:00 [INF] HTTP GET /api/countries responded 200 in 58.3958 ms
2026-06-15 10:35:54.515 +01:00 [INF] Entra ID Service initialized successfully
2026-06-15 10:35:54.519 +01:00 [INF] HTTP GET /api/admissions/faculties responded 200 in 34.7726 ms
2026-06-15 10:35:54.541 +01:00 [INF] HTTP OPTIONS /api/admissions/programs/780adcfd-92ad-4f80-8ec4-d97ae6b165e0 responded 204 in 0.0323 ms
2026-06-15 10:35:54.546 +01:00 [INF] HTTP OPTIONS /api/admissions/programs/0d17b27c-131d-4205-876a-3bd064ba8814 responded 204 in 0.0279 ms
2026-06-15 10:35:54.546 +01:00 [INF] HTTP OPTIONS /api/admissions/programs/57bcd87b-51c8-4110-a3a4-ae2f2175864e responded 204 in 0.0070 ms
2026-06-15 10:35:54.549 +01:00 [INF] HTTP OPTIONS /api/admissions/programs/5b02c1f7-ebf7-4698-8998-587a2ef867e7 responded 204 in 0.0528 ms
2026-06-15 10:35:54.582 +01:00 [INF] Initializing Entra ID Service with TenantId: c9a98a3d-152f-4eb3-b93f-9b26fdd08495, ClientId: 84022968-6bdc-4c6b-8eab-57b75fa5d0b1, Domain: wigweuniversity.edu.ng
2026-06-15 10:35:54.583 +01:00 [INF] Entra ID Service initialized successfully
2026-06-15 10:35:54.586 +01:00 [INF] Initializing Entra ID Service with TenantId: c9a98a3d-152f-4eb3-b93f-9b26fdd08495, ClientId: 84022968-6bdc-4c6b-8eab-57b75fa5d0b1, Domain: wigweuniversity.edu.ng
2026-06-15 10:35:54.587 +01:00 [INF] Entra ID Service initialized successfully
2026-06-15 10:35:54.588 +01:00 [INF] HTTP GET /api/admissions/programs/0d17b27c-131d-4205-876a-3bd064ba8814 responded 200 in 39.5723 ms
2026-06-15 10:35:54.592 +01:00 [INF] Initializing Entra ID Service with TenantId: c9a98a3d-152f-4eb3-b93f-9b26fdd08495, ClientId: 84022968-6bdc-4c6b-8eab-57b75fa5d0b1, Domain: wigweuniversity.edu.ng
2026-06-15 10:35:54.592 +01:00 [INF] HTTP GET /api/admissions/programs/780adcfd-92ad-4f80-8ec4-d97ae6b165e0 responded 200 in 46.9453 ms
2026-06-15 10:35:54.592 +01:00 [INF] Entra ID Service initialized successfully
2026-06-15 10:35:54.598 +01:00 [INF] HTTP GET /api/admissions/programs/57bcd87b-51c8-4110-a3a4-ae2f2175864e responded 200 in 48.4988 ms
2026-06-15 10:35:54.599 +01:00 [INF] Initializing Entra ID Service with TenantId: c9a98a3d-152f-4eb3-b93f-9b26fdd08495, ClientId: 84022968-6bdc-4c6b-8eab-57b75fa5d0b1, Domain: wigweuniversity.edu.ng
2026-06-15 10:35:54.599 +01:00 [INF] Entra ID Service initialized successfully
2026-06-15 10:35:54.605 +01:00 [INF] HTTP GET /api/admissions/programs/5b02c1f7-ebf7-4698-8998-587a2ef867e7 responded 200 in 54.9270 ms
2026-06-15 10:36:09.443 +01:00 [INF] HTTP OPTIONS /api/admin/programs responded 204 in 0.6573 ms
2026-06-15 10:36:09.443 +01:00 [INF] HTTP OPTIONS /api/admin/courses responded 204 in 0.6571 ms
2026-06-15 10:36:09.510 +01:00 [INF] HTTP GET /api/admin/programs responded 200 in 63.9459 ms
2026-06-15 10:36:09.563 +01:00 [INF] HTTP GET /api/admin/courses responded 200 in 116.5239 ms
2026-06-15 10:36:19.636 +01:00 [INF] HTTP OPTIONS /api/admin/programs responded 204 in 0.0845 ms
2026-06-15 10:36:19.671 +01:00 [INF] HTTP GET /api/admin/programs responded 200 in 33.6733 ms
2026-06-15 10:36:19.681 +01:00 [INF] HTTP OPTIONS /api/admin/programs/6890d4e9-7fa7-4c90-a69c-00b1d40f24ab/curricula responded 204 in 0.0373 ms
2026-06-15 10:36:19.683 +01:00 [INF] HTTP OPTIONS /api/admin/programs/563617bb-5f66-4032-a765-04ba7b4dab4c/curricula responded 204 in 0.0614 ms
2026-06-15 10:36:19.683 +01:00 [INF] HTTP OPTIONS /api/admin/programs/71f5092d-27ce-43c2-ac10-0759dfe391ef/curricula responded 204 in 0.0105 ms
2026-06-15 10:36:19.684 +01:00 [INF] HTTP OPTIONS /api/admin/programs/f94fe24b-8781-4d68-9bdb-2056692c6e91/curricula responded 204 in 0.0062 ms
2026-06-15 10:36:19.685 +01:00 [INF] HTTP OPTIONS /api/admin/programs/5126c1a2-28cc-4a6e-9223-20f0298da20b/curricula responded 204 in 0.0139 ms
2026-06-15 10:36:19.685 +01:00 [INF] HTTP OPTIONS /api/admin/programs/bfe9d5d2-b914-4b87-a068-4aedff2cbd5f/curricula responded 204 in 0.0074 ms
2026-06-15 10:36:19.687 +01:00 [INF] HTTP OPTIONS /api/admin/programs/6ca9564b-b745-43be-aa3f-4dedad7eb9f7/curricula responded 204 in 0.0132 ms
2026-06-15 10:36:19.688 +01:00 [INF] HTTP OPTIONS /api/admin/programs/2b09cc5a-2a1e-49bf-b539-532eeafaeff9/curricula responded 204 in 0.0056 ms
2026-06-15 10:36:19.705 +01:00 [INF] HTTP GET /api/admin/programs/f94fe24b-8781-4d68-9bdb-2056692c6e91/curricula responded 200 in 19.6446 ms
2026-06-15 10:36:19.706 +01:00 [INF] HTTP OPTIONS /api/admin/programs/8fe7febc-5eca-4458-a437-5512650eb0b6/curricula responded 204 in 0.0321 ms
2026-06-15 10:36:19.707 +01:00 [INF] HTTP OPTIONS /api/admin/programs/747ff8cd-5660-438a-b23d-5d30f0a5a888/curricula responded 204 in 0.0228 ms
2026-06-15 10:36:19.709 +01:00 [INF] HTTP GET /api/admin/programs/71f5092d-27ce-43c2-ac10-0759dfe391ef/curricula responded 200 in 24.4887 ms
2026-06-15 10:36:19.710 +01:00 [INF] HTTP OPTIONS /api/admin/programs/8ee99692-b09b-4e10-9852-66b590651a22/curricula responded 204 in 0.0185 ms
2026-06-15 10:36:19.713 +01:00 [INF] HTTP GET /api/admin/programs/bfe9d5d2-b914-4b87-a068-4aedff2cbd5f/curricula responded 200 in 24.7979 ms
2026-06-15 10:36:19.714 +01:00 [INF] HTTP OPTIONS /api/admin/programs/adcfa75d-3589-41c3-837c-6a5e70cc57d7/curricula responded 204 in 0.0313 ms
2026-06-15 10:36:19.715 +01:00 [INF] HTTP OPTIONS /api/admin/programs/156c61fa-b96b-40e7-b39e-705751b440c3/curricula responded 204 in 0.0191 ms
2026-06-15 10:36:19.716 +01:00 [INF] HTTP OPTIONS /api/admin/programs/7096914e-1b13-4d65-a15e-8bc1a0e8ba2c/curricula responded 204 in 0.0161 ms
2026-06-15 10:36:19.717 +01:00 [INF] HTTP OPTIONS /api/admin/programs/8198d36b-7ffa-4fd5-a3aa-9448ba191a38/curricula responded 204 in 0.0141 ms
2026-06-15 10:36:19.717 +01:00 [INF] HTTP OPTIONS /api/admin/programs/baeb4a0e-abfa-437e-a0c6-97267d61ffa3/curricula responded 204 in 0.0145 ms
2026-06-15 10:36:19.718 +01:00 [INF] HTTP GET /api/admin/programs/563617bb-5f66-4032-a765-04ba7b4dab4c/curricula responded 200 in 32.8458 ms
2026-06-15 10:36:19.718 +01:00 [INF] HTTP OPTIONS /api/admin/programs/f31b48cd-2858-4e82-ad94-9cc31c75a527/curricula responded 204 in 0.0097 ms
2026-06-15 10:36:19.719 +01:00 [INF] HTTP OPTIONS /api/admin/programs/97e9e9d4-946c-46da-af1a-9e32f6a1504a/curricula responded 204 in 0.0355 ms
2026-06-15 10:36:19.719 +01:00 [INF] HTTP OPTIONS /api/admin/programs/6351fee0-7260-4e43-9563-a7477eb2d87b/curricula responded 204 in 0.0208 ms
2026-06-15 10:36:19.719 +01:00 [INF] HTTP OPTIONS /api/admin/programs/7df306ce-4256-4fbf-8dc4-afbd70d0a251/curricula responded 204 in 0.0053 ms
2026-06-15 10:36:19.722 +01:00 [INF] HTTP OPTIONS /api/admin/programs/6ba7f2e0-f36f-49ff-9a39-bd0ccfab5775/curricula responded 204 in 0.2049 ms
2026-06-15 10:36:19.722 +01:00 [INF] HTTP GET /api/admin/programs/6890d4e9-7fa7-4c90-a69c-00b1d40f24ab/curricula responded 200 in 39.2003 ms
2026-06-15 10:36:19.722 +01:00 [INF] HTTP OPTIONS /api/admin/programs/56c76fe9-0f6a-439b-a699-bd2358434346/curricula responded 204 in 0.0509 ms
2026-06-15 10:36:19.724 +01:00 [INF] HTTP OPTIONS /api/admin/programs/d653b1ad-d0d3-4009-babb-c098662147b2/curricula responded 204 in 0.0180 ms
2026-06-15 10:36:19.725 +01:00 [INF] HTTP OPTIONS /api/admin/programs/469d40fd-2959-4622-bdda-c27b1139df60/curricula responded 204 in 0.0028 ms
2026-06-15 10:36:19.725 +01:00 [INF] HTTP OPTIONS /api/admin/programs/caa77aee-8674-4f31-b364-c8df0864afd6/curricula responded 204 in 0.0061 ms
2026-06-15 10:36:19.728 +01:00 [INF] HTTP OPTIONS /api/admin/programs/b8976684-96ea-440d-8cd3-db1adaebae47/curricula responded 204 in 0.0221 ms
2026-06-15 10:36:19.728 +01:00 [INF] HTTP OPTIONS /api/admin/programs/bf6986da-c275-482e-b5ca-e94b5b2a6fec/curricula responded 204 in 0.0221 ms
2026-06-15 10:36:19.729 +01:00 [INF] HTTP OPTIONS /api/admin/programs/fc8eb05b-5c06-429b-bf42-d2ffc2f8baa9/curricula responded 204 in 0.0149 ms
2026-06-15 10:36:19.729 +01:00 [INF] HTTP GET /api/admin/programs/5126c1a2-28cc-4a6e-9223-20f0298da20b/curricula responded 200 in 43.5871 ms
2026-06-15 10:36:19.730 +01:00 [INF] HTTP OPTIONS /api/admin/programs/1e99fb97-7c53-4c22-9975-eeebf693bef0/curricula responded 204 in 0.0259 ms
2026-06-15 10:36:19.730 +01:00 [INF] HTTP OPTIONS /api/admin/programs/302cd18f-647b-4c3e-9034-ef8ee6d0390e/curricula responded 204 in 0.0092 ms
2026-06-15 10:36:19.731 +01:00 [INF] HTTP OPTIONS /api/admin/programs/729e1de3-50c3-4bb3-b46c-fb90a37dcba2/curricula responded 204 in 0.0063 ms
2026-06-15 10:36:19.736 +01:00 [INF] HTTP GET /api/admin/programs/6ca9564b-b745-43be-aa3f-4dedad7eb9f7/curricula responded 200 in 27.4582 ms
2026-06-15 10:36:19.742 +01:00 [INF] HTTP GET /api/admin/programs/2b09cc5a-2a1e-49bf-b539-532eeafaeff9/curricula responded 200 in 30.4661 ms
2026-06-15 10:36:19.748 +01:00 [INF] HTTP GET /api/admin/programs/adcfa75d-3589-41c3-837c-6a5e70cc57d7/curricula responded 200 in 16.5132 ms
2026-06-15 10:36:19.753 +01:00 [INF] HTTP GET /api/admin/programs/8fe7febc-5eca-4458-a437-5512650eb0b6/curricula responded 200 in 22.4283 ms
2026-06-15 10:36:19.756 +01:00 [INF] HTTP GET /api/admin/programs/8ee99692-b09b-4e10-9852-66b590651a22/curricula responded 200 in 24.2435 ms
2026-06-15 10:36:19.759 +01:00 [INF] HTTP GET /api/admin/programs/747ff8cd-5660-438a-b23d-5d30f0a5a888/curricula responded 200 in 27.1770 ms
2026-06-15 10:36:19.763 +01:00 [INF] HTTP GET /api/admin/programs/156c61fa-b96b-40e7-b39e-705751b440c3/curricula responded 200 in 25.9681 ms
2026-06-15 10:36:19.767 +01:00 [INF] HTTP GET /api/admin/programs/7096914e-1b13-4d65-a15e-8bc1a0e8ba2c/curricula responded 200 in 24.2185 ms
2026-06-15 10:36:19.771 +01:00 [INF] HTTP GET /api/admin/programs/8198d36b-7ffa-4fd5-a3aa-9448ba191a38/curricula responded 200 in 21.0701 ms
2026-06-15 10:36:19.773 +01:00 [INF] HTTP GET /api/admin/programs/baeb4a0e-abfa-437e-a0c6-97267d61ffa3/curricula responded 200 in 19.6205 ms
2026-06-15 10:36:19.777 +01:00 [INF] HTTP GET /api/admin/programs/f31b48cd-2858-4e82-ad94-9cc31c75a527/curricula responded 200 in 20.5168 ms
2026-06-15 10:36:19.786 +01:00 [INF] HTTP GET /api/admin/programs/97e9e9d4-946c-46da-af1a-9e32f6a1504a/curricula responded 200 in 26.6689 ms
2026-06-15 10:36:19.790 +01:00 [INF] HTTP GET /api/admin/programs/6351fee0-7260-4e43-9563-a7477eb2d87b/curricula responded 200 in 25.8124 ms
2026-06-15 10:36:19.793 +01:00 [INF] HTTP GET /api/admin/programs/7df306ce-4256-4fbf-8dc4-afbd70d0a251/curricula responded 200 in 24.3338 ms
2026-06-15 10:36:19.796 +01:00 [INF] HTTP GET /api/admin/programs/6ba7f2e0-f36f-49ff-9a39-bd0ccfab5775/curricula responded 200 in 23.2644 ms
2026-06-15 10:36:19.798 +01:00 [INF] HTTP GET /api/admin/programs/56c76fe9-0f6a-439b-a699-bd2358434346/curricula responded 200 in 24.4757 ms
2026-06-15 10:36:19.802 +01:00 [INF] HTTP GET /api/admin/programs/d653b1ad-d0d3-4009-babb-c098662147b2/curricula responded 200 in 23.8143 ms
2026-06-15 10:36:19.805 +01:00 [INF] HTTP GET /api/admin/programs/469d40fd-2959-4622-bdda-c27b1139df60/curricula responded 200 in 17.5534 ms
2026-06-15 10:36:19.808 +01:00 [INF] HTTP GET /api/admin/programs/caa77aee-8674-4f31-b364-c8df0864afd6/curricula responded 200 in 16.8327 ms
2026-06-15 10:36:19.810 +01:00 [INF] HTTP GET /api/admin/programs/b8976684-96ea-440d-8cd3-db1adaebae47/curricula responded 200 in 15.5422 ms
2026-06-15 10:36:19.812 +01:00 [INF] HTTP GET /api/admin/programs/bf6986da-c275-482e-b5ca-e94b5b2a6fec/curricula responded 200 in 15.1845 ms
2026-06-15 10:36:19.815 +01:00 [INF] HTTP GET /api/admin/programs/fc8eb05b-5c06-429b-bf42-d2ffc2f8baa9/curricula responded 200 in 15.8753 ms
2026-06-15 10:36:19.820 +01:00 [INF] HTTP GET /api/admin/programs/302cd18f-647b-4c3e-9034-ef8ee6d0390e/curricula responded 200 in 16.9346 ms
2026-06-15 10:36:19.821 +01:00 [INF] HTTP GET /api/admin/programs/1e99fb97-7c53-4c22-9975-eeebf693bef0/curricula responded 200 in 15.1855 ms
2026-06-15 10:36:19.823 +01:00 [INF] HTTP GET /api/admin/programs/729e1de3-50c3-4bb3-b46c-fb90a37dcba2/curricula responded 200 in 14.5190 ms
2026-06-15 10:36:23.582 +01:00 [INF] HTTP OPTIONS /api/admin/programs/6890d4e9-7fa7-4c90-a69c-00b1d40f24ab/enrollments responded 204 in 0.0229 ms
2026-06-15 10:36:23.583 +01:00 [INF] HTTP OPTIONS /api/admin/sessions responded 204 in 0.0073 ms
2026-06-15 10:36:23.584 +01:00 [INF] HTTP OPTIONS /api/admissions/subjects responded 204 in 0.0222 ms
2026-06-15 10:36:23.601 +01:00 [INF] HTTP GET /api/admin/programs/6890d4e9-7fa7-4c90-a69c-00b1d40f24ab/curricula responded 200 in 18.2714 ms
2026-06-15 10:36:23.603 +01:00 [INF] Initializing Entra ID Service with TenantId: c9a98a3d-152f-4eb3-b93f-9b26fdd08495, ClientId: 84022968-6bdc-4c6b-8eab-57b75fa5d0b1, Domain: wigweuniversity.edu.ng
2026-06-15 10:36:23.604 +01:00 [INF] Entra ID Service initialized successfully
2026-06-15 10:36:23.606 +01:00 [INF] HTTP GET /api/admissions/subjects responded 200 in 17.9163 ms
2026-06-15 10:36:23.607 +01:00 [INF] HTTP GET /api/admin/programs responded 200 in 26.2558 ms
2026-06-15 10:36:23.608 +01:00 [INF] HTTP GET /api/admin/programs/6890d4e9-7fa7-4c90-a69c-00b1d40f24ab/enrollments responded 200 in 20.0732 ms
2026-06-15 10:36:23.610 +01:00 [INF] HTTP GET /api/admin/sessions responded 200 in 20.6038 ms
2026-06-15 10:36:23.631 +01:00 [INF] HTTP OPTIONS /api/admin/courses responded 204 in 0.0098 ms
2026-06-15 10:36:23.646 +01:00 [INF] HTTP GET /api/admin/programs/6890d4e9-7fa7-4c90-a69c-00b1d40f24ab/curricula responded 200 in 15.5576 ms
2026-06-15 10:36:23.649 +01:00 [INF] HTTP OPTIONS /api/admin/curricula/e22b1c74-7fa6-44a5-9382-d400bffece96 responded 204 in 0.0244 ms
2026-06-15 10:36:23.655 +01:00 [INF] HTTP GET /api/admin/sessions responded 200 in 23.8448 ms
2026-06-15 10:36:23.691 +01:00 [INF] HTTP GET /api/admin/curricula/e22b1c74-7fa6-44a5-9382-d400bffece96 responded 200 in 39.9355 ms
2026-06-15 10:36:23.694 +01:00 [INF] HTTP GET /api/admin/courses responded 200 in 61.9113 ms
2026-06-15 10:36:23.694 +01:00 [INF] HTTP OPTIONS /api/admin/curricula/e22b1c74-7fa6-44a5-9382-d400bffece96/history responded 204 in 0.0211 ms
2026-06-15 10:36:23.709 +01:00 [INF] HTTP GET /api/admin/curricula/e22b1c74-7fa6-44a5-9382-d400bffece96/history responded 200 in 14.3102 ms
2026-06-15 10:36:46.820 +01:00 [INF] HTTP OPTIONS /api/admin/courses responded 204 in 0.0598 ms
2026-06-15 10:36:46.822 +01:00 [INF] HTTP OPTIONS /api/admin/programs responded 204 in 0.0212 ms
2026-06-15 10:36:46.823 +01:00 [INF] HTTP OPTIONS /api/admin/curricula/e22b1c74-7fa6-44a5-9382-d400bffece96 responded 204 in 0.0094 ms
2026-06-15 10:36:46.858 +01:00 [INF] HTTP GET /api/admin/programs responded 200 in 35.2118 ms
2026-06-15 10:36:46.862 +01:00 [INF] HTTP GET /api/admin/curricula/e22b1c74-7fa6-44a5-9382-d400bffece96 responded 200 in 37.9550 ms
2026-06-15 10:36:46.882 +01:00 [INF] HTTP GET /api/admin/programs responded 200 in 17.2848 ms
2026-06-15 10:36:46.885 +01:00 [INF] HTTP GET /api/admin/courses responded 200 in 62.9824 ms
2026-06-15 10:37:17.154 +01:00 [INF] HTTP OPTIONS /api/admin/faculties responded 204 in 0.0355 ms
2026-06-15 10:37:17.186 +01:00 [INF] HTTP GET /api/admin/faculties responded 200 in 31.1301 ms
2026-06-15 10:39:05.284 +01:00 [INF] HTTP OPTIONS /api/admissions/applications responded 204 in 0.0358 ms
2026-06-15 10:39:05.284 +01:00 [INF] HTTP OPTIONS /api/admissions/applications/drafts-eligible-for-reminder responded 204 in 0.0166 ms
2026-06-15 10:39:05.317 +01:00 [INF] Initializing Entra ID Service with TenantId: c9a98a3d-152f-4eb3-b93f-9b26fdd08495, ClientId: 84022968-6bdc-4c6b-8eab-57b75fa5d0b1, Domain: wigweuniversity.edu.ng
2026-06-15 10:39:05.317 +01:00 [INF] Entra ID Service initialized successfully
2026-06-15 10:39:05.318 +01:00 [INF] HTTP GET /api/admissions/applications/drafts-eligible-for-reminder responded 400 in 31.8587 ms
2026-06-15 10:39:05.321 +01:00 [INF] Initializing Entra ID Service with TenantId: c9a98a3d-152f-4eb3-b93f-9b26fdd08495, ClientId: 84022968-6bdc-4c6b-8eab-57b75fa5d0b1, Domain: wigweuniversity.edu.ng
2026-06-15 10:39:05.322 +01:00 [INF] Entra ID Service initialized successfully
2026-06-15 10:39:05.331 +01:00 [INF] HTTP GET /api/admissions/applications responded 200 in 44.6737 ms
2026-06-15 10:39:06.753 +01:00 [INF] Initializing Entra ID Service with TenantId: c9a98a3d-152f-4eb3-b93f-9b26fdd08495, ClientId: 84022968-6bdc-4c6b-8eab-57b75fa5d0b1, Domain: wigweuniversity.edu.ng
2026-06-15 10:39:06.754 +01:00 [INF] Entra ID Service initialized successfully
2026-06-15 10:39:06.754 +01:00 [INF] HTTP GET /api/admissions/applications/drafts-eligible-for-reminder responded 400 in 17.5615 ms
2026-06-15 10:40:06.746 +01:00 [INF] HTTP OPTIONS /api/admissions/applications/drafts-eligible-for-reminder responded 204 in 0.4842 ms
2026-06-15 10:40:06.785 +01:00 [INF] Initializing Entra ID Service with TenantId: c9a98a3d-152f-4eb3-b93f-9b26fdd08495, ClientId: 84022968-6bdc-4c6b-8eab-57b75fa5d0b1, Domain: wigweuniversity.edu.ng
2026-06-15 10:40:06.786 +01:00 [INF] Entra ID Service initialized successfully
2026-06-15 10:40:06.787 +01:00 [INF] HTTP GET /api/admissions/applications/drafts-eligible-for-reminder responded 400 in 37.8918 ms
2026-06-15 10:40:42.354 +01:00 [INF] HTTP OPTIONS /api/me responded 204 in 0.0347 ms
2026-06-15 10:40:42.381 +01:00 [INF] HTTP GET /api/me responded 200 in 26.1737 ms
2026-06-15 10:40:42.406 +01:00 [INF] HTTP OPTIONS /api/admissions/applications/drafts-eligible-for-reminder responded 204 in 0.0155 ms
2026-06-15 10:40:42.406 +01:00 [INF] HTTP OPTIONS /api/admissions/applications responded 204 in 0.0258 ms
2026-06-15 10:40:42.431 +01:00 [INF] Initializing Entra ID Service with TenantId: c9a98a3d-152f-4eb3-b93f-9b26fdd08495, ClientId: 84022968-6bdc-4c6b-8eab-57b75fa5d0b1, Domain: wigweuniversity.edu.ng
2026-06-15 10:40:42.431 +01:00 [INF] Entra ID Service initialized successfully
2026-06-15 10:40:42.432 +01:00 [INF] HTTP GET /api/admissions/applications/drafts-eligible-for-reminder responded 400 in 24.7935 ms
2026-06-15 10:40:42.433 +01:00 [INF] Initializing Entra ID Service with TenantId: c9a98a3d-152f-4eb3-b93f-9b26fdd08495, ClientId: 84022968-6bdc-4c6b-8eab-57b75fa5d0b1, Domain: wigweuniversity.edu.ng
2026-06-15 10:40:42.433 +01:00 [INF] Entra ID Service initialized successfully
2026-06-15 10:40:42.442 +01:00 [INF] HTTP GET /api/admissions/applications responded 200 in 35.2242 ms
2026-06-15 10:40:43.161 +01:00 [INF] HTTP OPTIONS /api/me responded 204 in 0.0398 ms
2026-06-15 10:40:43.170 +01:00 [INF] HTTP GET /api/me responded 200 in 1.8824 ms
2026-06-15 10:40:43.196 +01:00 [INF] HTTP GET /api/me responded 200 in 173.3610 ms
2026-06-15 10:40:43.214 +01:00 [INF] HTTP OPTIONS /api/courses/my-courses responded 204 in 1.3026 ms
2026-06-15 10:40:43.279 +01:00 [INF] HTTP GET /api/courses/my-courses responded 401 in 58.9677 ms
2026-06-15 10:40:45.064 +01:00 [INF] HTTP OPTIONS /api/admissions/document-types responded 204 in 0.0431 ms
2026-06-15 10:40:45.066 +01:00 [INF] HTTP OPTIONS /api/admissions/document-types responded 204 in 0.0226 ms
2026-06-15 10:40:45.068 +01:00 [INF] HTTP OPTIONS /api/admissions/sessions responded 204 in 0.0169 ms
2026-06-15 10:40:45.068 +01:00 [INF] HTTP OPTIONS /api/admissions/faculties responded 204 in 0.0533 ms
2026-06-15 10:40:45.069 +01:00 [INF] HTTP OPTIONS /api/admissions/sponsors responded 204 in 0.0244 ms
2026-06-15 10:40:45.069 +01:00 [INF] HTTP OPTIONS /api/admissions/subjects responded 204 in 0.0113 ms
2026-06-15 10:40:45.072 +01:00 [INF] HTTP OPTIONS /api/admissions/levels responded 204 in 0.0209 ms
2026-06-15 10:40:45.072 +01:00 [INF] HTTP OPTIONS /api/admissions/faculties responded 204 in 0.0048 ms
2026-06-15 10:40:45.075 +01:00 [INF] HTTP OPTIONS /api/countries responded 204 in 0.0101 ms
2026-06-15 10:40:45.123 +01:00 [INF] HTTP GET /api/admissions/document-types responded 200 in 56.3676 ms
2026-06-15 10:40:45.132 +01:00 [INF] HTTP GET /api/admissions/document-types responded 200 in 63.6307 ms
2026-06-15 10:40:45.161 +01:00 [INF] Initializing Entra ID Service with TenantId: c9a98a3d-152f-4eb3-b93f-9b26fdd08495, ClientId: 84022968-6bdc-4c6b-8eab-57b75fa5d0b1, Domain: wigweuniversity.edu.ng
2026-06-15 10:40:45.161 +01:00 [INF] Entra ID Service initialized successfully
2026-06-15 10:40:45.171 +01:00 [INF] HTTP GET /api/admissions/levels responded 200 in 44.1546 ms
2026-06-15 10:40:45.171 +01:00 [INF] Initializing Entra ID Service with TenantId: c9a98a3d-152f-4eb3-b93f-9b26fdd08495, ClientId: 84022968-6bdc-4c6b-8eab-57b75fa5d0b1, Domain: wigweuniversity.edu.ng
2026-06-15 10:40:45.172 +01:00 [INF] Entra ID Service initialized successfully
2026-06-15 10:40:45.184 +01:00 [INF] HTTP GET /api/countries responded 200 in 49.3586 ms
2026-06-15 10:40:45.194 +01:00 [INF] HTTP GET /api/admissions/sessions responded 200 in 124.8741 ms
2026-06-15 10:40:45.210 +01:00 [INF] Initializing Entra ID Service with TenantId: c9a98a3d-152f-4eb3-b93f-9b26fdd08495, ClientId: 84022968-6bdc-4c6b-8eab-57b75fa5d0b1, Domain: wigweuniversity.edu.ng
2026-06-15 10:40:45.210 +01:00 [INF] Entra ID Service initialized successfully
2026-06-15 10:40:45.212 +01:00 [INF] Initializing Entra ID Service with TenantId: c9a98a3d-152f-4eb3-b93f-9b26fdd08495, ClientId: 84022968-6bdc-4c6b-8eab-57b75fa5d0b1, Domain: wigweuniversity.edu.ng
2026-06-15 10:40:45.212 +01:00 [INF] HTTP GET /api/admissions/faculties responded 200 in 139.6294 ms
2026-06-15 10:40:45.212 +01:00 [INF] Entra ID Service initialized successfully
2026-06-15 10:40:45.215 +01:00 [INF] Initializing Entra ID Service with TenantId: c9a98a3d-152f-4eb3-b93f-9b26fdd08495, ClientId: 84022968-6bdc-4c6b-8eab-57b75fa5d0b1, Domain: wigweuniversity.edu.ng
2026-06-15 10:40:45.215 +01:00 [INF] Entra ID Service initialized successfully
2026-06-15 10:40:45.216 +01:00 [INF] HTTP GET /api/admissions/sponsors responded 200 in 141.4781 ms
2026-06-15 10:40:45.226 +01:00 [INF] HTTP GET /api/admissions/subjects responded 200 in 145.3975 ms
2026-06-15 10:40:45.229 +01:00 [INF] Initializing Entra ID Service with TenantId: c9a98a3d-152f-4eb3-b93f-9b26fdd08495, ClientId: 84022968-6bdc-4c6b-8eab-57b75fa5d0b1, Domain: wigweuniversity.edu.ng
2026-06-15 10:40:45.229 +01:00 [INF] Entra ID Service initialized successfully
2026-06-15 10:40:45.232 +01:00 [INF] HTTP GET /api/admissions/faculties responded 200 in 18.3198 ms
2026-06-15 10:40:45.239 +01:00 [INF] HTTP OPTIONS /api/admissions/programs/780adcfd-92ad-4f80-8ec4-d97ae6b165e0 responded 204 in 0.0215 ms
2026-06-15 10:40:45.240 +01:00 [INF] HTTP OPTIONS /api/admissions/programs/0d17b27c-131d-4205-876a-3bd064ba8814 responded 204 in 0.0138 ms
2026-06-15 10:40:45.242 +01:00 [INF] HTTP OPTIONS /api/admissions/programs/57bcd87b-51c8-4110-a3a4-ae2f2175864e responded 204 in 0.2246 ms
2026-06-15 10:40:45.242 +01:00 [INF] HTTP OPTIONS /api/admissions/programs/5b02c1f7-ebf7-4698-8998-587a2ef867e7 responded 204 in 0.0055 ms
2026-06-15 10:40:45.255 +01:00 [INF] Initializing Entra ID Service with TenantId: c9a98a3d-152f-4eb3-b93f-9b26fdd08495, ClientId: 84022968-6bdc-4c6b-8eab-57b75fa5d0b1, Domain: wigweuniversity.edu.ng
2026-06-15 10:40:45.256 +01:00 [INF] Entra ID Service initialized successfully
2026-06-15 10:40:45.258 +01:00 [INF] Initializing Entra ID Service with TenantId: c9a98a3d-152f-4eb3-b93f-9b26fdd08495, ClientId: 84022968-6bdc-4c6b-8eab-57b75fa5d0b1, Domain: wigweuniversity.edu.ng
2026-06-15 10:40:45.258 +01:00 [INF] Entra ID Service initialized successfully
2026-06-15 10:40:45.260 +01:00 [INF] Initializing Entra ID Service with TenantId: c9a98a3d-152f-4eb3-b93f-9b26fdd08495, ClientId: 84022968-6bdc-4c6b-8eab-57b75fa5d0b1, Domain: wigweuniversity.edu.ng
2026-06-15 10:40:45.261 +01:00 [INF] Entra ID Service initialized successfully
2026-06-15 10:40:45.261 +01:00 [INF] HTTP GET /api/admissions/programs/5b02c1f7-ebf7-4698-8998-587a2ef867e7 responded 200 in 17.5505 ms
2026-06-15 10:40:45.263 +01:00 [INF] HTTP GET /api/admissions/programs/780adcfd-92ad-4f80-8ec4-d97ae6b165e0 responded 200 in 23.6218 ms
2026-06-15 10:40:45.263 +01:00 [INF] HTTP GET /api/admissions/programs/0d17b27c-131d-4205-876a-3bd064ba8814 responded 200 in 21.9933 ms
2026-06-15 10:40:45.264 +01:00 [INF] Initializing Entra ID Service with TenantId: c9a98a3d-152f-4eb3-b93f-9b26fdd08495, ClientId: 84022968-6bdc-4c6b-8eab-57b75fa5d0b1, Domain: wigweuniversity.edu.ng
2026-06-15 10:40:45.264 +01:00 [INF] Entra ID Service initialized successfully
2026-06-15 10:40:45.267 +01:00 [INF] HTTP GET /api/admissions/programs/57bcd87b-51c8-4110-a3a4-ae2f2175864e responded 200 in 23.5286 ms
2026-06-15 10:40:58.416 +01:00 [INF] HTTP OPTIONS /api/admissions/applications responded 204 in 0.2118 ms
2026-06-15 10:40:58.416 +01:00 [INF] HTTP OPTIONS /api/admissions/applications/drafts-eligible-for-reminder responded 204 in 0.0917 ms
2026-06-15 10:40:58.420 +01:00 [INF] HTTP OPTIONS /api/courses/my-courses responded 204 in 0.0285 ms
2026-06-15 10:40:58.423 +01:00 [INF] HTTP GET /api/courses/my-courses responded 401 in 2.0136 ms
2026-06-15 10:40:58.443 +01:00 [INF] Initializing Entra ID Service with TenantId: c9a98a3d-152f-4eb3-b93f-9b26fdd08495, ClientId: 84022968-6bdc-4c6b-8eab-57b75fa5d0b1, Domain: wigweuniversity.edu.ng
2026-06-15 10:40:58.443 +01:00 [INF] Entra ID Service initialized successfully
2026-06-15 10:40:58.444 +01:00 [INF] Initializing Entra ID Service with TenantId: c9a98a3d-152f-4eb3-b93f-9b26fdd08495, ClientId: 84022968-6bdc-4c6b-8eab-57b75fa5d0b1, Domain: wigweuniversity.edu.ng
2026-06-15 10:40:58.444 +01:00 [INF] Entra ID Service initialized successfully
2026-06-15 10:40:58.444 +01:00 [INF] HTTP GET /api/admissions/applications/drafts-eligible-for-reminder responded 400 in 26.7450 ms
2026-06-15 10:40:58.446 +01:00 [INF] HTTP GET /api/admissions/applications responded 200 in 28.8038 ms
2026-06-15 10:42:01.791 +01:00 [INF] HTTP OPTIONS /api/admin/programs responded 204 in 0.0358 ms
2026-06-15 10:42:01.855 +01:00 [INF] HTTP GET /api/admin/programs responded 200 in 63.0568 ms
2026-06-15 10:42:01.860 +01:00 [INF] HTTP OPTIONS /api/admin/programs/6890d4e9-7fa7-4c90-a69c-00b1d40f24ab/curricula responded 204 in 0.0321 ms
2026-06-15 10:42:01.861 +01:00 [INF] HTTP OPTIONS /api/admin/programs/563617bb-5f66-4032-a765-04ba7b4dab4c/curricula responded 204 in 0.0120 ms
2026-06-15 10:42:01.867 +01:00 [INF] HTTP OPTIONS /api/admin/programs/71f5092d-27ce-43c2-ac10-0759dfe391ef/curricula responded 204 in 0.0155 ms
2026-06-15 10:42:01.867 +01:00 [INF] HTTP OPTIONS /api/admin/programs/f94fe24b-8781-4d68-9bdb-2056692c6e91/curricula responded 204 in 0.0053 ms
2026-06-15 10:42:01.874 +01:00 [INF] HTTP OPTIONS /api/admin/programs/5126c1a2-28cc-4a6e-9223-20f0298da20b/curricula responded 204 in 0.0160 ms
2026-06-15 10:42:01.874 +01:00 [INF] HTTP OPTIONS /api/admin/programs/bfe9d5d2-b914-4b87-a068-4aedff2cbd5f/curricula responded 204 in 0.0189 ms
2026-06-15 10:42:01.878 +01:00 [INF] HTTP OPTIONS /api/admin/programs/6ca9564b-b745-43be-aa3f-4dedad7eb9f7/curricula responded 204 in 0.0780 ms
2026-06-15 10:42:01.881 +01:00 [INF] HTTP OPTIONS /api/admin/programs/2b09cc5a-2a1e-49bf-b539-532eeafaeff9/curricula responded 204 in 0.4134 ms
2026-06-15 10:42:01.883 +01:00 [INF] HTTP OPTIONS /api/admin/programs/8fe7febc-5eca-4458-a437-5512650eb0b6/curricula responded 204 in 0.0247 ms
2026-06-15 10:42:01.892 +01:00 [INF] HTTP OPTIONS /api/admin/programs/747ff8cd-5660-438a-b23d-5d30f0a5a888/curricula responded 204 in 0.0309 ms
2026-06-15 10:42:01.893 +01:00 [INF] HTTP OPTIONS /api/admin/programs/8ee99692-b09b-4e10-9852-66b590651a22/curricula responded 204 in 0.0146 ms
2026-06-15 10:42:01.896 +01:00 [INF] HTTP OPTIONS /api/admin/programs/adcfa75d-3589-41c3-837c-6a5e70cc57d7/curricula responded 204 in 0.0280 ms
2026-06-15 10:42:01.902 +01:00 [INF] HTTP OPTIONS /api/admin/programs/156c61fa-b96b-40e7-b39e-705751b440c3/curricula responded 204 in 0.0273 ms
2026-06-15 10:42:01.905 +01:00 [INF] HTTP OPTIONS /api/admin/programs/7096914e-1b13-4d65-a15e-8bc1a0e8ba2c/curricula responded 204 in 0.0430 ms
2026-06-15 10:42:01.906 +01:00 [INF] HTTP OPTIONS /api/admin/programs/8198d36b-7ffa-4fd5-a3aa-9448ba191a38/curricula responded 204 in 0.0210 ms
2026-06-15 10:42:01.907 +01:00 [INF] HTTP OPTIONS /api/admin/programs/baeb4a0e-abfa-437e-a0c6-97267d61ffa3/curricula responded 204 in 0.0188 ms
2026-06-15 10:42:01.908 +01:00 [INF] HTTP OPTIONS /api/admin/programs/f31b48cd-2858-4e82-ad94-9cc31c75a527/curricula responded 204 in 0.0147 ms
2026-06-15 10:42:01.912 +01:00 [INF] HTTP OPTIONS /api/admin/programs/97e9e9d4-946c-46da-af1a-9e32f6a1504a/curricula responded 204 in 0.0269 ms
2026-06-15 10:42:01.915 +01:00 [INF] HTTP OPTIONS /api/admin/programs/6351fee0-7260-4e43-9563-a7477eb2d87b/curricula responded 204 in 0.4550 ms
2026-06-15 10:42:01.920 +01:00 [INF] HTTP OPTIONS /api/admin/programs/7df306ce-4256-4fbf-8dc4-afbd70d0a251/curricula responded 204 in 0.0245 ms
2026-06-15 10:42:01.924 +01:00 [INF] HTTP OPTIONS /api/admin/programs/6ba7f2e0-f36f-49ff-9a39-bd0ccfab5775/curricula responded 204 in 0.0344 ms
2026-06-15 10:42:01.925 +01:00 [INF] HTTP OPTIONS /api/admin/programs/56c76fe9-0f6a-439b-a699-bd2358434346/curricula responded 204 in 0.0233 ms
2026-06-15 10:42:01.931 +01:00 [INF] HTTP OPTIONS /api/admin/programs/d653b1ad-d0d3-4009-babb-c098662147b2/curricula responded 204 in 0.0275 ms
2026-06-15 10:42:01.933 +01:00 [INF] HTTP OPTIONS /api/admin/programs/469d40fd-2959-4622-bdda-c27b1139df60/curricula responded 204 in 0.1190 ms
2026-06-15 10:42:01.936 +01:00 [INF] HTTP OPTIONS /api/admin/programs/caa77aee-8674-4f31-b364-c8df0864afd6/curricula responded 204 in 1.3144 ms
2026-06-15 10:42:01.940 +01:00 [INF] HTTP OPTIONS /api/admin/programs/fc8eb05b-5c06-429b-bf42-d2ffc2f8baa9/curricula responded 204 in 0.0351 ms
2026-06-15 10:42:01.945 +01:00 [INF] HTTP OPTIONS /api/admin/programs/b8976684-96ea-440d-8cd3-db1adaebae47/curricula responded 204 in 0.0331 ms
2026-06-15 10:42:01.948 +01:00 [INF] HTTP OPTIONS /api/admin/programs/bf6986da-c275-482e-b5ca-e94b5b2a6fec/curricula responded 204 in 0.0184 ms
2026-06-15 10:42:01.949 +01:00 [INF] HTTP OPTIONS /api/admin/programs/1e99fb97-7c53-4c22-9975-eeebf693bef0/curricula responded 204 in 0.0299 ms
2026-06-15 10:42:01.951 +01:00 [INF] HTTP OPTIONS /api/admin/programs/302cd18f-647b-4c3e-9034-ef8ee6d0390e/curricula responded 204 in 0.0385 ms
2026-06-15 10:42:01.951 +01:00 [INF] HTTP OPTIONS /api/admin/programs/729e1de3-50c3-4bb3-b46c-fb90a37dcba2/curricula responded 204 in 0.0089 ms
2026-06-15 10:42:01.963 +01:00 [INF] HTTP GET /api/admin/programs/563617bb-5f66-4032-a765-04ba7b4dab4c/curricula responded 200 in 96.1978 ms
2026-06-15 10:42:01.977 +01:00 [INF] HTTP GET /api/admin/programs/6890d4e9-7fa7-4c90-a69c-00b1d40f24ab/curricula responded 200 in 111.9194 ms
2026-06-15 10:42:01.991 +01:00 [INF] HTTP GET /api/admin/programs/71f5092d-27ce-43c2-ac10-0759dfe391ef/curricula responded 200 in 118.4370 ms
2026-06-15 10:42:01.996 +01:00 [INF] HTTP GET /api/admin/programs/f94fe24b-8781-4d68-9bdb-2056692c6e91/curricula responded 200 in 124.9797 ms
2026-06-15 10:42:02.019 +01:00 [INF] HTTP GET /api/admin/programs/bfe9d5d2-b914-4b87-a068-4aedff2cbd5f/curricula responded 200 in 54.7661 ms
2026-06-15 10:42:02.027 +01:00 [INF] HTTP GET /api/admin/programs/2b09cc5a-2a1e-49bf-b539-532eeafaeff9/curricula responded 200 in 46.0107 ms
2026-06-15 10:42:02.034 +01:00 [INF] HTTP GET /api/admin/programs/8fe7febc-5eca-4458-a437-5512650eb0b6/curricula responded 200 in 40.1199 ms
2026-06-15 10:42:02.046 +01:00 [INF] HTTP GET /api/admin/programs/5126c1a2-28cc-4a6e-9223-20f0298da20b/curricula responded 200 in 163.0636 ms
2026-06-15 10:42:02.049 +01:00 [INF] HTTP GET /api/admin/programs/747ff8cd-5660-438a-b23d-5d30f0a5a888/curricula responded 200 in 45.5640 ms
2026-06-15 10:42:02.059 +01:00 [INF] HTTP GET /api/admin/programs/8ee99692-b09b-4e10-9852-66b590651a22/curricula responded 200 in 39.1614 ms
2026-06-15 10:42:02.065 +01:00 [INF] HTTP GET /api/admin/programs/adcfa75d-3589-41c3-837c-6a5e70cc57d7/curricula responded 200 in 35.3003 ms
2026-06-15 10:42:02.082 +01:00 [INF] HTTP GET /api/admin/programs/156c61fa-b96b-40e7-b39e-705751b440c3/curricula responded 200 in 45.5854 ms
2026-06-15 10:42:02.086 +01:00 [INF] HTTP GET /api/admin/programs/6ca9564b-b745-43be-aa3f-4dedad7eb9f7/curricula responded 200 in 134.1076 ms
2026-06-15 10:42:02.094 +01:00 [INF] HTTP GET /api/admin/programs/8198d36b-7ffa-4fd5-a3aa-9448ba191a38/curricula responded 200 in 43.6769 ms
2026-06-15 10:42:02.099 +01:00 [INF] HTTP GET /api/admin/programs/7096914e-1b13-4d65-a15e-8bc1a0e8ba2c/curricula responded 200 in 51.8645 ms
2026-06-15 10:42:02.116 +01:00 [INF] HTTP GET /api/admin/programs/baeb4a0e-abfa-437e-a0c6-97267d61ffa3/curricula responded 200 in 54.6288 ms
2026-06-15 10:42:02.166 +01:00 [INF] HTTP GET /api/admin/programs/f31b48cd-2858-4e82-ad94-9cc31c75a527/curricula responded 200 in 97.0198 ms
2026-06-15 10:42:02.166 +01:00 [INF] HTTP GET /api/admin/programs/6351fee0-7260-4e43-9563-a7477eb2d87b/curricula responded 200 in 78.1461 ms
2026-06-15 10:42:02.176 +01:00 [INF] HTTP GET /api/admin/programs/97e9e9d4-946c-46da-af1a-9e32f6a1504a/curricula responded 200 in 89.8642 ms
2026-06-15 10:42:02.180 +01:00 [INF] HTTP GET /api/admin/programs/7df306ce-4256-4fbf-8dc4-afbd70d0a251/curricula responded 200 in 83.5172 ms
2026-06-15 10:42:02.186 +01:00 [INF] HTTP GET /api/admin/programs/6ba7f2e0-f36f-49ff-9a39-bd0ccfab5775/curricula responded 200 in 84.2693 ms
2026-06-15 10:42:02.191 +01:00 [INF] HTTP GET /api/admin/programs/56c76fe9-0f6a-439b-a699-bd2358434346/curricula responded 200 in 47.6176 ms
2026-06-15 10:42:02.198 +01:00 [INF] HTTP GET /api/admin/programs/d653b1ad-d0d3-4009-babb-c098662147b2/curricula responded 200 in 30.9667 ms
2026-06-15 10:42:02.203 +01:00 [INF] HTTP GET /api/admin/programs/469d40fd-2959-4622-bdda-c27b1139df60/curricula responded 200 in 30.7200 ms
2026-06-15 10:42:02.208 +01:00 [INF] HTTP GET /api/admin/programs/caa77aee-8674-4f31-b364-c8df0864afd6/curricula responded 200 in 30.5238 ms
2026-06-15 10:42:02.216 +01:00 [INF] HTTP GET /api/admin/programs/fc8eb05b-5c06-429b-bf42-d2ffc2f8baa9/curricula responded 200 in 35.1281 ms
2026-06-15 10:42:02.221 +01:00 [INF] HTTP GET /api/admin/programs/b8976684-96ea-440d-8cd3-db1adaebae47/curricula responded 200 in 33.9960 ms
2026-06-15 10:42:02.224 +01:00 [INF] HTTP GET /api/admin/programs/bf6986da-c275-482e-b5ca-e94b5b2a6fec/curricula responded 200 in 31.7427 ms
2026-06-15 10:42:02.228 +01:00 [INF] HTTP GET /api/admin/programs/1e99fb97-7c53-4c22-9975-eeebf693bef0/curricula responded 200 in 28.8654 ms
2026-06-15 10:42:02.231 +01:00 [INF] HTTP GET /api/admin/programs/302cd18f-647b-4c3e-9034-ef8ee6d0390e/curricula responded 200 in 26.7452 ms
2026-06-15 10:42:02.232 +01:00 [INF] HTTP GET /api/admin/programs/729e1de3-50c3-4bb3-b46c-fb90a37dcba2/curricula responded 200 in 23.6891 ms
2026-06-15 10:42:13.737 +01:00 [INF] HTTP OPTIONS /api/admin/courses responded 204 in 0.0271 ms
2026-06-15 10:42:13.737 +01:00 [INF] HTTP OPTIONS /api/admin/programs responded 204 in 0.0195 ms
2026-06-15 10:42:13.763 +01:00 [INF] HTTP GET /api/admin/programs responded 200 in 24.0126 ms
2026-06-15 10:42:13.821 +01:00 [INF] HTTP GET /api/admin/courses responded 200 in 81.7130 ms
2026-06-15 10:42:29.838 +01:00 [INF] HTTP OPTIONS /api/admin/programs responded 204 in 0.0472 ms
2026-06-15 10:42:29.871 +01:00 [INF] HTTP GET /api/admin/programs responded 200 in 31.0316 ms
2026-06-15 10:42:29.873 +01:00 [INF] HTTP OPTIONS /api/admin/programs/6890d4e9-7fa7-4c90-a69c-00b1d40f24ab/curricula responded 204 in 0.0395 ms
2026-06-15 10:42:29.874 +01:00 [INF] HTTP OPTIONS /api/admin/programs/563617bb-5f66-4032-a765-04ba7b4dab4c/curricula responded 204 in 0.0052 ms
2026-06-15 10:42:29.876 +01:00 [INF] HTTP OPTIONS /api/admin/programs/71f5092d-27ce-43c2-ac10-0759dfe391ef/curricula responded 204 in 0.0201 ms
2026-06-15 10:42:29.880 +01:00 [INF] HTTP OPTIONS /api/admin/programs/5126c1a2-28cc-4a6e-9223-20f0298da20b/curricula responded 204 in 0.0210 ms
2026-06-15 10:42:29.880 +01:00 [INF] HTTP OPTIONS /api/admin/programs/bfe9d5d2-b914-4b87-a068-4aedff2cbd5f/curricula responded 204 in 0.0151 ms
2026-06-15 10:42:29.881 +01:00 [INF] HTTP OPTIONS /api/admin/programs/f94fe24b-8781-4d68-9bdb-2056692c6e91/curricula responded 204 in 0.0053 ms
2026-06-15 10:42:29.882 +01:00 [INF] HTTP OPTIONS /api/admin/programs/6ca9564b-b745-43be-aa3f-4dedad7eb9f7/curricula responded 204 in 0.0065 ms
2026-06-15 10:42:29.882 +01:00 [INF] HTTP OPTIONS /api/admin/programs/2b09cc5a-2a1e-49bf-b539-532eeafaeff9/curricula responded 204 in 0.0060 ms
2026-06-15 10:42:29.894 +01:00 [INF] HTTP GET /api/admin/programs/6890d4e9-7fa7-4c90-a69c-00b1d40f24ab/curricula responded 200 in 19.9780 ms
2026-06-15 10:42:29.898 +01:00 [INF] HTTP GET /api/admin/programs/563617bb-5f66-4032-a765-04ba7b4dab4c/curricula responded 200 in 23.4682 ms
2026-06-15 10:42:29.905 +01:00 [INF] HTTP GET /api/admin/programs/71f5092d-27ce-43c2-ac10-0759dfe391ef/curricula responded 200 in 27.2462 ms
2026-06-15 10:42:29.907 +01:00 [INF] HTTP OPTIONS /api/admin/programs/8fe7febc-5eca-4458-a437-5512650eb0b6/curricula responded 204 in 0.0225 ms
2026-06-15 10:42:29.908 +01:00 [INF] HTTP OPTIONS /api/admin/programs/747ff8cd-5660-438a-b23d-5d30f0a5a888/curricula responded 204 in 0.0498 ms
2026-06-15 10:42:29.909 +01:00 [INF] HTTP OPTIONS /api/admin/programs/8ee99692-b09b-4e10-9852-66b590651a22/curricula responded 204 in 0.0207 ms
2026-06-15 10:42:29.909 +01:00 [INF] HTTP OPTIONS /api/admin/programs/adcfa75d-3589-41c3-837c-6a5e70cc57d7/curricula responded 204 in 0.0182 ms
2026-06-15 10:42:29.909 +01:00 [INF] HTTP GET /api/admin/programs/5126c1a2-28cc-4a6e-9223-20f0298da20b/curricula responded 200 in 26.8391 ms
2026-06-15 10:42:29.910 +01:00 [INF] HTTP GET /api/admin/programs/bfe9d5d2-b914-4b87-a068-4aedff2cbd5f/curricula responded 200 in 28.0910 ms
2026-06-15 10:42:29.910 +01:00 [INF] HTTP OPTIONS /api/admin/programs/156c61fa-b96b-40e7-b39e-705751b440c3/curricula responded 204 in 0.0663 ms
2026-06-15 10:42:29.912 +01:00 [INF] HTTP OPTIONS /api/admin/programs/7096914e-1b13-4d65-a15e-8bc1a0e8ba2c/curricula responded 204 in 0.4462 ms
2026-06-15 10:42:29.912 +01:00 [INF] HTTP OPTIONS /api/admin/programs/8198d36b-7ffa-4fd5-a3aa-9448ba191a38/curricula responded 204 in 0.0288 ms
2026-06-15 10:42:29.912 +01:00 [INF] HTTP OPTIONS /api/admin/programs/baeb4a0e-abfa-437e-a0c6-97267d61ffa3/curricula responded 204 in 0.0120 ms
2026-06-15 10:42:29.914 +01:00 [INF] HTTP OPTIONS /api/admin/programs/f31b48cd-2858-4e82-ad94-9cc31c75a527/curricula responded 204 in 0.0195 ms
2026-06-15 10:42:29.914 +01:00 [INF] HTTP OPTIONS /api/admin/programs/6351fee0-7260-4e43-9563-a7477eb2d87b/curricula responded 204 in 0.0293 ms
2026-06-15 10:42:29.914 +01:00 [INF] HTTP OPTIONS /api/admin/programs/97e9e9d4-946c-46da-af1a-9e32f6a1504a/curricula responded 204 in 0.0196 ms
2026-06-15 10:42:29.915 +01:00 [INF] HTTP OPTIONS /api/admin/programs/6ba7f2e0-f36f-49ff-9a39-bd0ccfab5775/curricula responded 204 in 0.0081 ms
2026-06-15 10:42:29.915 +01:00 [INF] HTTP OPTIONS /api/admin/programs/56c76fe9-0f6a-439b-a699-bd2358434346/curricula responded 204 in 0.0042 ms
2026-06-15 10:42:29.915 +01:00 [INF] HTTP OPTIONS /api/admin/programs/7df306ce-4256-4fbf-8dc4-afbd70d0a251/curricula responded 204 in 0.0155 ms
2026-06-15 10:42:29.916 +01:00 [INF] HTTP OPTIONS /api/admin/programs/469d40fd-2959-4622-bdda-c27b1139df60/curricula responded 204 in 0.0108 ms
2026-06-15 10:42:29.916 +01:00 [INF] HTTP OPTIONS /api/admin/programs/d653b1ad-d0d3-4009-babb-c098662147b2/curricula responded 204 in 0.0274 ms
2026-06-15 10:42:29.916 +01:00 [INF] HTTP OPTIONS /api/admin/programs/caa77aee-8674-4f31-b364-c8df0864afd6/curricula responded 204 in 0.0034 ms
2026-06-15 10:42:29.917 +01:00 [INF] HTTP OPTIONS /api/admin/programs/fc8eb05b-5c06-429b-bf42-d2ffc2f8baa9/curricula responded 204 in 0.0215 ms
2026-06-15 10:42:29.917 +01:00 [INF] HTTP GET /api/admin/programs/f94fe24b-8781-4d68-9bdb-2056692c6e91/curricula responded 200 in 33.4552 ms
2026-06-15 10:42:29.917 +01:00 [INF] HTTP OPTIONS /api/admin/programs/b8976684-96ea-440d-8cd3-db1adaebae47/curricula responded 204 in 0.0155 ms
2026-06-15 10:42:29.917 +01:00 [INF] HTTP OPTIONS /api/admin/programs/bf6986da-c275-482e-b5ca-e94b5b2a6fec/curricula responded 204 in 0.0098 ms
2026-06-15 10:42:29.918 +01:00 [INF] HTTP OPTIONS /api/admin/programs/302cd18f-647b-4c3e-9034-ef8ee6d0390e/curricula responded 204 in 0.0078 ms
2026-06-15 10:42:29.918 +01:00 [INF] HTTP OPTIONS /api/admin/programs/1e99fb97-7c53-4c22-9975-eeebf693bef0/curricula responded 204 in 0.1580 ms
2026-06-15 10:42:29.919 +01:00 [INF] HTTP OPTIONS /api/admin/programs/729e1de3-50c3-4bb3-b46c-fb90a37dcba2/curricula responded 204 in 0.0075 ms
2026-06-15 10:42:29.928 +01:00 [INF] HTTP GET /api/admin/programs/6ca9564b-b745-43be-aa3f-4dedad7eb9f7/curricula responded 200 in 32.3462 ms
2026-06-15 10:42:29.931 +01:00 [INF] HTTP GET /api/admin/programs/2b09cc5a-2a1e-49bf-b539-532eeafaeff9/curricula responded 200 in 31.3175 ms
2026-06-15 10:42:29.942 +01:00 [INF] HTTP GET /api/admin/programs/8fe7febc-5eca-4458-a437-5512650eb0b6/curricula responded 200 in 23.0320 ms
2026-06-15 10:42:29.945 +01:00 [INF] HTTP GET /api/admin/programs/747ff8cd-5660-438a-b23d-5d30f0a5a888/curricula responded 200 in 24.0933 ms
2026-06-15 10:42:29.947 +01:00 [INF] HTTP GET /api/admin/programs/adcfa75d-3589-41c3-837c-6a5e70cc57d7/curricula responded 200 in 24.3509 ms
2026-06-15 10:42:29.950 +01:00 [INF] HTTP GET /api/admin/programs/8ee99692-b09b-4e10-9852-66b590651a22/curricula responded 200 in 28.8852 ms
2026-06-15 10:42:29.952 +01:00 [INF] HTTP GET /api/admin/programs/156c61fa-b96b-40e7-b39e-705751b440c3/curricula responded 200 in 22.7006 ms
2026-06-15 10:42:29.957 +01:00 [INF] HTTP GET /api/admin/programs/7096914e-1b13-4d65-a15e-8bc1a0e8ba2c/curricula responded 200 in 24.5637 ms
2026-06-15 10:42:29.961 +01:00 [INF] HTTP GET /api/admin/programs/8198d36b-7ffa-4fd5-a3aa-9448ba191a38/curricula responded 200 in 17.8243 ms
2026-06-15 10:42:29.964 +01:00 [INF] HTTP GET /api/admin/programs/baeb4a0e-abfa-437e-a0c6-97267d61ffa3/curricula responded 200 in 18.7191 ms
2026-06-15 10:42:29.968 +01:00 [INF] HTTP GET /api/admin/programs/f31b48cd-2858-4e82-ad94-9cc31c75a527/curricula responded 200 in 20.2765 ms
2026-06-15 10:42:29.969 +01:00 [INF] HTTP GET /api/admin/programs/6351fee0-7260-4e43-9563-a7477eb2d87b/curricula responded 200 in 19.3209 ms
2026-06-15 10:42:29.974 +01:00 [INF] HTTP GET /api/admin/programs/97e9e9d4-946c-46da-af1a-9e32f6a1504a/curricula responded 200 in 20.3586 ms
2026-06-15 10:42:29.977 +01:00 [INF] HTTP GET /api/admin/programs/6ba7f2e0-f36f-49ff-9a39-bd0ccfab5775/curricula responded 200 in 19.3148 ms
2026-06-15 10:42:29.981 +01:00 [INF] HTTP GET /api/admin/programs/56c76fe9-0f6a-439b-a699-bd2358434346/curricula responded 200 in 20.0488 ms
2026-06-15 10:42:29.986 +01:00 [INF] HTTP GET /api/admin/programs/7df306ce-4256-4fbf-8dc4-afbd70d0a251/curricula responded 200 in 19.9556 ms
2026-06-15 10:42:29.989 +01:00 [INF] HTTP GET /api/admin/programs/469d40fd-2959-4622-bdda-c27b1139df60/curricula responded 200 in 20.3635 ms
2026-06-15 10:42:29.991 +01:00 [INF] HTTP GET /api/admin/programs/d653b1ad-d0d3-4009-babb-c098662147b2/curricula responded 200 in 20.8076 ms
2026-06-15 10:42:29.997 +01:00 [INF] HTTP GET /api/admin/programs/caa77aee-8674-4f31-b364-c8df0864afd6/curricula responded 200 in 21.2657 ms
2026-06-15 10:42:30.000 +01:00 [INF] HTTP GET /api/admin/programs/fc8eb05b-5c06-429b-bf42-d2ffc2f8baa9/curricula responded 200 in 22.1081 ms
2026-06-15 10:42:30.002 +01:00 [INF] HTTP GET /api/admin/programs/b8976684-96ea-440d-8cd3-db1adaebae47/curricula responded 200 in 20.1485 ms
2026-06-15 10:42:30.006 +01:00 [INF] HTTP GET /api/admin/programs/bf6986da-c275-482e-b5ca-e94b5b2a6fec/curricula responded 200 in 19.4804 ms
2026-06-15 10:42:30.009 +01:00 [INF] HTTP GET /api/admin/programs/302cd18f-647b-4c3e-9034-ef8ee6d0390e/curricula responded 200 in 18.9682 ms
2026-06-15 10:42:30.011 +01:00 [INF] HTTP GET /api/admin/programs/1e99fb97-7c53-4c22-9975-eeebf693bef0/curricula responded 200 in 18.7360 ms
2026-06-15 10:42:30.015 +01:00 [INF] HTTP GET /api/admin/programs/729e1de3-50c3-4bb3-b46c-fb90a37dcba2/curricula responded 200 in 17.4157 ms
2026-06-15 10:42:42.047 +01:00 [INF] HTTP OPTIONS /api/me responded 204 in 0.1227 ms
2026-06-15 10:42:42.074 +01:00 [INF] HTTP GET /api/me responded 200 in 25.7530 ms
2026-06-15 10:42:42.094 +01:00 [INF] HTTP OPTIONS /api/admin/programs responded 204 in 0.0218 ms
2026-06-15 10:42:42.126 +01:00 [INF] HTTP GET /api/admin/programs responded 200 in 27.2385 ms
2026-06-15 10:42:42.129 +01:00 [INF] HTTP OPTIONS /api/admin/programs/6890d4e9-7fa7-4c90-a69c-00b1d40f24ab/curricula responded 204 in 0.0352 ms
2026-06-15 10:42:42.130 +01:00 [INF] HTTP OPTIONS /api/admin/programs/563617bb-5f66-4032-a765-04ba7b4dab4c/curricula responded 204 in 0.0121 ms
2026-06-15 10:42:42.130 +01:00 [INF] HTTP OPTIONS /api/admin/programs/71f5092d-27ce-43c2-ac10-0759dfe391ef/curricula responded 204 in 0.0069 ms
2026-06-15 10:42:42.130 +01:00 [INF] HTTP OPTIONS /api/admin/programs/f94fe24b-8781-4d68-9bdb-2056692c6e91/curricula responded 204 in 0.0328 ms
2026-06-15 10:42:42.131 +01:00 [INF] HTTP OPTIONS /api/admin/programs/5126c1a2-28cc-4a6e-9223-20f0298da20b/curricula responded 204 in 0.0240 ms
2026-06-15 10:42:42.133 +01:00 [INF] HTTP OPTIONS /api/admin/programs/bfe9d5d2-b914-4b87-a068-4aedff2cbd5f/curricula responded 204 in 0.0178 ms
2026-06-15 10:42:42.136 +01:00 [INF] HTTP OPTIONS /api/admin/programs/6ca9564b-b745-43be-aa3f-4dedad7eb9f7/curricula responded 204 in 0.0368 ms
2026-06-15 10:42:42.139 +01:00 [INF] HTTP OPTIONS /api/admin/programs/2b09cc5a-2a1e-49bf-b539-532eeafaeff9/curricula responded 204 in 0.0190 ms
2026-06-15 10:42:42.161 +01:00 [INF] HTTP GET /api/admin/programs/6890d4e9-7fa7-4c90-a69c-00b1d40f24ab/curricula responded 200 in 30.1187 ms
2026-06-15 10:42:42.162 +01:00 [INF] HTTP OPTIONS /api/admin/programs/8fe7febc-5eca-4458-a437-5512650eb0b6/curricula responded 204 in 0.0541 ms
2026-06-15 10:42:42.164 +01:00 [INF] HTTP OPTIONS /api/admin/programs/747ff8cd-5660-438a-b23d-5d30f0a5a888/curricula responded 204 in 0.0380 ms
2026-06-15 10:42:42.165 +01:00 [INF] HTTP OPTIONS /api/admin/programs/8ee99692-b09b-4e10-9852-66b590651a22/curricula responded 204 in 0.0118 ms
2026-06-15 10:42:42.165 +01:00 [INF] HTTP GET /api/admin/programs/f94fe24b-8781-4d68-9bdb-2056692c6e91/curricula responded 200 in 34.0623 ms
2026-06-15 10:42:42.166 +01:00 [INF] HTTP OPTIONS /api/admin/programs/adcfa75d-3589-41c3-837c-6a5e70cc57d7/curricula responded 204 in 0.0151 ms
2026-06-15 10:42:42.168 +01:00 [INF] HTTP OPTIONS /api/admin/programs/156c61fa-b96b-40e7-b39e-705751b440c3/curricula responded 204 in 0.0145 ms
2026-06-15 10:42:42.168 +01:00 [INF] HTTP OPTIONS /api/admin/programs/7096914e-1b13-4d65-a15e-8bc1a0e8ba2c/curricula responded 204 in 0.0240 ms
2026-06-15 10:42:42.170 +01:00 [INF] HTTP OPTIONS /api/admin/programs/8198d36b-7ffa-4fd5-a3aa-9448ba191a38/curricula responded 204 in 0.0185 ms
2026-06-15 10:42:42.172 +01:00 [INF] HTTP OPTIONS /api/admin/programs/baeb4a0e-abfa-437e-a0c6-97267d61ffa3/curricula responded 204 in 0.0130 ms
2026-06-15 10:42:42.172 +01:00 [INF] HTTP GET /api/admin/programs/5126c1a2-28cc-4a6e-9223-20f0298da20b/curricula responded 200 in 40.1228 ms
2026-06-15 10:42:42.173 +01:00 [INF] HTTP OPTIONS /api/admin/programs/f31b48cd-2858-4e82-ad94-9cc31c75a527/curricula responded 204 in 0.0265 ms
2026-06-15 10:42:42.173 +01:00 [INF] HTTP OPTIONS /api/admin/programs/97e9e9d4-946c-46da-af1a-9e32f6a1504a/curricula responded 204 in 0.0026 ms
2026-06-15 10:42:42.175 +01:00 [INF] HTTP OPTIONS /api/admin/programs/7df306ce-4256-4fbf-8dc4-afbd70d0a251/curricula responded 204 in 0.0159 ms
2026-06-15 10:42:42.175 +01:00 [INF] HTTP OPTIONS /api/admin/programs/6351fee0-7260-4e43-9563-a7477eb2d87b/curricula responded 204 in 0.0525 ms
2026-06-15 10:42:42.175 +01:00 [INF] HTTP OPTIONS /api/admin/programs/56c76fe9-0f6a-439b-a699-bd2358434346/curricula responded 204 in 0.0449 ms
2026-06-15 10:42:42.175 +01:00 [INF] HTTP OPTIONS /api/admin/programs/6ba7f2e0-f36f-49ff-9a39-bd0ccfab5775/curricula responded 204 in 0.1350 ms
2026-06-15 10:42:42.176 +01:00 [INF] HTTP OPTIONS /api/admin/programs/d653b1ad-d0d3-4009-babb-c098662147b2/curricula responded 204 in 0.0133 ms
2026-06-15 10:42:42.176 +01:00 [INF] HTTP OPTIONS /api/admin/programs/469d40fd-2959-4622-bdda-c27b1139df60/curricula responded 204 in 0.0182 ms
2026-06-15 10:42:42.177 +01:00 [INF] HTTP OPTIONS /api/admin/programs/fc8eb05b-5c06-429b-bf42-d2ffc2f8baa9/curricula responded 204 in 0.0215 ms
2026-06-15 10:42:42.177 +01:00 [INF] HTTP OPTIONS /api/admin/programs/caa77aee-8674-4f31-b364-c8df0864afd6/curricula responded 204 in 0.0215 ms
2026-06-15 10:42:42.179 +01:00 [INF] HTTP OPTIONS /api/admin/programs/b8976684-96ea-440d-8cd3-db1adaebae47/curricula responded 204 in 0.0144 ms
2026-06-15 10:42:42.179 +01:00 [INF] HTTP OPTIONS /api/admin/programs/bf6986da-c275-482e-b5ca-e94b5b2a6fec/curricula responded 204 in 0.0187 ms
2026-06-15 10:42:42.180 +01:00 [INF] HTTP OPTIONS /api/admin/programs/1e99fb97-7c53-4c22-9975-eeebf693bef0/curricula responded 204 in 0.0156 ms
2026-06-15 10:42:42.180 +01:00 [INF] HTTP OPTIONS /api/admin/programs/302cd18f-647b-4c3e-9034-ef8ee6d0390e/curricula responded 204 in 0.0224 ms
2026-06-15 10:42:42.180 +01:00 [INF] HTTP OPTIONS /api/admin/programs/729e1de3-50c3-4bb3-b46c-fb90a37dcba2/curricula responded 204 in 0.0120 ms
2026-06-15 10:42:42.181 +01:00 [INF] HTTP GET /api/admin/programs/71f5092d-27ce-43c2-ac10-0759dfe391ef/curricula responded 200 in 50.2769 ms
2026-06-15 10:42:42.184 +01:00 [INF] HTTP GET /api/admin/programs/563617bb-5f66-4032-a765-04ba7b4dab4c/curricula responded 200 in 53.5089 ms
2026-06-15 10:42:42.187 +01:00 [INF] HTTP GET /api/admin/programs/bfe9d5d2-b914-4b87-a068-4aedff2cbd5f/curricula responded 200 in 46.5207 ms
2026-06-15 10:42:42.191 +01:00 [INF] HTTP GET /api/admin/programs/6ca9564b-b745-43be-aa3f-4dedad7eb9f7/curricula responded 200 in 24.7880 ms
2026-06-15 10:42:42.202 +01:00 [INF] HTTP GET /api/admin/programs/2b09cc5a-2a1e-49bf-b539-532eeafaeff9/curricula responded 200 in 21.1760 ms
2026-06-15 10:42:42.205 +01:00 [INF] HTTP GET /api/admin/programs/8fe7febc-5eca-4458-a437-5512650eb0b6/curricula responded 200 in 24.0307 ms
2026-06-15 10:42:42.207 +01:00 [INF] HTTP GET /api/admin/programs/8ee99692-b09b-4e10-9852-66b590651a22/curricula responded 200 in 21.9659 ms
2026-06-15 10:42:42.210 +01:00 [INF] HTTP GET /api/admin/programs/747ff8cd-5660-438a-b23d-5d30f0a5a888/curricula responded 200 in 25.7046 ms
2026-06-15 10:42:42.214 +01:00 [INF] HTTP GET /api/admin/programs/adcfa75d-3589-41c3-837c-6a5e70cc57d7/curricula responded 200 in 24.9948 ms
2026-06-15 10:42:42.217 +01:00 [INF] HTTP GET /api/admin/programs/156c61fa-b96b-40e7-b39e-705751b440c3/curricula responded 200 in 24.9879 ms
2026-06-15 10:42:42.219 +01:00 [INF] HTTP GET /api/admin/programs/7096914e-1b13-4d65-a15e-8bc1a0e8ba2c/curricula responded 200 in 15.7495 ms
2026-06-15 10:42:42.223 +01:00 [INF] HTTP GET /api/admin/programs/8198d36b-7ffa-4fd5-a3aa-9448ba191a38/curricula responded 200 in 16.8135 ms
2026-06-15 10:42:42.229 +01:00 [INF] HTTP GET /api/admin/programs/baeb4a0e-abfa-437e-a0c6-97267d61ffa3/curricula responded 200 in 21.3780 ms
2026-06-15 10:42:42.233 +01:00 [INF] HTTP GET /api/admin/programs/f31b48cd-2858-4e82-ad94-9cc31c75a527/curricula responded 200 in 22.1503 ms
2026-06-15 10:42:42.235 +01:00 [INF] HTTP GET /api/admin/programs/97e9e9d4-946c-46da-af1a-9e32f6a1504a/curricula responded 200 in 20.1997 ms
2026-06-15 10:42:42.238 +01:00 [INF] HTTP GET /api/admin/programs/7df306ce-4256-4fbf-8dc4-afbd70d0a251/curricula responded 200 in 20.0343 ms
2026-06-15 10:42:42.244 +01:00 [INF] HTTP GET /api/admin/programs/6351fee0-7260-4e43-9563-a7477eb2d87b/curricula responded 200 in 21.4922 ms
2026-06-15 10:42:42.249 +01:00 [INF] HTTP GET /api/admin/programs/56c76fe9-0f6a-439b-a699-bd2358434346/curricula responded 200 in 25.5056 ms
2026-06-15 10:42:42.250 +01:00 [INF] HTTP GET /api/admin/programs/6ba7f2e0-f36f-49ff-9a39-bd0ccfab5775/curricula responded 200 in 19.5984 ms
2026-06-15 10:42:42.261 +01:00 [INF] HTTP GET /api/admin/programs/d653b1ad-d0d3-4009-babb-c098662147b2/curricula responded 200 in 25.3020 ms
2026-06-15 10:42:42.268 +01:00 [INF] HTTP GET /api/admin/programs/469d40fd-2959-4622-bdda-c27b1139df60/curricula responded 200 in 33.8987 ms
2026-06-15 10:42:42.274 +01:00 [INF] HTTP GET /api/admin/programs/fc8eb05b-5c06-429b-bf42-d2ffc2f8baa9/curricula responded 200 in 33.8503 ms
2026-06-15 10:42:42.278 +01:00 [INF] HTTP GET /api/admin/programs/caa77aee-8674-4f31-b364-c8df0864afd6/curricula responded 200 in 29.8938 ms
2026-06-15 10:42:42.284 +01:00 [INF] HTTP GET /api/admin/programs/bf6986da-c275-482e-b5ca-e94b5b2a6fec/curricula responded 200 in 32.1474 ms
2026-06-15 10:42:42.287 +01:00 [INF] HTTP GET /api/admin/programs/b8976684-96ea-440d-8cd3-db1adaebae47/curricula responded 200 in 35.4110 ms
2026-06-15 10:42:42.291 +01:00 [INF] HTTP GET /api/admin/programs/1e99fb97-7c53-4c22-9975-eeebf693bef0/curricula responded 200 in 25.5232 ms
2026-06-15 10:42:42.297 +01:00 [INF] HTTP GET /api/admin/programs/302cd18f-647b-4c3e-9034-ef8ee6d0390e/curricula responded 200 in 27.8219 ms
2026-06-15 10:42:42.298 +01:00 [INF] HTTP GET /api/admin/programs/729e1de3-50c3-4bb3-b46c-fb90a37dcba2/curricula responded 200 in 23.5530 ms
2026-06-15 10:42:43.073 +01:00 [INF] HTTP OPTIONS /api/me responded 204 in 0.0227 ms
2026-06-15 10:42:43.085 +01:00 [INF] HTTP GET /api/me responded 200 in 9.7896 ms
2026-06-15 10:42:43.090 +01:00 [INF] HTTP GET /api/me responded 200 in 67.7388 ms
2026-06-15 10:42:43.126 +01:00 [INF] HTTP OPTIONS /api/courses/my-courses responded 204 in 0.4012 ms
2026-06-15 10:42:43.135 +01:00 [INF] HTTP GET /api/courses/my-courses responded 401 in 1.0377 ms
2026-06-15 10:42:43.976 +01:00 [INF] HTTP OPTIONS /api/admissions/document-types responded 204 in 0.0468 ms
2026-06-15 10:42:43.979 +01:00 [INF] HTTP OPTIONS /api/admissions/document-types responded 204 in 0.0185 ms
2026-06-15 10:42:43.979 +01:00 [INF] HTTP OPTIONS /api/admissions/faculties responded 204 in 0.0063 ms
2026-06-15 10:42:43.979 +01:00 [INF] HTTP OPTIONS /api/admissions/sponsors responded 204 in 0.0032 ms
2026-06-15 10:42:43.979 +01:00 [INF] HTTP OPTIONS /api/admissions/subjects responded 204 in 0.0164 ms
2026-06-15 10:42:43.979 +01:00 [INF] HTTP OPTIONS /api/admissions/sessions responded 204 in 0.0027 ms
2026-06-15 10:42:43.980 +01:00 [INF] HTTP OPTIONS /api/admissions/levels responded 204 in 0.0116 ms
2026-06-15 10:42:44.035 +01:00 [INF] Initializing Entra ID Service with TenantId: c9a98a3d-152f-4eb3-b93f-9b26fdd08495, ClientId: 84022968-6bdc-4c6b-8eab-57b75fa5d0b1, Domain: wigweuniversity.edu.ng
2026-06-15 10:42:44.038 +01:00 [INF] Entra ID Service initialized successfully
2026-06-15 10:42:44.039 +01:00 [INF] Initializing Entra ID Service with TenantId: c9a98a3d-152f-4eb3-b93f-9b26fdd08495, ClientId: 84022968-6bdc-4c6b-8eab-57b75fa5d0b1, Domain: wigweuniversity.edu.ng
2026-06-15 10:42:44.039 +01:00 [INF] Entra ID Service initialized successfully
2026-06-15 10:42:44.043 +01:00 [INF] Initializing Entra ID Service with TenantId: c9a98a3d-152f-4eb3-b93f-9b26fdd08495, ClientId: 84022968-6bdc-4c6b-8eab-57b75fa5d0b1, Domain: wigweuniversity.edu.ng
2026-06-15 10:42:44.043 +01:00 [INF] Entra ID Service initialized successfully
2026-06-15 10:42:44.043 +01:00 [INF] HTTP GET /api/admissions/subjects responded 200 in 61.4704 ms
2026-06-15 10:42:44.045 +01:00 [INF] HTTP GET /api/admissions/sessions responded 200 in 61.9143 ms
2026-06-15 10:42:44.049 +01:00 [INF] HTTP OPTIONS /api/countries responded 204 in 0.0268 ms
2026-06-15 10:42:44.049 +01:00 [INF] HTTP GET /api/admissions/document-types responded 200 in 71.8757 ms
2026-06-15 10:42:44.051 +01:00 [INF] HTTP GET /api/admissions/sponsors responded 200 in 69.2358 ms
2026-06-15 10:42:44.056 +01:00 [INF] Initializing Entra ID Service with TenantId: c9a98a3d-152f-4eb3-b93f-9b26fdd08495, ClientId: 84022968-6bdc-4c6b-8eab-57b75fa5d0b1, Domain: wigweuniversity.edu.ng
2026-06-15 10:42:44.056 +01:00 [INF] Entra ID Service initialized successfully
2026-06-15 10:42:44.058 +01:00 [INF] HTTP GET /api/admissions/document-types responded 200 in 75.3859 ms
2026-06-15 10:42:44.060 +01:00 [INF] HTTP GET /api/admissions/faculties responded 200 in 79.4429 ms
2026-06-15 10:42:44.065 +01:00 [INF] Initializing Entra ID Service with TenantId: c9a98a3d-152f-4eb3-b93f-9b26fdd08495, ClientId: 84022968-6bdc-4c6b-8eab-57b75fa5d0b1, Domain: wigweuniversity.edu.ng
2026-06-15 10:42:44.065 +01:00 [INF] Entra ID Service initialized successfully
2026-06-15 10:42:44.076 +01:00 [INF] HTTP GET /api/countries responded 200 in 24.4598 ms
2026-06-15 10:42:44.098 +01:00 [INF] Initializing Entra ID Service with TenantId: c9a98a3d-152f-4eb3-b93f-9b26fdd08495, ClientId: 84022968-6bdc-4c6b-8eab-57b75fa5d0b1, Domain: wigweuniversity.edu.ng
2026-06-15 10:42:44.099 +01:00 [INF] Entra ID Service initialized successfully
2026-06-15 10:42:44.099 +01:00 [INF] HTTP GET /api/admissions/levels responded 200 in 54.0510 ms
2026-06-15 10:42:44.102 +01:00 [INF] HTTP GET /api/admissions/faculties responded 200 in 41.2300 ms
2026-06-15 10:42:44.132 +01:00 [INF] HTTP OPTIONS /api/admissions/programs/780adcfd-92ad-4f80-8ec4-d97ae6b165e0 responded 204 in 0.0257 ms
2026-06-15 10:42:44.133 +01:00 [INF] HTTP OPTIONS /api/admissions/programs/0d17b27c-131d-4205-876a-3bd064ba8814 responded 204 in 0.0123 ms
2026-06-15 10:42:44.133 +01:00 [INF] HTTP OPTIONS /api/admissions/programs/57bcd87b-51c8-4110-a3a4-ae2f2175864e responded 204 in 0.0055 ms
2026-06-15 10:42:44.134 +01:00 [INF] HTTP OPTIONS /api/admissions/programs/5b02c1f7-ebf7-4698-8998-587a2ef867e7 responded 204 in 0.0131 ms
2026-06-15 10:42:44.145 +01:00 [INF] Initializing Entra ID Service with TenantId: c9a98a3d-152f-4eb3-b93f-9b26fdd08495, ClientId: 84022968-6bdc-4c6b-8eab-57b75fa5d0b1, Domain: wigweuniversity.edu.ng
2026-06-15 10:42:44.146 +01:00 [INF] Entra ID Service initialized successfully
2026-06-15 10:42:44.147 +01:00 [INF] Initializing Entra ID Service with TenantId: c9a98a3d-152f-4eb3-b93f-9b26fdd08495, ClientId: 84022968-6bdc-4c6b-8eab-57b75fa5d0b1, Domain: wigweuniversity.edu.ng
2026-06-15 10:42:44.147 +01:00 [INF] Entra ID Service initialized successfully
2026-06-15 10:42:44.148 +01:00 [INF] HTTP GET /api/admissions/programs/0d17b27c-131d-4205-876a-3bd064ba8814 responded 200 in 14.1300 ms
2026-06-15 10:42:44.148 +01:00 [INF] Initializing Entra ID Service with TenantId: c9a98a3d-152f-4eb3-b93f-9b26fdd08495, ClientId: 84022968-6bdc-4c6b-8eab-57b75fa5d0b1, Domain: wigweuniversity.edu.ng
2026-06-15 10:42:44.149 +01:00 [INF] HTTP GET /api/admissions/programs/5b02c1f7-ebf7-4698-8998-587a2ef867e7 responded 200 in 13.5874 ms
2026-06-15 10:42:44.149 +01:00 [INF] Entra ID Service initialized successfully
2026-06-15 10:42:44.150 +01:00 [INF] HTTP GET /api/admissions/programs/780adcfd-92ad-4f80-8ec4-d97ae6b165e0 responded 200 in 18.0475 ms
2026-06-15 10:42:44.152 +01:00 [INF] Initializing Entra ID Service with TenantId: c9a98a3d-152f-4eb3-b93f-9b26fdd08495, ClientId: 84022968-6bdc-4c6b-8eab-57b75fa5d0b1, Domain: wigweuniversity.edu.ng
2026-06-15 10:42:44.152 +01:00 [INF] Entra ID Service initialized successfully
2026-06-15 10:42:44.154 +01:00 [INF] HTTP GET /api/admissions/programs/57bcd87b-51c8-4110-a3a4-ae2f2175864e responded 200 in 20.4550 ms
2026-06-15 10:42:55.748 +01:00 [INF] HTTP OPTIONS /api/admin/users responded 204 in 0.0790 ms
2026-06-15 10:42:55.989 +01:00 [INF] HTTP GET /api/admin/users responded 200 in 238.3130 ms
2026-06-15 10:43:10.384 +01:00 [INF] HTTP GET /api/admin/students responded 401 in 16.8010 ms
2026-06-15 10:43:10.384 +01:00 [INF] HTTP GET /api/admin/programs responded 401 in 17.3181 ms
2026-06-15 10:43:17.997 +01:00 [INF] HTTP OPTIONS /api/admin/courses responded 204 in 0.0433 ms
2026-06-15 10:43:17.998 +01:00 [INF] HTTP OPTIONS /api/admin/programs responded 204 in 0.0080 ms
2026-06-15 10:43:18.003 +01:00 [INF] HTTP GET /api/admin/courses responded 401 in 2.4623 ms
2026-06-15 10:43:18.007 +01:00 [INF] HTTP GET /api/admin/programs responded 401 in 1.1191 ms
2026-06-15 10:43:19.820 +01:00 [INF] HTTP GET /api/admin/programs responded 401 in 1.6391 ms
2026-06-15 10:43:26.275 +01:00 [INF] HTTP OPTIONS /api/me responded 204 in 0.0789 ms
2026-06-15 10:43:26.303 +01:00 [INF] HTTP GET /api/me responded 200 in 26.5459 ms
2026-06-15 10:43:31.388 +01:00 [INF] HTTP OPTIONS /api/admin/students/pending-accounts responded 204 in 0.0317 ms
2026-06-15 10:43:31.415 +01:00 [INF] Initializing Entra ID Service with TenantId: c9a98a3d-152f-4eb3-b93f-9b26fdd08495, ClientId: 84022968-6bdc-4c6b-8eab-57b75fa5d0b1, Domain: wigweuniversity.edu.ng
2026-06-15 10:43:31.416 +01:00 [INF] Entra ID Service initialized successfully
2026-06-15 10:43:31.421 +01:00 [INF] [REGISTRAR-PENDING] Fetching pending student accounts
2026-06-15 10:43:31.479 +01:00 [INF] [REGISTRAR-PENDING] Found 0 pending accounts
2026-06-15 10:43:31.481 +01:00 [INF] HTTP GET /api/admin/students/pending-accounts responded 200 in 92.6160 ms
2026-06-15 10:43:42.528 +01:00 [INF] HTTP OPTIONS /api/admissions/applications responded 204 in 0.0426 ms
2026-06-15 10:43:42.529 +01:00 [INF] HTTP OPTIONS /api/admissions/applications/drafts-eligible-for-reminder responded 204 in 0.0237 ms
2026-06-15 10:43:42.559 +01:00 [INF] Initializing Entra ID Service with TenantId: c9a98a3d-152f-4eb3-b93f-9b26fdd08495, ClientId: 84022968-6bdc-4c6b-8eab-57b75fa5d0b1, Domain: wigweuniversity.edu.ng
2026-06-15 10:43:42.560 +01:00 [INF] Entra ID Service initialized successfully
2026-06-15 10:43:42.560 +01:00 [INF] HTTP GET /api/admissions/applications/drafts-eligible-for-reminder responded 400 in 26.8665 ms
2026-06-15 10:43:42.560 +01:00 [INF] Initializing Entra ID Service with TenantId: c9a98a3d-152f-4eb3-b93f-9b26fdd08495, ClientId: 84022968-6bdc-4c6b-8eab-57b75fa5d0b1, Domain: wigweuniversity.edu.ng
2026-06-15 10:43:42.560 +01:00 [INF] Entra ID Service initialized successfully
2026-06-15 10:43:42.565 +01:00 [INF] HTTP GET /api/admissions/applications responded 200 in 32.5709 ms
2026-06-15 10:43:44.230 +01:00 [INF] Initializing Entra ID Service with TenantId: c9a98a3d-152f-4eb3-b93f-9b26fdd08495, ClientId: 84022968-6bdc-4c6b-8eab-57b75fa5d0b1, Domain: wigweuniversity.edu.ng
2026-06-15 10:43:44.231 +01:00 [INF] Entra ID Service initialized successfully
2026-06-15 10:43:44.231 +01:00 [INF] HTTP GET /api/admissions/applications/drafts-eligible-for-reminder responded 400 in 23.1268 ms
2026-06-15 10:44:44.219 +01:00 [INF] HTTP OPTIONS /api/admissions/applications/drafts-eligible-for-reminder responded 204 in 0.7946 ms
2026-06-15 10:44:44.256 +01:00 [INF] Initializing Entra ID Service with TenantId: c9a98a3d-152f-4eb3-b93f-9b26fdd08495, ClientId: 84022968-6bdc-4c6b-8eab-57b75fa5d0b1, Domain: wigweuniversity.edu.ng
2026-06-15 10:44:44.257 +01:00 [INF] Entra ID Service initialized successfully
2026-06-15 10:44:44.258 +01:00 [INF] HTTP GET /api/admissions/applications/drafts-eligible-for-reminder responded 400 in 37.4801 ms
2026-06-15 10:44:57.031 +01:00 [INF] HTTP OPTIONS /api/me responded 204 in 0.0231 ms
2026-06-15 10:44:57.058 +01:00 [INF] HTTP GET /api/me responded 200 in 26.6084 ms
2026-06-15 10:44:57.078 +01:00 [INF] HTTP OPTIONS /api/admissions/applications responded 204 in 0.0290 ms
2026-06-15 10:44:57.078 +01:00 [INF] HTTP OPTIONS /api/admissions/applications responded 204 in 0.0078 ms
2026-06-15 10:44:57.107 +01:00 [INF] Initializing Entra ID Service with TenantId: c9a98a3d-152f-4eb3-b93f-9b26fdd08495, ClientId: 84022968-6bdc-4c6b-8eab-57b75fa5d0b1, Domain: wigweuniversity.edu.ng
2026-06-15 10:44:57.107 +01:00 [INF] Entra ID Service initialized successfully
2026-06-15 10:44:57.107 +01:00 [INF] Initializing Entra ID Service with TenantId: c9a98a3d-152f-4eb3-b93f-9b26fdd08495, ClientId: 84022968-6bdc-4c6b-8eab-57b75fa5d0b1, Domain: wigweuniversity.edu.ng
2026-06-15 10:44:57.107 +01:00 [INF] Entra ID Service initialized successfully
2026-06-15 10:44:57.113 +01:00 [INF] HTTP GET /api/admissions/applications responded 200 in 31.4785 ms
2026-06-15 10:44:57.223 +01:00 [INF] HTTP GET /api/admissions/applications responded 200 in 141.1398 ms
2026-06-15 10:44:58.078 +01:00 [INF] HTTP OPTIONS /api/me responded 204 in 0.0214 ms
2026-06-15 10:44:58.083 +01:00 [INF] HTTP GET /api/me responded 200 in 1.6986 ms
2026-06-15 10:44:58.099 +01:00 [INF] HTTP GET /api/me responded 200 in 73.9479 ms
2026-06-15 10:44:58.140 +01:00 [INF] HTTP OPTIONS /api/courses/my-courses responded 204 in 0.0312 ms
2026-06-15 10:44:58.146 +01:00 [INF] HTTP GET /api/courses/my-courses responded 401 in 1.6231 ms
2026-06-15 10:44:59.195 +01:00 [INF] HTTP OPTIONS /api/admissions/document-types responded 204 in 0.0413 ms
2026-06-15 10:44:59.195 +01:00 [INF] HTTP OPTIONS /api/admissions/sessions responded 204 in 0.0165 ms
2026-06-15 10:44:59.195 +01:00 [INF] HTTP OPTIONS /api/admissions/faculties responded 204 in 0.0185 ms
2026-06-15 10:44:59.195 +01:00 [INF] HTTP OPTIONS /api/admissions/document-types responded 204 in 0.0087 ms
2026-06-15 10:44:59.197 +01:00 [INF] HTTP OPTIONS /api/admissions/subjects responded 204 in 0.0074 ms
2026-06-15 10:44:59.197 +01:00 [INF] HTTP OPTIONS /api/admissions/sponsors responded 204 in 0.0261 ms
2026-06-15 10:44:59.198 +01:00 [INF] HTTP OPTIONS /api/admissions/levels responded 204 in 0.0076 ms
2026-06-15 10:44:59.220 +01:00 [INF] Initializing Entra ID Service with TenantId: c9a98a3d-152f-4eb3-b93f-9b26fdd08495, ClientId: 84022968-6bdc-4c6b-8eab-57b75fa5d0b1, Domain: wigweuniversity.edu.ng
2026-06-15 10:44:59.220 +01:00 [INF] Entra ID Service initialized successfully
2026-06-15 10:44:59.225 +01:00 [INF] HTTP GET /api/admissions/document-types responded 200 in 27.4964 ms
2026-06-15 10:44:59.226 +01:00 [INF] HTTP OPTIONS /api/countries responded 204 in 0.0228 ms
2026-06-15 10:44:59.230 +01:00 [INF] Initializing Entra ID Service with TenantId: c9a98a3d-152f-4eb3-b93f-9b26fdd08495, ClientId: 84022968-6bdc-4c6b-8eab-57b75fa5d0b1, Domain: wigweuniversity.edu.ng
2026-06-15 10:44:59.232 +01:00 [INF] Entra ID Service initialized successfully
2026-06-15 10:44:59.233 +01:00 [INF] HTTP GET /api/admissions/sessions responded 200 in 34.8713 ms
2026-06-15 10:44:59.239 +01:00 [INF] Initializing Entra ID Service with TenantId: c9a98a3d-152f-4eb3-b93f-9b26fdd08495, ClientId: 84022968-6bdc-4c6b-8eab-57b75fa5d0b1, Domain: wigweuniversity.edu.ng
2026-06-15 10:44:59.240 +01:00 [INF] HTTP GET /api/admissions/faculties responded 200 in 41.4638 ms
2026-06-15 10:44:59.240 +01:00 [INF] Entra ID Service initialized successfully
2026-06-15 10:44:59.243 +01:00 [INF] HTTP GET /api/admissions/document-types responded 200 in 43.5926 ms
2026-06-15 10:44:59.247 +01:00 [INF] HTTP GET /api/admissions/subjects responded 200 in 47.1798 ms
2026-06-15 10:44:59.249 +01:00 [INF] Initializing Entra ID Service with TenantId: c9a98a3d-152f-4eb3-b93f-9b26fdd08495, ClientId: 84022968-6bdc-4c6b-8eab-57b75fa5d0b1, Domain: wigweuniversity.edu.ng
2026-06-15 10:44:59.249 +01:00 [INF] Entra ID Service initialized successfully
2026-06-15 10:44:59.250 +01:00 [INF] Initializing Entra ID Service with TenantId: c9a98a3d-152f-4eb3-b93f-9b26fdd08495, ClientId: 84022968-6bdc-4c6b-8eab-57b75fa5d0b1, Domain: wigweuniversity.edu.ng
2026-06-15 10:44:59.250 +01:00 [INF] Entra ID Service initialized successfully
2026-06-15 10:44:59.253 +01:00 [INF] HTTP GET /api/admissions/sponsors responded 200 in 52.7585 ms
2026-06-15 10:44:59.261 +01:00 [INF] HTTP GET /api/admissions/levels responded 200 in 34.3900 ms
2026-06-15 10:44:59.262 +01:00 [INF] HTTP GET /api/countries responded 200 in 28.4943 ms
2026-06-15 10:44:59.269 +01:00 [INF] Initializing Entra ID Service with TenantId: c9a98a3d-152f-4eb3-b93f-9b26fdd08495, ClientId: 84022968-6bdc-4c6b-8eab-57b75fa5d0b1, Domain: wigweuniversity.edu.ng
2026-06-15 10:44:59.269 +01:00 [INF] Entra ID Service initialized successfully
2026-06-15 10:44:59.271 +01:00 [INF] HTTP GET /api/admissions/faculties responded 200 in 28.3242 ms
2026-06-15 10:44:59.284 +01:00 [INF] HTTP OPTIONS /api/admissions/programs/780adcfd-92ad-4f80-8ec4-d97ae6b165e0 responded 204 in 0.0239 ms
2026-06-15 10:44:59.285 +01:00 [INF] HTTP OPTIONS /api/admissions/programs/0d17b27c-131d-4205-876a-3bd064ba8814 responded 204 in 0.0161 ms
2026-06-15 10:44:59.286 +01:00 [INF] HTTP OPTIONS /api/admissions/programs/57bcd87b-51c8-4110-a3a4-ae2f2175864e responded 204 in 0.0056 ms
2026-06-15 10:44:59.287 +01:00 [INF] HTTP OPTIONS /api/admissions/programs/5b02c1f7-ebf7-4698-8998-587a2ef867e7 responded 204 in 0.0053 ms
2026-06-15 10:44:59.296 +01:00 [INF] Initializing Entra ID Service with TenantId: c9a98a3d-152f-4eb3-b93f-9b26fdd08495, ClientId: 84022968-6bdc-4c6b-8eab-57b75fa5d0b1, Domain: wigweuniversity.edu.ng
2026-06-15 10:44:59.296 +01:00 [INF] Entra ID Service initialized successfully
2026-06-15 10:44:59.298 +01:00 [INF] Initializing Entra ID Service with TenantId: c9a98a3d-152f-4eb3-b93f-9b26fdd08495, ClientId: 84022968-6bdc-4c6b-8eab-57b75fa5d0b1, Domain: wigweuniversity.edu.ng
2026-06-15 10:44:59.298 +01:00 [INF] Entra ID Service initialized successfully
2026-06-15 10:44:59.298 +01:00 [INF] HTTP GET /api/admissions/programs/0d17b27c-131d-4205-876a-3bd064ba8814 responded 200 in 12.7125 ms
2026-06-15 10:44:59.300 +01:00 [INF] Initializing Entra ID Service with TenantId: c9a98a3d-152f-4eb3-b93f-9b26fdd08495, ClientId: 84022968-6bdc-4c6b-8eab-57b75fa5d0b1, Domain: wigweuniversity.edu.ng
2026-06-15 10:44:59.300 +01:00 [INF] HTTP GET /api/admissions/programs/5b02c1f7-ebf7-4698-8998-587a2ef867e7 responded 200 in 12.6281 ms
2026-06-15 10:44:59.300 +01:00 [INF] Entra ID Service initialized successfully
2026-06-15 10:44:59.303 +01:00 [INF] Initializing Entra ID Service with TenantId: c9a98a3d-152f-4eb3-b93f-9b26fdd08495, ClientId: 84022968-6bdc-4c6b-8eab-57b75fa5d0b1, Domain: wigweuniversity.edu.ng
2026-06-15 10:44:59.305 +01:00 [INF] Entra ID Service initialized successfully
2026-06-15 10:44:59.307 +01:00 [INF] HTTP GET /api/admissions/programs/57bcd87b-51c8-4110-a3a4-ae2f2175864e responded 200 in 20.8015 ms
2026-06-15 10:44:59.308 +01:00 [INF] HTTP GET /api/admissions/programs/780adcfd-92ad-4f80-8ec4-d97ae6b165e0 responded 200 in 22.7883 ms
2026-06-15 11:04:22.987 +01:00 [INF] HTTP OPTIONS /api/admissions/applications responded 204 in 0.7243 ms
2026-06-15 11:04:23.055 +01:00 [INF] Initializing Entra ID Service with TenantId: c9a98a3d-152f-4eb3-b93f-9b26fdd08495, ClientId: 84022968-6bdc-4c6b-8eab-57b75fa5d0b1, Domain: wigweuniversity.edu.ng
2026-06-15 11:04:23.056 +01:00 [INF] Entra ID Service initialized successfully
2026-06-15 11:04:23.062 +01:00 [INF] HTTP GET /api/admissions/applications responded 200 in 71.3932 ms
2026-06-15 11:04:23.068 +01:00 [INF] HTTP OPTIONS /api/admissions/applications/reminders/bulk responded 204 in 0.0315 ms
2026-06-15 11:04:23.083 +01:00 [INF] Initializing Entra ID Service with TenantId: c9a98a3d-152f-4eb3-b93f-9b26fdd08495, ClientId: 84022968-6bdc-4c6b-8eab-57b75fa5d0b1, Domain: wigweuniversity.edu.ng
2026-06-15 11:04:23.083 +01:00 [INF] Entra ID Service initialized successfully
2026-06-15 11:04:24.075 +01:00 [INF] Email sent successfully to standevcode@gmail.com
2026-06-15 11:04:24.076 +01:00 [INF] [REMINDER] Reminder email sent to standevcode@gmail.com for application "6ab4a128-f0fd-4eaa-8756-b2690a36f3ec"
2026-06-15 11:04:24.096 +01:00 [INF] HTTP POST /api/admissions/applications/reminders/bulk responded 200 in 1026.1920 ms
2026-06-15 11:07:18.891 +01:00 [INF] HTTP OPTIONS /api/me responded 204 in 0.0494 ms
2026-06-15 11:07:18.980 +01:00 [INF] HTTP GET /api/me responded 200 in 80.2554 ms
2026-06-15 11:07:19.029 +01:00 [INF] HTTP GET /api/me responded 200 in 43.4660 ms
2026-06-15 11:07:19.104 +01:00 [INF] HTTP OPTIONS /api/admissions/applications responded 204 in 0.0281 ms
2026-06-15 11:07:19.107 +01:00 [INF] HTTP OPTIONS /api/admissions/document-types responded 204 in 0.0181 ms
2026-06-15 11:07:19.107 +01:00 [INF] HTTP OPTIONS /api/admissions/sessions responded 204 in 0.0025 ms
2026-06-15 11:07:19.106 +01:00 [INF] HTTP OPTIONS /api/admissions/applications responded 204 in 0.0258 ms
2026-06-15 11:07:19.107 +01:00 [INF] HTTP OPTIONS /api/admissions/faculties responded 204 in 0.0055 ms
2026-06-15 11:07:19.107 +01:00 [INF] HTTP OPTIONS /api/admissions/document-types responded 204 in 0.0346 ms
2026-06-15 11:07:19.111 +01:00 [INF] HTTP OPTIONS /api/admissions/sponsors responded 204 in 0.1976 ms
2026-06-15 11:07:19.111 +01:00 [INF] HTTP OPTIONS /api/admissions/subjects responded 204 in 0.0049 ms
2026-06-15 11:07:19.111 +01:00 [INF] HTTP OPTIONS /api/admissions/levels responded 204 in 0.0028 ms
2026-06-15 11:07:19.111 +01:00 [INF] HTTP OPTIONS /api/admissions/faculties responded 204 in 0.0021 ms
2026-06-15 11:07:19.112 +01:00 [INF] HTTP OPTIONS /api/countries responded 204 in 0.0288 ms
2026-06-15 11:07:19.256 +01:00 [INF] HTTP OPTIONS /api/me responded 204 in 0.0218 ms
2026-06-15 11:07:19.265 +01:00 [INF] HTTP GET /api/me responded 200 in 0.8711 ms
2026-06-15 11:07:19.316 +01:00 [INF] HTTP OPTIONS /api/courses/my-courses responded 204 in 0.0393 ms
2026-06-15 11:07:19.332 +01:00 [INF] Initializing Entra ID Service with TenantId: c9a98a3d-152f-4eb3-b93f-9b26fdd08495, ClientId: 84022968-6bdc-4c6b-8eab-57b75fa5d0b1, Domain: wigweuniversity.edu.ng
2026-06-15 11:07:19.337 +01:00 [INF] HTTP GET /api/courses/my-courses responded 401 in 5.7375 ms
2026-06-15 11:07:19.334 +01:00 [INF] Entra ID Service initialized successfully
2026-06-15 11:07:19.355 +01:00 [INF] HTTP GET /api/admissions/applications responded 200 in 242.8375 ms
2026-06-15 11:07:19.380 +01:00 [INF] Initializing Entra ID Service with TenantId: c9a98a3d-152f-4eb3-b93f-9b26fdd08495, ClientId: 84022968-6bdc-4c6b-8eab-57b75fa5d0b1, Domain: wigweuniversity.edu.ng
2026-06-15 11:07:19.381 +01:00 [INF] Entra ID Service initialized successfully
2026-06-15 11:07:19.402 +01:00 [INF] HTTP GET /api/admissions/sessions responded 200 in 278.0748 ms
2026-06-15 11:07:19.450 +01:00 [INF] HTTP GET /api/admissions/document-types responded 200 in 321.1156 ms
2026-06-15 11:07:19.450 +01:00 [INF] Initializing Entra ID Service with TenantId: c9a98a3d-152f-4eb3-b93f-9b26fdd08495, ClientId: 84022968-6bdc-4c6b-8eab-57b75fa5d0b1, Domain: wigweuniversity.edu.ng
2026-06-15 11:07:19.450 +01:00 [INF] Entra ID Service initialized successfully
2026-06-15 11:07:19.456 +01:00 [INF] Initializing Entra ID Service with TenantId: c9a98a3d-152f-4eb3-b93f-9b26fdd08495, ClientId: 84022968-6bdc-4c6b-8eab-57b75fa5d0b1, Domain: wigweuniversity.edu.ng
2026-06-15 11:07:19.458 +01:00 [INF] Entra ID Service initialized successfully
2026-06-15 11:07:19.462 +01:00 [INF] HTTP GET /api/admissions/sponsors responded 200 in 104.7918 ms
2026-06-15 11:07:19.485 +01:00 [INF] Initializing Entra ID Service with TenantId: c9a98a3d-152f-4eb3-b93f-9b26fdd08495, ClientId: 84022968-6bdc-4c6b-8eab-57b75fa5d0b1, Domain: wigweuniversity.edu.ng
2026-06-15 11:07:19.486 +01:00 [INF] Entra ID Service initialized successfully
2026-06-15 11:07:19.490 +01:00 [INF] HTTP GET /api/admissions/applications responded 200 in 362.4713 ms
2026-06-15 11:07:19.494 +01:00 [INF] Initializing Entra ID Service with TenantId: c9a98a3d-152f-4eb3-b93f-9b26fdd08495, ClientId: 84022968-6bdc-4c6b-8eab-57b75fa5d0b1, Domain: wigweuniversity.edu.ng
2026-06-15 11:07:19.495 +01:00 [INF] Entra ID Service initialized successfully
2026-06-15 11:07:19.516 +01:00 [INF] HTTP GET /api/admissions/levels responded 200 in 58.6711 ms
2026-06-15 11:07:19.516 +01:00 [INF] Initializing Entra ID Service with TenantId: c9a98a3d-152f-4eb3-b93f-9b26fdd08495, ClientId: 84022968-6bdc-4c6b-8eab-57b75fa5d0b1, Domain: wigweuniversity.edu.ng
2026-06-15 11:07:19.516 +01:00 [INF] Entra ID Service initialized successfully
2026-06-15 11:07:19.536 +01:00 [INF] HTTP GET /api/countries responded 200 in 67.6497 ms
2026-06-15 11:07:19.545 +01:00 [INF] HTTP GET /api/admissions/faculties responded 200 in 407.9240 ms
2026-06-15 11:07:19.557 +01:00 [INF] HTTP GET /api/admissions/subjects responded 200 in 142.3486 ms
2026-06-15 11:07:19.719 +01:00 [INF] HTTP GET /api/admissions/document-types responded 200 in 577.6430 ms
2026-06-15 11:07:19.725 +01:00 [INF] Initializing Entra ID Service with TenantId: c9a98a3d-152f-4eb3-b93f-9b26fdd08495, ClientId: 84022968-6bdc-4c6b-8eab-57b75fa5d0b1, Domain: wigweuniversity.edu.ng
2026-06-15 11:07:19.728 +01:00 [INF] Entra ID Service initialized successfully
2026-06-15 11:07:19.752 +01:00 [INF] HTTP GET /api/admissions/faculties responded 200 in 194.8920 ms
2026-06-15 11:07:19.763 +01:00 [INF] HTTP OPTIONS /api/admissions/programs/780adcfd-92ad-4f80-8ec4-d97ae6b165e0 responded 204 in 0.0236 ms
2026-06-15 11:07:19.763 +01:00 [INF] HTTP OPTIONS /api/admissions/programs/57bcd87b-51c8-4110-a3a4-ae2f2175864e responded 204 in 0.0036 ms
2026-06-15 11:07:19.763 +01:00 [INF] HTTP OPTIONS /api/admissions/programs/5b02c1f7-ebf7-4698-8998-587a2ef867e7 responded 204 in 0.0110 ms
2026-06-15 11:07:19.763 +01:00 [INF] HTTP OPTIONS /api/admissions/programs/0d17b27c-131d-4205-876a-3bd064ba8814 responded 204 in 0.0068 ms
2026-06-15 11:07:19.821 +01:00 [INF] Initializing Entra ID Service with TenantId: c9a98a3d-152f-4eb3-b93f-9b26fdd08495, ClientId: 84022968-6bdc-4c6b-8eab-57b75fa5d0b1, Domain: wigweuniversity.edu.ng
2026-06-15 11:07:19.823 +01:00 [INF] Entra ID Service initialized successfully
2026-06-15 11:07:19.824 +01:00 [INF] Initializing Entra ID Service with TenantId: c9a98a3d-152f-4eb3-b93f-9b26fdd08495, ClientId: 84022968-6bdc-4c6b-8eab-57b75fa5d0b1, Domain: wigweuniversity.edu.ng
2026-06-15 11:07:19.825 +01:00 [INF] Entra ID Service initialized successfully
2026-06-15 11:07:19.831 +01:00 [INF] HTTP GET /api/admissions/programs/5b02c1f7-ebf7-4698-8998-587a2ef867e7 responded 200 in 56.8572 ms
2026-06-15 11:07:19.832 +01:00 [INF] HTTP GET /api/admissions/programs/57bcd87b-51c8-4110-a3a4-ae2f2175864e responded 200 in 65.4869 ms
2026-06-15 11:07:19.831 +01:00 [INF] Initializing Entra ID Service with TenantId: c9a98a3d-152f-4eb3-b93f-9b26fdd08495, ClientId: 84022968-6bdc-4c6b-8eab-57b75fa5d0b1, Domain: wigweuniversity.edu.ng
2026-06-15 11:07:19.832 +01:00 [INF] Initializing Entra ID Service with TenantId: c9a98a3d-152f-4eb3-b93f-9b26fdd08495, ClientId: 84022968-6bdc-4c6b-8eab-57b75fa5d0b1, Domain: wigweuniversity.edu.ng
2026-06-15 11:07:19.832 +01:00 [INF] Entra ID Service initialized successfully
2026-06-15 11:07:19.832 +01:00 [INF] Entra ID Service initialized successfully
2026-06-15 11:07:19.838 +01:00 [INF] HTTP GET /api/admissions/programs/780adcfd-92ad-4f80-8ec4-d97ae6b165e0 responded 200 in 67.9128 ms
2026-06-15 11:07:19.840 +01:00 [INF] HTTP GET /api/admissions/programs/0d17b27c-131d-4205-876a-3bd064ba8814 responded 200 in 65.1371 ms
2026-06-15 11:09:06.125 +01:00 [INF] HTTP OPTIONS /api/me responded 204 in 1.7634 ms
2026-06-15 11:09:06.234 +01:00 [INF] HTTP GET /api/me responded 200 in 99.5683 ms
2026-06-15 11:09:06.303 +01:00 [INF] HTTP OPTIONS /api/me responded 204 in 0.0215 ms
2026-06-15 11:09:06.303 +01:00 [INF] HTTP OPTIONS /api/admissions/applications responded 204 in 0.0039 ms
2026-06-15 11:09:06.303 +01:00 [INF] HTTP OPTIONS /api/admissions/applications responded 204 in 0.0023 ms
2026-06-15 11:09:06.313 +01:00 [INF] HTTP GET /api/me responded 200 in 3.4366 ms
2026-06-15 11:09:06.354 +01:00 [INF] HTTP OPTIONS /api/courses/my-courses responded 204 in 0.0230 ms
2026-06-15 11:09:06.369 +01:00 [INF] HTTP GET /api/courses/my-courses responded 401 in 1.5129 ms
2026-06-15 11:09:06.391 +01:00 [INF] Initializing Entra ID Service with TenantId: c9a98a3d-152f-4eb3-b93f-9b26fdd08495, ClientId: 84022968-6bdc-4c6b-8eab-57b75fa5d0b1, Domain: wigweuniversity.edu.ng
2026-06-15 11:09:06.391 +01:00 [INF] Entra ID Service initialized successfully
2026-06-15 11:09:06.393 +01:00 [INF] Initializing Entra ID Service with TenantId: c9a98a3d-152f-4eb3-b93f-9b26fdd08495, ClientId: 84022968-6bdc-4c6b-8eab-57b75fa5d0b1, Domain: wigweuniversity.edu.ng
2026-06-15 11:09:06.394 +01:00 [INF] Entra ID Service initialized successfully
2026-06-15 11:09:06.399 +01:00 [INF] HTTP GET /api/admissions/applications responded 200 in 87.8900 ms
2026-06-15 11:09:06.399 +01:00 [INF] HTTP GET /api/admissions/applications responded 200 in 87.8928 ms
2026-06-15 11:09:06.401 +01:00 [INF] HTTP GET /api/me responded 200 in 98.5605 ms
2026-06-15 11:09:06.479 +01:00 [INF] HTTP OPTIONS /api/admissions/document-types responded 204 in 0.0441 ms
2026-06-15 11:09:06.479 +01:00 [INF] HTTP OPTIONS /api/admissions/document-types responded 204 in 0.0169 ms
2026-06-15 11:09:06.479 +01:00 [INF] HTTP OPTIONS /api/admissions/faculties responded 204 in 0.0293 ms
2026-06-15 11:09:06.479 +01:00 [INF] HTTP OPTIONS /api/admissions/subjects responded 204 in 0.0035 ms
2026-06-15 11:09:06.479 +01:00 [INF] HTTP OPTIONS /api/admissions/sessions responded 204 in 0.0056 ms
2026-06-15 11:09:06.479 +01:00 [INF] HTTP OPTIONS /api/admissions/sponsors responded 204 in 0.0039 ms
2026-06-15 11:09:06.484 +01:00 [INF] HTTP OPTIONS /api/admissions/levels responded 204 in 0.0153 ms
2026-06-15 11:09:06.485 +01:00 [INF] HTTP OPTIONS /api/countries responded 204 in 0.0046 ms
2026-06-15 11:09:06.485 +01:00 [INF] HTTP OPTIONS /api/admissions/faculties responded 204 in 0.0025 ms
2026-06-15 11:09:06.591 +01:00 [INF] Initializing Entra ID Service with TenantId: c9a98a3d-152f-4eb3-b93f-9b26fdd08495, ClientId: 84022968-6bdc-4c6b-8eab-57b75fa5d0b1, Domain: wigweuniversity.edu.ng
2026-06-15 11:09:06.591 +01:00 [INF] Entra ID Service initialized successfully
2026-06-15 11:09:06.599 +01:00 [INF] HTTP GET /api/admissions/faculties responded 200 in 114.1523 ms
2026-06-15 11:09:06.616 +01:00 [INF] HTTP GET /api/admissions/document-types responded 200 in 132.0965 ms
2026-06-15 11:09:06.622 +01:00 [INF] Initializing Entra ID Service with TenantId: c9a98a3d-152f-4eb3-b93f-9b26fdd08495, ClientId: 84022968-6bdc-4c6b-8eab-57b75fa5d0b1, Domain: wigweuniversity.edu.ng
2026-06-15 11:09:06.622 +01:00 [INF] Entra ID Service initialized successfully
2026-06-15 11:09:06.639 +01:00 [INF] Initializing Entra ID Service with TenantId: c9a98a3d-152f-4eb3-b93f-9b26fdd08495, ClientId: 84022968-6bdc-4c6b-8eab-57b75fa5d0b1, Domain: wigweuniversity.edu.ng
2026-06-15 11:09:06.639 +01:00 [INF] Entra ID Service initialized successfully
2026-06-15 11:09:06.641 +01:00 [INF] HTTP GET /api/admissions/document-types responded 200 in 144.6059 ms
2026-06-15 11:09:06.659 +01:00 [INF] HTTP GET /api/admissions/sessions responded 200 in 165.2378 ms
2026-06-15 11:09:06.681 +01:00 [INF] HTTP GET /api/admissions/subjects responded 200 in 193.9022 ms
2026-06-15 11:09:06.738 +01:00 [INF] Initializing Entra ID Service with TenantId: c9a98a3d-152f-4eb3-b93f-9b26fdd08495, ClientId: 84022968-6bdc-4c6b-8eab-57b75fa5d0b1, Domain: wigweuniversity.edu.ng
2026-06-15 11:09:06.738 +01:00 [INF] Entra ID Service initialized successfully
2026-06-15 11:09:06.762 +01:00 [INF] Initializing Entra ID Service with TenantId: c9a98a3d-152f-4eb3-b93f-9b26fdd08495, ClientId: 84022968-6bdc-4c6b-8eab-57b75fa5d0b1, Domain: wigweuniversity.edu.ng
2026-06-15 11:09:06.764 +01:00 [INF] Entra ID Service initialized successfully
2026-06-15 11:09:06.764 +01:00 [INF] HTTP GET /api/admissions/levels responded 200 in 164.0575 ms
2026-06-15 11:09:06.769 +01:00 [INF] HTTP GET /api/admissions/faculties responded 200 in 112.3626 ms
2026-06-15 11:09:06.779 +01:00 [INF] HTTP OPTIONS /api/admissions/programs/57bcd87b-51c8-4110-a3a4-ae2f2175864e responded 204 in 0.0259 ms
2026-06-15 11:09:06.779 +01:00 [INF] HTTP OPTIONS /api/admissions/programs/5b02c1f7-ebf7-4698-8998-587a2ef867e7 responded 204 in 0.0038 ms
2026-06-15 11:09:06.784 +01:00 [INF] HTTP OPTIONS /api/admissions/programs/0d17b27c-131d-4205-876a-3bd064ba8814 responded 204 in 0.0261 ms
2026-06-15 11:09:06.784 +01:00 [INF] HTTP OPTIONS /api/admissions/programs/780adcfd-92ad-4f80-8ec4-d97ae6b165e0 responded 204 in 0.0045 ms
2026-06-15 11:09:06.789 +01:00 [INF] HTTP GET /api/countries responded 200 in 164.6714 ms
2026-06-15 11:09:06.815 +01:00 [INF] Initializing Entra ID Service with TenantId: c9a98a3d-152f-4eb3-b93f-9b26fdd08495, ClientId: 84022968-6bdc-4c6b-8eab-57b75fa5d0b1, Domain: wigweuniversity.edu.ng
2026-06-15 11:09:06.816 +01:00 [INF] Entra ID Service initialized successfully
2026-06-15 11:09:06.850 +01:00 [INF] HTTP GET /api/admissions/sponsors responded 200 in 355.0892 ms
2026-06-15 11:09:06.862 +01:00 [INF] Initializing Entra ID Service with TenantId: c9a98a3d-152f-4eb3-b93f-9b26fdd08495, ClientId: 84022968-6bdc-4c6b-8eab-57b75fa5d0b1, Domain: wigweuniversity.edu.ng
2026-06-15 11:09:06.863 +01:00 [INF] Entra ID Service initialized successfully
2026-06-15 11:09:06.877 +01:00 [INF] Initializing Entra ID Service with TenantId: c9a98a3d-152f-4eb3-b93f-9b26fdd08495, ClientId: 84022968-6bdc-4c6b-8eab-57b75fa5d0b1, Domain: wigweuniversity.edu.ng
2026-06-15 11:09:06.877 +01:00 [INF] HTTP GET /api/admissions/programs/5b02c1f7-ebf7-4698-8998-587a2ef867e7 responded 200 in 62.8828 ms
2026-06-15 11:09:06.877 +01:00 [INF] Entra ID Service initialized successfully
2026-06-15 11:09:06.879 +01:00 [INF] Initializing Entra ID Service with TenantId: c9a98a3d-152f-4eb3-b93f-9b26fdd08495, ClientId: 84022968-6bdc-4c6b-8eab-57b75fa5d0b1, Domain: wigweuniversity.edu.ng
2026-06-15 11:09:06.879 +01:00 [INF] HTTP GET /api/admissions/programs/57bcd87b-51c8-4110-a3a4-ae2f2175864e responded 200 in 93.1590 ms
2026-06-15 11:09:06.879 +01:00 [INF] Entra ID Service initialized successfully
2026-06-15 11:09:06.881 +01:00 [INF] Initializing Entra ID Service with TenantId: c9a98a3d-152f-4eb3-b93f-9b26fdd08495, ClientId: 84022968-6bdc-4c6b-8eab-57b75fa5d0b1, Domain: wigweuniversity.edu.ng
2026-06-15 11:09:06.882 +01:00 [INF] Entra ID Service initialized successfully
2026-06-15 11:09:06.882 +01:00 [INF] HTTP GET /api/admissions/programs/0d17b27c-131d-4205-876a-3bd064ba8814 responded 200 in 67.4251 ms
2026-06-15 11:09:06.884 +01:00 [INF] HTTP GET /api/admissions/programs/780adcfd-92ad-4f80-8ec4-d97ae6b165e0 responded 200 in 69.6701 ms
2026-06-15 11:59:39.674 +01:00 [INF] HTTP OPTIONS /api/me responded 204 in 0.4025 ms
2026-06-15 11:59:39.789 +01:00 [INF] HTTP GET /api/me responded 200 in 108.8848 ms
2026-06-15 11:59:39.819 +01:00 [INF] HTTP OPTIONS /api/admissions/applications responded 204 in 1.2853 ms
2026-06-15 11:59:39.820 +01:00 [INF] HTTP OPTIONS /api/admissions/applications responded 204 in 0.0232 ms
2026-06-15 11:59:39.864 +01:00 [INF] HTTP OPTIONS /api/me responded 204 in 0.0230 ms
2026-06-15 11:59:39.864 +01:00 [INF] HTTP GET /api/me responded 200 in 63.5203 ms
2026-06-15 11:59:39.870 +01:00 [INF] HTTP GET /api/me responded 200 in 3.6289 ms
2026-06-15 11:59:39.917 +01:00 [INF] HTTP OPTIONS /api/courses/my-courses responded 204 in 0.0252 ms
2026-06-15 11:59:39.926 +01:00 [INF] HTTP GET /api/courses/my-courses responded 401 in 1.7771 ms
2026-06-15 11:59:39.953 +01:00 [INF] Initializing Entra ID Service with TenantId: c9a98a3d-152f-4eb3-b93f-9b26fdd08495, ClientId: 84022968-6bdc-4c6b-8eab-57b75fa5d0b1, Domain: wigweuniversity.edu.ng
2026-06-15 11:59:39.954 +01:00 [INF] Entra ID Service initialized successfully
2026-06-15 11:59:39.957 +01:00 [INF] Initializing Entra ID Service with TenantId: c9a98a3d-152f-4eb3-b93f-9b26fdd08495, ClientId: 84022968-6bdc-4c6b-8eab-57b75fa5d0b1, Domain: wigweuniversity.edu.ng
2026-06-15 11:59:39.958 +01:00 [INF] Entra ID Service initialized successfully
2026-06-15 11:59:40.005 +01:00 [INF] HTTP GET /api/admissions/applications responded 200 in 178.5265 ms
2026-06-15 11:59:40.005 +01:00 [INF] HTTP GET /api/admissions/applications responded 200 in 178.5990 ms
2026-06-15 11:59:40.875 +01:00 [INF] HTTP OPTIONS /api/admissions/document-types responded 204 in 0.0467 ms
2026-06-15 11:59:40.877 +01:00 [INF] HTTP OPTIONS /api/admissions/document-types responded 204 in 0.1218 ms
2026-06-15 11:59:40.880 +01:00 [INF] HTTP OPTIONS /api/admissions/faculties responded 204 in 0.0278 ms
2026-06-15 11:59:40.880 +01:00 [INF] HTTP OPTIONS /api/admissions/sessions responded 204 in 0.6035 ms
2026-06-15 11:59:40.882 +01:00 [INF] HTTP OPTIONS /api/admissions/sponsors responded 204 in 0.0108 ms
2026-06-15 11:59:40.883 +01:00 [INF] HTTP OPTIONS /api/admissions/subjects responded 204 in 0.0159 ms
2026-06-15 11:59:40.884 +01:00 [INF] HTTP OPTIONS /api/admissions/faculties responded 204 in 0.0080 ms
2026-06-15 11:59:40.884 +01:00 [INF] HTTP OPTIONS /api/admissions/levels responded 204 in 0.0173 ms
2026-06-15 11:59:40.885 +01:00 [INF] HTTP OPTIONS /api/countries responded 204 in 0.0373 ms
2026-06-15 11:59:40.906 +01:00 [INF] HTTP GET /api/admissions/document-types responded 200 in 29.3172 ms
2026-06-15 11:59:40.913 +01:00 [INF] HTTP GET /api/admissions/document-types responded 200 in 31.5099 ms
2026-06-15 11:59:40.933 +01:00 [INF] Initializing Entra ID Service with TenantId: c9a98a3d-152f-4eb3-b93f-9b26fdd08495, ClientId: 84022968-6bdc-4c6b-8eab-57b75fa5d0b1, Domain: wigweuniversity.edu.ng
2026-06-15 11:59:40.934 +01:00 [INF] Entra ID Service initialized successfully
2026-06-15 11:59:40.936 +01:00 [INF] Initializing Entra ID Service with TenantId: c9a98a3d-152f-4eb3-b93f-9b26fdd08495, ClientId: 84022968-6bdc-4c6b-8eab-57b75fa5d0b1, Domain: wigweuniversity.edu.ng
2026-06-15 11:59:40.936 +01:00 [INF] Entra ID Service initialized successfully
2026-06-15 11:59:40.939 +01:00 [INF] Initializing Entra ID Service with TenantId: c9a98a3d-152f-4eb3-b93f-9b26fdd08495, ClientId: 84022968-6bdc-4c6b-8eab-57b75fa5d0b1, Domain: wigweuniversity.edu.ng
2026-06-15 11:59:40.939 +01:00 [INF] HTTP GET /api/admissions/sessions responded 200 in 54.7011 ms
2026-06-15 11:59:40.939 +01:00 [INF] Entra ID Service initialized successfully
2026-06-15 11:59:40.942 +01:00 [INF] HTTP GET /api/admissions/levels responded 200 in 34.7981 ms
2026-06-15 11:59:40.944 +01:00 [INF] HTTP GET /api/admissions/faculties responded 200 in 60.5470 ms
2026-06-15 11:59:40.963 +01:00 [INF] Initializing Entra ID Service with TenantId: c9a98a3d-152f-4eb3-b93f-9b26fdd08495, ClientId: 84022968-6bdc-4c6b-8eab-57b75fa5d0b1, Domain: wigweuniversity.edu.ng
2026-06-15 11:59:40.964 +01:00 [INF] Entra ID Service initialized successfully
2026-06-15 11:59:40.980 +01:00 [INF] Initializing Entra ID Service with TenantId: c9a98a3d-152f-4eb3-b93f-9b26fdd08495, ClientId: 84022968-6bdc-4c6b-8eab-57b75fa5d0b1, Domain: wigweuniversity.edu.ng
2026-06-15 11:59:40.980 +01:00 [INF] Entra ID Service initialized successfully
2026-06-15 11:59:40.982 +01:00 [INF] HTTP GET /api/admissions/sponsors responded 200 in 97.3893 ms
2026-06-15 11:59:40.983 +01:00 [INF] HTTP GET /api/admissions/faculties responded 200 in 37.6041 ms
2026-06-15 11:59:40.984 +01:00 [INF] Initializing Entra ID Service with TenantId: c9a98a3d-152f-4eb3-b93f-9b26fdd08495, ClientId: 84022968-6bdc-4c6b-8eab-57b75fa5d0b1, Domain: wigweuniversity.edu.ng
2026-06-15 11:59:40.985 +01:00 [INF] Entra ID Service initialized successfully
2026-06-15 11:59:40.989 +01:00 [INF] HTTP GET /api/admissions/subjects responded 200 in 103.2130 ms
2026-06-15 11:59:40.991 +01:00 [INF] HTTP GET /api/countries responded 200 in 75.2288 ms
2026-06-15 11:59:40.992 +01:00 [INF] HTTP OPTIONS /api/admissions/programs/780adcfd-92ad-4f80-8ec4-d97ae6b165e0 responded 204 in 0.0373 ms
2026-06-15 11:59:40.993 +01:00 [INF] HTTP OPTIONS /api/admissions/programs/0d17b27c-131d-4205-876a-3bd064ba8814 responded 204 in 0.0465 ms
2026-06-15 11:59:40.993 +01:00 [INF] HTTP OPTIONS /api/admissions/programs/57bcd87b-51c8-4110-a3a4-ae2f2175864e responded 204 in 0.0315 ms
2026-06-15 11:59:40.994 +01:00 [INF] HTTP OPTIONS /api/admissions/programs/5b02c1f7-ebf7-4698-8998-587a2ef867e7 responded 204 in 0.0176 ms
2026-06-15 11:59:41.012 +01:00 [INF] Initializing Entra ID Service with TenantId: c9a98a3d-152f-4eb3-b93f-9b26fdd08495, ClientId: 84022968-6bdc-4c6b-8eab-57b75fa5d0b1, Domain: wigweuniversity.edu.ng
2026-06-15 11:59:41.013 +01:00 [INF] Initializing Entra ID Service with TenantId: c9a98a3d-152f-4eb3-b93f-9b26fdd08495, ClientId: 84022968-6bdc-4c6b-8eab-57b75fa5d0b1, Domain: wigweuniversity.edu.ng
2026-06-15 11:59:41.051 +01:00 [INF] Entra ID Service initialized successfully
2026-06-15 11:59:41.051 +01:00 [INF] Entra ID Service initialized successfully
2026-06-15 11:59:41.054 +01:00 [INF] Initializing Entra ID Service with TenantId: c9a98a3d-152f-4eb3-b93f-9b26fdd08495, ClientId: 84022968-6bdc-4c6b-8eab-57b75fa5d0b1, Domain: wigweuniversity.edu.ng
2026-06-15 11:59:41.054 +01:00 [INF] HTTP GET /api/admissions/programs/57bcd87b-51c8-4110-a3a4-ae2f2175864e responded 200 in 59.0078 ms
2026-06-15 11:59:41.054 +01:00 [INF] HTTP GET /api/admissions/programs/780adcfd-92ad-4f80-8ec4-d97ae6b165e0 responded 200 in 61.1404 ms
2026-06-15 11:59:41.054 +01:00 [INF] Entra ID Service initialized successfully
2026-06-15 11:59:41.059 +01:00 [INF] HTTP GET /api/admissions/programs/0d17b27c-131d-4205-876a-3bd064ba8814 responded 200 in 64.7720 ms
2026-06-15 11:59:41.059 +01:00 [INF] Initializing Entra ID Service with TenantId: c9a98a3d-152f-4eb3-b93f-9b26fdd08495, ClientId: 84022968-6bdc-4c6b-8eab-57b75fa5d0b1, Domain: wigweuniversity.edu.ng
2026-06-15 11:59:41.059 +01:00 [INF] Entra ID Service initialized successfully
2026-06-15 11:59:41.062 +01:00 [INF] HTTP GET /api/admissions/programs/5b02c1f7-ebf7-4698-8998-587a2ef867e7 responded 200 in 65.5534 ms
2026-06-15 12:30:39.410 +01:00 [INF] HTTP OPTIONS /api/me responded 204 in 0.8927 ms
2026-06-15 12:30:39.418 +01:00 [INF] HTTP GET /api/me responded 200 in 4.1190 ms
2026-06-15 12:30:39.436 +01:00 [INF] HTTP OPTIONS /api/admissions/applications responded 204 in 0.0215 ms
2026-06-15 12:30:39.437 +01:00 [INF] HTTP OPTIONS /api/admissions/applications responded 204 in 0.2317 ms
2026-06-15 12:30:39.482 +01:00 [INF] HTTP GET /api/admissions/applications responded 401 in 35.6095 ms
2026-06-15 12:30:39.482 +01:00 [INF] HTTP GET /api/admissions/applications responded 401 in 35.2854 ms
2026-06-15 12:30:39.513 +01:00 [INF] HTTP GET /api/me responded 200 in 1.4346 ms
2026-06-15 12:30:39.641 +01:00 [INF] HTTP OPTIONS /api/me responded 204 in 0.0229 ms
2026-06-15 12:30:39.644 +01:00 [INF] HTTP GET /api/me responded 200 in 0.8735 ms
2026-06-15 12:30:39.684 +01:00 [INF] HTTP OPTIONS /api/courses/my-courses responded 204 in 0.0266 ms
2026-06-15 12:30:39.691 +01:00 [INF] HTTP GET /api/courses/my-courses responded 401 in 5.9395 ms
2026-06-15 12:30:40.455 +01:00 [INF] HTTP OPTIONS /api/admissions/document-types responded 204 in 0.0246 ms
2026-06-15 12:30:40.458 +01:00 [INF] HTTP OPTIONS /api/admissions/document-types responded 204 in 0.0138 ms
2026-06-15 12:30:40.458 +01:00 [INF] HTTP OPTIONS /api/admissions/faculties responded 204 in 0.0044 ms
2026-06-15 12:30:40.458 +01:00 [INF] HTTP OPTIONS /api/admissions/sessions responded 204 in 0.0253 ms
2026-06-15 12:30:40.461 +01:00 [INF] HTTP OPTIONS /api/admissions/sponsors responded 204 in 0.0380 ms
2026-06-15 12:30:40.462 +01:00 [INF] Initializing Entra ID Service with TenantId: c9a98a3d-152f-4eb3-b93f-9b26fdd08495, ClientId: 84022968-6bdc-4c6b-8eab-57b75fa5d0b1, Domain: wigweuniversity.edu.ng
2026-06-15 12:30:40.463 +01:00 [INF] HTTP OPTIONS /api/admissions/subjects responded 204 in 0.0132 ms
2026-06-15 12:30:40.463 +01:00 [INF] Entra ID Service initialized successfully
2026-06-15 12:30:40.464 +01:00 [INF] HTTP OPTIONS /api/admissions/levels responded 204 in 0.0164 ms
2026-06-15 12:30:40.464 +01:00 [INF] HTTP OPTIONS /api/countries responded 204 in 0.0033 ms
2026-06-15 12:30:40.472 +01:00 [INF] Initializing Entra ID Service with TenantId: c9a98a3d-152f-4eb3-b93f-9b26fdd08495, ClientId: 84022968-6bdc-4c6b-8eab-57b75fa5d0b1, Domain: wigweuniversity.edu.ng
2026-06-15 12:30:40.473 +01:00 [INF] Entra ID Service initialized successfully
2026-06-15 12:30:40.473 +01:00 [INF] Initializing Entra ID Service with TenantId: c9a98a3d-152f-4eb3-b93f-9b26fdd08495, ClientId: 84022968-6bdc-4c6b-8eab-57b75fa5d0b1, Domain: wigweuniversity.edu.ng
2026-06-15 12:30:40.473 +01:00 [INF] Entra ID Service initialized successfully
2026-06-15 12:30:40.473 +01:00 [INF] Initializing Entra ID Service with TenantId: c9a98a3d-152f-4eb3-b93f-9b26fdd08495, ClientId: 84022968-6bdc-4c6b-8eab-57b75fa5d0b1, Domain: wigweuniversity.edu.ng
2026-06-15 12:30:40.474 +01:00 [INF] Entra ID Service initialized successfully
2026-06-15 12:30:40.513 +01:00 [INF] HTTP GET /api/admissions/document-types responded 200 in 56.5953 ms
2026-06-15 12:30:40.515 +01:00 [INF] Initializing Entra ID Service with TenantId: c9a98a3d-152f-4eb3-b93f-9b26fdd08495, ClientId: 84022968-6bdc-4c6b-8eab-57b75fa5d0b1, Domain: wigweuniversity.edu.ng
2026-06-15 12:30:40.515 +01:00 [INF] Entra ID Service initialized successfully
2026-06-15 12:30:40.525 +01:00 [INF] HTTP GET /api/admissions/levels responded 200 in 10.8384 ms
2026-06-15 12:30:40.528 +01:00 [INF] HTTP GET /api/admissions/document-types responded 200 in 66.5950 ms
2026-06-15 12:30:40.532 +01:00 [INF] HTTP GET /api/countries responded 200 in 5.4583 ms
2026-06-15 12:30:40.554 +01:00 [INF] HTTP GET /api/admissions/faculties responded 200 in 81.9915 ms
2026-06-15 12:30:40.554 +01:00 [INF] HTTP GET /api/admissions/sessions responded 200 in 93.1322 ms
2026-06-15 12:30:40.556 +01:00 [INF] Initializing Entra ID Service with TenantId: c9a98a3d-152f-4eb3-b93f-9b26fdd08495, ClientId: 84022968-6bdc-4c6b-8eab-57b75fa5d0b1, Domain: wigweuniversity.edu.ng
2026-06-15 12:30:40.556 +01:00 [INF] HTTP GET /api/admissions/sponsors responded 200 in 83.6382 ms
2026-06-15 12:30:40.558 +01:00 [INF] Entra ID Service initialized successfully
2026-06-15 12:30:40.568 +01:00 [INF] HTTP GET /api/admissions/faculties responded 200 in 11.9060 ms
2026-06-15 12:30:40.576 +01:00 [INF] HTTP GET /api/admissions/subjects responded 200 in 103.5967 ms
2026-06-15 12:30:40.581 +01:00 [INF] HTTP OPTIONS /api/admissions/programs/780adcfd-92ad-4f80-8ec4-d97ae6b165e0 responded 204 in 0.0315 ms
2026-06-15 12:30:40.582 +01:00 [INF] Initializing Entra ID Service with TenantId: c9a98a3d-152f-4eb3-b93f-9b26fdd08495, ClientId: 84022968-6bdc-4c6b-8eab-57b75fa5d0b1, Domain: wigweuniversity.edu.ng
2026-06-15 12:30:40.583 +01:00 [INF] HTTP OPTIONS /api/admissions/programs/57bcd87b-51c8-4110-a3a4-ae2f2175864e responded 204 in 0.0141 ms
2026-06-15 12:30:40.583 +01:00 [INF] HTTP OPTIONS /api/admissions/programs/0d17b27c-131d-4205-876a-3bd064ba8814 responded 204 in 0.0121 ms
2026-06-15 12:30:40.583 +01:00 [INF] Entra ID Service initialized successfully
2026-06-15 12:30:40.585 +01:00 [INF] Initializing Entra ID Service with TenantId: c9a98a3d-152f-4eb3-b93f-9b26fdd08495, ClientId: 84022968-6bdc-4c6b-8eab-57b75fa5d0b1, Domain: wigweuniversity.edu.ng
2026-06-15 12:30:40.585 +01:00 [INF] Entra ID Service initialized successfully
2026-06-15 12:30:40.586 +01:00 [INF] Initializing Entra ID Service with TenantId: c9a98a3d-152f-4eb3-b93f-9b26fdd08495, ClientId: 84022968-6bdc-4c6b-8eab-57b75fa5d0b1, Domain: wigweuniversity.edu.ng
2026-06-15 12:30:40.586 +01:00 [INF] Entra ID Service initialized successfully
2026-06-15 12:30:40.586 +01:00 [INF] HTTP OPTIONS /api/admissions/programs/5b02c1f7-ebf7-4698-8998-587a2ef867e7 responded 204 in 0.0121 ms
2026-06-15 12:30:40.588 +01:00 [INF] Initializing Entra ID Service with TenantId: c9a98a3d-152f-4eb3-b93f-9b26fdd08495, ClientId: 84022968-6bdc-4c6b-8eab-57b75fa5d0b1, Domain: wigweuniversity.edu.ng
2026-06-15 12:30:40.589 +01:00 [INF] Entra ID Service initialized successfully
2026-06-15 12:30:40.589 +01:00 [INF] HTTP GET /api/admissions/programs/57bcd87b-51c8-4110-a3a4-ae2f2175864e responded 200 in 4.4451 ms
2026-06-15 12:30:40.589 +01:00 [INF] HTTP GET /api/admissions/programs/0d17b27c-131d-4205-876a-3bd064ba8814 responded 200 in 3.6104 ms
2026-06-15 12:30:40.589 +01:00 [INF] HTTP GET /api/admissions/programs/780adcfd-92ad-4f80-8ec4-d97ae6b165e0 responded 200 in 6.9287 ms
2026-06-15 12:30:40.591 +01:00 [INF] HTTP GET /api/admissions/programs/5b02c1f7-ebf7-4698-8998-587a2ef867e7 responded 200 in 3.3130 ms
2026-06-15 12:34:29.928 +01:00 [INF] HTTP OPTIONS /api/me responded 204 in 0.3677 ms
2026-06-15 12:34:29.943 +01:00 [INF] HTTP GET /api/me responded 200 in 8.3363 ms
2026-06-15 12:34:29.962 +01:00 [INF] HTTP OPTIONS /api/admissions/applications responded 204 in 0.0285 ms
2026-06-15 12:34:29.963 +01:00 [INF] HTTP OPTIONS /api/admissions/applications responded 204 in 0.0286 ms
2026-06-15 12:34:29.970 +01:00 [INF] HTTP GET /api/admissions/applications responded 401 in 2.7075 ms
2026-06-15 12:34:29.970 +01:00 [INF] HTTP GET /api/admissions/applications responded 401 in 2.7277 ms
2026-06-15 12:34:30.053 +01:00 [INF] HTTP GET /api/me responded 200 in 0.7366 ms
2026-06-15 12:34:30.061 +01:00 [INF] HTTP OPTIONS /api/me responded 204 in 0.0248 ms
2026-06-15 12:34:30.076 +01:00 [INF] HTTP GET /api/me responded 200 in 0.9219 ms
2026-06-15 12:34:30.115 +01:00 [INF] HTTP OPTIONS /api/courses/my-courses responded 204 in 0.0351 ms
2026-06-15 12:34:30.123 +01:00 [INF] HTTP GET /api/courses/my-courses responded 401 in 3.3037 ms
2026-06-15 12:34:31.324 +01:00 [INF] HTTP OPTIONS /api/admissions/document-types responded 204 in 0.0275 ms
2026-06-15 12:34:31.326 +01:00 [INF] HTTP OPTIONS /api/admissions/document-types responded 204 in 0.0242 ms
2026-06-15 12:34:31.327 +01:00 [INF] HTTP OPTIONS /api/admissions/sessions responded 204 in 0.0275 ms
2026-06-15 12:34:31.327 +01:00 [INF] HTTP OPTIONS /api/admissions/faculties responded 204 in 0.0050 ms
2026-06-15 12:34:31.328 +01:00 [INF] HTTP OPTIONS /api/admissions/sponsors responded 204 in 0.0114 ms
2026-06-15 12:34:31.329 +01:00 [INF] HTTP OPTIONS /api/admissions/subjects responded 204 in 0.0219 ms
2026-06-15 12:34:31.332 +01:00 [INF] HTTP OPTIONS /api/admissions/faculties responded 204 in 0.0267 ms
2026-06-15 12:34:31.332 +01:00 [INF] HTTP OPTIONS /api/admissions/levels responded 204 in 0.0159 ms
2026-06-15 12:34:31.334 +01:00 [INF] Initializing Entra ID Service with TenantId: c9a98a3d-152f-4eb3-b93f-9b26fdd08495, ClientId: 84022968-6bdc-4c6b-8eab-57b75fa5d0b1, Domain: wigweuniversity.edu.ng
2026-06-15 12:34:31.334 +01:00 [INF] Initializing Entra ID Service with TenantId: c9a98a3d-152f-4eb3-b93f-9b26fdd08495, ClientId: 84022968-6bdc-4c6b-8eab-57b75fa5d0b1, Domain: wigweuniversity.edu.ng
2026-06-15 12:34:31.335 +01:00 [INF] Entra ID Service initialized successfully
2026-06-15 12:34:31.335 +01:00 [INF] Entra ID Service initialized successfully
2026-06-15 12:34:31.336 +01:00 [INF] Initializing Entra ID Service with TenantId: c9a98a3d-152f-4eb3-b93f-9b26fdd08495, ClientId: 84022968-6bdc-4c6b-8eab-57b75fa5d0b1, Domain: wigweuniversity.edu.ng
2026-06-15 12:34:31.336 +01:00 [INF] Entra ID Service initialized successfully
2026-06-15 12:34:31.337 +01:00 [INF] HTTP OPTIONS /api/countries responded 204 in 0.0565 ms
2026-06-15 12:34:31.338 +01:00 [INF] Initializing Entra ID Service with TenantId: c9a98a3d-152f-4eb3-b93f-9b26fdd08495, ClientId: 84022968-6bdc-4c6b-8eab-57b75fa5d0b1, Domain: wigweuniversity.edu.ng
2026-06-15 12:34:31.338 +01:00 [INF] Entra ID Service initialized successfully
2026-06-15 12:34:31.359 +01:00 [INF] HTTP GET /api/admissions/faculties responded 200 in 26.9425 ms
2026-06-15 12:34:31.360 +01:00 [INF] HTTP GET /api/admissions/document-types responded 200 in 32.3849 ms
2026-06-15 12:34:31.361 +01:00 [INF] HTTP GET /api/admissions/document-types responded 200 in 33.7890 ms
2026-06-15 12:34:31.361 +01:00 [INF] HTTP GET /api/admissions/sponsors responded 200 in 25.3988 ms
2026-06-15 12:34:31.362 +01:00 [INF] Initializing Entra ID Service with TenantId: c9a98a3d-152f-4eb3-b93f-9b26fdd08495, ClientId: 84022968-6bdc-4c6b-8eab-57b75fa5d0b1, Domain: wigweuniversity.edu.ng
2026-06-15 12:34:31.362 +01:00 [INF] Entra ID Service initialized successfully
2026-06-15 12:34:31.371 +01:00 [INF] HTTP GET /api/countries responded 200 in 9.4906 ms
2026-06-15 12:34:31.371 +01:00 [INF] Initializing Entra ID Service with TenantId: c9a98a3d-152f-4eb3-b93f-9b26fdd08495, ClientId: 84022968-6bdc-4c6b-8eab-57b75fa5d0b1, Domain: wigweuniversity.edu.ng
2026-06-15 12:34:31.372 +01:00 [INF] Entra ID Service initialized successfully
2026-06-15 12:34:31.375 +01:00 [INF] HTTP GET /api/admissions/faculties responded 200 in 3.7680 ms
2026-06-15 12:34:31.378 +01:00 [INF] HTTP GET /api/admissions/levels responded 200 in 17.1251 ms
2026-06-15 12:34:31.383 +01:00 [INF] HTTP OPTIONS /api/admissions/programs/780adcfd-92ad-4f80-8ec4-d97ae6b165e0 responded 204 in 0.0386 ms
2026-06-15 12:34:31.383 +01:00 [INF] HTTP OPTIONS /api/admissions/programs/0d17b27c-131d-4205-876a-3bd064ba8814 responded 204 in 0.0178 ms
2026-06-15 12:34:31.384 +01:00 [INF] HTTP OPTIONS /api/admissions/programs/57bcd87b-51c8-4110-a3a4-ae2f2175864e responded 204 in 0.0072 ms
2026-06-15 12:34:31.386 +01:00 [INF] HTTP OPTIONS /api/admissions/programs/5b02c1f7-ebf7-4698-8998-587a2ef867e7 responded 204 in 0.0635 ms
2026-06-15 12:34:31.389 +01:00 [INF] Initializing Entra ID Service with TenantId: c9a98a3d-152f-4eb3-b93f-9b26fdd08495, ClientId: 84022968-6bdc-4c6b-8eab-57b75fa5d0b1, Domain: wigweuniversity.edu.ng
2026-06-15 12:34:31.389 +01:00 [INF] Entra ID Service initialized successfully
2026-06-15 12:34:31.390 +01:00 [INF] Initializing Entra ID Service with TenantId: c9a98a3d-152f-4eb3-b93f-9b26fdd08495, ClientId: 84022968-6bdc-4c6b-8eab-57b75fa5d0b1, Domain: wigweuniversity.edu.ng
2026-06-15 12:34:31.390 +01:00 [INF] Initializing Entra ID Service with TenantId: c9a98a3d-152f-4eb3-b93f-9b26fdd08495, ClientId: 84022968-6bdc-4c6b-8eab-57b75fa5d0b1, Domain: wigweuniversity.edu.ng
2026-06-15 12:34:31.390 +01:00 [INF] Entra ID Service initialized successfully
2026-06-15 12:34:31.390 +01:00 [INF] Entra ID Service initialized successfully
2026-06-15 12:34:31.391 +01:00 [INF] HTTP GET /api/admissions/sessions responded 200 in 58.7756 ms
2026-06-15 12:34:31.391 +01:00 [INF] HTTP GET /api/admissions/subjects responded 200 in 53.7281 ms
2026-06-15 12:34:31.393 +01:00 [INF] Initializing Entra ID Service with TenantId: c9a98a3d-152f-4eb3-b93f-9b26fdd08495, ClientId: 84022968-6bdc-4c6b-8eab-57b75fa5d0b1, Domain: wigweuniversity.edu.ng
2026-06-15 12:34:31.393 +01:00 [INF] Entra ID Service initialized successfully
2026-06-15 12:34:31.396 +01:00 [INF] HTTP GET /api/admissions/programs/0d17b27c-131d-4205-876a-3bd064ba8814 responded 200 in 10.0615 ms
2026-06-15 12:34:31.396 +01:00 [INF] HTTP GET /api/admissions/programs/57bcd87b-51c8-4110-a3a4-ae2f2175864e responded 200 in 10.2382 ms
2026-06-15 12:34:31.396 +01:00 [INF] HTTP GET /api/admissions/programs/780adcfd-92ad-4f80-8ec4-d97ae6b165e0 responded 200 in 10.3170 ms
2026-06-15 12:34:31.398 +01:00 [INF] HTTP GET /api/admissions/programs/5b02c1f7-ebf7-4698-8998-587a2ef867e7 responded 200 in 5.4926 ms
2026-06-15 13:14:21.528 +01:00 [INF] HTTP OPTIONS /api/me responded 204 in 0.4431 ms
2026-06-15 13:14:21.591 +01:00 [INF] HTTP GET /api/me responded 200 in 61.0122 ms
2026-06-15 13:14:30.671 +01:00 [INF] HTTP OPTIONS /api/admin/courses responded 204 in 0.0603 ms
2026-06-15 13:14:30.674 +01:00 [INF] HTTP OPTIONS /api/admin/programs responded 204 in 0.0312 ms
2026-06-15 13:14:30.728 +01:00 [INF] HTTP GET /api/admin/programs responded 200 in 45.1188 ms
2026-06-15 13:14:30.768 +01:00 [INF] HTTP GET /api/admin/courses responded 200 in 93.6678 ms
2026-06-15 13:15:56.289 +01:00 [INF] HTTP OPTIONS /api/admin/programs responded 204 in 0.1139 ms
2026-06-15 13:15:56.289 +01:00 [INF] HTTP OPTIONS /api/admin/courses responded 204 in 0.0840 ms
2026-06-15 13:15:56.314 +01:00 [INF] HTTP OPTIONS /api/courses/my-courses responded 204 in 0.0489 ms
2026-06-15 13:15:56.330 +01:00 [INF] HTTP GET /api/courses/my-courses responded 401 in 11.3585 ms
2026-06-15 13:15:56.355 +01:00 [INF] HTTP GET /api/admin/programs responded 200 in 63.1093 ms
2026-06-15 13:15:56.391 +01:00 [INF] HTTP GET /api/admin/courses responded 200 in 100.5694 ms
2026-06-15 13:16:01.010 +01:00 [INF] HTTP GET /api/admin/programs responded 200 in 68.5129 ms
2026-06-15 13:16:01.014 +01:00 [INF] HTTP OPTIONS /api/admin/programs/563617bb-5f66-4032-a765-04ba7b4dab4c/curricula responded 204 in 0.0582 ms
2026-06-15 13:16:01.014 +01:00 [INF] HTTP OPTIONS /api/admin/programs/6890d4e9-7fa7-4c90-a69c-00b1d40f24ab/curricula responded 204 in 0.0578 ms
2026-06-15 13:16:01.016 +01:00 [INF] HTTP OPTIONS /api/admin/programs/71f5092d-27ce-43c2-ac10-0759dfe391ef/curricula responded 204 in 0.0882 ms
2026-06-15 13:16:01.023 +01:00 [INF] HTTP OPTIONS /api/admin/programs/f94fe24b-8781-4d68-9bdb-2056692c6e91/curricula responded 204 in 1.7406 ms
2026-06-15 13:16:01.024 +01:00 [INF] HTTP OPTIONS /api/admin/programs/5126c1a2-28cc-4a6e-9223-20f0298da20b/curricula responded 204 in 0.8815 ms
2026-06-15 13:16:01.026 +01:00 [INF] HTTP OPTIONS /api/admin/programs/bfe9d5d2-b914-4b87-a068-4aedff2cbd5f/curricula responded 204 in 0.1189 ms
2026-06-15 13:16:01.027 +01:00 [INF] HTTP OPTIONS /api/admin/programs/6ca9564b-b745-43be-aa3f-4dedad7eb9f7/curricula responded 204 in 0.0118 ms
2026-06-15 13:16:01.027 +01:00 [INF] HTTP OPTIONS /api/admin/programs/2b09cc5a-2a1e-49bf-b539-532eeafaeff9/curricula responded 204 in 0.0025 ms
2026-06-15 13:16:01.027 +01:00 [INF] HTTP OPTIONS /api/admin/programs/8fe7febc-5eca-4458-a437-5512650eb0b6/curricula responded 204 in 0.0026 ms
2026-06-15 13:16:01.030 +01:00 [INF] HTTP OPTIONS /api/admin/programs/8ee99692-b09b-4e10-9852-66b590651a22/curricula responded 204 in 0.0309 ms
2026-06-15 13:16:01.030 +01:00 [INF] HTTP OPTIONS /api/admin/programs/747ff8cd-5660-438a-b23d-5d30f0a5a888/curricula responded 204 in 0.0246 ms
2026-06-15 13:16:01.031 +01:00 [INF] HTTP OPTIONS /api/admin/programs/adcfa75d-3589-41c3-837c-6a5e70cc57d7/curricula responded 204 in 0.0068 ms
2026-06-15 13:16:01.034 +01:00 [INF] HTTP OPTIONS /api/admin/programs/156c61fa-b96b-40e7-b39e-705751b440c3/curricula responded 204 in 0.0220 ms
2026-06-15 13:16:01.034 +01:00 [INF] HTTP OPTIONS /api/admin/programs/7096914e-1b13-4d65-a15e-8bc1a0e8ba2c/curricula responded 204 in 0.0137 ms
2026-06-15 13:16:01.034 +01:00 [INF] HTTP OPTIONS /api/admin/programs/8198d36b-7ffa-4fd5-a3aa-9448ba191a38/curricula responded 204 in 0.0050 ms
2026-06-15 13:16:01.035 +01:00 [INF] HTTP OPTIONS /api/admin/programs/f31b48cd-2858-4e82-ad94-9cc31c75a527/curricula responded 204 in 0.0160 ms
2026-06-15 13:16:01.035 +01:00 [INF] HTTP OPTIONS /api/admin/programs/97e9e9d4-946c-46da-af1a-9e32f6a1504a/curricula responded 204 in 0.0195 ms
2026-06-15 13:16:01.035 +01:00 [INF] HTTP OPTIONS /api/admin/programs/baeb4a0e-abfa-437e-a0c6-97267d61ffa3/curricula responded 204 in 0.0050 ms
2026-06-15 13:16:01.037 +01:00 [INF] HTTP OPTIONS /api/admin/programs/7df306ce-4256-4fbf-8dc4-afbd70d0a251/curricula responded 204 in 0.0265 ms
2026-06-15 13:16:01.037 +01:00 [INF] HTTP OPTIONS /api/admin/programs/6351fee0-7260-4e43-9563-a7477eb2d87b/curricula responded 204 in 0.0046 ms
2026-06-15 13:16:01.037 +01:00 [INF] HTTP OPTIONS /api/admin/programs/6ba7f2e0-f36f-49ff-9a39-bd0ccfab5775/curricula responded 204 in 0.0023 ms
2026-06-15 13:16:01.038 +01:00 [INF] HTTP OPTIONS /api/admin/programs/56c76fe9-0f6a-439b-a699-bd2358434346/curricula responded 204 in 0.0130 ms
2026-06-15 13:16:01.038 +01:00 [INF] HTTP OPTIONS /api/admin/programs/469d40fd-2959-4622-bdda-c27b1139df60/curricula responded 204 in 0.0054 ms
2026-06-15 13:16:01.039 +01:00 [INF] HTTP OPTIONS /api/admin/programs/fc8eb05b-5c06-429b-bf42-d2ffc2f8baa9/curricula responded 204 in 0.0149 ms
2026-06-15 13:16:01.039 +01:00 [INF] HTTP OPTIONS /api/admin/programs/caa77aee-8674-4f31-b364-c8df0864afd6/curricula responded 204 in 0.0175 ms
2026-06-15 13:16:01.038 +01:00 [INF] HTTP OPTIONS /api/admin/programs/d653b1ad-d0d3-4009-babb-c098662147b2/curricula responded 204 in 0.0130 ms
2026-06-15 13:16:01.040 +01:00 [INF] HTTP OPTIONS /api/admin/programs/b8976684-96ea-440d-8cd3-db1adaebae47/curricula responded 204 in 0.0181 ms
2026-06-15 13:16:01.040 +01:00 [INF] HTTP OPTIONS /api/admin/programs/bf6986da-c275-482e-b5ca-e94b5b2a6fec/curricula responded 204 in 0.0029 ms
2026-06-15 13:16:01.041 +01:00 [INF] HTTP OPTIONS /api/admin/programs/1e99fb97-7c53-4c22-9975-eeebf693bef0/curricula responded 204 in 0.0133 ms
2026-06-15 13:16:01.041 +01:00 [INF] HTTP OPTIONS /api/admin/programs/302cd18f-647b-4c3e-9034-ef8ee6d0390e/curricula responded 204 in 0.0146 ms
2026-06-15 13:16:01.042 +01:00 [INF] HTTP OPTIONS /api/admin/programs/729e1de3-50c3-4bb3-b46c-fb90a37dcba2/curricula responded 204 in 0.0209 ms
2026-06-15 13:16:01.058 +01:00 [INF] HTTP GET /api/admin/programs/6890d4e9-7fa7-4c90-a69c-00b1d40f24ab/curricula responded 200 in 40.8813 ms
2026-06-15 13:16:01.058 +01:00 [INF] HTTP GET /api/admin/programs/563617bb-5f66-4032-a765-04ba7b4dab4c/curricula responded 200 in 41.2068 ms
2026-06-15 13:16:01.090 +01:00 [INF] HTTP GET /api/admin/programs/6ca9564b-b745-43be-aa3f-4dedad7eb9f7/curricula responded 200 in 31.8822 ms
2026-06-15 13:16:01.094 +01:00 [INF] HTTP GET /api/admin/programs/2b09cc5a-2a1e-49bf-b539-532eeafaeff9/curricula responded 200 in 35.5315 ms
2026-06-15 13:16:01.099 +01:00 [INF] HTTP GET /api/admin/programs/71f5092d-27ce-43c2-ac10-0759dfe391ef/curricula responded 200 in 80.1078 ms
2026-06-15 13:16:01.113 +01:00 [INF] HTTP GET /api/admin/programs/8fe7febc-5eca-4458-a437-5512650eb0b6/curricula responded 200 in 21.4848 ms
2026-06-15 13:16:01.117 +01:00 [INF] HTTP GET /api/admin/programs/8ee99692-b09b-4e10-9852-66b590651a22/curricula responded 200 in 22.0753 ms
2026-06-15 13:16:01.120 +01:00 [INF] HTTP GET /api/admin/programs/747ff8cd-5660-438a-b23d-5d30f0a5a888/curricula responded 200 in 20.6932 ms
2026-06-15 13:16:01.131 +01:00 [INF] HTTP GET /api/admin/programs/f94fe24b-8781-4d68-9bdb-2056692c6e91/curricula responded 200 in 89.1149 ms
2026-06-15 13:16:01.142 +01:00 [INF] HTTP GET /api/admin/programs/adcfa75d-3589-41c3-837c-6a5e70cc57d7/curricula responded 200 in 28.0090 ms
2026-06-15 13:16:01.149 +01:00 [INF] HTTP GET /api/admin/programs/156c61fa-b96b-40e7-b39e-705751b440c3/curricula responded 200 in 30.3346 ms
2026-06-15 13:16:01.153 +01:00 [INF] HTTP GET /api/admin/programs/7096914e-1b13-4d65-a15e-8bc1a0e8ba2c/curricula responded 200 in 31.2442 ms
2026-06-15 13:16:01.161 +01:00 [INF] HTTP GET /api/admin/programs/8198d36b-7ffa-4fd5-a3aa-9448ba191a38/curricula responded 200 in 29.3058 ms
2026-06-15 13:16:01.166 +01:00 [INF] HTTP GET /api/admin/programs/bfe9d5d2-b914-4b87-a068-4aedff2cbd5f/curricula responded 200 in 122.3356 ms
2026-06-15 13:16:01.171 +01:00 [INF] HTTP GET /api/admin/programs/f31b48cd-2858-4e82-ad94-9cc31c75a527/curricula responded 200 in 24.7972 ms
2026-06-15 13:16:01.173 +01:00 [INF] HTTP GET /api/admin/programs/97e9e9d4-946c-46da-af1a-9e32f6a1504a/curricula responded 200 in 22.2730 ms
2026-06-15 13:16:01.178 +01:00 [INF] HTTP GET /api/admin/programs/baeb4a0e-abfa-437e-a0c6-97267d61ffa3/curricula responded 200 in 23.4971 ms
2026-06-15 13:16:01.182 +01:00 [INF] HTTP GET /api/admin/programs/7df306ce-4256-4fbf-8dc4-afbd70d0a251/curricula responded 200 in 20.0848 ms
2026-06-15 13:16:01.184 +01:00 [INF] HTTP GET /api/admin/programs/5126c1a2-28cc-4a6e-9223-20f0298da20b/curricula responded 200 in 140.5096 ms
2026-06-15 13:16:01.186 +01:00 [INF] HTTP GET /api/admin/programs/6351fee0-7260-4e43-9563-a7477eb2d87b/curricula responded 200 in 18.7121 ms
2026-06-15 13:16:01.191 +01:00 [INF] HTTP GET /api/admin/programs/6ba7f2e0-f36f-49ff-9a39-bd0ccfab5775/curricula responded 200 in 19.2763 ms
2026-06-15 13:16:01.197 +01:00 [INF] HTTP GET /api/admin/programs/56c76fe9-0f6a-439b-a699-bd2358434346/curricula responded 200 in 23.6000 ms
2026-06-15 13:16:01.199 +01:00 [INF] HTTP GET /api/admin/programs/469d40fd-2959-4622-bdda-c27b1139df60/curricula responded 200 in 19.8596 ms
2026-06-15 13:16:01.216 +01:00 [INF] HTTP GET /api/admin/programs/fc8eb05b-5c06-429b-bf42-d2ffc2f8baa9/curricula responded 200 in 33.5495 ms
2026-06-15 13:16:01.221 +01:00 [INF] HTTP GET /api/admin/programs/caa77aee-8674-4f31-b364-c8df0864afd6/curricula responded 200 in 35.8029 ms
2026-06-15 13:16:01.224 +01:00 [INF] HTTP GET /api/admin/programs/d653b1ad-d0d3-4009-babb-c098662147b2/curricula responded 200 in 37.0384 ms
2026-06-15 13:16:01.230 +01:00 [INF] HTTP GET /api/admin/programs/b8976684-96ea-440d-8cd3-db1adaebae47/curricula responded 200 in 38.2316 ms
2026-06-15 13:16:01.233 +01:00 [INF] HTTP GET /api/admin/programs/bf6986da-c275-482e-b5ca-e94b5b2a6fec/curricula responded 200 in 35.0666 ms
2026-06-15 13:16:01.240 +01:00 [INF] HTTP GET /api/admin/programs/1e99fb97-7c53-4c22-9975-eeebf693bef0/curricula responded 200 in 40.9182 ms
2026-06-15 13:16:01.242 +01:00 [INF] HTTP GET /api/admin/programs/729e1de3-50c3-4bb3-b46c-fb90a37dcba2/curricula responded 200 in 20.1076 ms
2026-06-15 13:16:01.242 +01:00 [INF] HTTP GET /api/admin/programs/302cd18f-647b-4c3e-9034-ef8ee6d0390e/curricula responded 200 in 22.3293 ms
2026-06-15 13:16:15.172 +01:00 [INF] HTTP GET /api/admin/programs responded 200 in 33.0632 ms
2026-06-15 13:16:15.191 +01:00 [INF] HTTP GET /api/admin/students responded 200 in 50.6274 ms
2026-06-15 13:16:20.428 +01:00 [INF] HTTP GET /api/admin/students/101844da-89c5-4baf-b6e7-28f6036d1baf responded 200 in 48.6185 ms
2026-06-15 13:16:22.933 +01:00 [INF] HTTP GET /api/admin/students/101844da-89c5-4baf-b6e7-28f6036d1baf/results responded 200 in 219.9747 ms
2026-06-15 13:16:53.662 +01:00 [INF] HTTP OPTIONS /api/registry/stats responded 204 in 0.0738 ms
2026-06-15 13:16:53.733 +01:00 [INF] HTTP GET /api/registry/stats responded 200 in 68.7531 ms
2026-06-15 13:16:55.089 +01:00 [INF] HTTP OPTIONS /api/admin/sessions responded 204 in 0.0823 ms
2026-06-15 13:16:55.123 +01:00 [INF] HTTP GET /api/admin/sessions responded 200 in 24.1285 ms
2026-06-15 13:17:36.790 +01:00 [INF] HTTP GET /api/admin/students responded 200 in 40.7328 ms
2026-06-15 13:17:36.793 +01:00 [INF] HTTP GET /api/admin/programs responded 200 in 45.5180 ms
2026-06-15 13:17:38.593 +01:00 [INF] HTTP GET /api/admin/students/101844da-89c5-4baf-b6e7-28f6036d1baf responded 200 in 32.5007 ms
2026-06-15 13:17:40.295 +01:00 [INF] HTTP GET /api/admin/students/101844da-89c5-4baf-b6e7-28f6036d1baf/results responded 200 in 69.0087 ms
2026-06-15 13:42:52.446 +01:00 [INF] HTTP OPTIONS /api/me responded 204 in 0.3944 ms
2026-06-15 13:42:52.537 +01:00 [INF] HTTP GET /api/me responded 200 in 89.2601 ms
2026-06-15 13:42:52.600 +01:00 [INF] HTTP GET /api/admin/students/101844da-89c5-4baf-b6e7-28f6036d1baf responded 200 in 33.4758 ms
2026-06-15 13:42:57.861 +01:00 [INF] HTTP GET /api/admin/students/101844da-89c5-4baf-b6e7-28f6036d1baf/results responded 200 in 44.3171 ms
2026-06-15 13:48:52.864 +01:00 [INF] HTTP OPTIONS /api/me responded 204 in 2.6854 ms
2026-06-15 13:48:53.095 +01:00 [INF] HTTP OPTIONS /api/me responded 204 in 0.0249 ms
2026-06-15 13:48:53.156 +01:00 [INF] HTTP GET /api/me responded 200 in 33.0527 ms
2026-06-15 13:48:53.216 +01:00 [INF] HTTP OPTIONS /api/courses/my-courses responded 204 in 0.0309 ms
2026-06-15 13:48:53.237 +01:00 [INF] HTTP GET /api/courses/my-courses responded 401 in 15.3961 ms
2026-06-15 13:48:53.282 +01:00 [INF] HTTP GET /api/me responded 200 in 409.6269 ms
2026-06-15 13:48:53.350 +01:00 [INF] HTTP GET /api/me responded 200 in 66.6136 ms
2026-06-15 13:48:53.512 +01:00 [INF] HTTP GET /api/admin/students/101844da-89c5-4baf-b6e7-28f6036d1baf responded 200 in 136.6372 ms
2026-06-15 13:48:57.993 +01:00 [INF] HTTP OPTIONS /api/admissions/document-types responded 204 in 0.0499 ms
2026-06-15 13:48:57.994 +01:00 [INF] HTTP OPTIONS /api/admissions/document-types responded 204 in 0.0080 ms
2026-06-15 13:48:57.997 +01:00 [INF] HTTP OPTIONS /api/admissions/faculties responded 204 in 0.0364 ms
2026-06-15 13:48:57.997 +01:00 [INF] HTTP OPTIONS /api/admissions/sessions responded 204 in 0.0220 ms
2026-06-15 13:48:57.998 +01:00 [INF] HTTP OPTIONS /api/admissions/sponsors responded 204 in 0.0210 ms
2026-06-15 13:48:57.999 +01:00 [INF] HTTP OPTIONS /api/admissions/subjects responded 204 in 0.0159 ms
2026-06-15 13:48:58.000 +01:00 [INF] HTTP OPTIONS /api/admissions/levels responded 204 in 0.0239 ms
2026-06-15 13:48:58.026 +01:00 [INF] HTTP GET /api/admissions/document-types responded 200 in 31.6135 ms
2026-06-15 13:48:58.041 +01:00 [INF] HTTP OPTIONS /api/countries responded 204 in 0.0248 ms
2026-06-15 13:48:58.078 +01:00 [INF] HTTP GET /api/admissions/document-types responded 200 in 83.6142 ms
2026-06-15 13:48:58.081 +01:00 [INF] Initializing Entra ID Service with TenantId: c9a98a3d-152f-4eb3-b93f-9b26fdd08495, ClientId: 84022968-6bdc-4c6b-8eab-57b75fa5d0b1, Domain: wigweuniversity.edu.ng
2026-06-15 13:48:58.082 +01:00 [INF] Entra ID Service initialized successfully
2026-06-15 13:48:58.095 +01:00 [INF] Initializing Entra ID Service with TenantId: c9a98a3d-152f-4eb3-b93f-9b26fdd08495, ClientId: 84022968-6bdc-4c6b-8eab-57b75fa5d0b1, Domain: wigweuniversity.edu.ng
2026-06-15 13:48:58.095 +01:00 [INF] Entra ID Service initialized successfully
2026-06-15 13:48:58.098 +01:00 [INF] Initializing Entra ID Service with TenantId: c9a98a3d-152f-4eb3-b93f-9b26fdd08495, ClientId: 84022968-6bdc-4c6b-8eab-57b75fa5d0b1, Domain: wigweuniversity.edu.ng
2026-06-15 13:48:58.098 +01:00 [INF] Entra ID Service initialized successfully
2026-06-15 13:48:58.099 +01:00 [INF] HTTP GET /api/admissions/sessions responded 200 in 100.2474 ms
2026-06-15 13:48:58.102 +01:00 [INF] HTTP GET /api/admissions/subjects responded 200 in 101.3880 ms
2026-06-15 13:48:58.103 +01:00 [INF] Initializing Entra ID Service with TenantId: c9a98a3d-152f-4eb3-b93f-9b26fdd08495, ClientId: 84022968-6bdc-4c6b-8eab-57b75fa5d0b1, Domain: wigweuniversity.edu.ng
2026-06-15 13:48:58.103 +01:00 [INF] Entra ID Service initialized successfully
2026-06-15 13:48:58.108 +01:00 [INF] HTTP GET /api/admissions/sponsors responded 200 in 109.5342 ms
2026-06-15 13:48:58.113 +01:00 [INF] HTTP GET /api/admissions/faculties responded 200 in 114.9051 ms
2026-06-15 13:48:58.124 +01:00 [INF] Initializing Entra ID Service with TenantId: c9a98a3d-152f-4eb3-b93f-9b26fdd08495, ClientId: 84022968-6bdc-4c6b-8eab-57b75fa5d0b1, Domain: wigweuniversity.edu.ng
2026-06-15 13:48:58.125 +01:00 [INF] Entra ID Service initialized successfully
2026-06-15 13:48:58.132 +01:00 [INF] HTTP GET /api/countries responded 200 in 51.3084 ms
2026-06-15 13:48:58.132 +01:00 [INF] HTTP GET /api/admissions/levels responded 200 in 80.6473 ms
2026-06-15 13:48:58.133 +01:00 [INF] Initializing Entra ID Service with TenantId: c9a98a3d-152f-4eb3-b93f-9b26fdd08495, ClientId: 84022968-6bdc-4c6b-8eab-57b75fa5d0b1, Domain: wigweuniversity.edu.ng
2026-06-15 13:48:58.134 +01:00 [INF] Entra ID Service initialized successfully
2026-06-15 13:48:58.136 +01:00 [INF] HTTP GET /api/admissions/faculties responded 200 in 21.5348 ms
2026-06-15 13:48:58.340 +01:00 [INF] HTTP OPTIONS /api/admissions/programs/780adcfd-92ad-4f80-8ec4-d97ae6b165e0 responded 204 in 0.0310 ms
2026-06-15 13:48:58.341 +01:00 [INF] HTTP OPTIONS /api/admissions/programs/0d17b27c-131d-4205-876a-3bd064ba8814 responded 204 in 0.0126 ms
2026-06-15 13:48:58.343 +01:00 [INF] HTTP OPTIONS /api/admissions/programs/57bcd87b-51c8-4110-a3a4-ae2f2175864e responded 204 in 0.0119 ms
2026-06-15 13:48:58.344 +01:00 [INF] HTTP OPTIONS /api/admissions/programs/5b02c1f7-ebf7-4698-8998-587a2ef867e7 responded 204 in 0.0069 ms
2026-06-15 13:48:58.356 +01:00 [INF] Initializing Entra ID Service with TenantId: c9a98a3d-152f-4eb3-b93f-9b26fdd08495, ClientId: 84022968-6bdc-4c6b-8eab-57b75fa5d0b1, Domain: wigweuniversity.edu.ng
2026-06-15 13:48:58.356 +01:00 [INF] Entra ID Service initialized successfully
2026-06-15 13:48:58.357 +01:00 [INF] Initializing Entra ID Service with TenantId: c9a98a3d-152f-4eb3-b93f-9b26fdd08495, ClientId: 84022968-6bdc-4c6b-8eab-57b75fa5d0b1, Domain: wigweuniversity.edu.ng
2026-06-15 13:48:58.358 +01:00 [INF] Entra ID Service initialized successfully
2026-06-15 13:48:58.359 +01:00 [INF] Initializing Entra ID Service with TenantId: c9a98a3d-152f-4eb3-b93f-9b26fdd08495, ClientId: 84022968-6bdc-4c6b-8eab-57b75fa5d0b1, Domain: wigweuniversity.edu.ng
2026-06-15 13:48:58.359 +01:00 [INF] Entra ID Service initialized successfully
2026-06-15 13:48:58.360 +01:00 [INF] HTTP GET /api/admissions/programs/780adcfd-92ad-4f80-8ec4-d97ae6b165e0 responded 200 in 18.2841 ms
2026-06-15 13:48:58.361 +01:00 [INF] HTTP GET /api/admissions/programs/0d17b27c-131d-4205-876a-3bd064ba8814 responded 200 in 19.4820 ms
2026-06-15 13:48:58.362 +01:00 [INF] HTTP GET /api/admissions/programs/5b02c1f7-ebf7-4698-8998-587a2ef867e7 responded 200 in 17.2454 ms
2026-06-15 13:48:58.363 +01:00 [INF] Initializing Entra ID Service with TenantId: c9a98a3d-152f-4eb3-b93f-9b26fdd08495, ClientId: 84022968-6bdc-4c6b-8eab-57b75fa5d0b1, Domain: wigweuniversity.edu.ng
2026-06-15 13:48:58.363 +01:00 [INF] Entra ID Service initialized successfully
2026-06-15 13:48:58.365 +01:00 [INF] HTTP GET /api/admissions/programs/57bcd87b-51c8-4110-a3a4-ae2f2175864e responded 200 in 21.9363 ms
2026-06-15 13:53:29.590 +01:00 [INF] HTTP OPTIONS /api/me responded 204 in 1.3246 ms
2026-06-15 13:53:29.743 +01:00 [INF] HTTP GET /api/me responded 200 in 144.4225 ms
2026-06-15 13:53:29.839 +01:00 [INF] HTTP GET /api/me responded 200 in 93.9239 ms
2026-06-15 13:53:29.843 +01:00 [INF] HTTP OPTIONS /api/me responded 204 in 0.0458 ms
2026-06-15 13:53:29.847 +01:00 [INF] HTTP GET /api/me responded 200 in 1.1702 ms
2026-06-15 13:53:29.899 +01:00 [INF] HTTP OPTIONS /api/courses/my-courses responded 204 in 0.0268 ms
2026-06-15 13:53:29.919 +01:00 [INF] HTTP GET /api/courses/my-courses responded 401 in 9.2799 ms
2026-06-15 13:53:29.922 +01:00 [INF] HTTP GET /api/admin/students/101844da-89c5-4baf-b6e7-28f6036d1baf responded 200 in 67.0403 ms
2026-06-15 13:53:31.063 +01:00 [INF] HTTP OPTIONS /api/admissions/document-types responded 204 in 0.0420 ms
2026-06-15 13:53:31.068 +01:00 [INF] HTTP OPTIONS /api/admissions/document-types responded 204 in 0.0395 ms
2026-06-15 13:53:31.068 +01:00 [INF] HTTP OPTIONS /api/admissions/sessions responded 204 in 0.4301 ms
2026-06-15 13:53:31.069 +01:00 [INF] HTTP OPTIONS /api/admissions/faculties responded 204 in 0.0199 ms
2026-06-15 13:53:31.069 +01:00 [INF] HTTP OPTIONS /api/admissions/sponsors responded 204 in 0.0083 ms
2026-06-15 13:53:31.070 +01:00 [INF] HTTP OPTIONS /api/admissions/subjects responded 204 in 0.0059 ms
2026-06-15 13:53:31.079 +01:00 [INF] HTTP OPTIONS /api/admissions/levels responded 204 in 0.0100 ms
2026-06-15 13:53:31.079 +01:00 [INF] HTTP OPTIONS /api/admissions/faculties responded 204 in 0.0177 ms
2026-06-15 13:53:31.084 +01:00 [INF] HTTP OPTIONS /api/countries responded 204 in 0.0289 ms
2026-06-15 13:53:31.131 +01:00 [INF] Initializing Entra ID Service with TenantId: c9a98a3d-152f-4eb3-b93f-9b26fdd08495, ClientId: 84022968-6bdc-4c6b-8eab-57b75fa5d0b1, Domain: wigweuniversity.edu.ng
2026-06-15 13:53:31.132 +01:00 [INF] HTTP GET /api/admissions/document-types responded 200 in 52.6636 ms
2026-06-15 13:53:31.132 +01:00 [INF] Initializing Entra ID Service with TenantId: c9a98a3d-152f-4eb3-b93f-9b26fdd08495, ClientId: 84022968-6bdc-4c6b-8eab-57b75fa5d0b1, Domain: wigweuniversity.edu.ng
2026-06-15 13:53:31.133 +01:00 [INF] Entra ID Service initialized successfully
2026-06-15 13:53:31.133 +01:00 [INF] Entra ID Service initialized successfully
2026-06-15 13:53:31.144 +01:00 [INF] HTTP GET /api/admissions/faculties responded 200 in 64.0414 ms
2026-06-15 13:53:31.149 +01:00 [INF] HTTP GET /api/admissions/sessions responded 200 in 69.5090 ms
2026-06-15 13:53:31.150 +01:00 [INF] Initializing Entra ID Service with TenantId: c9a98a3d-152f-4eb3-b93f-9b26fdd08495, ClientId: 84022968-6bdc-4c6b-8eab-57b75fa5d0b1, Domain: wigweuniversity.edu.ng
2026-06-15 13:53:31.151 +01:00 [INF] Entra ID Service initialized successfully
2026-06-15 13:53:31.156 +01:00 [INF] HTTP GET /api/admissions/subjects responded 200 in 68.9723 ms
2026-06-15 13:53:31.167 +01:00 [INF] Initializing Entra ID Service with TenantId: c9a98a3d-152f-4eb3-b93f-9b26fdd08495, ClientId: 84022968-6bdc-4c6b-8eab-57b75fa5d0b1, Domain: wigweuniversity.edu.ng
2026-06-15 13:53:31.167 +01:00 [INF] Entra ID Service initialized successfully
2026-06-15 13:53:31.176 +01:00 [INF] Initializing Entra ID Service with TenantId: c9a98a3d-152f-4eb3-b93f-9b26fdd08495, ClientId: 84022968-6bdc-4c6b-8eab-57b75fa5d0b1, Domain: wigweuniversity.edu.ng
2026-06-15 13:53:31.176 +01:00 [INF] Entra ID Service initialized successfully
2026-06-15 13:53:31.181 +01:00 [INF] Initializing Entra ID Service with TenantId: c9a98a3d-152f-4eb3-b93f-9b26fdd08495, ClientId: 84022968-6bdc-4c6b-8eab-57b75fa5d0b1, Domain: wigweuniversity.edu.ng
2026-06-15 13:53:31.181 +01:00 [INF] HTTP GET /api/admissions/faculties responded 200 in 30.5938 ms
2026-06-15 13:53:31.181 +01:00 [INF] Entra ID Service initialized successfully
2026-06-15 13:53:31.183 +01:00 [INF] HTTP GET /api/admissions/levels responded 200 in 49.6622 ms
2026-06-15 13:53:31.185 +01:00 [INF] HTTP GET /api/admissions/sponsors responded 200 in 99.6260 ms
2026-06-15 13:53:31.189 +01:00 [INF] HTTP GET /api/countries responded 200 in 43.7420 ms
2026-06-15 13:53:31.192 +01:00 [INF] HTTP OPTIONS /api/admissions/programs/780adcfd-92ad-4f80-8ec4-d97ae6b165e0 responded 204 in 0.0218 ms
2026-06-15 13:53:31.194 +01:00 [INF] HTTP OPTIONS /api/admissions/programs/0d17b27c-131d-4205-876a-3bd064ba8814 responded 204 in 0.0366 ms
2026-06-15 13:53:31.195 +01:00 [INF] HTTP OPTIONS /api/admissions/programs/57bcd87b-51c8-4110-a3a4-ae2f2175864e responded 204 in 0.0210 ms
2026-06-15 13:53:31.197 +01:00 [INF] HTTP OPTIONS /api/admissions/programs/5b02c1f7-ebf7-4698-8998-587a2ef867e7 responded 204 in 0.0238 ms
2026-06-15 13:53:31.198 +01:00 [INF] HTTP GET /api/admissions/document-types responded 200 in 118.6709 ms
2026-06-15 13:53:31.213 +01:00 [INF] Initializing Entra ID Service with TenantId: c9a98a3d-152f-4eb3-b93f-9b26fdd08495, ClientId: 84022968-6bdc-4c6b-8eab-57b75fa5d0b1, Domain: wigweuniversity.edu.ng
2026-06-15 13:53:31.213 +01:00 [INF] Entra ID Service initialized successfully
2026-06-15 13:53:31.215 +01:00 [INF] Initializing Entra ID Service with TenantId: c9a98a3d-152f-4eb3-b93f-9b26fdd08495, ClientId: 84022968-6bdc-4c6b-8eab-57b75fa5d0b1, Domain: wigweuniversity.edu.ng
2026-06-15 13:53:31.217 +01:00 [INF] Entra ID Service initialized successfully
2026-06-15 13:53:31.217 +01:00 [INF] HTTP GET /api/admissions/programs/780adcfd-92ad-4f80-8ec4-d97ae6b165e0 responded 200 in 23.7295 ms
2026-06-15 13:53:31.219 +01:00 [INF] Initializing Entra ID Service with TenantId: c9a98a3d-152f-4eb3-b93f-9b26fdd08495, ClientId: 84022968-6bdc-4c6b-8eab-57b75fa5d0b1, Domain: wigweuniversity.edu.ng
2026-06-15 13:53:31.219 +01:00 [INF] Entra ID Service initialized successfully
2026-06-15 13:53:31.220 +01:00 [INF] HTTP GET /api/admissions/programs/57bcd87b-51c8-4110-a3a4-ae2f2175864e responded 200 in 22.7102 ms
2026-06-15 13:53:31.222 +01:00 [INF] HTTP GET /api/admissions/programs/0d17b27c-131d-4205-876a-3bd064ba8814 responded 200 in 26.0980 ms
2026-06-15 13:53:31.223 +01:00 [INF] Initializing Entra ID Service with TenantId: c9a98a3d-152f-4eb3-b93f-9b26fdd08495, ClientId: 84022968-6bdc-4c6b-8eab-57b75fa5d0b1, Domain: wigweuniversity.edu.ng
2026-06-15 13:53:31.223 +01:00 [INF] Entra ID Service initialized successfully
2026-06-15 13:53:31.227 +01:00 [INF] HTTP GET /api/admissions/programs/5b02c1f7-ebf7-4698-8998-587a2ef867e7 responded 200 in 27.3793 ms
2026-06-15 14:03:18.987 +01:00 [INF] HTTP OPTIONS /api/registry/stats responded 204 in 0.3708 ms
2026-06-15 14:03:19.079 +01:00 [INF] HTTP GET /api/registry/stats responded 200 in 89.9814 ms
2026-06-15 14:03:20.397 +01:00 [INF] HTTP OPTIONS /api/admin/sessions responded 204 in 0.0528 ms
2026-06-15 14:03:20.443 +01:00 [INF] HTTP GET /api/admin/sessions responded 200 in 43.4912 ms
2026-06-15 14:03:25.654 +01:00 [INF] HTTP OPTIONS /api/admin/courses responded 204 in 0.0410 ms
2026-06-15 14:03:25.743 +01:00 [INF] HTTP GET /api/admin/courses responded 200 in 88.3301 ms
2026-06-15 14:04:19.360 +01:00 [INF] HTTP OPTIONS /api/gradebook/migrate-classter responded 204 in 0.0430 ms
2026-06-15 14:04:19.872 +01:00 [INF] HTTP POST /api/gradebook/migrate-classter responded 200 in 510.2181 ms
2026-06-15 14:05:27.600 +01:00 [INF] HTTP OPTIONS /api/courses/my-courses responded 204 in 0.1413 ms
2026-06-15 14:05:27.635 +01:00 [INF] HTTP GET /api/courses/my-courses responded 200 in 32.9980 ms
2026-06-15 14:05:43.445 +01:00 [INF] HTTP GET /api/admin/students responded 200 in 28.6388 ms
2026-06-15 14:05:43.460 +01:00 [INF] HTTP GET /api/admin/programs responded 200 in 44.0316 ms
2026-06-15 14:05:55.211 +01:00 [INF] HTTP GET /api/admin/students/7762173c-66fc-49cb-9a60-d72a1e453b2c responded 200 in 33.1229 ms
2026-06-15 14:05:57.268 +01:00 [INF] HTTP GET /api/admin/students/7762173c-66fc-49cb-9a60-d72a1e453b2c/results responded 200 in 46.2718 ms
2026-06-15 14:06:18.389 +01:00 [INF] HTTP GET /api/admin/students/7762173c-66fc-49cb-9a60-d72a1e453b2c/enrollments responded 200 in 29.6069 ms
2026-06-15 14:06:19.998 +01:00 [INF] HTTP GET /api/admin/students/7762173c-66fc-49cb-9a60-d72a1e453b2c/assignments responded 200 in 77.7710 ms
2026-06-15 14:25:56.658 +01:00 [INF] HTTP OPTIONS /api/me responded 204 in 0.8176 ms
2026-06-15 14:25:56.713 +01:00 [INF] HTTP GET /api/me responded 200 in 53.7919 ms
2026-06-15 14:25:56.766 +01:00 [INF] HTTP GET /api/admin/students/7762173c-66fc-49cb-9a60-d72a1e453b2c responded 200 in 23.7501 ms
2026-06-15 14:25:58.768 +01:00 [INF] HTTP GET /api/admin/students/7762173c-66fc-49cb-9a60-d72a1e453b2c/results responded 200 in 51.2385 ms
2026-06-15 14:29:41.522 +01:00 [INF] HTTP OPTIONS /api/me responded 204 in 0.1124 ms
2026-06-15 14:29:41.586 +01:00 [INF] HTTP GET /api/me responded 200 in 62.4683 ms
2026-06-15 14:29:41.636 +01:00 [INF] HTTP GET /api/admin/students/7762173c-66fc-49cb-9a60-d72a1e453b2c responded 200 in 31.5063 ms
2026-06-15 14:29:43.423 +01:00 [INF] HTTP GET /api/admin/students/7762173c-66fc-49cb-9a60-d72a1e453b2c/results responded 200 in 62.7665 ms
2026-06-15 14:29:59.921 +01:00 [INF] HTTP OPTIONS /api/admin/users responded 204 in 0.0395 ms
2026-06-15 14:29:59.992 +01:00 [INF] HTTP GET /api/admin/users responded 200 in 69.4325 ms
2026-06-15 14:30:01.812 +01:00 [INF] HTTP GET /api/admin/programs responded 200 in 52.9425 ms
2026-06-15 14:30:01.855 +01:00 [INF] HTTP GET /api/admin/students responded 200 in 93.7032 ms
2026-06-15 14:30:06.001 +01:00 [INF] HTTP GET /api/admin/students/eef59b32-3ab5-43c9-9a4b-584c10314bba responded 200 in 23.6513 ms
2026-06-15 14:30:07.828 +01:00 [INF] HTTP GET /api/admin/students/eef59b32-3ab5-43c9-9a4b-584c10314bba/results responded 200 in 56.1742 ms
2026-06-15 14:35:33.549 +01:00 [INF] HTTP OPTIONS /api/me responded 204 in 0.1878 ms
2026-06-15 14:35:33.639 +01:00 [INF] HTTP GET /api/me responded 200 in 88.3253 ms
2026-06-15 14:35:39.250 +01:00 [INF] HTTP GET /api/admin/programs responded 200 in 44.9338 ms
2026-06-15 14:35:39.265 +01:00 [INF] HTTP GET /api/admin/students responded 200 in 59.8334 ms
2026-06-15 14:35:40.381 +01:00 [INF] HTTP GET /api/admin/students/101844da-89c5-4baf-b6e7-28f6036d1baf responded 200 in 53.0185 ms
2026-06-15 14:35:41.687 +01:00 [INF] HTTP GET /api/admin/students/101844da-89c5-4baf-b6e7-28f6036d1baf/results responded 200 in 60.5947 ms
2026-06-15 14:56:19.833 +01:00 [INF] Application is shutting down...
2026-06-15 16:15:01.917 +01:00 [INF] Sessions already seeded. Skipping.
2026-06-15 16:15:01.948 +01:00 [INF] Faculties already seeded. Skipping.
2026-06-15 16:15:01.961 +01:00 [INF] Departments already seeded. Skipping.
2026-06-15 16:15:01.977 +01:00 [INF] Programs already seeded. Skipping.
2026-06-15 16:15:02.077 +01:00 [INF] Lecturer john.doe@wigweuniversity.edu.ng already exists. Skipping.
2026-06-15 16:15:02.082 +01:00 [INF] Lecturer jane.smith@wigweuniversity.edu.ng already exists. Skipping.
2026-06-15 16:15:02.106 +01:00 [INF] All document types already exist. Skipping.
2026-06-15 16:15:02.116 +01:00 [INF] Sponsors already seeded. Skipping.
2026-06-15 16:15:02.127 +01:00 [INF] Subjects already seeded. Skipping.
2026-06-15 16:15:02.138 +01:00 [INF] Countries already seeded. Skipping.
2026-06-15 16:15:02.151 +01:00 [INF] Seeding Grading Scales...
2026-06-15 16:15:02.229 +01:00 [INF] Added grading scales
2026-06-15 16:15:02.241 +01:00 [INF] Credit transfer rules already seeded. Skipping.
2026-06-15 16:15:02.254 +01:00 [INF] Program credit mappings already seeded. Skipping.
2026-06-15 16:15:02.255 +01:00 [INF] Database initialization completed successfully.
2026-06-15 16:15:02.312 +01:00 [INF] Initializing Entra ID Service with TenantId: c9a98a3d-152f-4eb3-b93f-9b26fdd08495, ClientId: 84022968-6bdc-4c6b-8eab-57b75fa5d0b1, Domain: wigweuniversity.edu.ng
2026-06-15 16:15:02.333 +01:00 [INF] Entra ID Service initialized successfully
2026-06-15 16:15:02.446 +01:00 [INF] Registered 287 endpoints in 2,183 milliseconds.
2026-06-15 16:15:02.478 +01:00 [INF] Now listening on: http://localhost:5021
2026-06-15 16:15:02.479 +01:00 [INF] Application started. Press Ctrl+C to shut down.
2026-06-15 16:15:02.479 +01:00 [INF] Hosting environment: Development
2026-06-15 16:15:02.479 +01:00 [INF] Content root path: /Users/mac/Apps/LMS APP/LMSApi
2026-06-15 16:16:09.894 +01:00 [INF] HTTP OPTIONS /api/me responded 204 in 1.6366 ms
2026-06-15 16:16:11.633 +01:00 [INF] HTTP GET /api/me responded 200 in 1730.8983 ms
2026-06-15 16:19:53.821 +01:00 [INF] HTTP OPTIONS /api/courses/my-courses responded 204 in 0.6629 ms
2026-06-15 16:19:54.174 +01:00 [INF] HTTP GET /api/courses/my-courses responded 200 in 349.0734 ms
2026-06-15 16:31:09.845 +01:00 [WRN] Compiling a query which loads related collections for more than one collection navigation, either via 'Include' or through projection, but no 'QuerySplittingBehavior' has been configured. By default, Entity Framework will use 'QuerySplittingBehavior.SingleQuery', which can potentially result in slow query performance. See https://go.microsoft.com/fwlink/?linkid=2134277 for more information. To identify the query that's triggering this warning call 'ConfigureWarnings(w => w.Throw(RelationalEventId.MultipleCollectionIncludeWarning))'.
2026-06-15 16:31:09.918 +01:00 [INF] HTTP GET /api/admin/students responded 200 in 177.3406 ms
2026-06-15 16:31:09.965 +01:00 [INF] HTTP GET /api/admin/programs responded 200 in 223.8768 ms
2026-06-15 16:31:11.129 +01:00 [INF] HTTP GET /api/admin/students/101844da-89c5-4baf-b6e7-28f6036d1baf responded 200 in 99.8285 ms
2026-06-15 16:31:12.783 +01:00 [INF] HTTP GET /api/admin/students/101844da-89c5-4baf-b6e7-28f6036d1baf/results responded 200 in 118.8109 ms
2026-06-15 16:31:41.983 +01:00 [INF] HTTP GET /api/admin/students responded 200 in 31.8973 ms
2026-06-15 16:31:41.986 +01:00 [INF] HTTP GET /api/admin/programs responded 200 in 35.2791 ms
2026-06-15 16:32:25.384 +01:00 [INF] HTTP OPTIONS /api/me responded 204 in 0.1294 ms
2026-06-15 16:32:25.403 +01:00 [INF] HTTP GET /api/me responded 200 in 17.8201 ms
2026-06-15 16:32:25.450 +01:00 [INF] HTTP GET /api/admin/programs responded 200 in 24.3309 ms
2026-06-15 16:32:25.455 +01:00 [INF] HTTP GET /api/admin/students responded 200 in 29.8047 ms
2026-06-15 16:32:27.109 +01:00 [INF] HTTP GET /api/admin/students/101844da-89c5-4baf-b6e7-28f6036d1baf responded 200 in 50.9833 ms
2026-06-15 16:32:28.412 +01:00 [INF] HTTP GET /api/admin/students/101844da-89c5-4baf-b6e7-28f6036d1baf/results responded 200 in 39.6087 ms
2026-06-15 16:37:21.057 +01:00 [INF] HTTP OPTIONS /api/me responded 204 in 1.5450 ms
2026-06-15 16:37:21.161 +01:00 [INF] HTTP GET /api/me responded 200 in 101.5233 ms
2026-06-15 16:37:21.244 +01:00 [INF] HTTP OPTIONS /api/admissions/document-types responded 204 in 0.0608 ms
2026-06-15 16:37:21.255 +01:00 [INF] HTTP OPTIONS /api/admissions/subjects responded 204 in 0.0374 ms
2026-06-15 16:37:21.255 +01:00 [INF] HTTP OPTIONS /api/admissions/sponsors responded 204 in 0.1082 ms
2026-06-15 16:37:21.255 +01:00 [INF] HTTP OPTIONS /api/admissions/sessions responded 204 in 0.0202 ms
2026-06-15 16:37:21.255 +01:00 [INF] HTTP OPTIONS /api/admissions/document-types responded 204 in 0.0981 ms
2026-06-15 16:37:21.255 +01:00 [INF] HTTP OPTIONS /api/admissions/faculties responded 204 in 0.0091 ms
2026-06-15 16:37:21.261 +01:00 [INF] HTTP OPTIONS /api/admissions/levels responded 204 in 0.4967 ms
2026-06-15 16:37:21.262 +01:00 [INF] HTTP OPTIONS /api/admissions/faculties responded 204 in 0.0296 ms
2026-06-15 16:37:21.265 +01:00 [INF] HTTP OPTIONS /api/countries responded 204 in 0.0529 ms
2026-06-15 16:37:21.335 +01:00 [INF] Initializing Entra ID Service with TenantId: c9a98a3d-152f-4eb3-b93f-9b26fdd08495, ClientId: 84022968-6bdc-4c6b-8eab-57b75fa5d0b1, Domain: wigweuniversity.edu.ng
2026-06-15 16:37:21.337 +01:00 [INF] Entra ID Service initialized successfully
2026-06-15 16:37:21.338 +01:00 [INF] Initializing Entra ID Service with TenantId: c9a98a3d-152f-4eb3-b93f-9b26fdd08495, ClientId: 84022968-6bdc-4c6b-8eab-57b75fa5d0b1, Domain: wigweuniversity.edu.ng
2026-06-15 16:37:21.339 +01:00 [INF] Entra ID Service initialized successfully
2026-06-15 16:37:21.377 +01:00 [INF] Initializing Entra ID Service with TenantId: c9a98a3d-152f-4eb3-b93f-9b26fdd08495, ClientId: 84022968-6bdc-4c6b-8eab-57b75fa5d0b1, Domain: wigweuniversity.edu.ng
2026-06-15 16:37:21.380 +01:00 [INF] Entra ID Service initialized successfully
2026-06-15 16:37:21.406 +01:00 [INF] HTTP GET /api/admissions/sessions responded 200 in 136.6708 ms
2026-06-15 16:37:21.475 +01:00 [INF] Initializing Entra ID Service with TenantId: c9a98a3d-152f-4eb3-b93f-9b26fdd08495, ClientId: 84022968-6bdc-4c6b-8eab-57b75fa5d0b1, Domain: wigweuniversity.edu.ng
2026-06-15 16:37:21.475 +01:00 [INF] HTTP GET /api/admissions/document-types responded 200 in 211.9907 ms
2026-06-15 16:37:21.475 +01:00 [INF] HTTP GET /api/admissions/document-types responded 200 in 219.5306 ms
2026-06-15 16:37:21.476 +01:00 [INF] Entra ID Service initialized successfully
2026-06-15 16:37:21.496 +01:00 [INF] HTTP GET /api/admissions/sponsors responded 200 in 235.1663 ms
2026-06-15 16:37:21.504 +01:00 [INF] Initializing Entra ID Service with TenantId: c9a98a3d-152f-4eb3-b93f-9b26fdd08495, ClientId: 84022968-6bdc-4c6b-8eab-57b75fa5d0b1, Domain: wigweuniversity.edu.ng
2026-06-15 16:37:21.507 +01:00 [INF] Entra ID Service initialized successfully
2026-06-15 16:37:21.532 +01:00 [INF] HTTP GET /api/admissions/subjects responded 200 in 270.7468 ms
2026-06-15 16:37:21.550 +01:00 [INF] HTTP GET /api/admissions/faculties responded 200 in 283.3799 ms
2026-06-15 16:37:21.584 +01:00 [INF] Initializing Entra ID Service with TenantId: c9a98a3d-152f-4eb3-b93f-9b26fdd08495, ClientId: 84022968-6bdc-4c6b-8eab-57b75fa5d0b1, Domain: wigweuniversity.edu.ng
2026-06-15 16:37:21.584 +01:00 [INF] Entra ID Service initialized successfully
2026-06-15 16:37:21.587 +01:00 [INF] HTTP GET /api/admissions/levels responded 200 in 179.2758 ms
2026-06-15 16:37:21.593 +01:00 [INF] HTTP GET /api/admissions/faculties responded 200 in 40.5424 ms
2026-06-15 16:37:21.598 +01:00 [INF] HTTP OPTIONS /api/admissions/programs/780adcfd-92ad-4f80-8ec4-d97ae6b165e0 responded 204 in 0.3041 ms
2026-06-15 16:37:21.600 +01:00 [INF] HTTP GET /api/countries responded 200 in 123.0070 ms
2026-06-15 16:37:21.602 +01:00 [INF] HTTP OPTIONS /api/admissions/programs/0d17b27c-131d-4205-876a-3bd064ba8814 responded 204 in 0.0769 ms
2026-06-15 16:37:21.603 +01:00 [INF] HTTP OPTIONS /api/admissions/programs/5b02c1f7-ebf7-4698-8998-587a2ef867e7 responded 204 in 0.0302 ms
2026-06-15 16:37:21.603 +01:00 [INF] HTTP OPTIONS /api/admissions/programs/57bcd87b-51c8-4110-a3a4-ae2f2175864e responded 204 in 0.0481 ms
2026-06-15 16:37:21.627 +01:00 [INF] Initializing Entra ID Service with TenantId: c9a98a3d-152f-4eb3-b93f-9b26fdd08495, ClientId: 84022968-6bdc-4c6b-8eab-57b75fa5d0b1, Domain: wigweuniversity.edu.ng
2026-06-15 16:37:21.628 +01:00 [INF] Entra ID Service initialized successfully
2026-06-15 16:37:21.633 +01:00 [INF] Initializing Entra ID Service with TenantId: c9a98a3d-152f-4eb3-b93f-9b26fdd08495, ClientId: 84022968-6bdc-4c6b-8eab-57b75fa5d0b1, Domain: wigweuniversity.edu.ng
2026-06-15 16:37:21.634 +01:00 [INF] Entra ID Service initialized successfully
2026-06-15 16:37:21.639 +01:00 [INF] Initializing Entra ID Service with TenantId: c9a98a3d-152f-4eb3-b93f-9b26fdd08495, ClientId: 84022968-6bdc-4c6b-8eab-57b75fa5d0b1, Domain: wigweuniversity.edu.ng
2026-06-15 16:37:21.640 +01:00 [INF] Entra ID Service initialized successfully
2026-06-15 16:37:21.650 +01:00 [INF] Initializing Entra ID Service with TenantId: c9a98a3d-152f-4eb3-b93f-9b26fdd08495, ClientId: 84022968-6bdc-4c6b-8eab-57b75fa5d0b1, Domain: wigweuniversity.edu.ng
2026-06-15 16:37:21.650 +01:00 [INF] Entra ID Service initialized successfully
2026-06-15 16:37:21.683 +01:00 [INF] HTTP GET /api/admissions/programs/57bcd87b-51c8-4110-a3a4-ae2f2175864e responded 200 in 79.4410 ms
2026-06-15 16:37:21.685 +01:00 [INF] HTTP GET /api/admissions/programs/0d17b27c-131d-4205-876a-3bd064ba8814 responded 200 in 81.6551 ms
2026-06-15 16:37:21.685 +01:00 [INF] HTTP GET /api/admissions/programs/780adcfd-92ad-4f80-8ec4-d97ae6b165e0 responded 200 in 84.7950 ms
2026-06-15 16:37:21.688 +01:00 [INF] HTTP GET /api/admissions/programs/5b02c1f7-ebf7-4698-8998-587a2ef867e7 responded 200 in 84.7037 ms
2026-06-15 16:37:31.305 +01:00 [INF] HTTP OPTIONS /api/me responded 204 in 0.1755 ms
2026-06-15 16:37:31.311 +01:00 [INF] HTTP GET /api/me responded 200 in 3.1628 ms
2026-06-15 16:37:31.370 +01:00 [INF] HTTP OPTIONS /api/courses/my-courses responded 204 in 0.0373 ms
2026-06-15 16:37:31.379 +01:00 [INF] HTTP GET /api/courses/my-courses responded 401 in 8.3215 ms
2026-06-15 16:37:36.371 +01:00 [INF] HTTP OPTIONS /api/me responded 204 in 0.0590 ms
2026-06-15 16:37:36.401 +01:00 [INF] HTTP GET /api/me responded 200 in 28.1134 ms
2026-06-15 16:37:42.818 +01:00 [INF] HTTP GET /api/admin/students responded 200 in 23.2461 ms
2026-06-15 16:37:42.822 +01:00 [INF] HTTP GET /api/admin/programs responded 200 in 30.8203 ms
2026-06-15 16:37:44.054 +01:00 [INF] HTTP GET /api/admin/students/101844da-89c5-4baf-b6e7-28f6036d1baf responded 200 in 23.8867 ms
2026-06-15 16:37:46.628 +01:00 [INF] HTTP GET /api/admin/students/101844da-89c5-4baf-b6e7-28f6036d1baf/results responded 200 in 54.4120 ms
2026-06-15 16:39:28.015 +01:00 [INF] Application is shutting down...
2026-06-15 16:39:51.049 +01:00 [INF] Sessions already seeded. Skipping.
2026-06-15 16:39:51.081 +01:00 [INF] Faculties already seeded. Skipping.
2026-06-15 16:39:51.091 +01:00 [INF] Departments already seeded. Skipping.
2026-06-15 16:39:51.107 +01:00 [INF] Programs already seeded. Skipping.
2026-06-15 16:39:51.156 +01:00 [INF] Lecturer john.doe@wigweuniversity.edu.ng already exists. Skipping.
2026-06-15 16:39:51.160 +01:00 [INF] Lecturer jane.smith@wigweuniversity.edu.ng already exists. Skipping.
2026-06-15 16:39:51.186 +01:00 [INF] All document types already exist. Skipping.
2026-06-15 16:39:51.200 +01:00 [INF] Sponsors already seeded. Skipping.
2026-06-15 16:39:51.209 +01:00 [INF] Subjects already seeded. Skipping.
2026-06-15 16:39:51.219 +01:00 [INF] Countries already seeded. Skipping.
2026-06-15 16:39:51.232 +01:00 [INF] Grading scales already seeded. Skipping.
2026-06-15 16:39:51.241 +01:00 [INF] Credit transfer rules already seeded. Skipping.
2026-06-15 16:39:51.249 +01:00 [INF] Program credit mappings already seeded. Skipping.
2026-06-15 16:39:51.249 +01:00 [INF] Database initialization completed successfully.
2026-06-15 16:39:51.302 +01:00 [INF] Initializing Entra ID Service with TenantId: c9a98a3d-152f-4eb3-b93f-9b26fdd08495, ClientId: 84022968-6bdc-4c6b-8eab-57b75fa5d0b1, Domain: wigweuniversity.edu.ng
2026-06-15 16:39:51.325 +01:00 [INF] Entra ID Service initialized successfully
2026-06-15 16:39:51.433 +01:00 [INF] Registered 287 endpoints in 2,005 milliseconds.
2026-06-15 16:39:51.460 +01:00 [INF] Now listening on: http://localhost:5021
2026-06-15 16:39:51.461 +01:00 [INF] Application started. Press Ctrl+C to shut down.
2026-06-15 16:39:51.461 +01:00 [INF] Hosting environment: Development
2026-06-15 16:39:51.461 +01:00 [INF] Content root path: /Users/mac/Apps/LMS APP/LMSApi
2026-06-15 16:41:48.879 +01:00 [INF] HTTP OPTIONS /api/me responded 204 in 2.0900 ms
2026-06-15 16:41:50.399 +01:00 [INF] HTTP GET /api/me responded 200 in 1510.5307 ms
2026-06-15 16:41:50.595 +01:00 [INF] HTTP GET /api/admin/students/101844da-89c5-4baf-b6e7-28f6036d1baf responded 200 in 157.6204 ms
2026-06-15 16:41:52.949 +01:00 [INF] HTTP GET /api/admin/students/101844da-89c5-4baf-b6e7-28f6036d1baf/results responded 200 in 126.5666 ms
2026-06-15 17:29:50.606 +01:00 [INF] HTTP OPTIONS /api/admissions/applications responded 204 in 0.5283 ms
2026-06-15 17:29:50.610 +01:00 [INF] HTTP OPTIONS /api/admissions/applications responded 204 in 0.0558 ms
2026-06-15 17:29:50.697 +01:00 [INF] Initializing Entra ID Service with TenantId: c9a98a3d-152f-4eb3-b93f-9b26fdd08495, ClientId: 84022968-6bdc-4c6b-8eab-57b75fa5d0b1, Domain: wigweuniversity.edu.ng
2026-06-15 17:29:50.697 +01:00 [INF] Initializing Entra ID Service with TenantId: c9a98a3d-152f-4eb3-b93f-9b26fdd08495, ClientId: 84022968-6bdc-4c6b-8eab-57b75fa5d0b1, Domain: wigweuniversity.edu.ng
2026-06-15 17:29:50.698 +01:00 [INF] Entra ID Service initialized successfully
2026-06-15 17:29:50.698 +01:00 [INF] Entra ID Service initialized successfully
2026-06-15 17:29:50.919 +01:00 [INF] HTTP GET /api/admissions/applications responded 200 in 308.9276 ms
2026-06-15 17:29:50.919 +01:00 [INF] HTTP GET /api/admissions/applications responded 200 in 308.1842 ms
2026-06-15 17:32:01.276 +01:00 [INF] HTTP OPTIONS /api/me responded 204 in 0.1481 ms
2026-06-15 17:32:01.293 +01:00 [INF] HTTP GET /api/me responded 200 in 14.0711 ms
2026-06-15 17:32:06.647 +01:00 [INF] HTTP OPTIONS /api/me responded 204 in 0.1209 ms
2026-06-15 17:32:06.683 +01:00 [INF] HTTP GET /api/me responded 200 in 35.3420 ms
2026-06-15 17:32:17.957 +01:00 [INF] HTTP OPTIONS /api/admissions/applications responded 204 in 0.0842 ms
2026-06-15 17:32:17.957 +01:00 [INF] HTTP OPTIONS /api/admissions/applications responded 204 in 0.0589 ms
2026-06-15 17:32:17.986 +01:00 [INF] Initializing Entra ID Service with TenantId: c9a98a3d-152f-4eb3-b93f-9b26fdd08495, ClientId: 84022968-6bdc-4c6b-8eab-57b75fa5d0b1, Domain: wigweuniversity.edu.ng
2026-06-15 17:32:17.987 +01:00 [INF] Entra ID Service initialized successfully
2026-06-15 17:32:17.989 +01:00 [INF] Initializing Entra ID Service with TenantId: c9a98a3d-152f-4eb3-b93f-9b26fdd08495, ClientId: 84022968-6bdc-4c6b-8eab-57b75fa5d0b1, Domain: wigweuniversity.edu.ng
2026-06-15 17:32:17.989 +01:00 [INF] Entra ID Service initialized successfully
2026-06-15 17:32:17.991 +01:00 [INF] HTTP GET /api/admissions/applications responded 200 in 24.5218 ms
2026-06-15 17:32:17.995 +01:00 [INF] HTTP GET /api/admissions/applications responded 200 in 28.2192 ms
2026-06-15 17:33:30.433 +01:00 [INF] HTTP OPTIONS /api/me responded 204 in 3.1630 ms
2026-06-15 17:33:30.495 +01:00 [INF] HTTP GET /api/me responded 200 in 58.3645 ms
2026-06-15 17:33:30.646 +01:00 [INF] HTTP OPTIONS /api/admissions/document-types responded 204 in 0.0905 ms
2026-06-15 17:33:30.701 +01:00 [INF] HTTP OPTIONS /api/admissions/sponsors responded 204 in 0.0517 ms
2026-06-15 17:33:30.701 +01:00 [INF] HTTP OPTIONS /api/admissions/subjects responded 204 in 0.0173 ms
2026-06-15 17:33:30.701 +01:00 [INF] HTTP OPTIONS /api/admissions/faculties responded 204 in 0.0218 ms
2026-06-15 17:33:30.701 +01:00 [INF] HTTP OPTIONS /api/admissions/document-types responded 204 in 55.0749 ms
2026-06-15 17:33:30.704 +01:00 [INF] HTTP OPTIONS /api/admissions/levels responded 204 in 0.6954 ms
2026-06-15 17:33:30.712 +01:00 [INF] HTTP OPTIONS /api/countries responded 204 in 0.0484 ms
2026-06-15 17:33:30.734 +01:00 [INF] HTTP OPTIONS /api/admissions/faculties responded 204 in 0.0695 ms
2026-06-15 17:33:30.738 +01:00 [INF] HTTP OPTIONS /api/admissions/sessions responded 204 in 0.0776 ms
2026-06-15 17:33:30.795 +01:00 [INF] Initializing Entra ID Service with TenantId: c9a98a3d-152f-4eb3-b93f-9b26fdd08495, ClientId: 84022968-6bdc-4c6b-8eab-57b75fa5d0b1, Domain: wigweuniversity.edu.ng
2026-06-15 17:33:30.796 +01:00 [INF] Entra ID Service initialized successfully
2026-06-15 17:33:30.815 +01:00 [INF] Initializing Entra ID Service with TenantId: c9a98a3d-152f-4eb3-b93f-9b26fdd08495, ClientId: 84022968-6bdc-4c6b-8eab-57b75fa5d0b1, Domain: wigweuniversity.edu.ng
2026-06-15 17:33:30.815 +01:00 [INF] Entra ID Service initialized successfully
2026-06-15 17:33:30.817 +01:00 [INF] Initializing Entra ID Service with TenantId: c9a98a3d-152f-4eb3-b93f-9b26fdd08495, ClientId: 84022968-6bdc-4c6b-8eab-57b75fa5d0b1, Domain: wigweuniversity.edu.ng
2026-06-15 17:33:30.817 +01:00 [INF] Entra ID Service initialized successfully
2026-06-15 17:33:30.832 +01:00 [INF] HTTP GET /api/admissions/document-types responded 200 in 126.6660 ms
2026-06-15 17:33:30.859 +01:00 [INF] HTTP GET /api/admissions/faculties responded 200 in 145.4903 ms
2026-06-15 17:33:30.860 +01:00 [INF] HTTP GET /api/admissions/subjects responded 200 in 107.7773 ms
2026-06-15 17:33:30.949 +01:00 [INF] Initializing Entra ID Service with TenantId: c9a98a3d-152f-4eb3-b93f-9b26fdd08495, ClientId: 84022968-6bdc-4c6b-8eab-57b75fa5d0b1, Domain: wigweuniversity.edu.ng
2026-06-15 17:33:30.949 +01:00 [INF] Entra ID Service initialized successfully
2026-06-15 17:33:30.952 +01:00 [INF] HTTP GET /api/admissions/levels responded 200 in 195.2087 ms
2026-06-15 17:33:30.961 +01:00 [INF] Initializing Entra ID Service with TenantId: c9a98a3d-152f-4eb3-b93f-9b26fdd08495, ClientId: 84022968-6bdc-4c6b-8eab-57b75fa5d0b1, Domain: wigweuniversity.edu.ng
2026-06-15 17:33:30.962 +01:00 [INF] Entra ID Service initialized successfully
2026-06-15 17:33:30.965 +01:00 [INF] HTTP GET /api/admissions/faculties responded 200 in 101.8423 ms
2026-06-15 17:33:30.970 +01:00 [INF] HTTP GET /api/admissions/sponsors responded 200 in 108.7540 ms
2026-06-15 17:33:30.971 +01:00 [INF] HTTP OPTIONS /api/admissions/programs/0d17b27c-131d-4205-876a-3bd064ba8814 responded 204 in 0.1713 ms
2026-06-15 17:33:30.970 +01:00 [INF] HTTP OPTIONS /api/admissions/programs/780adcfd-92ad-4f80-8ec4-d97ae6b165e0 responded 204 in 0.0675 ms
2026-06-15 17:33:30.972 +01:00 [INF] HTTP OPTIONS /api/admissions/programs/57bcd87b-51c8-4110-a3a4-ae2f2175864e responded 204 in 0.0437 ms
2026-06-15 17:33:30.973 +01:00 [INF] HTTP OPTIONS /api/admissions/programs/5b02c1f7-ebf7-4698-8998-587a2ef867e7 responded 204 in 0.0514 ms
2026-06-15 17:33:30.974 +01:00 [INF] HTTP GET /api/admissions/document-types responded 200 in 222.7763 ms
2026-06-15 17:33:30.978 +01:00 [INF] Initializing Entra ID Service with TenantId: c9a98a3d-152f-4eb3-b93f-9b26fdd08495, ClientId: 84022968-6bdc-4c6b-8eab-57b75fa5d0b1, Domain: wigweuniversity.edu.ng
2026-06-15 17:33:30.979 +01:00 [INF] Entra ID Service initialized successfully
2026-06-15 17:33:30.992 +01:00 [INF] Initializing Entra ID Service with TenantId: c9a98a3d-152f-4eb3-b93f-9b26fdd08495, ClientId: 84022968-6bdc-4c6b-8eab-57b75fa5d0b1, Domain: wigweuniversity.edu.ng
2026-06-15 17:33:30.992 +01:00 [INF] Entra ID Service initialized successfully
2026-06-15 17:33:30.994 +01:00 [INF] Initializing Entra ID Service with TenantId: c9a98a3d-152f-4eb3-b93f-9b26fdd08495, ClientId: 84022968-6bdc-4c6b-8eab-57b75fa5d0b1, Domain: wigweuniversity.edu.ng
2026-06-15 17:33:30.994 +01:00 [INF] Entra ID Service initialized successfully
2026-06-15 17:33:31.000 +01:00 [INF] Initializing Entra ID Service with TenantId: c9a98a3d-152f-4eb3-b93f-9b26fdd08495, ClientId: 84022968-6bdc-4c6b-8eab-57b75fa5d0b1, Domain: wigweuniversity.edu.ng
2026-06-15 17:33:31.001 +01:00 [INF] Entra ID Service initialized successfully
2026-06-15 17:33:31.013 +01:00 [INF] HTTP GET /api/countries responded 200 in 253.8125 ms
2026-06-15 17:33:31.016 +01:00 [INF] HTTP GET /api/admissions/sessions responded 200 in 183.1668 ms
2026-06-15 17:33:31.021 +01:00 [INF] Initializing Entra ID Service with TenantId: c9a98a3d-152f-4eb3-b93f-9b26fdd08495, ClientId: 84022968-6bdc-4c6b-8eab-57b75fa5d0b1, Domain: wigweuniversity.edu.ng
2026-06-15 17:33:31.021 +01:00 [INF] Entra ID Service initialized successfully
2026-06-15 17:33:31.025 +01:00 [INF] HTTP GET /api/admissions/programs/780adcfd-92ad-4f80-8ec4-d97ae6b165e0 responded 200 in 51.2450 ms
2026-06-15 17:33:31.025 +01:00 [INF] HTTP GET /api/admissions/programs/0d17b27c-131d-4205-876a-3bd064ba8814 responded 200 in 52.2031 ms
2026-06-15 17:33:31.030 +01:00 [INF] HTTP GET /api/admissions/programs/5b02c1f7-ebf7-4698-8998-587a2ef867e7 responded 200 in 53.7061 ms
2026-06-15 17:33:31.087 +01:00 [INF] HTTP GET /api/admissions/programs/57bcd87b-51c8-4110-a3a4-ae2f2175864e responded 200 in 112.4405 ms
2026-06-15 17:37:04.743 +01:00 [INF] Application is shutting down...
g.
2026-06-15 17:33:38.792 +01:00 [INF] Faculties already seeded. Skipping.
2026-06-15 17:33:38.805 +01:00 [INF] Departments already seeded. Skipping.
2026-06-15 17:33:38.817 +01:00 [INF] Programs already seeded. Skipping.
2026-06-15 17:33:38.842 +01:00 [INF] Lecturer john.doe@wigweuniversity.edu.ng already exists. Skipping.
2026-06-15 17:33:38.849 +01:00 [INF] Lecturer jane.smith@wigweuniversity.edu.ng already exists. Skipping.
2026-06-15 17:33:38.858 +01:00 [INF] All document types already exist. Skipping.
2026-06-15 17:33:38.868 +01:00 [INF] Sponsors already seeded. Skipping.
2026-06-15 17:33:38.878 +01:00 [INF] Subjects already seeded. Skipping.
2026-06-15 17:33:38.900 +01:00 [INF] Countries already seeded. Skipping.
2026-06-15 17:33:38.921 +01:00 [INF] Grading scales already seeded. Skipping.
2026-06-15 17:33:38.936 +01:00 [INF] Credit transfer rules already seeded. Skipping.
2026-06-15 17:33:38.946 +01:00 [INF] Program credit mappings already seeded. Skipping.
2026-06-15 17:33:38.946 +01:00 [INF] Database initialization completed successfully.
2026-06-15 17:33:38.991 +01:00 [INF] Initializing Entra ID Service with TenantId: c9a98a3d-152f-4eb3-b93f-9b26fdd08495, ClientId: 84022968-6bdc-4c6b-8eab-57b75fa5d0b1, Domain: wigweuniversity.edu.ng
2026-06-15 17:33:39.006 +01:00 [INF] Entra ID Service initialized successfully
2026-06-15 17:33:39.118 +01:00 [INF] Registered 287 endpoints in 3,618 milliseconds.
2026-06-15 17:33:39.150 +01:00 [ERR] Hosting failed to start
System.IO.IOException: Failed to bind to address http://127.0.0.1:5021: address already in use.
 ---> Microsoft.AspNetCore.Connections.AddressInUseException: Address already in use
 ---> System.Net.Sockets.SocketException (48): Address already in use
   at System.Net.Sockets.Socket.UpdateStatusAfterSocketErrorAndThrowException(SocketError error, Boolean disconnectOnFailure, String callerName)
   at System.Net.Sockets.Socket.DoBind(EndPoint endPointSnapshot, SocketAddress socketAddress)
   at System.Net.Sockets.Socket.Bind(EndPoint localEP)
   at Microsoft.AspNetCore.Server.Kestrel.Transport.Sockets.SocketTransportOptions.CreateDefaultBoundListenSocket(EndPoint endpoint)
   at Microsoft.AspNetCore.Server.Kestrel.Transport.Sockets.SocketConnectionListener.Bind()
   --- End of inner exception stack trace ---
   at Microsoft.AspNetCore.Server.Kestrel.Transport.Sockets.SocketConnectionListener.Bind()
   at Microsoft.AspNetCore.Server.Kestrel.Transport.Sockets.SocketTransportFactory.BindAsync(EndPoint endpoint, CancellationToken cancellationToken)
   at Microsoft.AspNetCore.Server.Kestrel.Core.Internal.Infrastructure.TransportManager.BindAsync(EndPoint endPoint, ConnectionDelegate connectionDelegate, EndpointConfig endpointConfig, CancellationToken cancellationToken)
   at Microsoft.AspNetCore.Server.Kestrel.Core.KestrelServerImpl.<>c__DisplayClass28_0`1.<<StartAsync>g__OnBind|0>d.MoveNext()
--- End of stack trace from previous location ---
   at Microsoft.AspNetCore.Server.Kestrel.Core.Internal.AddressBinder.BindEndpointAsync(ListenOptions endpoint, AddressBindContext context, CancellationToken cancellationToken)
   --- End of inner exception stack trace ---
   at Microsoft.AspNetCore.Server.Kestrel.Core.Internal.AddressBinder.BindEndpointAsync(ListenOptions endpoint, AddressBindContext context, CancellationToken cancellationToken)
   at Microsoft.AspNetCore.Server.Kestrel.Core.LocalhostListenOptions.BindAsync(AddressBindContext context, CancellationToken cancellationToken)
   at Microsoft.AspNetCore.Server.Kestrel.Core.Internal.AddressBinder.AddressesStrategy.BindAsync(AddressBindContext context, CancellationToken cancellationToken)
   at Microsoft.AspNetCore.Server.Kestrel.Core.KestrelServerImpl.BindAsync(CancellationToken cancellationToken)
   at Microsoft.AspNetCore.Server.Kestrel.Core.KestrelServerImpl.StartAsync[TContext](IHttpApplication`1 application, CancellationToken cancellationToken)
   at Microsoft.AspNetCore.Hosting.GenericWebHostService.StartAsync(CancellationToken cancellationToken)
   at Microsoft.Extensions.Hosting.Internal.Host.<StartAsync>b__14_1(IHostedService service, CancellationToken token)
   at Microsoft.Extensions.Hosting.Internal.Host.ForeachService[T](IEnumerable`1 services, CancellationToken token, Boolean concurrent, Boolean abortOnFirstException, List`1 exceptions, Func`3 operation)
2026-06-15 17:34:35.639 +01:00 [INF] Sessions already seeded. Skipping.
2026-06-15 17:34:35.665 +01:00 [INF] Faculties already seeded. Skipping.
2026-06-15 17:34:35.676 +01:00 [INF] Departments already seeded. Skipping.
2026-06-15 17:34:35.687 +01:00 [INF] Programs already seeded. Skipping.
2026-06-15 17:34:35.818 +01:00 [INF] Lecturer john.doe@wigweuniversity.edu.ng already exists. Skipping.
2026-06-15 17:34:35.824 +01:00 [INF] Lecturer jane.smith@wigweuniversity.edu.ng already exists. Skipping.
2026-06-15 17:34:35.846 +01:00 [INF] All document types already exist. Skipping.
2026-06-15 17:34:35.855 +01:00 [INF] Sponsors already seeded. Skipping.
2026-06-15 17:34:35.865 +01:00 [INF] Subjects already seeded. Skipping.
2026-06-15 17:34:35.873 +01:00 [INF] Countries already seeded. Skipping.
2026-06-15 17:34:35.885 +01:00 [INF] Grading scales already seeded. Skipping.
2026-06-15 17:34:35.895 +01:00 [INF] Credit transfer rules already seeded. Skipping.
2026-06-15 17:34:35.904 +01:00 [INF] Program credit mappings already seeded. Skipping.
2026-06-15 17:34:35.904 +01:00 [INF] Database initialization completed successfully.
2026-06-15 17:34:35.953 +01:00 [INF] Initializing Entra ID Service with TenantId: c9a98a3d-152f-4eb3-b93f-9b26fdd08495, ClientId: 84022968-6bdc-4c6b-8eab-57b75fa5d0b1, Domain: wigweuniversity.edu.ng
2026-06-15 17:34:35.969 +01:00 [INF] Entra ID Service initialized successfully
2026-06-15 17:34:36.072 +01:00 [INF] Registered 287 endpoints in 1,883 milliseconds.
2026-06-15 17:34:36.102 +01:00 [ERR] Hosting failed to start
System.IO.IOException: Failed to bind to address http://127.0.0.1:5021: address already in use.
 ---> Microsoft.AspNetCore.Connections.AddressInUseException: Address already in use
 ---> System.Net.Sockets.SocketException (48): Address already in use
   at System.Net.Sockets.Socket.UpdateStatusAfterSocketErrorAndThrowException(SocketError error, Boolean disconnectOnFailure, String callerName)
   at System.Net.Sockets.Socket.DoBind(EndPoint endPointSnapshot, SocketAddress socketAddress)
   at System.Net.Sockets.Socket.Bind(EndPoint localEP)
   at Microsoft.AspNetCore.Server.Kestrel.Transport.Sockets.SocketTransportOptions.CreateDefaultBoundListenSocket(EndPoint endpoint)
   at Microsoft.AspNetCore.Server.Kestrel.Transport.Sockets.SocketConnectionListener.Bind()
   --- End of inner exception stack trace ---
   at Microsoft.AspNetCore.Server.Kestrel.Transport.Sockets.SocketConnectionListener.Bind()
   at Microsoft.AspNetCore.Server.Kestrel.Transport.Sockets.SocketTransportFactory.BindAsync(EndPoint endpoint, CancellationToken cancellationToken)
   at Microsoft.AspNetCore.Server.Kestrel.Core.Internal.Infrastructure.TransportManager.BindAsync(EndPoint endPoint, ConnectionDelegate connectionDelegate, EndpointConfig endpointConfig, CancellationToken cancellationToken)
   at Microsoft.AspNetCore.Server.Kestrel.Core.KestrelServerImpl.<>c__DisplayClass28_0`1.<<StartAsync>g__OnBind|0>d.MoveNext()
--- End of stack trace from previous location ---
   at Microsoft.AspNetCore.Server.Kestrel.Core.Internal.AddressBinder.BindEndpointAsync(ListenOptions endpoint, AddressBindContext context, CancellationToken cancellationToken)
   --- End of inner exception stack trace ---
   at Microsoft.AspNetCore.Server.Kestrel.Core.Internal.AddressBinder.BindEndpointAsync(ListenOptions endpoint, AddressBindContext context, CancellationToken cancellationToken)
   at Microsoft.AspNetCore.Server.Kestrel.Core.LocalhostListenOptions.BindAsync(AddressBindContext context, CancellationToken cancellationToken)
   at Microsoft.AspNetCore.Server.Kestrel.Core.Internal.AddressBinder.AddressesStrategy.BindAsync(AddressBindContext context, CancellationToken cancellationToken)
   at Microsoft.AspNetCore.Server.Kestrel.Core.KestrelServerImpl.BindAsync(CancellationToken cancellationToken)
   at Microsoft.AspNetCore.Server.Kestrel.Core.KestrelServerImpl.StartAsync[TContext](IHttpApplication`1 application, CancellationToken cancellationToken)
   at Microsoft.AspNetCore.Hosting.GenericWebHostService.StartAsync(CancellationToken cancellationToken)
   at Microsoft.Extensions.Hosting.Internal.Host.<StartAsync>b__14_1(IHostedService service, CancellationToken token)
   at Microsoft.Extensions.Hosting.Internal.Host.ForeachService[T](IEnumerable`1 services, CancellationToken token, Boolean concurrent, Boolean abortOnFirstException, List`1 exceptions, Func`3 operation)
2026-06-15 17:38:11.332 +01:00 [INF] Sessions already seeded. Skipping.
2026-06-15 17:38:11.356 +01:00 [INF] Faculties already seeded. Skipping.
2026-06-15 17:38:11.366 +01:00 [INF] Departments already seeded. Skipping.
2026-06-15 17:38:11.377 +01:00 [INF] Programs already seeded. Skipping.
2026-06-15 17:38:11.417 +01:00 [INF] Lecturer john.doe@wigweuniversity.edu.ng already exists. Skipping.
2026-06-15 17:38:11.422 +01:00 [INF] Lecturer jane.smith@wigweuniversity.edu.ng already exists. Skipping.
2026-06-15 17:38:11.445 +01:00 [INF] All document types already exist. Skipping.
2026-06-15 17:38:11.454 +01:00 [INF] Sponsors already seeded. Skipping.
2026-06-15 17:38:11.463 +01:00 [INF] Subjects already seeded. Skipping.
2026-06-15 17:38:11.473 +01:00 [INF] Countries already seeded. Skipping.
2026-06-15 17:38:11.482 +01:00 [INF] Grading scales already seeded. Skipping.
2026-06-15 17:38:11.490 +01:00 [INF] Credit transfer rules already seeded. Skipping.
2026-06-15 17:38:11.500 +01:00 [INF] Program credit mappings already seeded. Skipping.
2026-06-15 17:38:11.500 +01:00 [INF] Database initialization completed successfully.
2026-06-15 17:38:11.547 +01:00 [INF] Initializing Entra ID Service with TenantId: c9a98a3d-152f-4eb3-b93f-9b26fdd08495, ClientId: 84022968-6bdc-4c6b-8eab-57b75fa5d0b1, Domain: wigweuniversity.edu.ng
2026-06-15 17:38:11.566 +01:00 [INF] Entra ID Service initialized successfully
2026-06-15 17:38:11.673 +01:00 [INF] Registered 287 endpoints in 1,761 milliseconds.
2026-06-15 17:38:11.701 +01:00 [INF] Now listening on: http://localhost:5021
2026-06-15 17:38:11.702 +01:00 [INF] Application started. Press Ctrl+C to shut down.
2026-06-15 17:38:11.702 +01:00 [INF] Hosting environment: Development
2026-06-15 17:38:11.702 +01:00 [INF] Content root path: /Users/mac/Apps/LMS APP/LMSApi
