2026-06-23 11:56:20.042 +01:00 [INF] Sessions already seeded. Skipping.
2026-06-23 11:56:20.072 +01:00 [INF] Faculties already seeded. Skipping.
2026-06-23 11:56:20.082 +01:00 [INF] Departments already seeded. Skipping.
2026-06-23 11:56:20.095 +01:00 [INF] Programs already seeded. Skipping.
2026-06-23 11:56:20.143 +01:00 [INF] Lecturer john.doe@wigweuniversity.edu.ng already exists. Skipping.
2026-06-23 11:56:20.147 +01:00 [INF] Lecturer jane.smith@wigweuniversity.edu.ng already exists. Skipping.
2026-06-23 11:56:20.168 +01:00 [INF] All document types already exist. Skipping.
2026-06-23 11:56:20.178 +01:00 [INF] Sponsors already seeded. Skipping.
2026-06-23 11:56:20.188 +01:00 [INF] Subjects already seeded. Skipping.
2026-06-23 11:56:20.198 +01:00 [INF] Countries already seeded. Skipping.
2026-06-23 11:56:20.208 +01:00 [INF] Grading scales already seeded. Skipping.
2026-06-23 11:56:20.219 +01:00 [INF] Credit transfer rules already seeded. Skipping.
2026-06-23 11:56:20.229 +01:00 [INF] Program credit mappings already seeded. Skipping.
2026-06-23 11:56:20.229 +01:00 [INF] Database initialization completed successfully.
2026-06-23 11:56:20.290 +01:00 [INF] Initializing Entra ID Service with TenantId: c9a98a3d-152f-4eb3-b93f-9b26fdd08495, ClientId: 84022968-6bdc-4c6b-8eab-57b75fa5d0b1, Domain: wigweuniversity.edu.ng
2026-06-23 11:56:20.314 +01:00 [INF] Entra ID Service initialized successfully
2026-06-23 11:56:20.399 +01:00 [WRN] VAPID Keys not fully configured. Using auto-generated fallback keys. PUBLIC KEY: BJ_2ENNnPIWh4nf48Se39531WRUu1DpQiWkxGi0AXriQElZkRPYgvn3ntBkR3gnHA9IU0J5LC1K1nJXKlMvvq9Q
2026-06-23 11:56:20.459 +01:00 [INF] Registered 310 endpoints in 1,993 milliseconds.
2026-06-23 11:56:20.490 +01:00 [INF] Now listening on: http://localhost:5021
2026-06-23 11:56:20.490 +01:00 [INF] Application started. Press Ctrl+C to shut down.
2026-06-23 11:56:20.490 +01:00 [INF] Hosting environment: Development
2026-06-23 11:56:20.490 +01:00 [INF] Content root path: /Users/mac/Apps/LMS APP/LMSApi
2026-06-23 12:01:02.392 +01:00 [INF] HTTP OPTIONS /api/me responded 204 in 1.6516 ms
2026-06-23 12:01:03.616 +01:00 [INF] HTTP GET /api/me responded 200 in 1216.9406 ms
2026-06-23 12:01:03.640 +01:00 [INF] HTTP OPTIONS /api/admin/dashboard-stats responded 204 in 0.3895 ms
2026-06-23 12:01:03.661 +01:00 [INF] HTTP OPTIONS /api/notifications/push/public-key responded 204 in 0.0622 ms
2026-06-23 12:01:03.695 +01:00 [WRN] VAPID Keys not fully configured. Using auto-generated fallback keys. PUBLIC KEY: BJ_2ENNnPIWh4nf48Se39531WRUu1DpQiWkxGi0AXriQElZkRPYgvn3ntBkR3gnHA9IU0J5LC1K1nJXKlMvvq9Q
2026-06-23 12:01:03.696 +01:00 [INF] HTTP GET /api/notifications/push/public-key responded 200 in 33.3266 ms
2026-06-23 12:01:03.699 +01:00 [INF] HTTP OPTIONS /api/notifications/push/subscribe responded 204 in 0.0566 ms
2026-06-23 12:01:03.717 +01:00 [WRN] VAPID Keys not fully configured. Using auto-generated fallback keys. PUBLIC KEY: BJ_2ENNnPIWh4nf48Se39531WRUu1DpQiWkxGi0AXriQElZkRPYgvn3ntBkR3gnHA9IU0J5LC1K1nJXKlMvvq9Q
2026-06-23 12:01:03.794 +01:00 [INF] HTTP POST /api/notifications/push/subscribe responded 200 in 94.5404 ms
2026-06-23 12:01:03.822 +01:00 [INF] HTTP GET /api/admin/dashboard-stats responded 200 in 180.1108 ms
2026-06-23 12:01:16.135 +01:00 [INF] HTTP GET /api/rate-limit/status responded 200 in 87.3883 ms
2026-06-23 12:01:30.578 +01:00 [INF] HTTP OPTIONS /api/admin/audit-logs responded 204 in 0.2777 ms
2026-06-23 12:01:30.645 +01:00 [INF] HTTP GET /api/admin/audit-logs responded 200 in 65.6275 ms
2026-06-23 12:02:46.276 +01:00 [INF] HTTP OPTIONS /api/registry/stats responded 204 in 0.1097 ms
2026-06-23 12:02:46.358 +01:00 [INF] HTTP GET /api/registry/stats responded 200 in 79.8040 ms
2026-06-23 12:02:51.556 +01:00 [INF] HTTP OPTIONS /api/admin/admission-config/letter-templates/Undergraduate responded 204 in 0.2407 ms
2026-06-23 12:02:51.581 +01:00 [INF] HTTP GET /api/admin/admission-config/letter-templates/Undergraduate responded 404 in 20.4003 ms
2026-06-23 12:06:45.090 +01:00 [INF] HTTP GET /api/announcements responded 200 in 51.2882 ms
2026-06-23 12:06:47.805 +01:00 [INF] HTTP OPTIONS /api/admin/dashboard-stats responded 204 in 0.2796 ms
2026-06-23 12:06:47.826 +01:00 [INF] HTTP OPTIONS /api/notifications/push/public-key responded 204 in 0.0455 ms
2026-06-23 12:06:47.837 +01:00 [INF] HTTP GET /api/admin/dashboard-stats responded 200 in 30.0872 ms
2026-06-23 12:06:47.853 +01:00 [WRN] VAPID Keys not fully configured. Using auto-generated fallback keys. PUBLIC KEY: BJ_2ENNnPIWh4nf48Se39531WRUu1DpQiWkxGi0AXriQElZkRPYgvn3ntBkR3gnHA9IU0J5LC1K1nJXKlMvvq9Q
2026-06-23 12:06:47.853 +01:00 [INF] HTTP GET /api/notifications/push/public-key responded 200 in 26.7005 ms
2026-06-23 12:06:47.855 +01:00 [INF] HTTP OPTIONS /api/notifications/push/subscribe responded 204 in 0.0477 ms
2026-06-23 12:06:47.864 +01:00 [WRN] VAPID Keys not fully configured. Using auto-generated fallback keys. PUBLIC KEY: BJ_2ENNnPIWh4nf48Se39531WRUu1DpQiWkxGi0AXriQElZkRPYgvn3ntBkR3gnHA9IU0J5LC1K1nJXKlMvvq9Q
2026-06-23 12:06:47.873 +01:00 [INF] HTTP POST /api/notifications/push/subscribe responded 200 in 17.7748 ms
2026-06-23 12:06:50.729 +01:00 [INF] HTTP OPTIONS /api/admin/users responded 204 in 0.2500 ms
2026-06-23 12:06:50.819 +01:00 [INF] HTTP GET /api/admin/users responded 200 in 88.3442 ms
2026-06-23 12:06:55.896 +01:00 [INF] HTTP OPTIONS /api/auth/switch-user-by-oid responded 204 in 0.2585 ms
2026-06-23 12:06:55.986 +01:00 [INF] HTTP POST /api/auth/switch-user-by-oid responded 200 in 86.3051 ms
2026-06-23 12:06:55.992 +01:00 [INF] HTTP OPTIONS /api/me responded 204 in 0.0398 ms
2026-06-23 12:06:56.025 +01:00 [INF] HTTP GET /api/me responded 200 in 31.7043 ms
2026-06-23 12:07:20.176 +01:00 [INF] HTTP OPTIONS /api/gradebook/my-dashboard responded 204 in 0.3284 ms
2026-06-23 12:07:20.343 +01:00 [INF] HTTP GET /api/gradebook/my-dashboard responded 200 in 163.5843 ms
2026-06-23 12:07:30.521 +01:00 [INF] HTTP OPTIONS /api/lecture-sessions/course-offerings/54d9035c-71a8-4aa8-9d44-13f220490e65 responded 204 in 0.1043 ms
2026-06-23 12:07:30.564 +01:00 [INF] HTTP GET /api/self-service/schedule responded 200 in 36.1863 ms
2026-06-23 12:07:30.599 +01:00 [INF] HTTP GET /api/lecture-sessions/course-offerings/54d9035c-71a8-4aa8-9d44-13f220490e65 responded 200 in 68.6299 ms
2026-06-23 12:24:59.917 +01:00 [INF] HTTP OPTIONS /api/me responded 204 in 0.0480 ms
2026-06-23 12:24:59.961 +01:00 [INF] HTTP GET /api/me responded 200 in 42.3623 ms
2026-06-23 12:24:59.991 +01:00 [INF] HTTP OPTIONS /api/lecture-sessions/course-offerings/54d9035c-71a8-4aa8-9d44-13f220490e65 responded 204 in 0.0407 ms
2026-06-23 12:24:59.997 +01:00 [INF] HTTP OPTIONS /api/notifications/push/public-key responded 204 in 0.0386 ms
2026-06-23 12:25:00.004 +01:00 [INF] HTTP GET /api/lecture-sessions/course-offerings/54d9035c-71a8-4aa8-9d44-13f220490e65 responded 200 in 12.2030 ms
2026-06-23 12:25:00.016 +01:00 [INF] HTTP GET /api/self-service/schedule responded 200 in 22.7948 ms
2026-06-23 12:25:00.016 +01:00 [WRN] VAPID Keys not fully configured. Using auto-generated fallback keys. PUBLIC KEY: BJ_2ENNnPIWh4nf48Se39531WRUu1DpQiWkxGi0AXriQElZkRPYgvn3ntBkR3gnHA9IU0J5LC1K1nJXKlMvvq9Q
2026-06-23 12:25:00.017 +01:00 [INF] HTTP GET /api/notifications/push/public-key responded 200 in 19.1639 ms
2026-06-23 12:25:00.019 +01:00 [INF] HTTP OPTIONS /api/notifications/push/subscribe responded 204 in 0.0366 ms
2026-06-23 12:25:00.028 +01:00 [WRN] VAPID Keys not fully configured. Using auto-generated fallback keys. PUBLIC KEY: BJ_2ENNnPIWh4nf48Se39531WRUu1DpQiWkxGi0AXriQElZkRPYgvn3ntBkR3gnHA9IU0J5LC1K1nJXKlMvvq9Q
2026-06-23 12:25:00.041 +01:00 [INF] HTTP POST /api/notifications/push/subscribe responded 200 in 22.3230 ms
2026-06-23 12:25:04.890 +01:00 [INF] HTTP GET /api/me responded 200 in 20.4438 ms
2026-06-23 12:25:04.913 +01:00 [INF] HTTP GET /api/self-service/schedule responded 200 in 10.3120 ms
2026-06-23 12:25:04.916 +01:00 [INF] HTTP GET /api/lecture-sessions/course-offerings/54d9035c-71a8-4aa8-9d44-13f220490e65 responded 200 in 14.6903 ms
2026-06-23 12:25:04.926 +01:00 [WRN] VAPID Keys not fully configured. Using auto-generated fallback keys. PUBLIC KEY: BJ_2ENNnPIWh4nf48Se39531WRUu1DpQiWkxGi0AXriQElZkRPYgvn3ntBkR3gnHA9IU0J5LC1K1nJXKlMvvq9Q
2026-06-23 12:25:04.926 +01:00 [INF] HTTP GET /api/notifications/push/public-key responded 200 in 20.3883 ms
2026-06-23 12:25:04.936 +01:00 [WRN] VAPID Keys not fully configured. Using auto-generated fallback keys. PUBLIC KEY: BJ_2ENNnPIWh4nf48Se39531WRUu1DpQiWkxGi0AXriQElZkRPYgvn3ntBkR3gnHA9IU0J5LC1K1nJXKlMvvq9Q
2026-06-23 12:25:04.943 +01:00 [INF] HTTP POST /api/notifications/push/subscribe responded 200 in 14.9428 ms
2026-06-23 12:25:11.862 +01:00 [INF] HTTP OPTIONS /api/me responded 204 in 0.0296 ms
2026-06-23 12:25:11.883 +01:00 [INF] HTTP GET /api/me responded 200 in 19.9541 ms
2026-06-23 12:25:11.895 +01:00 [INF] HTTP OPTIONS /api/lecture-sessions/course-offerings/54d9035c-71a8-4aa8-9d44-13f220490e65 responded 204 in 0.0253 ms
2026-06-23 12:25:11.899 +01:00 [INF] HTTP OPTIONS /api/notifications/push/public-key responded 204 in 0.0230 ms
2026-06-23 12:25:11.907 +01:00 [INF] HTTP GET /api/lecture-sessions/course-offerings/54d9035c-71a8-4aa8-9d44-13f220490e65 responded 200 in 11.7051 ms
2026-06-23 12:25:11.907 +01:00 [INF] HTTP GET /api/self-service/schedule responded 200 in 10.5438 ms
2026-06-23 12:25:11.909 +01:00 [WRN] VAPID Keys not fully configured. Using auto-generated fallback keys. PUBLIC KEY: BJ_2ENNnPIWh4nf48Se39531WRUu1DpQiWkxGi0AXriQElZkRPYgvn3ntBkR3gnHA9IU0J5LC1K1nJXKlMvvq9Q
2026-06-23 12:25:11.909 +01:00 [INF] HTTP GET /api/notifications/push/public-key responded 200 in 9.1374 ms
2026-06-23 12:25:11.911 +01:00 [INF] HTTP OPTIONS /api/notifications/push/subscribe responded 204 in 0.0229 ms
2026-06-23 12:25:11.919 +01:00 [WRN] VAPID Keys not fully configured. Using auto-generated fallback keys. PUBLIC KEY: BJ_2ENNnPIWh4nf48Se39531WRUu1DpQiWkxGi0AXriQElZkRPYgvn3ntBkR3gnHA9IU0J5LC1K1nJXKlMvvq9Q
2026-06-23 12:25:11.925 +01:00 [INF] HTTP POST /api/notifications/push/subscribe responded 200 in 13.9320 ms
2026-06-23 12:47:02.624 +01:00 [INF] HTTP OPTIONS /api/me responded 204 in 0.6185 ms
2026-06-23 12:47:02.855 +01:00 [INF] HTTP GET /api/me responded 200 in 228.7118 ms
2026-06-23 12:47:02.901 +01:00 [INF] HTTP OPTIONS /api/lecture-sessions/course-offerings/54d9035c-71a8-4aa8-9d44-13f220490e65 responded 204 in 0.0280 ms
2026-06-23 12:47:02.908 +01:00 [INF] HTTP OPTIONS /api/notifications/push/public-key responded 204 in 0.0251 ms
2026-06-23 12:47:02.962 +01:00 [INF] HTTP GET /api/lecture-sessions/course-offerings/54d9035c-71a8-4aa8-9d44-13f220490e65 responded 200 in 59.0292 ms
2026-06-23 12:47:02.976 +01:00 [INF] HTTP GET /api/self-service/schedule responded 200 in 68.3637 ms
2026-06-23 12:47:02.979 +01:00 [WRN] VAPID Keys not fully configured. Using auto-generated fallback keys. PUBLIC KEY: BJ_2ENNnPIWh4nf48Se39531WRUu1DpQiWkxGi0AXriQElZkRPYgvn3ntBkR3gnHA9IU0J5LC1K1nJXKlMvvq9Q
2026-06-23 12:47:02.979 +01:00 [INF] HTTP GET /api/notifications/push/public-key responded 200 in 69.7038 ms
2026-06-23 12:47:02.985 +01:00 [INF] HTTP OPTIONS /api/notifications/push/subscribe responded 204 in 0.0290 ms
2026-06-23 12:47:03.001 +01:00 [WRN] VAPID Keys not fully configured. Using auto-generated fallback keys. PUBLIC KEY: BJ_2ENNnPIWh4nf48Se39531WRUu1DpQiWkxGi0AXriQElZkRPYgvn3ntBkR3gnHA9IU0J5LC1K1nJXKlMvvq9Q
2026-06-23 12:47:03.020 +01:00 [INF] HTTP POST /api/notifications/push/subscribe responded 200 in 34.1477 ms
2026-06-23 12:47:10.905 +01:00 [INF] HTTP GET /api/self-service/schedule responded 200 in 18.9493 ms
2026-06-23 12:47:15.613 +01:00 [INF] HTTP OPTIONS /api/gradebook/my-dashboard responded 204 in 0.1749 ms
2026-06-23 12:47:15.622 +01:00 [INF] HTTP OPTIONS /api/notifications/push/public-key responded 204 in 0.0318 ms
2026-06-23 12:47:15.644 +01:00 [WRN] VAPID Keys not fully configured. Using auto-generated fallback keys. PUBLIC KEY: BJ_2ENNnPIWh4nf48Se39531WRUu1DpQiWkxGi0AXriQElZkRPYgvn3ntBkR3gnHA9IU0J5LC1K1nJXKlMvvq9Q
2026-06-23 12:47:15.645 +01:00 [INF] HTTP GET /api/notifications/push/public-key responded 200 in 20.8058 ms
2026-06-23 12:47:15.647 +01:00 [INF] HTTP OPTIONS /api/notifications/push/subscribe responded 204 in 0.0342 ms
2026-06-23 12:47:15.664 +01:00 [WRN] VAPID Keys not fully configured. Using auto-generated fallback keys. PUBLIC KEY: BJ_2ENNnPIWh4nf48Se39531WRUu1DpQiWkxGi0AXriQElZkRPYgvn3ntBkR3gnHA9IU0J5LC1K1nJXKlMvvq9Q
2026-06-23 12:47:15.667 +01:00 [INF] HTTP GET /api/gradebook/my-dashboard responded 200 in 50.4472 ms
2026-06-23 12:47:15.693 +01:00 [INF] HTTP POST /api/notifications/push/subscribe responded 200 in 44.3157 ms
2026-06-23 12:47:23.007 +01:00 [INF] HTTP OPTIONS /api/lecture-sessions/course-offerings/54d9035c-71a8-4aa8-9d44-13f220490e65 responded 204 in 0.0664 ms
2026-06-23 12:47:23.038 +01:00 [INF] HTTP GET /api/self-service/schedule responded 200 in 25.7934 ms
2026-06-23 12:47:23.043 +01:00 [INF] HTTP GET /api/lecture-sessions/course-offerings/54d9035c-71a8-4aa8-9d44-13f220490e65 responded 200 in 31.1843 ms
2026-06-23 12:47:24.578 +01:00 [ERR] HTTP GET /api/self-service/registration-history responded 501 in 31.0603 ms
2026-06-23 13:03:00.301 +01:00 [INF] Application is shutting down...
2026-06-23 13:03:07.092 +01:00 [INF] Sessions already seeded. Skipping.
2026-06-23 13:03:07.117 +01:00 [INF] Faculties already seeded. Skipping.
2026-06-23 13:03:07.125 +01:00 [INF] Departments already seeded. Skipping.
2026-06-23 13:03:07.138 +01:00 [INF] Programs already seeded. Skipping.
2026-06-23 13:03:07.178 +01:00 [INF] Lecturer john.doe@wigweuniversity.edu.ng already exists. Skipping.
2026-06-23 13:03:07.181 +01:00 [INF] Lecturer jane.smith@wigweuniversity.edu.ng already exists. Skipping.
2026-06-23 13:03:07.198 +01:00 [INF] All document types already exist. Skipping.
2026-06-23 13:03:07.205 +01:00 [INF] Sponsors already seeded. Skipping.
2026-06-23 13:03:07.212 +01:00 [INF] Subjects already seeded. Skipping.
2026-06-23 13:03:07.223 +01:00 [INF] Countries already seeded. Skipping.
2026-06-23 13:03:07.230 +01:00 [INF] Grading scales already seeded. Skipping.
2026-06-23 13:03:07.239 +01:00 [INF] Credit transfer rules already seeded. Skipping.
2026-06-23 13:03:07.244 +01:00 [INF] Program credit mappings already seeded. Skipping.
2026-06-23 13:03:07.244 +01:00 [INF] Database initialization completed successfully.
2026-06-23 13:03:07.289 +01:00 [INF] Initializing Entra ID Service with TenantId: c9a98a3d-152f-4eb3-b93f-9b26fdd08495, ClientId: 84022968-6bdc-4c6b-8eab-57b75fa5d0b1, Domain: wigweuniversity.edu.ng
2026-06-23 13:03:07.304 +01:00 [INF] Entra ID Service initialized successfully
2026-06-23 13:03:07.376 +01:00 [WRN] VAPID Keys not fully configured. Using auto-generated fallback keys. PUBLIC KEY: BLSGyXjvR9AOsdjkUCkP6SpQyhFCe1qxfF0Dj708V_e4n7gr95_eWaEpKYjIJKDnobwHnM3GklBTNABsy_0J3zU
2026-06-23 13:03:07.429 +01:00 [INF] Registered 311 endpoints in 1,742 milliseconds.
2026-06-23 13:03:07.455 +01:00 [INF] Now listening on: http://localhost:5021
2026-06-23 13:03:07.455 +01:00 [INF] Application started. Press Ctrl+C to shut down.
2026-06-23 13:03:07.456 +01:00 [INF] Hosting environment: Development
2026-06-23 13:03:07.456 +01:00 [INF] Content root path: /Users/mac/Apps/LMS APP/LMSApi
2026-06-23 13:03:19.458 +01:00 [INF] HTTP OPTIONS /api/lecture-sessions/course-offerings/54d9035c-71a8-4aa8-9d44-13f220490e65 responded 204 in 1.9396 ms
2026-06-23 13:03:19.716 +01:00 [INF] HTTP GET /api/lecture-sessions/course-offerings/54d9035c-71a8-4aa8-9d44-13f220490e65 responded 200 in 248.6226 ms
2026-06-23 13:03:19.716 +01:00 [INF] HTTP GET /api/self-service/schedule responded 200 in 260.5307 ms
2026-06-23 13:03:56.616 +01:00 [INF] HTTP OPTIONS /api/me responded 204 in 0.1200 ms
2026-06-23 13:03:56.840 +01:00 [INF] HTTP GET /api/me responded 200 in 223.6253 ms
2026-06-23 13:03:56.873 +01:00 [INF] HTTP OPTIONS /api/lecture-sessions/course-offerings/54d9035c-71a8-4aa8-9d44-13f220490e65 responded 204 in 0.1883 ms
2026-06-23 13:03:56.883 +01:00 [INF] HTTP OPTIONS /api/notifications/push/public-key responded 204 in 0.0834 ms
2026-06-23 13:03:56.912 +01:00 [WRN] VAPID Keys not fully configured. Using auto-generated fallback keys. PUBLIC KEY: BLSGyXjvR9AOsdjkUCkP6SpQyhFCe1qxfF0Dj708V_e4n7gr95_eWaEpKYjIJKDnobwHnM3GklBTNABsy_0J3zU
2026-06-23 13:03:56.913 +01:00 [INF] HTTP GET /api/lecture-sessions/course-offerings/54d9035c-71a8-4aa8-9d44-13f220490e65 responded 200 in 38.6438 ms
2026-06-23 13:03:56.916 +01:00 [INF] HTTP GET /api/notifications/push/public-key responded 200 in 23.8049 ms
2026-06-23 13:03:56.939 +01:00 [INF] HTTP GET /api/self-service/schedule responded 200 in 61.5264 ms
2026-06-23 13:03:57.010 +01:00 [INF] HTTP OPTIONS /api/notifications/push/subscribe responded 204 in 0.0668 ms
2026-06-23 13:03:57.026 +01:00 [WRN] VAPID Keys not fully configured. Using auto-generated fallback keys. PUBLIC KEY: BLSGyXjvR9AOsdjkUCkP6SpQyhFCe1qxfF0Dj708V_e4n7gr95_eWaEpKYjIJKDnobwHnM3GklBTNABsy_0J3zU
2026-06-23 13:03:57.094 +01:00 [INF] HTTP POST /api/notifications/push/subscribe responded 200 in 83.5926 ms
2026-06-23 14:27:40.274 +01:00 [INF] HTTP OPTIONS /api/me responded 204 in 0.0743 ms
2026-06-23 14:27:40.279 +01:00 [INF] HTTP GET /api/me responded 200 in 2.3262 ms
2026-06-23 14:27:40.303 +01:00 [INF] HTTP OPTIONS /api/lecture-sessions/course-offerings/54d9035c-71a8-4aa8-9d44-13f220490e65 responded 204 in 0.0797 ms
2026-06-23 14:27:40.323 +01:00 [INF] HTTP OPTIONS /api/notifications/push/public-key responded 204 in 0.0540 ms
2026-06-23 14:27:40.331 +01:00 [INF] HTTP GET /api/notifications/push/public-key responded 401 in 7.0443 ms
2026-06-23 14:27:40.331 +01:00 [INF] HTTP GET /api/lecture-sessions/course-offerings/54d9035c-71a8-4aa8-9d44-13f220490e65 responded 401 in 16.3424 ms
2026-06-23 14:27:40.332 +01:00 [INF] HTTP GET /api/self-service/schedule responded 401 in 1.0260 ms
2026-06-23 14:27:49.677 +01:00 [INF] HTTP OPTIONS /api/me responded 204 in 0.3737 ms
2026-06-23 14:27:50.748 +01:00 [INF] HTTP GET /api/me responded 200 in 1069.0776 ms
2026-06-23 14:27:50.774 +01:00 [INF] HTTP OPTIONS /api/admin/dashboard-stats responded 204 in 0.0580 ms
2026-06-23 14:27:50.790 +01:00 [INF] HTTP OPTIONS /api/notifications/push/public-key responded 204 in 0.0500 ms
2026-06-23 14:27:50.801 +01:00 [WRN] VAPID Keys not fully configured. Using auto-generated fallback keys. PUBLIC KEY: BLSGyXjvR9AOsdjkUCkP6SpQyhFCe1qxfF0Dj708V_e4n7gr95_eWaEpKYjIJKDnobwHnM3GklBTNABsy_0J3zU
2026-06-23 14:27:50.802 +01:00 [INF] HTTP GET /api/notifications/push/public-key responded 200 in 10.3536 ms
2026-06-23 14:27:50.809 +01:00 [INF] HTTP OPTIONS /api/notifications/push/subscribe responded 204 in 0.0905 ms
2026-06-23 14:27:50.821 +01:00 [WRN] VAPID Keys not fully configured. Using auto-generated fallback keys. PUBLIC KEY: BLSGyXjvR9AOsdjkUCkP6SpQyhFCe1qxfF0Dj708V_e4n7gr95_eWaEpKYjIJKDnobwHnM3GklBTNABsy_0J3zU
2026-06-23 14:27:50.834 +01:00 [INF] HTTP POST /api/notifications/push/subscribe responded 200 in 23.7035 ms
2026-06-23 14:27:50.909 +01:00 [INF] HTTP GET /api/admin/dashboard-stats responded 200 in 131.7103 ms
2026-06-23 14:27:56.997 +01:00 [INF] HTTP OPTIONS /api/admin/users responded 204 in 0.2406 ms
2026-06-23 14:27:57.089 +01:00 [INF] HTTP GET /api/admin/users responded 200 in 89.3680 ms
2026-06-23 14:28:14.535 +01:00 [INF] HTTP OPTIONS /api/auth/switch-user-by-oid responded 204 in 0.3339 ms
2026-06-23 14:28:14.612 +01:00 [INF] HTTP POST /api/auth/switch-user-by-oid responded 200 in 70.1220 ms
2026-06-23 14:28:14.614 +01:00 [INF] HTTP OPTIONS /api/me responded 204 in 0.0418 ms
2026-06-23 14:28:14.632 +01:00 [INF] HTTP GET /api/me responded 200 in 16.8450 ms
2026-06-23 14:28:23.365 +01:00 [INF] HTTP OPTIONS /api/lecture-sessions/course-offerings/54d9035c-71a8-4aa8-9d44-13f220490e65 responded 204 in 0.1157 ms
2026-06-23 14:28:23.391 +01:00 [INF] HTTP GET /api/self-service/schedule responded 200 in 23.0185 ms
2026-06-23 14:28:23.394 +01:00 [INF] HTTP GET /api/lecture-sessions/course-offerings/54d9035c-71a8-4aa8-9d44-13f220490e65 responded 200 in 25.8463 ms
2026-06-23 14:28:47.821 +01:00 [INF] HTTP GET /api/self-service/schedule responded 200 in 43.3268 ms
2026-06-23 14:28:50.564 +01:00 [INF] HTTP OPTIONS /api/gradebook/my-dashboard responded 204 in 0.0962 ms
2026-06-23 14:28:50.573 +01:00 [INF] HTTP OPTIONS /api/notifications/push/public-key responded 204 in 0.0256 ms
2026-06-23 14:28:50.586 +01:00 [WRN] VAPID Keys not fully configured. Using auto-generated fallback keys. PUBLIC KEY: BLSGyXjvR9AOsdjkUCkP6SpQyhFCe1qxfF0Dj708V_e4n7gr95_eWaEpKYjIJKDnobwHnM3GklBTNABsy_0J3zU
2026-06-23 14:28:50.586 +01:00 [INF] HTTP GET /api/notifications/push/public-key responded 200 in 11.6269 ms
2026-06-23 14:28:50.589 +01:00 [INF] HTTP OPTIONS /api/notifications/push/subscribe responded 204 in 0.0563 ms
2026-06-23 14:28:50.600 +01:00 [WRN] VAPID Keys not fully configured. Using auto-generated fallback keys. PUBLIC KEY: BLSGyXjvR9AOsdjkUCkP6SpQyhFCe1qxfF0Dj708V_e4n7gr95_eWaEpKYjIJKDnobwHnM3GklBTNABsy_0J3zU
2026-06-23 14:28:50.609 +01:00 [INF] HTTP POST /api/notifications/push/subscribe responded 200 in 19.5863 ms
2026-06-23 14:28:50.677 +01:00 [INF] HTTP GET /api/gradebook/my-dashboard responded 200 in 108.2491 ms
2026-06-23 14:29:07.725 +01:00 [INF] HTTP GET /api/self-service/schedule responded 200 in 20.3454 ms
2026-06-23 14:29:09.898 +01:00 [INF] HTTP OPTIONS /api/gradebook/my-dashboard responded 204 in 0.0607 ms
2026-06-23 14:29:09.907 +01:00 [INF] HTTP OPTIONS /api/notifications/push/public-key responded 204 in 0.0573 ms
2026-06-23 14:29:09.920 +01:00 [WRN] VAPID Keys not fully configured. Using auto-generated fallback keys. PUBLIC KEY: BLSGyXjvR9AOsdjkUCkP6SpQyhFCe1qxfF0Dj708V_e4n7gr95_eWaEpKYjIJKDnobwHnM3GklBTNABsy_0J3zU
2026-06-23 14:29:09.920 +01:00 [INF] HTTP GET /api/notifications/push/public-key responded 200 in 12.3593 ms
2026-06-23 14:29:09.923 +01:00 [INF] HTTP OPTIONS /api/notifications/push/subscribe responded 204 in 0.0280 ms
2026-06-23 14:29:09.923 +01:00 [INF] HTTP GET /api/gradebook/my-dashboard responded 200 in 24.3278 ms
2026-06-23 14:29:09.935 +01:00 [WRN] VAPID Keys not fully configured. Using auto-generated fallback keys. PUBLIC KEY: BLSGyXjvR9AOsdjkUCkP6SpQyhFCe1qxfF0Dj708V_e4n7gr95_eWaEpKYjIJKDnobwHnM3GklBTNABsy_0J3zU
2026-06-23 14:29:09.942 +01:00 [INF] HTTP POST /api/notifications/push/subscribe responded 200 in 18.6918 ms
2026-06-23 14:29:12.821 +01:00 [INF] HTTP GET /api/self-service/schedule responded 200 in 20.1082 ms
2026-06-23 14:31:55.482 +01:00 [INF] HTTP OPTIONS /api/lecture-sessions/course-offerings/54d9035c-71a8-4aa8-9d44-13f220490e65 responded 204 in 0.0329 ms
2026-06-23 14:31:55.510 +01:00 [INF] HTTP GET /api/self-service/schedule responded 200 in 22.0880 ms
2026-06-23 14:31:55.510 +01:00 [INF] HTTP GET /api/lecture-sessions/course-offerings/54d9035c-71a8-4aa8-9d44-13f220490e65 responded 200 in 22.1731 ms
2026-06-23 14:31:58.596 +01:00 [INF] HTTP GET /api/self-service/schedule responded 200 in 18.3464 ms
2026-06-23 14:31:59.461 +01:00 [INF] HTTP OPTIONS /api/lecture-sessions/course-offerings/54d9035c-71a8-4aa8-9d44-13f220490e65 responded 204 in 0.1299 ms
2026-06-23 14:31:59.483 +01:00 [INF] HTTP GET /api/lecture-sessions/course-offerings/54d9035c-71a8-4aa8-9d44-13f220490e65 responded 200 in 19.5777 ms
2026-06-23 14:31:59.486 +01:00 [INF] HTTP GET /api/self-service/schedule responded 200 in 21.4046 ms
2026-06-23 14:32:00.313 +01:00 [INF] HTTP GET /api/self-service/schedule responded 200 in 18.7484 ms
2026-06-23 14:32:01.187 +01:00 [INF] HTTP OPTIONS /api/lecture-sessions/course-offerings/54d9035c-71a8-4aa8-9d44-13f220490e65 responded 204 in 0.4910 ms
2026-06-23 14:32:01.210 +01:00 [INF] HTTP GET /api/lecture-sessions/course-offerings/54d9035c-71a8-4aa8-9d44-13f220490e65 responded 200 in 17.5680 ms
2026-06-23 14:32:01.213 +01:00 [INF] HTTP GET /api/self-service/schedule responded 200 in 20.3171 ms
2026-06-23 14:32:02.689 +01:00 [INF] HTTP GET /api/self-service/schedule responded 200 in 28.5218 ms
2026-06-23 14:32:04.613 +01:00 [INF] HTTP OPTIONS /api/lecture-sessions/course-offerings/54d9035c-71a8-4aa8-9d44-13f220490e65 responded 204 in 0.0592 ms
2026-06-23 14:32:04.634 +01:00 [INF] HTTP GET /api/lecture-sessions/course-offerings/54d9035c-71a8-4aa8-9d44-13f220490e65 responded 200 in 19.7261 ms
2026-06-23 14:32:04.637 +01:00 [INF] HTTP GET /api/self-service/schedule responded 200 in 18.7436 ms
2026-06-23 14:32:07.195 +01:00 [INF] HTTP GET /api/self-service/registration-history responded 200 in 27.6637 ms
2026-06-23 14:32:14.078 +01:00 [INF] HTTP OPTIONS /api/lecture-sessions/course-offerings/54d9035c-71a8-4aa8-9d44-13f220490e65 responded 204 in 0.2701 ms
2026-06-23 14:32:14.120 +01:00 [INF] HTTP GET /api/lecture-sessions/course-offerings/54d9035c-71a8-4aa8-9d44-13f220490e65 responded 200 in 38.3005 ms
2026-06-23 14:32:14.123 +01:00 [INF] HTTP GET /api/self-service/schedule responded 200 in 40.0451 ms
2026-06-23 14:32:16.808 +01:00 [INF] HTTP GET /api/self-service/schedule responded 200 in 22.6953 ms
2026-06-23 14:32:18.967 +01:00 [INF] HTTP OPTIONS /api/lecture-sessions/course-offerings/54d9035c-71a8-4aa8-9d44-13f220490e65 responded 204 in 0.0819 ms
2026-06-23 14:32:18.990 +01:00 [INF] HTTP GET /api/self-service/schedule responded 200 in 19.7904 ms
2026-06-23 14:32:18.991 +01:00 [INF] HTTP GET /api/lecture-sessions/course-offerings/54d9035c-71a8-4aa8-9d44-13f220490e65 responded 200 in 20.9099 ms
2026-06-23 14:32:20.310 +01:00 [INF] HTTP GET /api/self-service/schedule responded 200 in 21.5945 ms
2026-06-23 14:32:20.911 +01:00 [INF] HTTP OPTIONS /api/lecture-sessions/course-offerings/54d9035c-71a8-4aa8-9d44-13f220490e65 responded 204 in 0.0645 ms
2026-06-23 14:32:20.933 +01:00 [INF] HTTP GET /api/lecture-sessions/course-offerings/54d9035c-71a8-4aa8-9d44-13f220490e65 responded 200 in 19.5429 ms
2026-06-23 14:32:20.936 +01:00 [INF] HTTP GET /api/self-service/schedule responded 200 in 21.8019 ms
2026-06-23 14:32:31.813 +01:00 [INF] HTTP GET /api/self-service/schedule responded 200 in 22.5221 ms
2026-06-23 14:32:52.090 +01:00 [INF] HTTP OPTIONS /api/lecture-sessions/course-offerings/54d9035c-71a8-4aa8-9d44-13f220490e65 responded 204 in 0.0574 ms
2026-06-23 14:32:52.115 +01:00 [INF] HTTP GET /api/lecture-sessions/course-offerings/54d9035c-71a8-4aa8-9d44-13f220490e65 responded 200 in 13.9846 ms
2026-06-23 14:32:52.116 +01:00 [INF] HTTP GET /api/self-service/schedule responded 200 in 15.2398 ms
2026-06-23 14:37:57.416 +01:00 [INF] HTTP OPTIONS /api/me responded 204 in 0.0368 ms
2026-06-23 14:37:57.461 +01:00 [INF] HTTP GET /api/me responded 200 in 42.7621 ms
2026-06-23 14:37:57.498 +01:00 [INF] HTTP OPTIONS /api/gradebook/my-dashboard responded 204 in 0.0438 ms
2026-06-23 14:37:57.499 +01:00 [INF] HTTP OPTIONS /api/lecture-sessions/course-offerings/54d9035c-71a8-4aa8-9d44-13f220490e65 responded 204 in 0.1239 ms
2026-06-23 14:37:57.550 +01:00 [INF] HTTP OPTIONS /api/notifications/push/public-key responded 204 in 0.0836 ms
2026-06-23 14:37:57.633 +01:00 [INF] HTTP GET /api/gradebook/my-dashboard responded 200 in 131.0287 ms
2026-06-23 14:37:57.642 +01:00 [INF] HTTP GET /api/lecture-sessions/course-offerings/54d9035c-71a8-4aa8-9d44-13f220490e65 responded 200 in 141.6762 ms
2026-06-23 14:37:57.644 +01:00 [INF] HTTP GET /api/self-service/schedule responded 200 in 43.4056 ms
2026-06-23 14:37:57.657 +01:00 [WRN] VAPID Keys not fully configured. Using auto-generated fallback keys. PUBLIC KEY: BLSGyXjvR9AOsdjkUCkP6SpQyhFCe1qxfF0Dj708V_e4n7gr95_eWaEpKYjIJKDnobwHnM3GklBTNABsy_0J3zU
2026-06-23 14:37:57.658 +01:00 [INF] HTTP GET /api/notifications/push/public-key responded 200 in 106.8195 ms
2026-06-23 14:37:57.669 +01:00 [INF] HTTP OPTIONS /api/lecture-sessions/course-offerings/54d9035c-71a8-4aa8-9d44-13f220490e65 responded 204 in 0.0300 ms
2026-06-23 14:37:57.673 +01:00 [INF] HTTP OPTIONS /api/notifications/push/subscribe responded 204 in 0.0427 ms
2026-06-23 14:37:57.690 +01:00 [WRN] VAPID Keys not fully configured. Using auto-generated fallback keys. PUBLIC KEY: BLSGyXjvR9AOsdjkUCkP6SpQyhFCe1qxfF0Dj708V_e4n7gr95_eWaEpKYjIJKDnobwHnM3GklBTNABsy_0J3zU
2026-06-23 14:37:57.691 +01:00 [INF] HTTP GET /api/lecture-sessions/course-offerings/54d9035c-71a8-4aa8-9d44-13f220490e65 responded 200 in 18.1748 ms
2026-06-23 14:37:57.706 +01:00 [INF] HTTP GET /api/self-service/schedule responded 200 in 15.0989 ms
2026-06-23 14:37:57.707 +01:00 [INF] HTTP POST /api/notifications/push/subscribe responded 200 in 31.9497 ms
2026-06-23 14:38:03.186 +01:00 [INF] HTTP OPTIONS /api/me responded 204 in 0.0940 ms
2026-06-23 14:38:03.240 +01:00 [INF] HTTP GET /api/me responded 200 in 52.8648 ms
2026-06-23 14:38:03.271 +01:00 [INF] HTTP OPTIONS /api/gradebook/my-dashboard responded 204 in 0.1478 ms
2026-06-23 14:38:03.275 +01:00 [INF] HTTP OPTIONS /api/lecture-sessions/course-offerings/54d9035c-71a8-4aa8-9d44-13f220490e65 responded 204 in 0.0366 ms
2026-06-23 14:38:03.292 +01:00 [INF] HTTP OPTIONS /api/notifications/push/public-key responded 204 in 0.0123 ms
2026-06-23 14:38:03.304 +01:00 [INF] HTTP GET /api/lecture-sessions/course-offerings/54d9035c-71a8-4aa8-9d44-13f220490e65 responded 200 in 24.7263 ms
2026-06-23 14:38:03.311 +01:00 [INF] HTTP GET /api/self-service/schedule responded 200 in 18.9624 ms
2026-06-23 14:38:03.311 +01:00 [WRN] VAPID Keys not fully configured. Using auto-generated fallback keys. PUBLIC KEY: BLSGyXjvR9AOsdjkUCkP6SpQyhFCe1qxfF0Dj708V_e4n7gr95_eWaEpKYjIJKDnobwHnM3GklBTNABsy_0J3zU
2026-06-23 14:38:03.311 +01:00 [INF] HTTP GET /api/notifications/push/public-key responded 200 in 16.6473 ms
2026-06-23 14:38:03.316 +01:00 [INF] HTTP OPTIONS /api/notifications/push/subscribe responded 204 in 0.0225 ms
2026-06-23 14:38:03.346 +01:00 [WRN] VAPID Keys not fully configured. Using auto-generated fallback keys. PUBLIC KEY: BLSGyXjvR9AOsdjkUCkP6SpQyhFCe1qxfF0Dj708V_e4n7gr95_eWaEpKYjIJKDnobwHnM3GklBTNABsy_0J3zU
2026-06-23 14:38:03.352 +01:00 [INF] HTTP GET /api/gradebook/my-dashboard responded 200 in 76.1255 ms
2026-06-23 14:38:03.359 +01:00 [INF] HTTP POST /api/notifications/push/subscribe responded 200 in 41.1303 ms
2026-06-23 14:38:03.461 +01:00 [INF] HTTP OPTIONS /api/lecture-sessions/course-offerings/54d9035c-71a8-4aa8-9d44-13f220490e65 responded 204 in 0.0214 ms
2026-06-23 14:38:03.476 +01:00 [INF] HTTP GET /api/self-service/schedule responded 200 in 12.5714 ms
2026-06-23 14:38:03.476 +01:00 [INF] HTTP GET /api/lecture-sessions/course-offerings/54d9035c-71a8-4aa8-9d44-13f220490e65 responded 200 in 13.5991 ms
2026-06-23 14:38:19.334 +01:00 [INF] HTTP OPTIONS /api/gradebook/my-dashboard responded 204 in 0.0241 ms
2026-06-23 14:38:19.426 +01:00 [INF] HTTP GET /api/self-service/schedule responded 200 in 82.2714 ms
2026-06-23 14:38:19.429 +01:00 [INF] HTTP GET /api/gradebook/my-dashboard responded 200 in 85.2433 ms
2026-06-23 14:38:19.483 +01:00 [INF] HTTP GET /api/self-service/schedule responded 200 in 43.3245 ms
2026-06-23 14:40:56.965 +01:00 [INF] HTTP OPTIONS /api/lecture-sessions/course-offerings/54d9035c-71a8-4aa8-9d44-13f220490e65 responded 204 in 5.0576 ms
2026-06-23 14:40:56.965 +01:00 [INF] HTTP OPTIONS /api/gradebook/my-dashboard responded 204 in 0.4539 ms
2026-06-23 14:40:57.054 +01:00 [INF] HTTP GET /api/self-service/schedule responded 200 in 84.7923 ms
2026-06-23 14:40:57.059 +01:00 [INF] HTTP GET /api/lecture-sessions/course-offerings/54d9035c-71a8-4aa8-9d44-13f220490e65 responded 200 in 89.9865 ms
2026-06-23 14:40:57.077 +01:00 [INF] HTTP GET /api/gradebook/my-dashboard responded 200 in 106.7987 ms
2026-06-23 14:40:57.083 +01:00 [INF] HTTP OPTIONS /api/lecture-sessions/course-offerings/54d9035c-71a8-4aa8-9d44-13f220490e65 responded 204 in 0.0335 ms
2026-06-23 14:40:57.110 +01:00 [INF] HTTP GET /api/lecture-sessions/course-offerings/54d9035c-71a8-4aa8-9d44-13f220490e65 responded 200 in 26.4479 ms
2026-06-23 14:40:57.112 +01:00 [INF] HTTP GET /api/self-service/schedule responded 200 in 26.1233 ms
2026-06-23 14:41:23.280 +01:00 [INF] HTTP GET /api/self-service/registration-history responded 200 in 286.4510 ms
2026-06-23 14:41:26.258 +01:00 [INF] HTTP OPTIONS /api/gradebook/my-dashboard responded 204 in 0.0716 ms
2026-06-23 14:41:26.315 +01:00 [INF] HTTP GET /api/self-service/schedule responded 200 in 35.9400 ms
2026-06-23 14:41:26.319 +01:00 [INF] HTTP GET /api/gradebook/my-dashboard responded 200 in 49.6642 ms
2026-06-23 14:41:26.345 +01:00 [INF] HTTP GET /api/self-service/schedule responded 200 in 20.6711 ms
2026-06-23 14:41:34.555 +01:00 [INF] HTTP GET /api/self-service/schedule responded 200 in 25.3883 ms
2026-06-23 14:42:09.142 +01:00 [INF] HTTP OPTIONS /api/gradebook/my-dashboard responded 204 in 0.1600 ms
2026-06-23 14:42:09.176 +01:00 [INF] HTTP GET /api/self-service/schedule responded 200 in 28.2543 ms
2026-06-23 14:42:09.180 +01:00 [INF] HTTP GET /api/gradebook/my-dashboard responded 200 in 32.7385 ms
2026-06-23 14:42:09.202 +01:00 [INF] HTTP GET /api/self-service/schedule responded 200 in 18.2528 ms
2026-06-23 14:42:11.293 +01:00 [INF] HTTP OPTIONS /api/gradebook/my-dashboard responded 204 in 0.0380 ms
2026-06-23 14:42:11.296 +01:00 [INF] HTTP OPTIONS /api/lecture-sessions/course-offerings/54d9035c-71a8-4aa8-9d44-13f220490e65 responded 204 in 0.0547 ms
2026-06-23 14:42:11.322 +01:00 [INF] HTTP GET /api/self-service/schedule responded 200 in 19.2503 ms
2026-06-23 14:42:11.324 +01:00 [INF] HTTP GET /api/lecture-sessions/course-offerings/54d9035c-71a8-4aa8-9d44-13f220490e65 responded 200 in 21.2767 ms
2026-06-23 14:42:11.326 +01:00 [INF] HTTP GET /api/gradebook/my-dashboard responded 200 in 31.8915 ms
2026-06-23 14:42:11.329 +01:00 [INF] HTTP OPTIONS /api/lecture-sessions/course-offerings/54d9035c-71a8-4aa8-9d44-13f220490e65 responded 204 in 0.0294 ms
2026-06-23 14:42:11.345 +01:00 [INF] HTTP GET /api/lecture-sessions/course-offerings/54d9035c-71a8-4aa8-9d44-13f220490e65 responded 200 in 15.1120 ms
2026-06-23 14:42:11.347 +01:00 [INF] HTTP GET /api/self-service/schedule responded 200 in 15.6338 ms
2026-06-23 14:42:16.737 +01:00 [INF] HTTP OPTIONS /api/gradebook/my-dashboard responded 204 in 0.0434 ms
2026-06-23 14:42:16.767 +01:00 [INF] HTTP GET /api/self-service/schedule responded 200 in 23.7655 ms
2026-06-23 14:42:16.772 +01:00 [INF] HTTP GET /api/gradebook/my-dashboard responded 200 in 30.4168 ms
2026-06-23 14:42:16.792 +01:00 [INF] HTTP GET /api/self-service/schedule responded 200 in 16.2232 ms
2026-06-23 14:42:19.503 +01:00 [INF] HTTP OPTIONS /api/gradebook/my-dashboard responded 204 in 0.0423 ms
2026-06-23 14:42:19.510 +01:00 [INF] HTTP OPTIONS /api/lecture-sessions/course-offerings/54d9035c-71a8-4aa8-9d44-13f220490e65 responded 204 in 0.0458 ms
2026-06-23 14:42:19.557 +01:00 [INF] HTTP GET /api/self-service/schedule responded 200 in 46.7223 ms
2026-06-23 14:42:19.558 +01:00 [INF] HTTP GET /api/lecture-sessions/course-offerings/54d9035c-71a8-4aa8-9d44-13f220490e65 responded 200 in 47.5192 ms
2026-06-23 14:42:19.564 +01:00 [INF] HTTP GET /api/gradebook/my-dashboard responded 200 in 54.4643 ms
2026-06-23 14:42:19.567 +01:00 [INF] HTTP OPTIONS /api/lecture-sessions/course-offerings/54d9035c-71a8-4aa8-9d44-13f220490e65 responded 204 in 0.0848 ms
2026-06-23 14:42:19.581 +01:00 [INF] HTTP GET /api/lecture-sessions/course-offerings/54d9035c-71a8-4aa8-9d44-13f220490e65 responded 200 in 11.4608 ms
2026-06-23 14:42:19.584 +01:00 [INF] HTTP GET /api/self-service/schedule responded 200 in 12.9791 ms
2026-06-23 14:52:34.127 +01:00 [INF] Application is shutting down...
2026-06-23 14:55:24.260 +01:00 [INF] Sessions already seeded. Skipping.
2026-06-23 14:55:24.284 +01:00 [INF] Faculties already seeded. Skipping.
2026-06-23 14:55:24.295 +01:00 [INF] Departments already seeded. Skipping.
2026-06-23 14:55:24.306 +01:00 [INF] Programs already seeded. Skipping.
2026-06-23 14:55:24.347 +01:00 [INF] Lecturer john.doe@wigweuniversity.edu.ng already exists. Skipping.
2026-06-23 14:55:24.352 +01:00 [INF] Lecturer jane.smith@wigweuniversity.edu.ng already exists. Skipping.
2026-06-23 14:55:24.371 +01:00 [INF] All document types already exist. Skipping.
2026-06-23 14:55:24.379 +01:00 [INF] Sponsors already seeded. Skipping.
2026-06-23 14:55:24.389 +01:00 [INF] Subjects already seeded. Skipping.
2026-06-23 14:55:24.397 +01:00 [INF] Countries already seeded. Skipping.
2026-06-23 14:55:24.406 +01:00 [INF] Grading scales already seeded. Skipping.
2026-06-23 14:55:24.417 +01:00 [INF] Credit transfer rules already seeded. Skipping.
2026-06-23 14:55:24.425 +01:00 [INF] Program credit mappings already seeded. Skipping.
2026-06-23 14:55:24.425 +01:00 [INF] Database initialization completed successfully.
2026-06-23 14:55:24.480 +01:00 [INF] Initializing Entra ID Service with TenantId: c9a98a3d-152f-4eb3-b93f-9b26fdd08495, ClientId: 84022968-6bdc-4c6b-8eab-57b75fa5d0b1, Domain: wigweuniversity.edu.ng
2026-06-23 14:55:24.502 +01:00 [INF] Entra ID Service initialized successfully
2026-06-23 14:55:24.585 +01:00 [WRN] VAPID Keys not fully configured. Using auto-generated fallback keys. PUBLIC KEY: BIcTafqJCoiBdD_aSCfFc8UJSyr6UMgikpaq1hAKaskqb21ffZiNPNSL2o5-JN53GCNAP3lxvaBhrpcoGop61c8
2026-06-23 14:55:24.642 +01:00 [INF] Registered 312 endpoints in 1,843 milliseconds.
2026-06-23 14:55:24.670 +01:00 [INF] Now listening on: http://localhost:5021
2026-06-23 14:55:24.670 +01:00 [INF] Application started. Press Ctrl+C to shut down.
2026-06-23 14:55:24.670 +01:00 [INF] Hosting environment: Development
2026-06-23 14:55:24.670 +01:00 [INF] Content root path: /Users/mac/Apps/LMS APP/LMSApi
2026-06-23 14:57:58.817 +01:00 [INF] HTTP OPTIONS /api/me responded 204 in 1.5579 ms
2026-06-23 14:57:59.147 +01:00 [INF] HTTP GET /api/me responded 200 in 322.8228 ms
2026-06-23 14:57:59.187 +01:00 [INF] HTTP OPTIONS /api/notifications/push/public-key responded 204 in 0.0908 ms
2026-06-23 14:57:59.215 +01:00 [WRN] VAPID Keys not fully configured. Using auto-generated fallback keys. PUBLIC KEY: BIcTafqJCoiBdD_aSCfFc8UJSyr6UMgikpaq1hAKaskqb21ffZiNPNSL2o5-JN53GCNAP3lxvaBhrpcoGop61c8
2026-06-23 14:57:59.219 +01:00 [INF] HTTP GET /api/notifications/push/public-key responded 200 in 29.9213 ms
2026-06-23 14:57:59.277 +01:00 [INF] HTTP GET /api/self-service/registration-summary responded 404 in 96.3623 ms
2026-06-23 14:57:59.311 +01:00 [INF] HTTP OPTIONS /api/notifications/push/subscribe responded 204 in 0.0684 ms
2026-06-23 14:57:59.334 +01:00 [WRN] VAPID Keys not fully configured. Using auto-generated fallback keys. PUBLIC KEY: BIcTafqJCoiBdD_aSCfFc8UJSyr6UMgikpaq1hAKaskqb21ffZiNPNSL2o5-JN53GCNAP3lxvaBhrpcoGop61c8
2026-06-23 14:57:59.436 +01:00 [INF] HTTP POST /api/notifications/push/subscribe responded 200 in 123.8146 ms
2026-06-23 14:58:49.717 +01:00 [INF] Application is shutting down...
2026-06-23 14:58:59.462 +01:00 [INF] Sessions already seeded. Skipping.
2026-06-23 14:58:59.486 +01:00 [INF] Faculties already seeded. Skipping.
2026-06-23 14:58:59.494 +01:00 [INF] Departments already seeded. Skipping.
2026-06-23 14:58:59.507 +01:00 [INF] Programs already seeded. Skipping.
2026-06-23 14:58:59.545 +01:00 [INF] Lecturer john.doe@wigweuniversity.edu.ng already exists. Skipping.
2026-06-23 14:58:59.549 +01:00 [INF] Lecturer jane.smith@wigweuniversity.edu.ng already exists. Skipping.
2026-06-23 14:58:59.568 +01:00 [INF] All document types already exist. Skipping.
2026-06-23 14:58:59.575 +01:00 [INF] Sponsors already seeded. Skipping.
2026-06-23 14:58:59.582 +01:00 [INF] Subjects already seeded. Skipping.
2026-06-23 14:58:59.590 +01:00 [INF] Countries already seeded. Skipping.
2026-06-23 14:58:59.598 +01:00 [INF] Grading scales already seeded. Skipping.
2026-06-23 14:58:59.612 +01:00 [INF] Credit transfer rules already seeded. Skipping.
2026-06-23 14:58:59.620 +01:00 [INF] Program credit mappings already seeded. Skipping.
2026-06-23 14:58:59.620 +01:00 [INF] Database initialization completed successfully.
2026-06-23 14:58:59.668 +01:00 [INF] Initializing Entra ID Service with TenantId: c9a98a3d-152f-4eb3-b93f-9b26fdd08495, ClientId: 84022968-6bdc-4c6b-8eab-57b75fa5d0b1, Domain: wigweuniversity.edu.ng
2026-06-23 14:58:59.683 +01:00 [INF] Entra ID Service initialized successfully
2026-06-23 14:58:59.756 +01:00 [WRN] VAPID Keys not fully configured. Using auto-generated fallback keys. PUBLIC KEY: BLjRkhFU9q5NqvOp1agNxojR5xfzIkqxcxwcfPkOTrraJdytdYQU2Beyge-1qOa0kmmCUL17N8sYEHWAriHpV60
2026-06-23 14:58:59.812 +01:00 [INF] Registered 312 endpoints in 1,762 milliseconds.
2026-06-23 14:58:59.837 +01:00 [INF] Now listening on: http://localhost:5021
2026-06-23 14:58:59.837 +01:00 [INF] Application started. Press Ctrl+C to shut down.
2026-06-23 14:58:59.837 +01:00 [INF] Hosting environment: Development
2026-06-23 14:58:59.837 +01:00 [INF] Content root path: /Users/mac/Apps/LMS APP/LMSApi
2026-06-23 14:59:04.913 +01:00 [INF] Application is shutting down...
2026-06-23 14:59:28.543 +01:00 [INF] Sessions already seeded. Skipping.
2026-06-23 14:59:28.567 +01:00 [INF] Faculties already seeded. Skipping.
2026-06-23 14:59:28.587 +01:00 [INF] Departments already seeded. Skipping.
2026-06-23 14:59:28.610 +01:00 [INF] Programs already seeded. Skipping.
2026-06-23 14:59:28.658 +01:00 [INF] Lecturer john.doe@wigweuniversity.edu.ng already exists. Skipping.
2026-06-23 14:59:28.665 +01:00 [INF] Lecturer jane.smith@wigweuniversity.edu.ng already exists. Skipping.
2026-06-23 14:59:28.685 +01:00 [INF] All document types already exist. Skipping.
2026-06-23 14:59:28.697 +01:00 [INF] Sponsors already seeded. Skipping.
2026-06-23 14:59:28.706 +01:00 [INF] Subjects already seeded. Skipping.
2026-06-23 14:59:28.717 +01:00 [INF] Countries already seeded. Skipping.
2026-06-23 14:59:28.725 +01:00 [INF] Grading scales already seeded. Skipping.
2026-06-23 14:59:28.736 +01:00 [INF] Credit transfer rules already seeded. Skipping.
2026-06-23 14:59:28.743 +01:00 [INF] Program credit mappings already seeded. Skipping.
2026-06-23 14:59:28.744 +01:00 [INF] Database initialization completed successfully.
2026-06-23 14:59:28.801 +01:00 [INF] Initializing Entra ID Service with TenantId: c9a98a3d-152f-4eb3-b93f-9b26fdd08495, ClientId: 84022968-6bdc-4c6b-8eab-57b75fa5d0b1, Domain: wigweuniversity.edu.ng
2026-06-23 14:59:28.825 +01:00 [INF] Entra ID Service initialized successfully
2026-06-23 14:59:28.916 +01:00 [WRN] VAPID Keys not fully configured. Using auto-generated fallback keys. PUBLIC KEY: BAa6L5hOMoBtmolDEoVcp6FQFvWwYtJUCYmBXgFuELCm5EKPup89Fo7W7NWLjjFgCSst05isCcBvnOE8uSf2p6k
2026-06-23 14:59:28.975 +01:00 [INF] Registered 312 endpoints in 1,925 milliseconds.
2026-06-23 14:59:29.002 +01:00 [INF] Now listening on: http://localhost:5021
2026-06-23 14:59:29.002 +01:00 [INF] Application started. Press Ctrl+C to shut down.
2026-06-23 14:59:29.002 +01:00 [INF] Hosting environment: Development
2026-06-23 14:59:29.002 +01:00 [INF] Content root path: /Users/mac/Apps/LMS APP/LMSApi
2026-06-23 14:59:31.485 +01:00 [INF] HTTP GET /api/self-service/registration-summary responded 404 in 281.9178 ms
2026-06-23 14:59:39.357 +01:00 [INF] HTTP OPTIONS /api/gradebook/my-dashboard responded 204 in 0.9461 ms
2026-06-23 14:59:39.443 +01:00 [ERR] Failed executing DbCommand (17ms) [Parameters=[@userId_Value='?' (DbType = Guid)], CommandType='"Text"', CommandTimeout='30']
SELECT [c].[Id], [c].[CourseOfferingId], [c].[CreatedById], [c].[DroppedAtUtc], [c].[RegisteredAtUtc], [c].[Status], [c].[StudentId], [c].[UpdatedById]
FROM [CourseEnrollments] AS [c]
WHERE [c].[StudentId] = @userId_Value AND [c].[Status] = N'Registered'
2026-06-23 14:59:39.449 +01:00 [ERR] Failed executing DbCommand (3ms) [Parameters=[@studentId='?' (DbType = Guid), @academicSessionId='?' (DbType = Guid)], CommandType='"Text"', CommandTimeout='30']
SELECT [c].[Id], [c].[CourseOfferingId], [c].[CreatedById], [c].[DroppedAtUtc], [c].[RegisteredAtUtc], [c].[Status], [c].[StudentId], [c].[UpdatedById], [c0].[Id], [c0].[AcademicSessionId], [c0].[CourseId], [c0].[CurriculumId], [c0].[LecturerId], [c0].[LevelId], [c0].[ProgramId], [c0].[Semester], [c1].[Id], [c1].[Code], [c1].[CreditUnits], [c1].[Description], [c1].[IsActive], [c1].[LectureHours], [c1].[LevelId], [c1].[PracticalHours], [c1].[ProgramId], [c1].[Semester], [c1].[Title], [u].[Id], [u].[CreatedUtc], [u].[DisplayName], [u].[Email], [u].[EntraObjectId], [u].[IsActive], [u].[PasswordHash], [u].[UpdatedUtc], [u].[Username]
FROM [CourseEnrollments] AS [c]
INNER JOIN [CourseOfferings] AS [c0] ON [c].[CourseOfferingId] = [c0].[Id]
INNER JOIN [Courses] AS [c1] ON [c0].[CourseId] = [c1].[Id]
LEFT JOIN [Users] AS [u] ON [c0].[LecturerId] = [u].[Id]
WHERE [c].[StudentId] = @studentId AND [c].[Status] = N'Registered' AND [c0].[AcademicSessionId] = @academicSessionId
2026-06-23 14:59:39.452 +01:00 [ERR] An exception occurred while iterating over the results of a query for context type 'LMS.Api.Data.LmsDbContext'.
Microsoft.Data.SqlClient.SqlException (0x80131904): Invalid object name 'CourseEnrollments'.
   at Microsoft.Data.SqlClient.SqlCommand.<>c.<ExecuteDbDataReaderAsync>b__195_0(Task`1 result)
   at System.Threading.Tasks.ContinuationResultTaskFromResultTask`2.InnerInvoke()
   at System.Threading.ExecutionContext.RunInternal(ExecutionContext executionContext, ContextCallback callback, Object state)
--- End of stack trace from previous location ---
   at System.Threading.ExecutionContext.RunInternal(ExecutionContext executionContext, ContextCallback callback, Object state)
   at System.Threading.Tasks.Task.ExecuteWithThreadLocal(Task& currentTaskSlot, Thread threadPoolThread)
--- End of stack trace from previous location ---
   at Microsoft.EntityFrameworkCore.Storage.RelationalCommand.ExecuteReaderAsync(RelationalCommandParameterObject parameterObject, CancellationToken cancellationToken)
   at Microsoft.EntityFrameworkCore.Storage.RelationalCommand.ExecuteReaderAsync(RelationalCommandParameterObject parameterObject, CancellationToken cancellationToken)
   at Microsoft.EntityFrameworkCore.Query.Internal.SingleQueryingEnumerable`1.AsyncEnumerator.InitializeReaderAsync(AsyncEnumerator enumerator, CancellationToken cancellationToken)
   at Microsoft.EntityFrameworkCore.Storage.ExecutionStrategy.<>c__DisplayClass30_0`2.<<ExecuteAsync>b__0>d.MoveNext()
--- End of stack trace from previous location ---
   at Microsoft.EntityFrameworkCore.Storage.ExecutionStrategy.ExecuteImplementationAsync[TState,TResult](Func`4 operation, Func`4 verifySucceeded, TState state, CancellationToken cancellationToken)
   at Microsoft.EntityFrameworkCore.Storage.ExecutionStrategy.ExecuteImplementationAsync[TState,TResult](Func`4 operation, Func`4 verifySucceeded, TState state, CancellationToken cancellationToken)
   at Microsoft.EntityFrameworkCore.Storage.ExecutionStrategy.ExecuteAsync[TState,TResult](TState state, Func`4 operation, Func`4 verifySucceeded, CancellationToken cancellationToken)
   at Microsoft.EntityFrameworkCore.Query.Internal.SingleQueryingEnumerable`1.AsyncEnumerator.MoveNextAsync()
ClientConnectionId:5b7a3c24-3180-4756-b009-9bae4d9e58f2
Error Number:208,State:1,Class:16
Microsoft.Data.SqlClient.SqlException (0x80131904): Invalid object name 'CourseEnrollments'.
   at Microsoft.Data.SqlClient.SqlCommand.<>c.<ExecuteDbDataReaderAsync>b__195_0(Task`1 result)
   at System.Threading.Tasks.ContinuationResultTaskFromResultTask`2.InnerInvoke()
   at System.Threading.ExecutionContext.RunInternal(ExecutionContext executionContext, ContextCallback callback, Object state)
--- End of stack trace from previous location ---
   at System.Threading.ExecutionContext.RunInternal(ExecutionContext executionContext, ContextCallback callback, Object state)
   at System.Threading.Tasks.Task.ExecuteWithThreadLocal(Task& currentTaskSlot, Thread threadPoolThread)
--- End of stack trace from previous location ---
   at Microsoft.EntityFrameworkCore.Storage.RelationalCommand.ExecuteReaderAsync(RelationalCommandParameterObject parameterObject, CancellationToken cancellationToken)
   at Microsoft.EntityFrameworkCore.Storage.RelationalCommand.ExecuteReaderAsync(RelationalCommandParameterObject parameterObject, CancellationToken cancellationToken)
   at Microsoft.EntityFrameworkCore.Query.Internal.SingleQueryingEnumerable`1.AsyncEnumerator.InitializeReaderAsync(AsyncEnumerator enumerator, CancellationToken cancellationToken)
   at Microsoft.EntityFrameworkCore.Storage.ExecutionStrategy.<>c__DisplayClass30_0`2.<<ExecuteAsync>b__0>d.MoveNext()
--- End of stack trace from previous location ---
   at Microsoft.EntityFrameworkCore.Storage.ExecutionStrategy.ExecuteImplementationAsync[TState,TResult](Func`4 operation, Func`4 verifySucceeded, TState state, CancellationToken cancellationToken)
   at Microsoft.EntityFrameworkCore.Storage.ExecutionStrategy.ExecuteImplementationAsync[TState,TResult](Func`4 operation, Func`4 verifySucceeded, TState state, CancellationToken cancellationToken)
   at Microsoft.EntityFrameworkCore.Storage.ExecutionStrategy.ExecuteAsync[TState,TResult](TState state, Func`4 operation, Func`4 verifySucceeded, CancellationToken cancellationToken)
   at Microsoft.EntityFrameworkCore.Query.Internal.SingleQueryingEnumerable`1.AsyncEnumerator.MoveNextAsync()
ClientConnectionId:5b7a3c24-3180-4756-b009-9bae4d9e58f2
Error Number:208,State:1,Class:16
2026-06-23 14:59:39.452 +01:00 [ERR] An exception occurred while iterating over the results of a query for context type 'LMS.Api.Data.LmsDbContext'.
Microsoft.Data.SqlClient.SqlException (0x80131904): Invalid object name 'CourseEnrollments'.
   at Microsoft.Data.SqlClient.SqlCommand.<>c.<ExecuteDbDataReaderAsync>b__195_0(Task`1 result)
   at System.Threading.Tasks.ContinuationResultTaskFromResultTask`2.InnerInvoke()
   at System.Threading.ExecutionContext.RunInternal(ExecutionContext executionContext, ContextCallback callback, Object state)
--- End of stack trace from previous location ---
   at System.Threading.ExecutionContext.RunInternal(ExecutionContext executionContext, ContextCallback callback, Object state)
   at System.Threading.Tasks.Task.ExecuteWithThreadLocal(Task& currentTaskSlot, Thread threadPoolThread)
--- End of stack trace from previous location ---
   at Microsoft.EntityFrameworkCore.Storage.RelationalCommand.ExecuteReaderAsync(RelationalCommandParameterObject parameterObject, CancellationToken cancellationToken)
   at Microsoft.EntityFrameworkCore.Storage.RelationalCommand.ExecuteReaderAsync(RelationalCommandParameterObject parameterObject, CancellationToken cancellationToken)
   at Microsoft.EntityFrameworkCore.Query.Internal.SingleQueryingEnumerable`1.AsyncEnumerator.InitializeReaderAsync(AsyncEnumerator enumerator, CancellationToken cancellationToken)
   at Microsoft.EntityFrameworkCore.Storage.ExecutionStrategy.<>c__DisplayClass30_0`2.<<ExecuteAsync>b__0>d.MoveNext()
--- End of stack trace from previous location ---
   at Microsoft.EntityFrameworkCore.Storage.ExecutionStrategy.ExecuteImplementationAsync[TState,TResult](Func`4 operation, Func`4 verifySucceeded, TState state, CancellationToken cancellationToken)
   at Microsoft.EntityFrameworkCore.Storage.ExecutionStrategy.ExecuteImplementationAsync[TState,TResult](Func`4 operation, Func`4 verifySucceeded, TState state, CancellationToken cancellationToken)
   at Microsoft.EntityFrameworkCore.Storage.ExecutionStrategy.ExecuteAsync[TState,TResult](TState state, Func`4 operation, Func`4 verifySucceeded, CancellationToken cancellationToken)
   at Microsoft.EntityFrameworkCore.Query.Internal.SingleQueryingEnumerable`1.AsyncEnumerator.MoveNextAsync()
ClientConnectionId:5b7a3c24-3180-4756-b009-9bae4d9e58f2
Error Number:208,State:1,Class:16
Microsoft.Data.SqlClient.SqlException (0x80131904): Invalid object name 'CourseEnrollments'.
   at Microsoft.Data.SqlClient.SqlCommand.<>c.<ExecuteDbDataReaderAsync>b__195_0(Task`1 result)
   at System.Threading.Tasks.ContinuationResultTaskFromResultTask`2.InnerInvoke()
   at System.Threading.ExecutionContext.RunInternal(ExecutionContext executionContext, ContextCallback callback, Object state)
--- End of stack trace from previous location ---
   at System.Threading.ExecutionContext.RunInternal(ExecutionContext executionContext, ContextCallback callback, Object state)
   at System.Threading.Tasks.Task.ExecuteWithThreadLocal(Task& currentTaskSlot, Thread threadPoolThread)
--- End of stack trace from previous location ---
   at Microsoft.EntityFrameworkCore.Storage.RelationalCommand.ExecuteReaderAsync(RelationalCommandParameterObject parameterObject, CancellationToken cancellationToken)
   at Microsoft.EntityFrameworkCore.Storage.RelationalCommand.ExecuteReaderAsync(RelationalCommandParameterObject parameterObject, CancellationToken cancellationToken)
   at Microsoft.EntityFrameworkCore.Query.Internal.SingleQueryingEnumerable`1.AsyncEnumerator.InitializeReaderAsync(AsyncEnumerator enumerator, CancellationToken cancellationToken)
   at Microsoft.EntityFrameworkCore.Storage.ExecutionStrategy.<>c__DisplayClass30_0`2.<<ExecuteAsync>b__0>d.MoveNext()
--- End of stack trace from previous location ---
   at Microsoft.EntityFrameworkCore.Storage.ExecutionStrategy.ExecuteImplementationAsync[TState,TResult](Func`4 operation, Func`4 verifySucceeded, TState state, CancellationToken cancellationToken)
   at Microsoft.EntityFrameworkCore.Storage.ExecutionStrategy.ExecuteImplementationAsync[TState,TResult](Func`4 operation, Func`4 verifySucceeded, TState state, CancellationToken cancellationToken)
   at Microsoft.EntityFrameworkCore.Storage.ExecutionStrategy.ExecuteAsync[TState,TResult](TState state, Func`4 operation, Func`4 verifySucceeded, CancellationToken cancellationToken)
   at Microsoft.EntityFrameworkCore.Query.Internal.SingleQueryingEnumerable`1.AsyncEnumerator.MoveNextAsync()
ClientConnectionId:5b7a3c24-3180-4756-b009-9bae4d9e58f2
Error Number:208,State:1,Class:16
2026-06-23 14:59:39.458 +01:00 [ERR] An unhandled exception has occurred while executing the request.
Microsoft.Data.SqlClient.SqlException (0x80131904): Invalid object name 'CourseEnrollments'.
   at Microsoft.Data.SqlClient.SqlCommand.<>c.<ExecuteDbDataReaderAsync>b__195_0(Task`1 result)
   at System.Threading.Tasks.ContinuationResultTaskFromResultTask`2.InnerInvoke()
   at System.Threading.ExecutionContext.RunInternal(ExecutionContext executionContext, ContextCallback callback, Object state)
--- End of stack trace from previous location ---
   at System.Threading.ExecutionContext.RunInternal(ExecutionContext executionContext, ContextCallback callback, Object state)
   at System.Threading.Tasks.Task.ExecuteWithThreadLocal(Task& currentTaskSlot, Thread threadPoolThread)
--- End of stack trace from previous location ---
   at Microsoft.EntityFrameworkCore.Storage.RelationalCommand.ExecuteReaderAsync(RelationalCommandParameterObject parameterObject, CancellationToken cancellationToken)
   at Microsoft.EntityFrameworkCore.Storage.RelationalCommand.ExecuteReaderAsync(RelationalCommandParameterObject parameterObject, CancellationToken cancellationToken)
   at Microsoft.EntityFrameworkCore.Query.Internal.SingleQueryingEnumerable`1.AsyncEnumerator.InitializeReaderAsync(AsyncEnumerator enumerator, CancellationToken cancellationToken)
   at Microsoft.EntityFrameworkCore.Storage.ExecutionStrategy.<>c__DisplayClass30_0`2.<<ExecuteAsync>b__0>d.MoveNext()
--- End of stack trace from previous location ---
   at Microsoft.EntityFrameworkCore.Storage.ExecutionStrategy.ExecuteImplementationAsync[TState,TResult](Func`4 operation, Func`4 verifySucceeded, TState state, CancellationToken cancellationToken)
   at Microsoft.EntityFrameworkCore.Storage.ExecutionStrategy.ExecuteImplementationAsync[TState,TResult](Func`4 operation, Func`4 verifySucceeded, TState state, CancellationToken cancellationToken)
   at Microsoft.EntityFrameworkCore.Storage.ExecutionStrategy.ExecuteAsync[TState,TResult](TState state, Func`4 operation, Func`4 verifySucceeded, CancellationToken cancellationToken)
   at Microsoft.EntityFrameworkCore.Query.Internal.SingleQueryingEnumerable`1.AsyncEnumerator.MoveNextAsync()
   at Microsoft.EntityFrameworkCore.EntityFrameworkQueryableExtensions.ToListAsync[TSource](IQueryable`1 source, CancellationToken cancellationToken)
   at Microsoft.EntityFrameworkCore.EntityFrameworkQueryableExtensions.ToListAsync[TSource](IQueryable`1 source, CancellationToken cancellationToken)
   at LMS.Api.Services.ScheduleService.GetStudentScheduleAsync(Guid studentId, Guid academicSessionId, CancellationToken ct)
   at LMS.Api.Endpoints.SelfService.GetStudentScheduleEndpoint.HandleAsync(CancellationToken ct)
   at FastEndpoints.Endpoint`2.ExecAsync(CancellationToken ct)
   at FastEndpoints.Endpoint`2.ExecAsync(CancellationToken ct)
   at Microsoft.AspNetCore.Authorization.AuthorizationMiddleware.Invoke(HttpContext context)
   at LMS.Api.Security.UserProvisioningMiddleware.InvokeAsync(HttpContext context, LmsDbContext dbContext, IConfiguration configuration)
   at LMS.Api.Security.ApiReplayPreventionMiddleware.InvokeAsync(HttpContext context)
   at Microsoft.AspNetCore.Authentication.AuthenticationMiddleware.Invoke(HttpContext context)
   at Microsoft.AspNetCore.Diagnostics.StatusCodePagesMiddleware.Invoke(HttpContext context)
   at Microsoft.AspNetCore.Diagnostics.ExceptionHandlerMiddlewareImpl.<Invoke>g__Awaited|10_0(ExceptionHandlerMiddlewareImpl middleware, HttpContext context, Task task)
ClientConnectionId:5b7a3c24-3180-4756-b009-9bae4d9e58f2
Error Number:208,State:1,Class:16
2026-06-23 14:59:39.458 +01:00 [ERR] An unhandled exception has occurred while executing the request.
Microsoft.Data.SqlClient.SqlException (0x80131904): Invalid object name 'CourseEnrollments'.
   at Microsoft.Data.SqlClient.SqlCommand.<>c.<ExecuteDbDataReaderAsync>b__195_0(Task`1 result)
   at System.Threading.Tasks.ContinuationResultTaskFromResultTask`2.InnerInvoke()
   at System.Threading.ExecutionContext.RunInternal(ExecutionContext executionContext, ContextCallback callback, Object state)
--- End of stack trace from previous location ---
   at System.Threading.ExecutionContext.RunInternal(ExecutionContext executionContext, ContextCallback callback, Object state)
   at System.Threading.Tasks.Task.ExecuteWithThreadLocal(Task& currentTaskSlot, Thread threadPoolThread)
--- End of stack trace from previous location ---
   at Microsoft.EntityFrameworkCore.Storage.RelationalCommand.ExecuteReaderAsync(RelationalCommandParameterObject parameterObject, CancellationToken cancellationToken)
   at Microsoft.EntityFrameworkCore.Storage.RelationalCommand.ExecuteReaderAsync(RelationalCommandParameterObject parameterObject, CancellationToken cancellationToken)
   at Microsoft.EntityFrameworkCore.Query.Internal.SingleQueryingEnumerable`1.AsyncEnumerator.InitializeReaderAsync(AsyncEnumerator enumerator, CancellationToken cancellationToken)
   at Microsoft.EntityFrameworkCore.Storage.ExecutionStrategy.<>c__DisplayClass30_0`2.<<ExecuteAsync>b__0>d.MoveNext()
--- End of stack trace from previous location ---
   at Microsoft.EntityFrameworkCore.Storage.ExecutionStrategy.ExecuteImplementationAsync[TState,TResult](Func`4 operation, Func`4 verifySucceeded, TState state, CancellationToken cancellationToken)
   at Microsoft.EntityFrameworkCore.Storage.ExecutionStrategy.ExecuteImplementationAsync[TState,TResult](Func`4 operation, Func`4 verifySucceeded, TState state, CancellationToken cancellationToken)
   at Microsoft.EntityFrameworkCore.Storage.ExecutionStrategy.ExecuteAsync[TState,TResult](TState state, Func`4 operation, Func`4 verifySucceeded, CancellationToken cancellationToken)
   at Microsoft.EntityFrameworkCore.Query.Internal.SingleQueryingEnumerable`1.AsyncEnumerator.MoveNextAsync()
   at Microsoft.EntityFrameworkCore.EntityFrameworkQueryableExtensions.ToListAsync[TSource](IQueryable`1 source, CancellationToken cancellationToken)
   at Microsoft.EntityFrameworkCore.EntityFrameworkQueryableExtensions.ToListAsync[TSource](IQueryable`1 source, CancellationToken cancellationToken)
   at LMS.Api.Endpoints.Gradebook.GetStudentDashboardEndpoint.HandleAsync(CancellationToken ct)
   at FastEndpoints.Endpoint`2.ExecAsync(CancellationToken ct)
   at FastEndpoints.Endpoint`2.ExecAsync(CancellationToken ct)
   at Microsoft.AspNetCore.Authorization.AuthorizationMiddleware.Invoke(HttpContext context)
   at LMS.Api.Security.UserProvisioningMiddleware.InvokeAsync(HttpContext context, LmsDbContext dbContext, IConfiguration configuration)
   at LMS.Api.Security.ApiReplayPreventionMiddleware.InvokeAsync(HttpContext context)
   at Microsoft.AspNetCore.Authentication.AuthenticationMiddleware.Invoke(HttpContext context)
   at Microsoft.AspNetCore.Diagnostics.StatusCodePagesMiddleware.Invoke(HttpContext context)
   at Microsoft.AspNetCore.Diagnostics.ExceptionHandlerMiddlewareImpl.<Invoke>g__Awaited|10_0(ExceptionHandlerMiddlewareImpl middleware, HttpContext context, Task task)
ClientConnectionId:5b7a3c24-3180-4756-b009-9bae4d9e58f2
Error Number:208,State:1,Class:16
2026-06-23 14:59:39.461 +01:00 [ERR] HTTP GET /api/self-service/schedule responded 500 in 104.2690 ms
2026-06-23 14:59:39.462 +01:00 [ERR] HTTP GET /api/gradebook/my-dashboard responded 500 in 103.0173 ms
2026-06-23 14:59:42.692 +01:00 [INF] HTTP GET /api/self-service/registration-summary responded 404 in 33.8163 ms
2026-06-23 14:59:49.377 +01:00 [INF] HTTP GET /api/self-service/registration-summary responded 404 in 24.2573 ms
2026-06-23 14:59:50.627 +01:00 [INF] HTTP OPTIONS /api/gradebook/my-dashboard responded 204 in 0.1898 ms
2026-06-23 14:59:50.655 +01:00 [ERR] Failed executing DbCommand (3ms) [Parameters=[@studentId='?' (DbType = Guid), @academicSessionId='?' (DbType = Guid)], CommandType='"Text"', CommandTimeout='30']
SELECT [c].[Id], [c].[CourseOfferingId], [c].[CreatedById], [c].[DroppedAtUtc], [c].[RegisteredAtUtc], [c].[Status], [c].[StudentId], [c].[UpdatedById], [c0].[Id], [c0].[AcademicSessionId], [c0].[CourseId], [c0].[CurriculumId], [c0].[LecturerId], [c0].[LevelId], [c0].[ProgramId], [c0].[Semester], [c1].[Id], [c1].[Code], [c1].[CreditUnits], [c1].[Description], [c1].[IsActive], [c1].[LectureHours], [c1].[LevelId], [c1].[PracticalHours], [c1].[ProgramId], [c1].[Semester], [c1].[Title], [u].[Id], [u].[CreatedUtc], [u].[DisplayName], [u].[Email], [u].[EntraObjectId], [u].[IsActive], [u].[PasswordHash], [u].[UpdatedUtc], [u].[Username]
FROM [CourseEnrollments] AS [c]
INNER JOIN [CourseOfferings] AS [c0] ON [c].[CourseOfferingId] = [c0].[Id]
INNER JOIN [Courses] AS [c1] ON [c0].[CourseId] = [c1].[Id]
LEFT JOIN [Users] AS [u] ON [c0].[LecturerId] = [u].[Id]
WHERE [c].[StudentId] = @studentId AND [c].[Status] = N'Registered' AND [c0].[AcademicSessionId] = @academicSessionId
2026-06-23 14:59:50.656 +01:00 [ERR] An exception occurred while iterating over the results of a query for context type 'LMS.Api.Data.LmsDbContext'.
Microsoft.Data.SqlClient.SqlException (0x80131904): Invalid object name 'CourseEnrollments'.
   at System.Threading.Tasks.ContinuationResultTaskFromResultTask`2.InnerInvoke()
   at System.Threading.ExecutionContext.RunInternal(ExecutionContext executionContext, ContextCallback callback, Object state)
--- End of stack trace from previous location ---
   at System.Threading.ExecutionContext.RunInternal(ExecutionContext executionContext, ContextCallback callback, Object state)
   at System.Threading.Tasks.Task.ExecuteWithThreadLocal(Task& currentTaskSlot, Thread threadPoolThread)
--- End of stack trace from previous location ---
   at Microsoft.EntityFrameworkCore.Storage.RelationalCommand.ExecuteReaderAsync(RelationalCommandParameterObject parameterObject, CancellationToken cancellationToken)
   at Microsoft.EntityFrameworkCore.Storage.RelationalCommand.ExecuteReaderAsync(RelationalCommandParameterObject parameterObject, CancellationToken cancellationToken)
   at Microsoft.EntityFrameworkCore.Query.Internal.SingleQueryingEnumerable`1.AsyncEnumerator.InitializeReaderAsync(AsyncEnumerator enumerator, CancellationToken cancellationToken)
   at Microsoft.EntityFrameworkCore.Storage.ExecutionStrategy.<>c__DisplayClass30_0`2.<<ExecuteAsync>b__0>d.MoveNext()
--- End of stack trace from previous location ---
   at Microsoft.EntityFrameworkCore.Storage.ExecutionStrategy.ExecuteImplementationAsync[TState,TResult](Func`4 operation, Func`4 verifySucceeded, TState state, CancellationToken cancellationToken)
   at Microsoft.EntityFrameworkCore.Storage.ExecutionStrategy.ExecuteImplementationAsync[TState,TResult](Func`4 operation, Func`4 verifySucceeded, TState state, CancellationToken cancellationToken)
   at Microsoft.EntityFrameworkCore.Storage.ExecutionStrategy.ExecuteAsync[TState,TResult](TState state, Func`4 operation, Func`4 verifySucceeded, CancellationToken cancellationToken)
   at Microsoft.EntityFrameworkCore.Query.Internal.SingleQueryingEnumerable`1.AsyncEnumerator.MoveNextAsync()
ClientConnectionId:5b7a3c24-3180-4756-b009-9bae4d9e58f2
Error Number:208,State:1,Class:16
Microsoft.Data.SqlClient.SqlException (0x80131904): Invalid object name 'CourseEnrollments'.
   at System.Threading.Tasks.ContinuationResultTaskFromResultTask`2.InnerInvoke()
   at System.Threading.ExecutionContext.RunInternal(ExecutionContext executionContext, ContextCallback callback, Object state)
--- End of stack trace from previous location ---
   at System.Threading.ExecutionContext.RunInternal(ExecutionContext executionContext, ContextCallback callback, Object state)
   at System.Threading.Tasks.Task.ExecuteWithThreadLocal(Task& currentTaskSlot, Thread threadPoolThread)
--- End of stack trace from previous location ---
   at Microsoft.EntityFrameworkCore.Storage.RelationalCommand.ExecuteReaderAsync(RelationalCommandParameterObject parameterObject, CancellationToken cancellationToken)
   at Microsoft.EntityFrameworkCore.Storage.RelationalCommand.ExecuteReaderAsync(RelationalCommandParameterObject parameterObject, CancellationToken cancellationToken)
   at Microsoft.EntityFrameworkCore.Query.Internal.SingleQueryingEnumerable`1.AsyncEnumerator.InitializeReaderAsync(AsyncEnumerator enumerator, CancellationToken cancellationToken)
   at Microsoft.EntityFrameworkCore.Storage.ExecutionStrategy.<>c__DisplayClass30_0`2.<<ExecuteAsync>b__0>d.MoveNext()
--- End of stack trace from previous location ---
   at Microsoft.EntityFrameworkCore.Storage.ExecutionStrategy.ExecuteImplementationAsync[TState,TResult](Func`4 operation, Func`4 verifySucceeded, TState state, CancellationToken cancellationToken)
   at Microsoft.EntityFrameworkCore.Storage.ExecutionStrategy.ExecuteImplementationAsync[TState,TResult](Func`4 operation, Func`4 verifySucceeded, TState state, CancellationToken cancellationToken)
   at Microsoft.EntityFrameworkCore.Storage.ExecutionStrategy.ExecuteAsync[TState,TResult](TState state, Func`4 operation, Func`4 verifySucceeded, CancellationToken cancellationToken)
   at Microsoft.EntityFrameworkCore.Query.Internal.SingleQueryingEnumerable`1.AsyncEnumerator.MoveNextAsync()
ClientConnectionId:5b7a3c24-3180-4756-b009-9bae4d9e58f2
Error Number:208,State:1,Class:16
2026-06-23 14:59:50.657 +01:00 [ERR] Failed executing DbCommand (2ms) [Parameters=[@userId_Value='?' (DbType = Guid)], CommandType='"Text"', CommandTimeout='30']
SELECT [c].[Id], [c].[CourseOfferingId], [c].[CreatedById], [c].[DroppedAtUtc], [c].[RegisteredAtUtc], [c].[Status], [c].[StudentId], [c].[UpdatedById]
FROM [CourseEnrollments] AS [c]
WHERE [c].[StudentId] = @userId_Value AND [c].[Status] = N'Registered'
2026-06-23 14:59:50.657 +01:00 [ERR] An exception occurred while iterating over the results of a query for context type 'LMS.Api.Data.LmsDbContext'.
Microsoft.Data.SqlClient.SqlException (0x80131904): Invalid object name 'CourseEnrollments'.
   at System.Threading.Tasks.ContinuationResultTaskFromResultTask`2.InnerInvoke()
   at System.Threading.ExecutionContext.RunInternal(ExecutionContext executionContext, ContextCallback callback, Object state)
--- End of stack trace from previous location ---
   at System.Threading.ExecutionContext.RunInternal(ExecutionContext executionContext, ContextCallback callback, Object state)
   at System.Threading.Tasks.Task.ExecuteWithThreadLocal(Task& currentTaskSlot, Thread threadPoolThread)
--- End of stack trace from previous location ---
   at Microsoft.EntityFrameworkCore.Storage.RelationalCommand.ExecuteReaderAsync(RelationalCommandParameterObject parameterObject, CancellationToken cancellationToken)
   at Microsoft.EntityFrameworkCore.Storage.RelationalCommand.ExecuteReaderAsync(RelationalCommandParameterObject parameterObject, CancellationToken cancellationToken)
   at Microsoft.EntityFrameworkCore.Query.Internal.SingleQueryingEnumerable`1.AsyncEnumerator.InitializeReaderAsync(AsyncEnumerator enumerator, CancellationToken cancellationToken)
   at Microsoft.EntityFrameworkCore.Storage.ExecutionStrategy.<>c__DisplayClass30_0`2.<<ExecuteAsync>b__0>d.MoveNext()
--- End of stack trace from previous location ---
   at Microsoft.EntityFrameworkCore.Storage.ExecutionStrategy.ExecuteImplementationAsync[TState,TResult](Func`4 operation, Func`4 verifySucceeded, TState state, CancellationToken cancellationToken)
   at Microsoft.EntityFrameworkCore.Storage.ExecutionStrategy.ExecuteImplementationAsync[TState,TResult](Func`4 operation, Func`4 verifySucceeded, TState state, CancellationToken cancellationToken)
   at Microsoft.EntityFrameworkCore.Storage.ExecutionStrategy.ExecuteAsync[TState,TResult](TState state, Func`4 operation, Func`4 verifySucceeded, CancellationToken cancellationToken)
   at Microsoft.EntityFrameworkCore.Query.Internal.SingleQueryingEnumerable`1.AsyncEnumerator.MoveNextAsync()
ClientConnectionId:2f233ff8-2154-4130-a433-54d1c4455e2a
Error Number:208,State:1,Class:16
Microsoft.Data.SqlClient.SqlException (0x80131904): Invalid object name 'CourseEnrollments'.
   at System.Threading.Tasks.ContinuationResultTaskFromResultTask`2.InnerInvoke()
   at System.Threading.ExecutionContext.RunInternal(ExecutionContext executionContext, ContextCallback callback, Object state)
--- End of stack trace from previous location ---
   at System.Threading.ExecutionContext.RunInternal(ExecutionContext executionContext, ContextCallback callback, Object state)
   at System.Threading.Tasks.Task.ExecuteWithThreadLocal(Task& currentTaskSlot, Thread threadPoolThread)
--- End of stack trace from previous location ---
   at Microsoft.EntityFrameworkCore.Storage.RelationalCommand.ExecuteReaderAsync(RelationalCommandParameterObject parameterObject, CancellationToken cancellationToken)
   at Microsoft.EntityFrameworkCore.Storage.RelationalCommand.ExecuteReaderAsync(RelationalCommandParameterObject parameterObject, CancellationToken cancellationToken)
   at Microsoft.EntityFrameworkCore.Query.Internal.SingleQueryingEnumerable`1.AsyncEnumerator.InitializeReaderAsync(AsyncEnumerator enumerator, CancellationToken cancellationToken)
   at Microsoft.EntityFrameworkCore.Storage.ExecutionStrategy.<>c__DisplayClass30_0`2.<<ExecuteAsync>b__0>d.MoveNext()
--- End of stack trace from previous location ---
   at Microsoft.EntityFrameworkCore.Storage.ExecutionStrategy.ExecuteImplementationAsync[TState,TResult](Func`4 operation, Func`4 verifySucceeded, TState state, CancellationToken cancellationToken)
   at Microsoft.EntityFrameworkCore.Storage.ExecutionStrategy.ExecuteImplementationAsync[TState,TResult](Func`4 operation, Func`4 verifySucceeded, TState state, CancellationToken cancellationToken)
   at Microsoft.EntityFrameworkCore.Storage.ExecutionStrategy.ExecuteAsync[TState,TResult](TState state, Func`4 operation, Func`4 verifySucceeded, CancellationToken cancellationToken)
   at Microsoft.EntityFrameworkCore.Query.Internal.SingleQueryingEnumerable`1.AsyncEnumerator.MoveNextAsync()
ClientConnectionId:2f233ff8-2154-4130-a433-54d1c4455e2a
Error Number:208,State:1,Class:16
2026-06-23 14:59:50.657 +01:00 [ERR] An unhandled exception has occurred while executing the request.
Microsoft.Data.SqlClient.SqlException (0x80131904): Invalid object name 'CourseEnrollments'.
   at System.Threading.Tasks.ContinuationResultTaskFromResultTask`2.InnerInvoke()
   at System.Threading.ExecutionContext.RunInternal(ExecutionContext executionContext, ContextCallback callback, Object state)
--- End of stack trace from previous location ---
   at System.Threading.ExecutionContext.RunInternal(ExecutionContext executionContext, ContextCallback callback, Object state)
   at System.Threading.Tasks.Task.ExecuteWithThreadLocal(Task& currentTaskSlot, Thread threadPoolThread)
--- End of stack trace from previous location ---
   at Microsoft.EntityFrameworkCore.Storage.RelationalCommand.ExecuteReaderAsync(RelationalCommandParameterObject parameterObject, CancellationToken cancellationToken)
   at Microsoft.EntityFrameworkCore.Storage.RelationalCommand.ExecuteReaderAsync(RelationalCommandParameterObject parameterObject, CancellationToken cancellationToken)
   at Microsoft.EntityFrameworkCore.Query.Internal.SingleQueryingEnumerable`1.AsyncEnumerator.InitializeReaderAsync(AsyncEnumerator enumerator, CancellationToken cancellationToken)
   at Microsoft.EntityFrameworkCore.Storage.ExecutionStrategy.<>c__DisplayClass30_0`2.<<ExecuteAsync>b__0>d.MoveNext()
--- End of stack trace from previous location ---
   at Microsoft.EntityFrameworkCore.Storage.ExecutionStrategy.ExecuteImplementationAsync[TState,TResult](Func`4 operation, Func`4 verifySucceeded, TState state, CancellationToken cancellationToken)
   at Microsoft.EntityFrameworkCore.Storage.ExecutionStrategy.ExecuteImplementationAsync[TState,TResult](Func`4 operation, Func`4 verifySucceeded, TState state, CancellationToken cancellationToken)
   at Microsoft.EntityFrameworkCore.Storage.ExecutionStrategy.ExecuteAsync[TState,TResult](TState state, Func`4 operation, Func`4 verifySucceeded, CancellationToken cancellationToken)
   at Microsoft.EntityFrameworkCore.Query.Internal.SingleQueryingEnumerable`1.AsyncEnumerator.MoveNextAsync()
   at Microsoft.EntityFrameworkCore.EntityFrameworkQueryableExtensions.ToListAsync[TSource](IQueryable`1 source, CancellationToken cancellationToken)
   at Microsoft.EntityFrameworkCore.EntityFrameworkQueryableExtensions.ToListAsync[TSource](IQueryable`1 source, CancellationToken cancellationToken)
   at LMS.Api.Services.ScheduleService.GetStudentScheduleAsync(Guid studentId, Guid academicSessionId, CancellationToken ct)
   at LMS.Api.Endpoints.SelfService.GetStudentScheduleEndpoint.HandleAsync(CancellationToken ct)
   at FastEndpoints.Endpoint`2.ExecAsync(CancellationToken ct)
   at FastEndpoints.Endpoint`2.ExecAsync(CancellationToken ct)
   at Microsoft.AspNetCore.Authorization.AuthorizationMiddleware.Invoke(HttpContext context)
   at LMS.Api.Security.UserProvisioningMiddleware.InvokeAsync(HttpContext context, LmsDbContext dbContext, IConfiguration configuration)
   at LMS.Api.Security.ApiReplayPreventionMiddleware.InvokeAsync(HttpContext context)
   at Microsoft.AspNetCore.Authentication.AuthenticationMiddleware.Invoke(HttpContext context)
   at Microsoft.AspNetCore.Diagnostics.StatusCodePagesMiddleware.Invoke(HttpContext context)
   at Microsoft.AspNetCore.Diagnostics.ExceptionHandlerMiddlewareImpl.<Invoke>g__Awaited|10_0(ExceptionHandlerMiddlewareImpl middleware, HttpContext context, Task task)
ClientConnectionId:5b7a3c24-3180-4756-b009-9bae4d9e58f2
Error Number:208,State:1,Class:16
2026-06-23 14:59:50.659 +01:00 [ERR] HTTP GET /api/self-service/schedule responded 500 in 28.9850 ms
2026-06-23 14:59:50.659 +01:00 [ERR] An unhandled exception has occurred while executing the request.
Microsoft.Data.SqlClient.SqlException (0x80131904): Invalid object name 'CourseEnrollments'.
   at System.Threading.Tasks.ContinuationResultTaskFromResultTask`2.InnerInvoke()
   at System.Threading.ExecutionContext.RunInternal(ExecutionContext executionContext, ContextCallback callback, Object state)
--- End of stack trace from previous location ---
   at System.Threading.ExecutionContext.RunInternal(ExecutionContext executionContext, ContextCallback callback, Object state)
   at System.Threading.Tasks.Task.ExecuteWithThreadLocal(Task& currentTaskSlot, Thread threadPoolThread)
--- End of stack trace from previous location ---
   at Microsoft.EntityFrameworkCore.Storage.RelationalCommand.ExecuteReaderAsync(RelationalCommandParameterObject parameterObject, CancellationToken cancellationToken)
   at Microsoft.EntityFrameworkCore.Storage.RelationalCommand.ExecuteReaderAsync(RelationalCommandParameterObject parameterObject, CancellationToken cancellationToken)
   at Microsoft.EntityFrameworkCore.Query.Internal.SingleQueryingEnumerable`1.AsyncEnumerator.InitializeReaderAsync(AsyncEnumerator enumerator, CancellationToken cancellationToken)
   at Microsoft.EntityFrameworkCore.Storage.ExecutionStrategy.<>c__DisplayClass30_0`2.<<ExecuteAsync>b__0>d.MoveNext()
--- End of stack trace from previous location ---
   at Microsoft.EntityFrameworkCore.Storage.ExecutionStrategy.ExecuteImplementationAsync[TState,TResult](Func`4 operation, Func`4 verifySucceeded, TState state, CancellationToken cancellationToken)
   at Microsoft.EntityFrameworkCore.Storage.ExecutionStrategy.ExecuteImplementationAsync[TState,TResult](Func`4 operation, Func`4 verifySucceeded, TState state, CancellationToken cancellationToken)
   at Microsoft.EntityFrameworkCore.Storage.ExecutionStrategy.ExecuteAsync[TState,TResult](TState state, Func`4 operation, Func`4 verifySucceeded, CancellationToken cancellationToken)
   at Microsoft.EntityFrameworkCore.Query.Internal.SingleQueryingEnumerable`1.AsyncEnumerator.MoveNextAsync()
   at Microsoft.EntityFrameworkCore.EntityFrameworkQueryableExtensions.ToListAsync[TSource](IQueryable`1 source, CancellationToken cancellationToken)
   at Microsoft.EntityFrameworkCore.EntityFrameworkQueryableExtensions.ToListAsync[TSource](IQueryable`1 source, CancellationToken cancellationToken)
   at LMS.Api.Endpoints.Gradebook.GetStudentDashboardEndpoint.HandleAsync(CancellationToken ct)
   at FastEndpoints.Endpoint`2.ExecAsync(CancellationToken ct)
   at FastEndpoints.Endpoint`2.ExecAsync(CancellationToken ct)
   at Microsoft.AspNetCore.Authorization.AuthorizationMiddleware.Invoke(HttpContext context)
   at LMS.Api.Security.UserProvisioningMiddleware.InvokeAsync(HttpContext context, LmsDbContext dbContext, IConfiguration configuration)
   at LMS.Api.Security.ApiReplayPreventionMiddleware.InvokeAsync(HttpContext context)
   at Microsoft.AspNetCore.Authentication.AuthenticationMiddleware.Invoke(HttpContext context)
   at Microsoft.AspNetCore.Diagnostics.StatusCodePagesMiddleware.Invoke(HttpContext context)
   at Microsoft.AspNetCore.Diagnostics.ExceptionHandlerMiddlewareImpl.<Invoke>g__Awaited|10_0(ExceptionHandlerMiddlewareImpl middleware, HttpContext context, Task task)
ClientConnectionId:2f233ff8-2154-4130-a433-54d1c4455e2a
Error Number:208,State:1,Class:16
2026-06-23 14:59:50.661 +01:00 [ERR] HTTP GET /api/gradebook/my-dashboard responded 500 in 30.4934 ms
2026-06-23 14:59:51.721 +01:00 [ERR] Failed executing DbCommand (2ms) [Parameters=[@studentId='?' (DbType = Guid), @academicSessionId='?' (DbType = Guid)], CommandType='"Text"', CommandTimeout='30']
SELECT [c].[Id], [c].[CourseOfferingId], [c].[CreatedById], [c].[DroppedAtUtc], [c].[RegisteredAtUtc], [c].[Status], [c].[StudentId], [c].[UpdatedById], [c0].[Id], [c0].[AcademicSessionId], [c0].[CourseId], [c0].[CurriculumId], [c0].[LecturerId], [c0].[LevelId], [c0].[ProgramId], [c0].[Semester], [c1].[Id], [c1].[Code], [c1].[CreditUnits], [c1].[Description], [c1].[IsActive], [c1].[LectureHours], [c1].[LevelId], [c1].[PracticalHours], [c1].[ProgramId], [c1].[Semester], [c1].[Title], [u].[Id], [u].[CreatedUtc], [u].[DisplayName], [u].[Email], [u].[EntraObjectId], [u].[IsActive], [u].[PasswordHash], [u].[UpdatedUtc], [u].[Username]
FROM [CourseEnrollments] AS [c]
INNER JOIN [CourseOfferings] AS [c0] ON [c].[CourseOfferingId] = [c0].[Id]
INNER JOIN [Courses] AS [c1] ON [c0].[CourseId] = [c1].[Id]
LEFT JOIN [Users] AS [u] ON [c0].[LecturerId] = [u].[Id]
WHERE [c].[StudentId] = @studentId AND [c].[Status] = N'Registered' AND [c0].[AcademicSessionId] = @academicSessionId
2026-06-23 14:59:51.722 +01:00 [ERR] An exception occurred while iterating over the results of a query for context type 'LMS.Api.Data.LmsDbContext'.
Microsoft.Data.SqlClient.SqlException (0x80131904): Invalid object name 'CourseEnrollments'.
   at System.Threading.Tasks.ContinuationResultTaskFromResultTask`2.InnerInvoke()
   at System.Threading.ExecutionContext.RunInternal(ExecutionContext executionContext, ContextCallback callback, Object state)
--- End of stack trace from previous location ---
   at System.Threading.ExecutionContext.RunInternal(ExecutionContext executionContext, ContextCallback callback, Object state)
   at System.Threading.Tasks.Task.ExecuteWithThreadLocal(Task& currentTaskSlot, Thread threadPoolThread)
--- End of stack trace from previous location ---
   at Microsoft.EntityFrameworkCore.Storage.RelationalCommand.ExecuteReaderAsync(RelationalCommandParameterObject parameterObject, CancellationToken cancellationToken)
   at Microsoft.EntityFrameworkCore.Storage.RelationalCommand.ExecuteReaderAsync(RelationalCommandParameterObject parameterObject, CancellationToken cancellationToken)
   at Microsoft.EntityFrameworkCore.Query.Internal.SingleQueryingEnumerable`1.AsyncEnumerator.InitializeReaderAsync(AsyncEnumerator enumerator, CancellationToken cancellationToken)
   at Microsoft.EntityFrameworkCore.Storage.ExecutionStrategy.<>c__DisplayClass30_0`2.<<ExecuteAsync>b__0>d.MoveNext()
--- End of stack trace from previous location ---
   at Microsoft.EntityFrameworkCore.Storage.ExecutionStrategy.ExecuteImplementationAsync[TState,TResult](Func`4 operation, Func`4 verifySucceeded, TState state, CancellationToken cancellationToken)
   at Microsoft.EntityFrameworkCore.Storage.ExecutionStrategy.ExecuteImplementationAsync[TState,TResult](Func`4 operation, Func`4 verifySucceeded, TState state, CancellationToken cancellationToken)
   at Microsoft.EntityFrameworkCore.Storage.ExecutionStrategy.ExecuteAsync[TState,TResult](TState state, Func`4 operation, Func`4 verifySucceeded, CancellationToken cancellationToken)
   at Microsoft.EntityFrameworkCore.Query.Internal.SingleQueryingEnumerable`1.AsyncEnumerator.MoveNextAsync()
ClientConnectionId:2f233ff8-2154-4130-a433-54d1c4455e2a
Error Number:208,State:1,Class:16
Microsoft.Data.SqlClient.SqlException (0x80131904): Invalid object name 'CourseEnrollments'.
   at System.Threading.Tasks.ContinuationResultTaskFromResultTask`2.InnerInvoke()
   at System.Threading.ExecutionContext.RunInternal(ExecutionContext executionContext, ContextCallback callback, Object state)
--- End of stack trace from previous location ---
   at System.Threading.ExecutionContext.RunInternal(ExecutionContext executionContext, ContextCallback callback, Object state)
   at System.Threading.Tasks.Task.ExecuteWithThreadLocal(Task& currentTaskSlot, Thread threadPoolThread)
--- End of stack trace from previous location ---
   at Microsoft.EntityFrameworkCore.Storage.RelationalCommand.ExecuteReaderAsync(RelationalCommandParameterObject parameterObject, CancellationToken cancellationToken)
   at Microsoft.EntityFrameworkCore.Storage.RelationalCommand.ExecuteReaderAsync(RelationalCommandParameterObject parameterObject, CancellationToken cancellationToken)
   at Microsoft.EntityFrameworkCore.Query.Internal.SingleQueryingEnumerable`1.AsyncEnumerator.InitializeReaderAsync(AsyncEnumerator enumerator, CancellationToken cancellationToken)
   at Microsoft.EntityFrameworkCore.Storage.ExecutionStrategy.<>c__DisplayClass30_0`2.<<ExecuteAsync>b__0>d.MoveNext()
--- End of stack trace from previous location ---
   at Microsoft.EntityFrameworkCore.Storage.ExecutionStrategy.ExecuteImplementationAsync[TState,TResult](Func`4 operation, Func`4 verifySucceeded, TState state, CancellationToken cancellationToken)
   at Microsoft.EntityFrameworkCore.Storage.ExecutionStrategy.ExecuteImplementationAsync[TState,TResult](Func`4 operation, Func`4 verifySucceeded, TState state, CancellationToken cancellationToken)
   at Microsoft.EntityFrameworkCore.Storage.ExecutionStrategy.ExecuteAsync[TState,TResult](TState state, Func`4 operation, Func`4 verifySucceeded, CancellationToken cancellationToken)
   at Microsoft.EntityFrameworkCore.Query.Internal.SingleQueryingEnumerable`1.AsyncEnumerator.MoveNextAsync()
ClientConnectionId:2f233ff8-2154-4130-a433-54d1c4455e2a
Error Number:208,State:1,Class:16
2026-06-23 14:59:51.723 +01:00 [ERR] An unhandled exception has occurred while executing the request.
Microsoft.Data.SqlClient.SqlException (0x80131904): Invalid object name 'CourseEnrollments'.
   at System.Threading.Tasks.ContinuationResultTaskFromResultTask`2.InnerInvoke()
   at System.Threading.ExecutionContext.RunInternal(ExecutionContext executionContext, ContextCallback callback, Object state)
--- End of stack trace from previous location ---
   at System.Threading.ExecutionContext.RunInternal(ExecutionContext executionContext, ContextCallback callback, Object state)
   at System.Threading.Tasks.Task.ExecuteWithThreadLocal(Task& currentTaskSlot, Thread threadPoolThread)
--- End of stack trace from previous location ---
   at Microsoft.EntityFrameworkCore.Storage.RelationalCommand.ExecuteReaderAsync(RelationalCommandParameterObject parameterObject, CancellationToken cancellationToken)
   at Microsoft.EntityFrameworkCore.Storage.RelationalCommand.ExecuteReaderAsync(RelationalCommandParameterObject parameterObject, CancellationToken cancellationToken)
   at Microsoft.EntityFrameworkCore.Query.Internal.SingleQueryingEnumerable`1.AsyncEnumerator.InitializeReaderAsync(AsyncEnumerator enumerator, CancellationToken cancellationToken)
   at Microsoft.EntityFrameworkCore.Storage.ExecutionStrategy.<>c__DisplayClass30_0`2.<<ExecuteAsync>b__0>d.MoveNext()
--- End of stack trace from previous location ---
   at Microsoft.EntityFrameworkCore.Storage.ExecutionStrategy.ExecuteImplementationAsync[TState,TResult](Func`4 operation, Func`4 verifySucceeded, TState state, CancellationToken cancellationToken)
   at Microsoft.EntityFrameworkCore.Storage.ExecutionStrategy.ExecuteImplementationAsync[TState,TResult](Func`4 operation, Func`4 verifySucceeded, TState state, CancellationToken cancellationToken)
   at Microsoft.EntityFrameworkCore.Storage.ExecutionStrategy.ExecuteAsync[TState,TResult](TState state, Func`4 operation, Func`4 verifySucceeded, CancellationToken cancellationToken)
   at Microsoft.EntityFrameworkCore.Query.Internal.SingleQueryingEnumerable`1.AsyncEnumerator.MoveNextAsync()
   at Microsoft.EntityFrameworkCore.EntityFrameworkQueryableExtensions.ToListAsync[TSource](IQueryable`1 source, CancellationToken cancellationToken)
   at Microsoft.EntityFrameworkCore.EntityFrameworkQueryableExtensions.ToListAsync[TSource](IQueryable`1 source, CancellationToken cancellationToken)
   at LMS.Api.Services.ScheduleService.GetStudentScheduleAsync(Guid studentId, Guid academicSessionId, CancellationToken ct)
   at LMS.Api.Endpoints.SelfService.GetStudentScheduleEndpoint.HandleAsync(CancellationToken ct)
   at FastEndpoints.Endpoint`2.ExecAsync(CancellationToken ct)
   at FastEndpoints.Endpoint`2.ExecAsync(CancellationToken ct)
   at Microsoft.AspNetCore.Authorization.AuthorizationMiddleware.Invoke(HttpContext context)
   at LMS.Api.Security.UserProvisioningMiddleware.InvokeAsync(HttpContext context, LmsDbContext dbContext, IConfiguration configuration)
   at LMS.Api.Security.ApiReplayPreventionMiddleware.InvokeAsync(HttpContext context)
   at Microsoft.AspNetCore.Authentication.AuthenticationMiddleware.Invoke(HttpContext context)
   at Microsoft.AspNetCore.Diagnostics.StatusCodePagesMiddleware.Invoke(HttpContext context)
   at Microsoft.AspNetCore.Diagnostics.ExceptionHandlerMiddlewareImpl.<Invoke>g__Awaited|10_0(ExceptionHandlerMiddlewareImpl middleware, HttpContext context, Task task)
ClientConnectionId:2f233ff8-2154-4130-a433-54d1c4455e2a
Error Number:208,State:1,Class:16
2026-06-23 14:59:51.724 +01:00 [ERR] HTTP GET /api/self-service/schedule responded 500 in 29.0040 ms
2026-06-23 14:59:53.086 +01:00 [INF] HTTP OPTIONS /api/me responded 204 in 0.0633 ms
2026-06-23 14:59:53.159 +01:00 [INF] HTTP GET /api/me responded 200 in 72.5560 ms
2026-06-23 14:59:53.195 +01:00 [INF] HTTP OPTIONS /api/notifications/push/public-key responded 204 in 0.0593 ms
2026-06-23 14:59:53.205 +01:00 [ERR] Failed executing DbCommand (1ms) [Parameters=[@studentId='?' (DbType = Guid), @academicSessionId='?' (DbType = Guid)], CommandType='"Text"', CommandTimeout='30']
SELECT [c].[Id], [c].[CourseOfferingId], [c].[CreatedById], [c].[DroppedAtUtc], [c].[RegisteredAtUtc], [c].[Status], [c].[StudentId], [c].[UpdatedById], [c0].[Id], [c0].[AcademicSessionId], [c0].[CourseId], [c0].[CurriculumId], [c0].[LecturerId], [c0].[LevelId], [c0].[ProgramId], [c0].[Semester], [c1].[Id], [c1].[Code], [c1].[CreditUnits], [c1].[Description], [c1].[IsActive], [c1].[LectureHours], [c1].[LevelId], [c1].[PracticalHours], [c1].[ProgramId], [c1].[Semester], [c1].[Title], [u].[Id], [u].[CreatedUtc], [u].[DisplayName], [u].[Email], [u].[EntraObjectId], [u].[IsActive], [u].[PasswordHash], [u].[UpdatedUtc], [u].[Username]
FROM [CourseEnrollments] AS [c]
INNER JOIN [CourseOfferings] AS [c0] ON [c].[CourseOfferingId] = [c0].[Id]
INNER JOIN [Courses] AS [c1] ON [c0].[CourseId] = [c1].[Id]
LEFT JOIN [Users] AS [u] ON [c0].[LecturerId] = [u].[Id]
WHERE [c].[StudentId] = @studentId AND [c].[Status] = N'Registered' AND [c0].[AcademicSessionId] = @academicSessionId
2026-06-23 14:59:53.205 +01:00 [ERR] An exception occurred while iterating over the results of a query for context type 'LMS.Api.Data.LmsDbContext'.
Microsoft.Data.SqlClient.SqlException (0x80131904): Invalid object name 'CourseEnrollments'.
   at System.Threading.Tasks.ContinuationResultTaskFromResultTask`2.InnerInvoke()
   at System.Threading.ExecutionContext.RunInternal(ExecutionContext executionContext, ContextCallback callback, Object state)
--- End of stack trace from previous location ---
   at System.Threading.ExecutionContext.RunInternal(ExecutionContext executionContext, ContextCallback callback, Object state)
   at System.Threading.Tasks.Task.ExecuteWithThreadLocal(Task& currentTaskSlot, Thread threadPoolThread)
--- End of stack trace from previous location ---
   at Microsoft.EntityFrameworkCore.Storage.RelationalCommand.ExecuteReaderAsync(RelationalCommandParameterObject parameterObject, CancellationToken cancellationToken)
   at Microsoft.EntityFrameworkCore.Storage.RelationalCommand.ExecuteReaderAsync(RelationalCommandParameterObject parameterObject, CancellationToken cancellationToken)
   at Microsoft.EntityFrameworkCore.Query.Internal.SingleQueryingEnumerable`1.AsyncEnumerator.InitializeReaderAsync(AsyncEnumerator enumerator, CancellationToken cancellationToken)
   at Microsoft.EntityFrameworkCore.Storage.ExecutionStrategy.<>c__DisplayClass30_0`2.<<ExecuteAsync>b__0>d.MoveNext()
--- End of stack trace from previous location ---
   at Microsoft.EntityFrameworkCore.Storage.ExecutionStrategy.ExecuteImplementationAsync[TState,TResult](Func`4 operation, Func`4 verifySucceeded, TState state, CancellationToken cancellationToken)
   at Microsoft.EntityFrameworkCore.Storage.ExecutionStrategy.ExecuteImplementationAsync[TState,TResult](Func`4 operation, Func`4 verifySucceeded, TState state, CancellationToken cancellationToken)
   at Microsoft.EntityFrameworkCore.Storage.ExecutionStrategy.ExecuteAsync[TState,TResult](TState state, Func`4 operation, Func`4 verifySucceeded, CancellationToken cancellationToken)
   at Microsoft.EntityFrameworkCore.Query.Internal.SingleQueryingEnumerable`1.AsyncEnumerator.MoveNextAsync()
ClientConnectionId:2f233ff8-2154-4130-a433-54d1c4455e2a
Error Number:208,State:1,Class:16
Microsoft.Data.SqlClient.SqlException (0x80131904): Invalid object name 'CourseEnrollments'.
   at System.Threading.Tasks.ContinuationResultTaskFromResultTask`2.InnerInvoke()
   at System.Threading.ExecutionContext.RunInternal(ExecutionContext executionContext, ContextCallback callback, Object state)
--- End of stack trace from previous location ---
   at System.Threading.ExecutionContext.RunInternal(ExecutionContext executionContext, ContextCallback callback, Object state)
   at System.Threading.Tasks.Task.ExecuteWithThreadLocal(Task& currentTaskSlot, Thread threadPoolThread)
--- End of stack trace from previous location ---
   at Microsoft.EntityFrameworkCore.Storage.RelationalCommand.ExecuteReaderAsync(RelationalCommandParameterObject parameterObject, CancellationToken cancellationToken)
   at Microsoft.EntityFrameworkCore.Storage.RelationalCommand.ExecuteReaderAsync(RelationalCommandParameterObject parameterObject, CancellationToken cancellationToken)
   at Microsoft.EntityFrameworkCore.Query.Internal.SingleQueryingEnumerable`1.AsyncEnumerator.InitializeReaderAsync(AsyncEnumerator enumerator, CancellationToken cancellationToken)
   at Microsoft.EntityFrameworkCore.Storage.ExecutionStrategy.<>c__DisplayClass30_0`2.<<ExecuteAsync>b__0>d.MoveNext()
--- End of stack trace from previous location ---
   at Microsoft.EntityFrameworkCore.Storage.ExecutionStrategy.ExecuteImplementationAsync[TState,TResult](Func`4 operation, Func`4 verifySucceeded, TState state, CancellationToken cancellationToken)
   at Microsoft.EntityFrameworkCore.Storage.ExecutionStrategy.ExecuteImplementationAsync[TState,TResult](Func`4 operation, Func`4 verifySucceeded, TState state, CancellationToken cancellationToken)
   at Microsoft.EntityFrameworkCore.Storage.ExecutionStrategy.ExecuteAsync[TState,TResult](TState state, Func`4 operation, Func`4 verifySucceeded, CancellationToken cancellationToken)
   at Microsoft.EntityFrameworkCore.Query.Internal.SingleQueryingEnumerable`1.AsyncEnumerator.MoveNextAsync()
ClientConnectionId:2f233ff8-2154-4130-a433-54d1c4455e2a
Error Number:208,State:1,Class:16
2026-06-23 14:59:53.205 +01:00 [WRN] VAPID Keys not fully configured. Using auto-generated fallback keys. PUBLIC KEY: BAa6L5hOMoBtmolDEoVcp6FQFvWwYtJUCYmBXgFuELCm5EKPup89Fo7W7NWLjjFgCSst05isCcBvnOE8uSf2p6k
2026-06-23 14:59:53.206 +01:00 [ERR] An unhandled exception has occurred while executing the request.
Microsoft.Data.SqlClient.SqlException (0x80131904): Invalid object name 'CourseEnrollments'.
   at System.Threading.Tasks.ContinuationResultTaskFromResultTask`2.InnerInvoke()
   at System.Threading.ExecutionContext.RunInternal(ExecutionContext executionContext, ContextCallback callback, Object state)
--- End of stack trace from previous location ---
   at System.Threading.ExecutionContext.RunInternal(ExecutionContext executionContext, ContextCallback callback, Object state)
   at System.Threading.Tasks.Task.ExecuteWithThreadLocal(Task& currentTaskSlot, Thread threadPoolThread)
--- End of stack trace from previous location ---
   at Microsoft.EntityFrameworkCore.Storage.RelationalCommand.ExecuteReaderAsync(RelationalCommandParameterObject parameterObject, CancellationToken cancellationToken)
   at Microsoft.EntityFrameworkCore.Storage.RelationalCommand.ExecuteReaderAsync(RelationalCommandParameterObject parameterObject, CancellationToken cancellationToken)
   at Microsoft.EntityFrameworkCore.Query.Internal.SingleQueryingEnumerable`1.AsyncEnumerator.InitializeReaderAsync(AsyncEnumerator enumerator, CancellationToken cancellationToken)
   at Microsoft.EntityFrameworkCore.Storage.ExecutionStrategy.<>c__DisplayClass30_0`2.<<ExecuteAsync>b__0>d.MoveNext()
--- End of stack trace from previous location ---
   at Microsoft.EntityFrameworkCore.Storage.ExecutionStrategy.ExecuteImplementationAsync[TState,TResult](Func`4 operation, Func`4 verifySucceeded, TState state, CancellationToken cancellationToken)
   at Microsoft.EntityFrameworkCore.Storage.ExecutionStrategy.ExecuteImplementationAsync[TState,TResult](Func`4 operation, Func`4 verifySucceeded, TState state, CancellationToken cancellationToken)
   at Microsoft.EntityFrameworkCore.Storage.ExecutionStrategy.ExecuteAsync[TState,TResult](TState state, Func`4 operation, Func`4 verifySucceeded, CancellationToken cancellationToken)
   at Microsoft.EntityFrameworkCore.Query.Internal.SingleQueryingEnumerable`1.AsyncEnumerator.MoveNextAsync()
   at Microsoft.EntityFrameworkCore.EntityFrameworkQueryableExtensions.ToListAsync[TSource](IQueryable`1 source, CancellationToken cancellationToken)
   at Microsoft.EntityFrameworkCore.EntityFrameworkQueryableExtensions.ToListAsync[TSource](IQueryable`1 source, CancellationToken cancellationToken)
   at LMS.Api.Services.ScheduleService.GetStudentScheduleAsync(Guid studentId, Guid academicSessionId, CancellationToken ct)
   at LMS.Api.Endpoints.SelfService.GetStudentScheduleEndpoint.HandleAsync(CancellationToken ct)
   at FastEndpoints.Endpoint`2.ExecAsync(CancellationToken ct)
   at FastEndpoints.Endpoint`2.ExecAsync(CancellationToken ct)
   at Microsoft.AspNetCore.Authorization.AuthorizationMiddleware.Invoke(HttpContext context)
   at LMS.Api.Security.UserProvisioningMiddleware.InvokeAsync(HttpContext context, LmsDbContext dbContext, IConfiguration configuration)
   at LMS.Api.Security.ApiReplayPreventionMiddleware.InvokeAsync(HttpContext context)
   at Microsoft.AspNetCore.Authentication.AuthenticationMiddleware.Invoke(HttpContext context)
   at Microsoft.AspNetCore.Diagnostics.StatusCodePagesMiddleware.Invoke(HttpContext context)
   at Microsoft.AspNetCore.Diagnostics.ExceptionHandlerMiddlewareImpl.<Invoke>g__Awaited|10_0(ExceptionHandlerMiddlewareImpl middleware, HttpContext context, Task task)
ClientConnectionId:2f233ff8-2154-4130-a433-54d1c4455e2a
Error Number:208,State:1,Class:16
2026-06-23 14:59:53.207 +01:00 [ERR] HTTP GET /api/self-service/schedule responded 500 in 19.7973 ms
2026-06-23 14:59:53.208 +01:00 [INF] HTTP GET /api/notifications/push/public-key responded 200 in 12.2163 ms
2026-06-23 14:59:53.210 +01:00 [INF] HTTP OPTIONS /api/notifications/push/subscribe responded 204 in 0.0438 ms
2026-06-23 14:59:53.222 +01:00 [WRN] VAPID Keys not fully configured. Using auto-generated fallback keys. PUBLIC KEY: BAa6L5hOMoBtmolDEoVcp6FQFvWwYtJUCYmBXgFuELCm5EKPup89Fo7W7NWLjjFgCSst05isCcBvnOE8uSf2p6k
2026-06-23 14:59:53.305 +01:00 [INF] HTTP POST /api/notifications/push/subscribe responded 200 in 93.9825 ms
2026-06-23 14:59:55.801 +01:00 [INF] HTTP OPTIONS /api/gradebook/my-dashboard responded 204 in 0.2487 ms
2026-06-23 14:59:55.820 +01:00 [WRN] VAPID Keys not fully configured. Using auto-generated fallback keys. PUBLIC KEY: BAa6L5hOMoBtmolDEoVcp6FQFvWwYtJUCYmBXgFuELCm5EKPup89Fo7W7NWLjjFgCSst05isCcBvnOE8uSf2p6k
2026-06-23 14:59:55.820 +01:00 [ERR] Failed executing DbCommand (1ms) [Parameters=[@userId_Value='?' (DbType = Guid)], CommandType='"Text"', CommandTimeout='30']
SELECT [c].[Id], [c].[CourseOfferingId], [c].[CreatedById], [c].[DroppedAtUtc], [c].[RegisteredAtUtc], [c].[Status], [c].[StudentId], [c].[UpdatedById]
FROM [CourseEnrollments] AS [c]
WHERE [c].[StudentId] = @userId_Value AND [c].[Status] = N'Registered'
2026-06-23 14:59:55.820 +01:00 [INF] HTTP GET /api/notifications/push/public-key responded 200 in 11.4865 ms
2026-06-23 14:59:55.821 +01:00 [ERR] An exception occurred while iterating over the results of a query for context type 'LMS.Api.Data.LmsDbContext'.
Microsoft.Data.SqlClient.SqlException (0x80131904): Invalid object name 'CourseEnrollments'.
   at System.Threading.Tasks.ContinuationResultTaskFromResultTask`2.InnerInvoke()
   at System.Threading.ExecutionContext.RunInternal(ExecutionContext executionContext, ContextCallback callback, Object state)
--- End of stack trace from previous location ---
   at System.Threading.ExecutionContext.RunInternal(ExecutionContext executionContext, ContextCallback callback, Object state)
   at System.Threading.Tasks.Task.ExecuteWithThreadLocal(Task& currentTaskSlot, Thread threadPoolThread)
--- End of stack trace from previous location ---
   at Microsoft.EntityFrameworkCore.Storage.RelationalCommand.ExecuteReaderAsync(RelationalCommandParameterObject parameterObject, CancellationToken cancellationToken)
   at Microsoft.EntityFrameworkCore.Storage.RelationalCommand.ExecuteReaderAsync(RelationalCommandParameterObject parameterObject, CancellationToken cancellationToken)
   at Microsoft.EntityFrameworkCore.Query.Internal.SingleQueryingEnumerable`1.AsyncEnumerator.InitializeReaderAsync(AsyncEnumerator enumerator, CancellationToken cancellationToken)
   at Microsoft.EntityFrameworkCore.Storage.ExecutionStrategy.<>c__DisplayClass30_0`2.<<ExecuteAsync>b__0>d.MoveNext()
--- End of stack trace from previous location ---
   at Microsoft.EntityFrameworkCore.Storage.ExecutionStrategy.ExecuteImplementationAsync[TState,TResult](Func`4 operation, Func`4 verifySucceeded, TState state, CancellationToken cancellationToken)
   at Microsoft.EntityFrameworkCore.Storage.ExecutionStrategy.ExecuteImplementationAsync[TState,TResult](Func`4 operation, Func`4 verifySucceeded, TState state, CancellationToken cancellationToken)
   at Microsoft.EntityFrameworkCore.Storage.ExecutionStrategy.ExecuteAsync[TState,TResult](TState state, Func`4 operation, Func`4 verifySucceeded, CancellationToken cancellationToken)
   at Microsoft.EntityFrameworkCore.Query.Internal.SingleQueryingEnumerable`1.AsyncEnumerator.MoveNextAsync()
ClientConnectionId:5b7a3c24-3180-4756-b009-9bae4d9e58f2
Error Number:208,State:1,Class:16
Microsoft.Data.SqlClient.SqlException (0x80131904): Invalid object name 'CourseEnrollments'.
   at System.Threading.Tasks.ContinuationResultTaskFromResultTask`2.InnerInvoke()
   at System.Threading.ExecutionContext.RunInternal(ExecutionContext executionContext, ContextCallback callback, Object state)
--- End of stack trace from previous location ---
   at System.Threading.ExecutionContext.RunInternal(ExecutionContext executionContext, ContextCallback callback, Object state)
   at System.Threading.Tasks.Task.ExecuteWithThreadLocal(Task& currentTaskSlot, Thread threadPoolThread)
--- End of stack trace from previous location ---
   at Microsoft.EntityFrameworkCore.Storage.RelationalCommand.ExecuteReaderAsync(RelationalCommandParameterObject parameterObject, CancellationToken cancellationToken)
   at Microsoft.EntityFrameworkCore.Storage.RelationalCommand.ExecuteReaderAsync(RelationalCommandParameterObject parameterObject, CancellationToken cancellationToken)
   at Microsoft.EntityFrameworkCore.Query.Internal.SingleQueryingEnumerable`1.AsyncEnumerator.InitializeReaderAsync(AsyncEnumerator enumerator, CancellationToken cancellationToken)
   at Microsoft.EntityFrameworkCore.Storage.ExecutionStrategy.<>c__DisplayClass30_0`2.<<ExecuteAsync>b__0>d.MoveNext()
--- End of stack trace from previous location ---
   at Microsoft.EntityFrameworkCore.Storage.ExecutionStrategy.ExecuteImplementationAsync[TState,TResult](Func`4 operation, Func`4 verifySucceeded, TState state, CancellationToken cancellationToken)
   at Microsoft.EntityFrameworkCore.Storage.ExecutionStrategy.ExecuteImplementationAsync[TState,TResult](Func`4 operation, Func`4 verifySucceeded, TState state, CancellationToken cancellationToken)
   at Microsoft.EntityFrameworkCore.Storage.ExecutionStrategy.ExecuteAsync[TState,TResult](TState state, Func`4 operation, Func`4 verifySucceeded, CancellationToken cancellationToken)
   at Microsoft.EntityFrameworkCore.Query.Internal.SingleQueryingEnumerable`1.AsyncEnumerator.MoveNextAsync()
ClientConnectionId:5b7a3c24-3180-4756-b009-9bae4d9e58f2
Error Number:208,State:1,Class:16
2026-06-23 14:59:55.822 +01:00 [ERR] An unhandled exception has occurred while executing the request.
Microsoft.Data.SqlClient.SqlException (0x80131904): Invalid object name 'CourseEnrollments'.
   at System.Threading.Tasks.ContinuationResultTaskFromResultTask`2.InnerInvoke()
   at System.Threading.ExecutionContext.RunInternal(ExecutionContext executionContext, ContextCallback callback, Object state)
--- End of stack trace from previous location ---
   at System.Threading.ExecutionContext.RunInternal(ExecutionContext executionContext, ContextCallback callback, Object state)
   at System.Threading.Tasks.Task.ExecuteWithThreadLocal(Task& currentTaskSlot, Thread threadPoolThread)
--- End of stack trace from previous location ---
   at Microsoft.EntityFrameworkCore.Storage.RelationalCommand.ExecuteReaderAsync(RelationalCommandParameterObject parameterObject, CancellationToken cancellationToken)
   at Microsoft.EntityFrameworkCore.Storage.RelationalCommand.ExecuteReaderAsync(RelationalCommandParameterObject parameterObject, CancellationToken cancellationToken)
   at Microsoft.EntityFrameworkCore.Query.Internal.SingleQueryingEnumerable`1.AsyncEnumerator.InitializeReaderAsync(AsyncEnumerator enumerator, CancellationToken cancellationToken)
   at Microsoft.EntityFrameworkCore.Storage.ExecutionStrategy.<>c__DisplayClass30_0`2.<<ExecuteAsync>b__0>d.MoveNext()
--- End of stack trace from previous location ---
   at Microsoft.EntityFrameworkCore.Storage.ExecutionStrategy.ExecuteImplementationAsync[TState,TResult](Func`4 operation, Func`4 verifySucceeded, TState state, CancellationToken cancellationToken)
   at Microsoft.EntityFrameworkCore.Storage.ExecutionStrategy.ExecuteImplementationAsync[TState,TResult](Func`4 operation, Func`4 verifySucceeded, TState state, CancellationToken cancellationToken)
   at Microsoft.EntityFrameworkCore.Storage.ExecutionStrategy.ExecuteAsync[TState,TResult](TState state, Func`4 operation, Func`4 verifySucceeded, CancellationToken cancellationToken)
   at Microsoft.EntityFrameworkCore.Query.Internal.SingleQueryingEnumerable`1.AsyncEnumerator.MoveNextAsync()
   at Microsoft.EntityFrameworkCore.EntityFrameworkQueryableExtensions.ToListAsync[TSource](IQueryable`1 source, CancellationToken cancellationToken)
   at Microsoft.EntityFrameworkCore.EntityFrameworkQueryableExtensions.ToListAsync[TSource](IQueryable`1 source, CancellationToken cancellationToken)
   at LMS.Api.Endpoints.Gradebook.GetStudentDashboardEndpoint.HandleAsync(CancellationToken ct)
   at FastEndpoints.Endpoint`2.ExecAsync(CancellationToken ct)
   at FastEndpoints.Endpoint`2.ExecAsync(CancellationToken ct)
   at Microsoft.AspNetCore.Authorization.AuthorizationMiddleware.Invoke(HttpContext context)
   at LMS.Api.Security.UserProvisioningMiddleware.InvokeAsync(HttpContext context, LmsDbContext dbContext, IConfiguration configuration)
   at LMS.Api.Security.ApiReplayPreventionMiddleware.InvokeAsync(HttpContext context)
   at Microsoft.AspNetCore.Authentication.AuthenticationMiddleware.Invoke(HttpContext context)
   at Microsoft.AspNetCore.Diagnostics.StatusCodePagesMiddleware.Invoke(HttpContext context)
   at Microsoft.AspNetCore.Diagnostics.ExceptionHandlerMiddlewareImpl.<Invoke>g__Awaited|10_0(ExceptionHandlerMiddlewareImpl middleware, HttpContext context, Task task)
ClientConnectionId:5b7a3c24-3180-4756-b009-9bae4d9e58f2
Error Number:208,State:1,Class:16
2026-06-23 14:59:55.823 +01:00 [ERR] HTTP GET /api/gradebook/my-dashboard responded 500 in 21.1904 ms
2026-06-23 14:59:55.834 +01:00 [WRN] VAPID Keys not fully configured. Using auto-generated fallback keys. PUBLIC KEY: BAa6L5hOMoBtmolDEoVcp6FQFvWwYtJUCYmBXgFuELCm5EKPup89Fo7W7NWLjjFgCSst05isCcBvnOE8uSf2p6k
2026-06-23 14:59:55.845 +01:00 [INF] HTTP POST /api/notifications/push/subscribe responded 200 in 21.9806 ms
2026-06-23 15:00:06.652 +01:00 [INF] HTTP GET /api/self-service/registration-summary responded 404 in 34.0801 ms
2026-06-23 15:00:23.883 +01:00 [INF] HTTP OPTIONS /api/me responded 204 in 0.1518 ms
2026-06-23 15:00:23.907 +01:00 [INF] HTTP GET /api/me responded 200 in 21.7110 ms
2026-06-23 15:00:23.949 +01:00 [INF] HTTP OPTIONS /api/notifications/push/public-key responded 204 in 0.0499 ms
2026-06-23 15:00:23.986 +01:00 [WRN] VAPID Keys not fully configured. Using auto-generated fallback keys. PUBLIC KEY: BAa6L5hOMoBtmolDEoVcp6FQFvWwYtJUCYmBXgFuELCm5EKPup89Fo7W7NWLjjFgCSst05isCcBvnOE8uSf2p6k
2026-06-23 15:00:23.986 +01:00 [INF] HTTP GET /api/notifications/push/public-key responded 200 in 35.2533 ms
2026-06-23 15:00:23.990 +01:00 [INF] HTTP OPTIONS /api/notifications/push/subscribe responded 204 in 0.1638 ms
2026-06-23 15:00:23.993 +01:00 [INF] HTTP GET /api/self-service/registration-summary responded 404 in 34.8904 ms
2026-06-23 15:00:24.016 +01:00 [WRN] VAPID Keys not fully configured. Using auto-generated fallback keys. PUBLIC KEY: BAa6L5hOMoBtmolDEoVcp6FQFvWwYtJUCYmBXgFuELCm5EKPup89Fo7W7NWLjjFgCSst05isCcBvnOE8uSf2p6k
2026-06-23 15:00:24.026 +01:00 [INF] HTTP POST /api/notifications/push/subscribe responded 200 in 35.8440 ms
2026-06-23 15:03:24.800 +01:00 [INF] HTTP OPTIONS /api/gradebook/my-dashboard responded 204 in 1.2470 ms
2026-06-23 15:03:24.852 +01:00 [ERR] Failed executing DbCommand (6ms) [Parameters=[@userId_Value='?' (DbType = Guid)], CommandType='"Text"', CommandTimeout='30']
SELECT [c].[Id], [c].[CourseOfferingId], [c].[CreatedById], [c].[DroppedAtUtc], [c].[RegisteredAtUtc], [c].[Status], [c].[StudentId], [c].[UpdatedById]
FROM [CourseEnrollments] AS [c]
WHERE [c].[StudentId] = @userId_Value AND [c].[Status] = N'Registered'
2026-06-23 15:03:24.853 +01:00 [ERR] An exception occurred while iterating over the results of a query for context type 'LMS.Api.Data.LmsDbContext'.
Microsoft.Data.SqlClient.SqlException (0x80131904): Invalid object name 'CourseEnrollments'.
   at System.Threading.Tasks.ContinuationResultTaskFromResultTask`2.InnerInvoke()
   at System.Threading.ExecutionContext.RunInternal(ExecutionContext executionContext, ContextCallback callback, Object state)
--- End of stack trace from previous location ---
   at System.Threading.ExecutionContext.RunInternal(ExecutionContext executionContext, ContextCallback callback, Object state)
   at System.Threading.Tasks.Task.ExecuteWithThreadLocal(Task& currentTaskSlot, Thread threadPoolThread)
--- End of stack trace from previous location ---
   at Microsoft.EntityFrameworkCore.Storage.RelationalCommand.ExecuteReaderAsync(RelationalCommandParameterObject parameterObject, CancellationToken cancellationToken)
   at Microsoft.EntityFrameworkCore.Storage.RelationalCommand.ExecuteReaderAsync(RelationalCommandParameterObject parameterObject, CancellationToken cancellationToken)
   at Microsoft.EntityFrameworkCore.Query.Internal.SingleQueryingEnumerable`1.AsyncEnumerator.InitializeReaderAsync(AsyncEnumerator enumerator, CancellationToken cancellationToken)
   at Microsoft.EntityFrameworkCore.Storage.ExecutionStrategy.<>c__DisplayClass30_0`2.<<ExecuteAsync>b__0>d.MoveNext()
--- End of stack trace from previous location ---
   at Microsoft.EntityFrameworkCore.Storage.ExecutionStrategy.ExecuteImplementationAsync[TState,TResult](Func`4 operation, Func`4 verifySucceeded, TState state, CancellationToken cancellationToken)
   at Microsoft.EntityFrameworkCore.Storage.ExecutionStrategy.ExecuteImplementationAsync[TState,TResult](Func`4 operation, Func`4 verifySucceeded, TState state, CancellationToken cancellationToken)
   at Microsoft.EntityFrameworkCore.Storage.ExecutionStrategy.ExecuteAsync[TState,TResult](TState state, Func`4 operation, Func`4 verifySucceeded, CancellationToken cancellationToken)
   at Microsoft.EntityFrameworkCore.Query.Internal.SingleQueryingEnumerable`1.AsyncEnumerator.MoveNextAsync()
ClientConnectionId:5b7a3c24-3180-4756-b009-9bae4d9e58f2
Error Number:208,State:1,Class:16
Microsoft.Data.SqlClient.SqlException (0x80131904): Invalid object name 'CourseEnrollments'.
   at System.Threading.Tasks.ContinuationResultTaskFromResultTask`2.InnerInvoke()
   at System.Threading.ExecutionContext.RunInternal(ExecutionContext executionContext, ContextCallback callback, Object state)
--- End of stack trace from previous location ---
   at System.Threading.ExecutionContext.RunInternal(ExecutionContext executionContext, ContextCallback callback, Object state)
   at System.Threading.Tasks.Task.ExecuteWithThreadLocal(Task& currentTaskSlot, Thread threadPoolThread)
--- End of stack trace from previous location ---
   at Microsoft.EntityFrameworkCore.Storage.RelationalCommand.ExecuteReaderAsync(RelationalCommandParameterObject parameterObject, CancellationToken cancellationToken)
   at Microsoft.EntityFrameworkCore.Storage.RelationalCommand.ExecuteReaderAsync(RelationalCommandParameterObject parameterObject, CancellationToken cancellationToken)
   at Microsoft.EntityFrameworkCore.Query.Internal.SingleQueryingEnumerable`1.AsyncEnumerator.InitializeReaderAsync(AsyncEnumerator enumerator, CancellationToken cancellationToken)
   at Microsoft.EntityFrameworkCore.Storage.ExecutionStrategy.<>c__DisplayClass30_0`2.<<ExecuteAsync>b__0>d.MoveNext()
--- End of stack trace from previous location ---
   at Microsoft.EntityFrameworkCore.Storage.ExecutionStrategy.ExecuteImplementationAsync[TState,TResult](Func`4 operation, Func`4 verifySucceeded, TState state, CancellationToken cancellationToken)
   at Microsoft.EntityFrameworkCore.Storage.ExecutionStrategy.ExecuteImplementationAsync[TState,TResult](Func`4 operation, Func`4 verifySucceeded, TState state, CancellationToken cancellationToken)
   at Microsoft.EntityFrameworkCore.Storage.ExecutionStrategy.ExecuteAsync[TState,TResult](TState state, Func`4 operation, Func`4 verifySucceeded, CancellationToken cancellationToken)
   at Microsoft.EntityFrameworkCore.Query.Internal.SingleQueryingEnumerable`1.AsyncEnumerator.MoveNextAsync()
ClientConnectionId:5b7a3c24-3180-4756-b009-9bae4d9e58f2
Error Number:208,State:1,Class:16
2026-06-23 15:03:24.856 +01:00 [ERR] An unhandled exception has occurred while executing the request.
Microsoft.Data.SqlClient.SqlException (0x80131904): Invalid object name 'CourseEnrollments'.
   at System.Threading.Tasks.ContinuationResultTaskFromResultTask`2.InnerInvoke()
   at System.Threading.ExecutionContext.RunInternal(ExecutionContext executionContext, ContextCallback callback, Object state)
--- End of stack trace from previous location ---
   at System.Threading.ExecutionContext.RunInternal(ExecutionContext executionContext, ContextCallback callback, Object state)
   at System.Threading.Tasks.Task.ExecuteWithThreadLocal(Task& currentTaskSlot, Thread threadPoolThread)
--- End of stack trace from previous location ---
   at Microsoft.EntityFrameworkCore.Storage.RelationalCommand.ExecuteReaderAsync(RelationalCommandParameterObject parameterObject, CancellationToken cancellationToken)
   at Microsoft.EntityFrameworkCore.Storage.RelationalCommand.ExecuteReaderAsync(RelationalCommandParameterObject parameterObject, CancellationToken cancellationToken)
   at Microsoft.EntityFrameworkCore.Query.Internal.SingleQueryingEnumerable`1.AsyncEnumerator.InitializeReaderAsync(AsyncEnumerator enumerator, CancellationToken cancellationToken)
   at Microsoft.EntityFrameworkCore.Storage.ExecutionStrategy.<>c__DisplayClass30_0`2.<<ExecuteAsync>b__0>d.MoveNext()
--- End of stack trace from previous location ---
   at Microsoft.EntityFrameworkCore.Storage.ExecutionStrategy.ExecuteImplementationAsync[TState,TResult](Func`4 operation, Func`4 verifySucceeded, TState state, CancellationToken cancellationToken)
   at Microsoft.EntityFrameworkCore.Storage.ExecutionStrategy.ExecuteImplementationAsync[TState,TResult](Func`4 operation, Func`4 verifySucceeded, TState state, CancellationToken cancellationToken)
   at Microsoft.EntityFrameworkCore.Storage.ExecutionStrategy.ExecuteAsync[TState,TResult](TState state, Func`4 operation, Func`4 verifySucceeded, CancellationToken cancellationToken)
   at Microsoft.EntityFrameworkCore.Query.Internal.SingleQueryingEnumerable`1.AsyncEnumerator.MoveNextAsync()
   at Microsoft.EntityFrameworkCore.EntityFrameworkQueryableExtensions.ToListAsync[TSource](IQueryable`1 source, CancellationToken cancellationToken)
   at Microsoft.EntityFrameworkCore.EntityFrameworkQueryableExtensions.ToListAsync[TSource](IQueryable`1 source, CancellationToken cancellationToken)
   at LMS.Api.Endpoints.Gradebook.GetStudentDashboardEndpoint.HandleAsync(CancellationToken ct)
   at FastEndpoints.Endpoint`2.ExecAsync(CancellationToken ct)
   at FastEndpoints.Endpoint`2.ExecAsync(CancellationToken ct)
   at Microsoft.AspNetCore.Authorization.AuthorizationMiddleware.Invoke(HttpContext context)
   at LMS.Api.Security.UserProvisioningMiddleware.InvokeAsync(HttpContext context, LmsDbContext dbContext, IConfiguration configuration)
   at LMS.Api.Security.ApiReplayPreventionMiddleware.InvokeAsync(HttpContext context)
   at Microsoft.AspNetCore.Authentication.AuthenticationMiddleware.Invoke(HttpContext context)
   at Microsoft.AspNetCore.Diagnostics.StatusCodePagesMiddleware.Invoke(HttpContext context)
   at Microsoft.AspNetCore.Diagnostics.ExceptionHandlerMiddlewareImpl.<Invoke>g__Awaited|10_0(ExceptionHandlerMiddlewareImpl middleware, HttpContext context, Task task)
ClientConnectionId:5b7a3c24-3180-4756-b009-9bae4d9e58f2
Error Number:208,State:1,Class:16
2026-06-23 15:03:24.858 +01:00 [ERR] HTTP GET /api/gradebook/my-dashboard responded 500 in 55.0480 ms
2026-06-23 15:04:04.262 +01:00 [INF] HTTP OPTIONS /api/lecture-sessions responded 204 in 0.2843 ms
2026-06-23 15:04:04.262 +01:00 [INF] HTTP OPTIONS /api/timetable/lecturers responded 204 in 0.3142 ms
2026-06-23 15:04:04.262 +01:00 [INF] HTTP OPTIONS /api/admin/sessions responded 204 in 0.1856 ms
2026-06-23 15:04:04.295 +01:00 [INF] HTTP GET /api/timetable/lecturers responded 403 in 30.2553 ms
2026-06-23 15:04:04.295 +01:00 [INF] HTTP GET /api/lecture-sessions responded 403 in 31.1565 ms
2026-06-23 15:04:04.358 +01:00 [INF] HTTP GET /api/admin/sessions responded 200 in 93.4203 ms
2026-06-23 15:04:23.754 +01:00 [INF] HTTP OPTIONS /api/admin/courses responded 204 in 0.1658 ms
2026-06-23 15:04:24.047 +01:00 [INF] HTTP GET /api/admin/courses responded 200 in 279.0654 ms
2026-06-23 15:04:28.629 +01:00 [INF] HTTP GET /api/admin/courses responded 200 in 91.2909 ms
2026-06-23 15:04:35.905 +01:00 [INF] HTTP OPTIONS /api/fees/my-bill responded 204 in 0.1273 ms
2026-06-23 15:04:35.971 +01:00 [WRN] Compiling a query which loads related collections for more than one collection navigation, either via 'Include' or through projection, but no 'QuerySplittingBehavior' has been configured. By default, Entity Framework will use 'QuerySplittingBehavior.SingleQuery', which can potentially result in slow query performance. See https://go.microsoft.com/fwlink/?linkid=2134277 for more information. To identify the query that's triggering this warning call 'ConfigureWarnings(w => w.Throw(RelationalEventId.MultipleCollectionIncludeWarning))'.
2026-06-23 15:04:36.039 +01:00 [INF] HTTP GET /api/fees/my-bill responded 404 in 127.5535 ms
2026-06-23 15:04:56.539 +01:00 [ERR] Failed executing DbCommand (5ms) [Parameters=[@studentId='?' (DbType = Guid)], CommandType='"Text"', CommandTimeout='30']
SELECT [c].[Id], [c].[StudentId], [c].[CourseOfferingId], [c1].[Code], [c1].[Title], [c].[RegisteredAtUtc], [c].[DroppedAtUtc], [c].[Status], [c1].[CreditUnits]
FROM [CourseEnrollments] AS [c]
INNER JOIN [CourseOfferings] AS [c0] ON [c].[CourseOfferingId] = [c0].[Id]
INNER JOIN [Courses] AS [c1] ON [c0].[CourseId] = [c1].[Id]
WHERE [c].[StudentId] = @studentId
ORDER BY [c].[RegisteredAtUtc] DESC
2026-06-23 15:04:56.540 +01:00 [ERR] An exception occurred while iterating over the results of a query for context type 'LMS.Api.Data.LmsDbContext'.
Microsoft.Data.SqlClient.SqlException (0x80131904): Invalid object name 'CourseEnrollments'.
   at System.Threading.Tasks.ContinuationResultTaskFromResultTask`2.InnerInvoke()
   at System.Threading.ExecutionContext.RunInternal(ExecutionContext executionContext, ContextCallback callback, Object state)
--- End of stack trace from previous location ---
   at System.Threading.ExecutionContext.RunInternal(ExecutionContext executionContext, ContextCallback callback, Object state)
   at System.Threading.Tasks.Task.ExecuteWithThreadLocal(Task& currentTaskSlot, Thread threadPoolThread)
--- End of stack trace from previous location ---
   at Microsoft.EntityFrameworkCore.Storage.RelationalCommand.ExecuteReaderAsync(RelationalCommandParameterObject parameterObject, CancellationToken cancellationToken)
   at Microsoft.EntityFrameworkCore.Storage.RelationalCommand.ExecuteReaderAsync(RelationalCommandParameterObject parameterObject, CancellationToken cancellationToken)
   at Microsoft.EntityFrameworkCore.Query.Internal.SingleQueryingEnumerable`1.AsyncEnumerator.InitializeReaderAsync(AsyncEnumerator enumerator, CancellationToken cancellationToken)
   at Microsoft.EntityFrameworkCore.Storage.ExecutionStrategy.<>c__DisplayClass30_0`2.<<ExecuteAsync>b__0>d.MoveNext()
--- End of stack trace from previous location ---
   at Microsoft.EntityFrameworkCore.Storage.ExecutionStrategy.ExecuteImplementationAsync[TState,TResult](Func`4 operation, Func`4 verifySucceeded, TState state, CancellationToken cancellationToken)
   at Microsoft.EntityFrameworkCore.Storage.ExecutionStrategy.ExecuteImplementationAsync[TState,TResult](Func`4 operation, Func`4 verifySucceeded, TState state, CancellationToken cancellationToken)
   at Microsoft.EntityFrameworkCore.Storage.ExecutionStrategy.ExecuteAsync[TState,TResult](TState state, Func`4 operation, Func`4 verifySucceeded, CancellationToken cancellationToken)
   at Microsoft.EntityFrameworkCore.Query.Internal.SingleQueryingEnumerable`1.AsyncEnumerator.MoveNextAsync()
ClientConnectionId:98671469-f69b-427c-b171-47f55634d117
Error Number:208,State:1,Class:16
Microsoft.Data.SqlClient.SqlException (0x80131904): Invalid object name 'CourseEnrollments'.
   at System.Threading.Tasks.ContinuationResultTaskFromResultTask`2.InnerInvoke()
   at System.Threading.ExecutionContext.RunInternal(ExecutionContext executionContext, ContextCallback callback, Object state)
--- End of stack trace from previous location ---
   at System.Threading.ExecutionContext.RunInternal(ExecutionContext executionContext, ContextCallback callback, Object state)
   at System.Threading.Tasks.Task.ExecuteWithThreadLocal(Task& currentTaskSlot, Thread threadPoolThread)
--- End of stack trace from previous location ---
   at Microsoft.EntityFrameworkCore.Storage.RelationalCommand.ExecuteReaderAsync(RelationalCommandParameterObject parameterObject, CancellationToken cancellationToken)
   at Microsoft.EntityFrameworkCore.Storage.RelationalCommand.ExecuteReaderAsync(RelationalCommandParameterObject parameterObject, CancellationToken cancellationToken)
   at Microsoft.EntityFrameworkCore.Query.Internal.SingleQueryingEnumerable`1.AsyncEnumerator.InitializeReaderAsync(AsyncEnumerator enumerator, CancellationToken cancellationToken)
   at Microsoft.EntityFrameworkCore.Storage.ExecutionStrategy.<>c__DisplayClass30_0`2.<<ExecuteAsync>b__0>d.MoveNext()
--- End of stack trace from previous location ---
   at Microsoft.EntityFrameworkCore.Storage.ExecutionStrategy.ExecuteImplementationAsync[TState,TResult](Func`4 operation, Func`4 verifySucceeded, TState state, CancellationToken cancellationToken)
   at Microsoft.EntityFrameworkCore.Storage.ExecutionStrategy.ExecuteImplementationAsync[TState,TResult](Func`4 operation, Func`4 verifySucceeded, TState state, CancellationToken cancellationToken)
   at Microsoft.EntityFrameworkCore.Storage.ExecutionStrategy.ExecuteAsync[TState,TResult](TState state, Func`4 operation, Func`4 verifySucceeded, CancellationToken cancellationToken)
   at Microsoft.EntityFrameworkCore.Query.Internal.SingleQueryingEnumerable`1.AsyncEnumerator.MoveNextAsync()
ClientConnectionId:98671469-f69b-427c-b171-47f55634d117
Error Number:208,State:1,Class:16
2026-06-23 15:04:56.541 +01:00 [ERR] An unhandled exception has occurred while executing the request.
Microsoft.Data.SqlClient.SqlException (0x80131904): Invalid object name 'CourseEnrollments'.
   at System.Threading.Tasks.ContinuationResultTaskFromResultTask`2.InnerInvoke()
   at System.Threading.ExecutionContext.RunInternal(ExecutionContext executionContext, ContextCallback callback, Object state)
--- End of stack trace from previous location ---
   at System.Threading.ExecutionContext.RunInternal(ExecutionContext executionContext, ContextCallback callback, Object state)
   at System.Threading.Tasks.Task.ExecuteWithThreadLocal(Task& currentTaskSlot, Thread threadPoolThread)
--- End of stack trace from previous location ---
   at Microsoft.EntityFrameworkCore.Storage.RelationalCommand.ExecuteReaderAsync(RelationalCommandParameterObject parameterObject, CancellationToken cancellationToken)
   at Microsoft.EntityFrameworkCore.Storage.RelationalCommand.ExecuteReaderAsync(RelationalCommandParameterObject parameterObject, CancellationToken cancellationToken)
   at Microsoft.EntityFrameworkCore.Query.Internal.SingleQueryingEnumerable`1.AsyncEnumerator.InitializeReaderAsync(AsyncEnumerator enumerator, CancellationToken cancellationToken)
   at Microsoft.EntityFrameworkCore.Storage.ExecutionStrategy.<>c__DisplayClass30_0`2.<<ExecuteAsync>b__0>d.MoveNext()
--- End of stack trace from previous location ---
   at Microsoft.EntityFrameworkCore.Storage.ExecutionStrategy.ExecuteImplementationAsync[TState,TResult](Func`4 operation, Func`4 verifySucceeded, TState state, CancellationToken cancellationToken)
   at Microsoft.EntityFrameworkCore.Storage.ExecutionStrategy.ExecuteImplementationAsync[TState,TResult](Func`4 operation, Func`4 verifySucceeded, TState state, CancellationToken cancellationToken)
   at Microsoft.EntityFrameworkCore.Storage.ExecutionStrategy.ExecuteAsync[TState,TResult](TState state, Func`4 operation, Func`4 verifySucceeded, CancellationToken cancellationToken)
   at Microsoft.EntityFrameworkCore.Query.Internal.SingleQueryingEnumerable`1.AsyncEnumerator.MoveNextAsync()
   at Microsoft.EntityFrameworkCore.EntityFrameworkQueryableExtensions.ToListAsync[TSource](IQueryable`1 source, CancellationToken cancellationToken)
   at Microsoft.EntityFrameworkCore.EntityFrameworkQueryableExtensions.ToListAsync[TSource](IQueryable`1 source, CancellationToken cancellationToken)
   at LMS.Api.Services.RegistrationService.GetRegistrationHistoryAsync(Guid studentId, CancellationToken ct)
   at LMS.Api.Endpoints.SelfService.GetRegistrationHistoryEndpoint.HandleAsync(CancellationToken ct)
   at FastEndpoints.Endpoint`2.ExecAsync(CancellationToken ct)
   at FastEndpoints.Endpoint`2.ExecAsync(CancellationToken ct)
   at Microsoft.AspNetCore.Authorization.AuthorizationMiddleware.Invoke(HttpContext context)
   at LMS.Api.Security.UserProvisioningMiddleware.InvokeAsync(HttpContext context, LmsDbContext dbContext, IConfiguration configuration)
   at LMS.Api.Security.ApiReplayPreventionMiddleware.InvokeAsync(HttpContext context)
   at Microsoft.AspNetCore.Authentication.AuthenticationMiddleware.Invoke(HttpContext context)
   at Microsoft.AspNetCore.Diagnostics.StatusCodePagesMiddleware.Invoke(HttpContext context)
   at Microsoft.AspNetCore.Diagnostics.ExceptionHandlerMiddlewareImpl.<Invoke>g__Awaited|10_0(ExceptionHandlerMiddlewareImpl middleware, HttpContext context, Task task)
ClientConnectionId:98671469-f69b-427c-b171-47f55634d117
Error Number:208,State:1,Class:16
2026-06-23 15:04:56.542 +01:00 [ERR] HTTP GET /api/self-service/registration-history responded 500 in 49.3461 ms
2026-06-23 15:05:33.917 +01:00 [INF] HTTP OPTIONS /api/gradebook/my-dashboard responded 204 in 0.2697 ms
2026-06-23 15:05:33.980 +01:00 [ERR] Failed executing DbCommand (5ms) [Parameters=[@userId_Value='?' (DbType = Guid)], CommandType='"Text"', CommandTimeout='30']
SELECT [c].[Id], [c].[CourseOfferingId], [c].[CreatedById], [c].[DroppedAtUtc], [c].[RegisteredAtUtc], [c].[Status], [c].[StudentId], [c].[UpdatedById]
FROM [CourseEnrollments] AS [c]
WHERE [c].[StudentId] = @userId_Value AND [c].[Status] = N'Registered'
2026-06-23 15:05:33.980 +01:00 [ERR] Failed executing DbCommand (5ms) [Parameters=[@studentId='?' (DbType = Guid), @academicSessionId='?' (DbType = Guid)], CommandType='"Text"', CommandTimeout='30']
SELECT [c].[Id], [c].[CourseOfferingId], [c].[CreatedById], [c].[DroppedAtUtc], [c].[RegisteredAtUtc], [c].[Status], [c].[StudentId], [c].[UpdatedById], [c0].[Id], [c0].[AcademicSessionId], [c0].[CourseId], [c0].[CurriculumId], [c0].[LecturerId], [c0].[LevelId], [c0].[ProgramId], [c0].[Semester], [c1].[Id], [c1].[Code], [c1].[CreditUnits], [c1].[Description], [c1].[IsActive], [c1].[LectureHours], [c1].[LevelId], [c1].[PracticalHours], [c1].[ProgramId], [c1].[Semester], [c1].[Title], [u].[Id], [u].[CreatedUtc], [u].[DisplayName], [u].[Email], [u].[EntraObjectId], [u].[IsActive], [u].[PasswordHash], [u].[UpdatedUtc], [u].[Username]
FROM [CourseEnrollments] AS [c]
INNER JOIN [CourseOfferings] AS [c0] ON [c].[CourseOfferingId] = [c0].[Id]
INNER JOIN [Courses] AS [c1] ON [c0].[CourseId] = [c1].[Id]
LEFT JOIN [Users] AS [u] ON [c0].[LecturerId] = [u].[Id]
WHERE [c].[StudentId] = @studentId AND [c].[Status] = N'Registered' AND [c0].[AcademicSessionId] = @academicSessionId
2026-06-23 15:05:33.981 +01:00 [ERR] An exception occurred while iterating over the results of a query for context type 'LMS.Api.Data.LmsDbContext'.
Microsoft.Data.SqlClient.SqlException (0x80131904): Invalid object name 'CourseEnrollments'.
   at System.Threading.Tasks.ContinuationResultTaskFromResultTask`2.InnerInvoke()
   at System.Threading.ExecutionContext.RunInternal(ExecutionContext executionContext, ContextCallback callback, Object state)
--- End of stack trace from previous location ---
   at System.Threading.ExecutionContext.RunInternal(ExecutionContext executionContext, ContextCallback callback, Object state)
   at System.Threading.Tasks.Task.ExecuteWithThreadLocal(Task& currentTaskSlot, Thread threadPoolThread)
--- End of stack trace from previous location ---
   at Microsoft.EntityFrameworkCore.Storage.RelationalCommand.ExecuteReaderAsync(RelationalCommandParameterObject parameterObject, CancellationToken cancellationToken)
   at Microsoft.EntityFrameworkCore.Storage.RelationalCommand.ExecuteReaderAsync(RelationalCommandParameterObject parameterObject, CancellationToken cancellationToken)
   at Microsoft.EntityFrameworkCore.Query.Internal.SingleQueryingEnumerable`1.AsyncEnumerator.InitializeReaderAsync(AsyncEnumerator enumerator, CancellationToken cancellationToken)
   at Microsoft.EntityFrameworkCore.Storage.ExecutionStrategy.<>c__DisplayClass30_0`2.<<ExecuteAsync>b__0>d.MoveNext()
--- End of stack trace from previous location ---
   at Microsoft.EntityFrameworkCore.Storage.ExecutionStrategy.ExecuteImplementationAsync[TState,TResult](Func`4 operation, Func`4 verifySucceeded, TState state, CancellationToken cancellationToken)
   at Microsoft.EntityFrameworkCore.Storage.ExecutionStrategy.ExecuteImplementationAsync[TState,TResult](Func`4 operation, Func`4 verifySucceeded, TState state, CancellationToken cancellationToken)
   at Microsoft.EntityFrameworkCore.Storage.ExecutionStrategy.ExecuteAsync[TState,TResult](TState state, Func`4 operation, Func`4 verifySucceeded, CancellationToken cancellationToken)
   at Microsoft.EntityFrameworkCore.Query.Internal.SingleQueryingEnumerable`1.AsyncEnumerator.MoveNextAsync()
ClientConnectionId:98671469-f69b-427c-b171-47f55634d117
Error Number:208,State:1,Class:16
Microsoft.Data.SqlClient.SqlException (0x80131904): Invalid object name 'CourseEnrollments'.
   at System.Threading.Tasks.ContinuationResultTaskFromResultTask`2.InnerInvoke()
   at System.Threading.ExecutionContext.RunInternal(ExecutionContext executionContext, ContextCallback callback, Object state)
--- End of stack trace from previous location ---
   at System.Threading.ExecutionContext.RunInternal(ExecutionContext executionContext, ContextCallback callback, Object state)
   at System.Threading.Tasks.Task.ExecuteWithThreadLocal(Task& currentTaskSlot, Thread threadPoolThread)
--- End of stack trace from previous location ---
   at Microsoft.EntityFrameworkCore.Storage.RelationalCommand.ExecuteReaderAsync(RelationalCommandParameterObject parameterObject, CancellationToken cancellationToken)
   at Microsoft.EntityFrameworkCore.Storage.RelationalCommand.ExecuteReaderAsync(RelationalCommandParameterObject parameterObject, CancellationToken cancellationToken)
   at Microsoft.EntityFrameworkCore.Query.Internal.SingleQueryingEnumerable`1.AsyncEnumerator.InitializeReaderAsync(AsyncEnumerator enumerator, CancellationToken cancellationToken)
   at Microsoft.EntityFrameworkCore.Storage.ExecutionStrategy.<>c__DisplayClass30_0`2.<<ExecuteAsync>b__0>d.MoveNext()
--- End of stack trace from previous location ---
   at Microsoft.EntityFrameworkCore.Storage.ExecutionStrategy.ExecuteImplementationAsync[TState,TResult](Func`4 operation, Func`4 verifySucceeded, TState state, CancellationToken cancellationToken)
   at Microsoft.EntityFrameworkCore.Storage.ExecutionStrategy.ExecuteImplementationAsync[TState,TResult](Func`4 operation, Func`4 verifySucceeded, TState state, CancellationToken cancellationToken)
   at Microsoft.EntityFrameworkCore.Storage.ExecutionStrategy.ExecuteAsync[TState,TResult](TState state, Func`4 operation, Func`4 verifySucceeded, CancellationToken cancellationToken)
   at Microsoft.EntityFrameworkCore.Query.Internal.SingleQueryingEnumerable`1.AsyncEnumerator.MoveNextAsync()
ClientConnectionId:98671469-f69b-427c-b171-47f55634d117
Error Number:208,State:1,Class:16
2026-06-23 15:05:33.981 +01:00 [ERR] An exception occurred while iterating over the results of a query for context type 'LMS.Api.Data.LmsDbContext'.
Microsoft.Data.SqlClient.SqlException (0x80131904): Invalid object name 'CourseEnrollments'.
   at System.Threading.Tasks.ContinuationResultTaskFromResultTask`2.InnerInvoke()
   at System.Threading.ExecutionContext.RunInternal(ExecutionContext executionContext, ContextCallback callback, Object state)
--- End of stack trace from previous location ---
   at System.Threading.ExecutionContext.RunInternal(ExecutionContext executionContext, ContextCallback callback, Object state)
   at System.Threading.Tasks.Task.ExecuteWithThreadLocal(Task& currentTaskSlot, Thread threadPoolThread)
--- End of stack trace from previous location ---
   at Microsoft.EntityFrameworkCore.Storage.RelationalCommand.ExecuteReaderAsync(RelationalCommandParameterObject parameterObject, CancellationToken cancellationToken)
   at Microsoft.EntityFrameworkCore.Storage.RelationalCommand.ExecuteReaderAsync(RelationalCommandParameterObject parameterObject, CancellationToken cancellationToken)
   at Microsoft.EntityFrameworkCore.Query.Internal.SingleQueryingEnumerable`1.AsyncEnumerator.InitializeReaderAsync(AsyncEnumerator enumerator, CancellationToken cancellationToken)
   at Microsoft.EntityFrameworkCore.Storage.ExecutionStrategy.<>c__DisplayClass30_0`2.<<ExecuteAsync>b__0>d.MoveNext()
--- End of stack trace from previous location ---
   at Microsoft.EntityFrameworkCore.Storage.ExecutionStrategy.ExecuteImplementationAsync[TState,TResult](Func`4 operation, Func`4 verifySucceeded, TState state, CancellationToken cancellationToken)
   at Microsoft.EntityFrameworkCore.Storage.ExecutionStrategy.ExecuteImplementationAsync[TState,TResult](Func`4 operation, Func`4 verifySucceeded, TState state, CancellationToken cancellationToken)
   at Microsoft.EntityFrameworkCore.Storage.ExecutionStrategy.ExecuteAsync[TState,TResult](TState state, Func`4 operation, Func`4 verifySucceeded, CancellationToken cancellationToken)
   at Microsoft.EntityFrameworkCore.Query.Internal.SingleQueryingEnumerable`1.AsyncEnumerator.MoveNextAsync()
ClientConnectionId:2f233ff8-2154-4130-a433-54d1c4455e2a
Error Number:208,State:1,Class:16
Microsoft.Data.SqlClient.SqlException (0x80131904): Invalid object name 'CourseEnrollments'.
   at System.Threading.Tasks.ContinuationResultTaskFromResultTask`2.InnerInvoke()
   at System.Threading.ExecutionContext.RunInternal(ExecutionContext executionContext, ContextCallback callback, Object state)
--- End of stack trace from previous location ---
   at System.Threading.ExecutionContext.RunInternal(ExecutionContext executionContext, ContextCallback callback, Object state)
   at System.Threading.Tasks.Task.ExecuteWithThreadLocal(Task& currentTaskSlot, Thread threadPoolThread)
--- End of stack trace from previous location ---
   at Microsoft.EntityFrameworkCore.Storage.RelationalCommand.ExecuteReaderAsync(RelationalCommandParameterObject parameterObject, CancellationToken cancellationToken)
   at Microsoft.EntityFrameworkCore.Storage.RelationalCommand.ExecuteReaderAsync(RelationalCommandParameterObject parameterObject, CancellationToken cancellationToken)
   at Microsoft.EntityFrameworkCore.Query.Internal.SingleQueryingEnumerable`1.AsyncEnumerator.InitializeReaderAsync(AsyncEnumerator enumerator, CancellationToken cancellationToken)
   at Microsoft.EntityFrameworkCore.Storage.ExecutionStrategy.<>c__DisplayClass30_0`2.<<ExecuteAsync>b__0>d.MoveNext()
--- End of stack trace from previous location ---
   at Microsoft.EntityFrameworkCore.Storage.ExecutionStrategy.ExecuteImplementationAsync[TState,TResult](Func`4 operation, Func`4 verifySucceeded, TState state, CancellationToken cancellationToken)
   at Microsoft.EntityFrameworkCore.Storage.ExecutionStrategy.ExecuteImplementationAsync[TState,TResult](Func`4 operation, Func`4 verifySucceeded, TState state, CancellationToken cancellationToken)
   at Microsoft.EntityFrameworkCore.Storage.ExecutionStrategy.ExecuteAsync[TState,TResult](TState state, Func`4 operation, Func`4 verifySucceeded, CancellationToken cancellationToken)
   at Microsoft.EntityFrameworkCore.Query.Internal.SingleQueryingEnumerable`1.AsyncEnumerator.MoveNextAsync()
ClientConnectionId:2f233ff8-2154-4130-a433-54d1c4455e2a
Error Number:208,State:1,Class:16
2026-06-23 15:05:33.982 +01:00 [ERR] An unhandled exception has occurred while executing the request.
Microsoft.Data.SqlClient.SqlException (0x80131904): Invalid object name 'CourseEnrollments'.
   at System.Threading.Tasks.ContinuationResultTaskFromResultTask`2.InnerInvoke()
   at System.Threading.ExecutionContext.RunInternal(ExecutionContext executionContext, ContextCallback callback, Object state)
--- End of stack trace from previous location ---
   at System.Threading.ExecutionContext.RunInternal(ExecutionContext executionContext, ContextCallback callback, Object state)
   at System.Threading.Tasks.Task.ExecuteWithThreadLocal(Task& currentTaskSlot, Thread threadPoolThread)
--- End of stack trace from previous location ---
   at Microsoft.EntityFrameworkCore.Storage.RelationalCommand.ExecuteReaderAsync(RelationalCommandParameterObject parameterObject, CancellationToken cancellationToken)
   at Microsoft.EntityFrameworkCore.Storage.RelationalCommand.ExecuteReaderAsync(RelationalCommandParameterObject parameterObject, CancellationToken cancellationToken)
   at Microsoft.EntityFrameworkCore.Query.Internal.SingleQueryingEnumerable`1.AsyncEnumerator.InitializeReaderAsync(AsyncEnumerator enumerator, CancellationToken cancellationToken)
   at Microsoft.EntityFrameworkCore.Storage.ExecutionStrategy.<>c__DisplayClass30_0`2.<<ExecuteAsync>b__0>d.MoveNext()
--- End of stack trace from previous location ---
   at Microsoft.EntityFrameworkCore.Storage.ExecutionStrategy.ExecuteImplementationAsync[TState,TResult](Func`4 operation, Func`4 verifySucceeded, TState state, CancellationToken cancellationToken)
   at Microsoft.EntityFrameworkCore.Storage.ExecutionStrategy.ExecuteImplementationAsync[TState,TResult](Func`4 operation, Func`4 verifySucceeded, TState state, CancellationToken cancellationToken)
   at Microsoft.EntityFrameworkCore.Storage.ExecutionStrategy.ExecuteAsync[TState,TResult](TState state, Func`4 operation, Func`4 verifySucceeded, CancellationToken cancellationToken)
   at Microsoft.EntityFrameworkCore.Query.Internal.SingleQueryingEnumerable`1.AsyncEnumerator.MoveNextAsync()
   at Microsoft.EntityFrameworkCore.EntityFrameworkQueryableExtensions.ToListAsync[TSource](IQueryable`1 source, CancellationToken cancellationToken)
   at Microsoft.EntityFrameworkCore.EntityFrameworkQueryableExtensions.ToListAsync[TSource](IQueryable`1 source, CancellationToken cancellationToken)
   at LMS.Api.Endpoints.Gradebook.GetStudentDashboardEndpoint.HandleAsync(CancellationToken ct)
   at FastEndpoints.Endpoint`2.ExecAsync(CancellationToken ct)
   at FastEndpoints.Endpoint`2.ExecAsync(CancellationToken ct)
   at Microsoft.AspNetCore.Authorization.AuthorizationMiddleware.Invoke(HttpContext context)
   at LMS.Api.Security.UserProvisioningMiddleware.InvokeAsync(HttpContext context, LmsDbContext dbContext, IConfiguration configuration)
   at LMS.Api.Security.ApiReplayPreventionMiddleware.InvokeAsync(HttpContext context)
   at Microsoft.AspNetCore.Authentication.AuthenticationMiddleware.Invoke(HttpContext context)
   at Microsoft.AspNetCore.Diagnostics.StatusCodePagesMiddleware.Invoke(HttpContext context)
   at Microsoft.AspNetCore.Diagnostics.ExceptionHandlerMiddlewareImpl.<Invoke>g__Awaited|10_0(ExceptionHandlerMiddlewareImpl middleware, HttpContext context, Task task)
ClientConnectionId:98671469-f69b-427c-b171-47f55634d117
Error Number:208,State:1,Class:16
2026-06-23 15:05:33.982 +01:00 [ERR] An unhandled exception has occurred while executing the request.
Microsoft.Data.SqlClient.SqlException (0x80131904): Invalid object name 'CourseEnrollments'.
   at System.Threading.Tasks.ContinuationResultTaskFromResultTask`2.InnerInvoke()
   at System.Threading.ExecutionContext.RunInternal(ExecutionContext executionContext, ContextCallback callback, Object state)
--- End of stack trace from previous location ---
   at System.Threading.ExecutionContext.RunInternal(ExecutionContext executionContext, ContextCallback callback, Object state)
   at System.Threading.Tasks.Task.ExecuteWithThreadLocal(Task& currentTaskSlot, Thread threadPoolThread)
--- End of stack trace from previous location ---
   at Microsoft.EntityFrameworkCore.Storage.RelationalCommand.ExecuteReaderAsync(RelationalCommandParameterObject parameterObject, CancellationToken cancellationToken)
   at Microsoft.EntityFrameworkCore.Storage.RelationalCommand.ExecuteReaderAsync(RelationalCommandParameterObject parameterObject, CancellationToken cancellationToken)
   at Microsoft.EntityFrameworkCore.Query.Internal.SingleQueryingEnumerable`1.AsyncEnumerator.InitializeReaderAsync(AsyncEnumerator enumerator, CancellationToken cancellationToken)
   at Microsoft.EntityFrameworkCore.Storage.ExecutionStrategy.<>c__DisplayClass30_0`2.<<ExecuteAsync>b__0>d.MoveNext()
--- End of stack trace from previous location ---
   at Microsoft.EntityFrameworkCore.Storage.ExecutionStrategy.ExecuteImplementationAsync[TState,TResult](Func`4 operation, Func`4 verifySucceeded, TState state, CancellationToken cancellationToken)
   at Microsoft.EntityFrameworkCore.Storage.ExecutionStrategy.ExecuteImplementationAsync[TState,TResult](Func`4 operation, Func`4 verifySucceeded, TState state, CancellationToken cancellationToken)
   at Microsoft.EntityFrameworkCore.Storage.ExecutionStrategy.ExecuteAsync[TState,TResult](TState state, Func`4 operation, Func`4 verifySucceeded, CancellationToken cancellationToken)
   at Microsoft.EntityFrameworkCore.Query.Internal.SingleQueryingEnumerable`1.AsyncEnumerator.MoveNextAsync()
   at Microsoft.EntityFrameworkCore.EntityFrameworkQueryableExtensions.ToListAsync[TSource](IQueryable`1 source, CancellationToken cancellationToken)
   at Microsoft.EntityFrameworkCore.EntityFrameworkQueryableExtensions.ToListAsync[TSource](IQueryable`1 source, CancellationToken cancellationToken)
   at LMS.Api.Services.ScheduleService.GetStudentScheduleAsync(Guid studentId, Guid academicSessionId, CancellationToken ct)
   at LMS.Api.Endpoints.SelfService.GetStudentScheduleEndpoint.HandleAsync(CancellationToken ct)
   at FastEndpoints.Endpoint`2.ExecAsync(CancellationToken ct)
   at FastEndpoints.Endpoint`2.ExecAsync(CancellationToken ct)
   at Microsoft.AspNetCore.Authorization.AuthorizationMiddleware.Invoke(HttpContext context)
   at LMS.Api.Security.UserProvisioningMiddleware.InvokeAsync(HttpContext context, LmsDbContext dbContext, IConfiguration configuration)
   at LMS.Api.Security.ApiReplayPreventionMiddleware.InvokeAsync(HttpContext context)
   at Microsoft.AspNetCore.Authentication.AuthenticationMiddleware.Invoke(HttpContext context)
   at Microsoft.AspNetCore.Diagnostics.StatusCodePagesMiddleware.Invoke(HttpContext context)
   at Microsoft.AspNetCore.Diagnostics.ExceptionHandlerMiddlewareImpl.<Invoke>g__Awaited|10_0(ExceptionHandlerMiddlewareImpl middleware, HttpContext context, Task task)
ClientConnectionId:2f233ff8-2154-4130-a433-54d1c4455e2a
Error Number:208,State:1,Class:16
2026-06-23 15:05:33.983 +01:00 [ERR] HTTP GET /api/gradebook/my-dashboard responded 500 in 62.3563 ms
2026-06-23 15:05:33.983 +01:00 [ERR] HTTP GET /api/self-service/schedule responded 500 in 62.8457 ms
2026-06-23 15:05:48.721 +01:00 [INF] HTTP GET /api/self-service/registration-summary responded 404 in 32.4353 ms
2026-06-23 15:06:51.306 +01:00 [ERR] Failed executing DbCommand (3ms) [Parameters=[@studentId='?' (DbType = Guid)], CommandType='"Text"', CommandTimeout='30']
SELECT [c].[Id], [c].[StudentId], [c].[CourseOfferingId], [c1].[Code], [c1].[Title], [c].[RegisteredAtUtc], [c].[DroppedAtUtc], [c].[Status], [c1].[CreditUnits]
FROM [CourseEnrollments] AS [c]
INNER JOIN [CourseOfferings] AS [c0] ON [c].[CourseOfferingId] = [c0].[Id]
INNER JOIN [Courses] AS [c1] ON [c0].[CourseId] = [c1].[Id]
WHERE [c].[StudentId] = @studentId
ORDER BY [c].[RegisteredAtUtc] DESC
2026-06-23 15:06:51.306 +01:00 [ERR] An exception occurred while iterating over the results of a query for context type 'LMS.Api.Data.LmsDbContext'.
Microsoft.Data.SqlClient.SqlException (0x80131904): Invalid object name 'CourseEnrollments'.
   at System.Threading.Tasks.ContinuationResultTaskFromResultTask`2.InnerInvoke()
   at System.Threading.ExecutionContext.RunInternal(ExecutionContext executionContext, ContextCallback callback, Object state)
--- End of stack trace from previous location ---
   at System.Threading.ExecutionContext.RunInternal(ExecutionContext executionContext, ContextCallback callback, Object state)
   at System.Threading.Tasks.Task.ExecuteWithThreadLocal(Task& currentTaskSlot, Thread threadPoolThread)
--- End of stack trace from previous location ---
   at Microsoft.EntityFrameworkCore.Storage.RelationalCommand.ExecuteReaderAsync(RelationalCommandParameterObject parameterObject, CancellationToken cancellationToken)
   at Microsoft.EntityFrameworkCore.Storage.RelationalCommand.ExecuteReaderAsync(RelationalCommandParameterObject parameterObject, CancellationToken cancellationToken)
   at Microsoft.EntityFrameworkCore.Query.Internal.SingleQueryingEnumerable`1.AsyncEnumerator.InitializeReaderAsync(AsyncEnumerator enumerator, CancellationToken cancellationToken)
   at Microsoft.EntityFrameworkCore.Storage.ExecutionStrategy.<>c__DisplayClass30_0`2.<<ExecuteAsync>b__0>d.MoveNext()
--- End of stack trace from previous location ---
   at Microsoft.EntityFrameworkCore.Storage.ExecutionStrategy.ExecuteImplementationAsync[TState,TResult](Func`4 operation, Func`4 verifySucceeded, TState state, CancellationToken cancellationToken)
   at Microsoft.EntityFrameworkCore.Storage.ExecutionStrategy.ExecuteImplementationAsync[TState,TResult](Func`4 operation, Func`4 verifySucceeded, TState state, CancellationToken cancellationToken)
   at Microsoft.EntityFrameworkCore.Storage.ExecutionStrategy.ExecuteAsync[TState,TResult](TState state, Func`4 operation, Func`4 verifySucceeded, CancellationToken cancellationToken)
   at Microsoft.EntityFrameworkCore.Query.Internal.SingleQueryingEnumerable`1.AsyncEnumerator.MoveNextAsync()
ClientConnectionId:5b7a3c24-3180-4756-b009-9bae4d9e58f2
Error Number:208,State:1,Class:16
Microsoft.Data.SqlClient.SqlException (0x80131904): Invalid object name 'CourseEnrollments'.
   at System.Threading.Tasks.ContinuationResultTaskFromResultTask`2.InnerInvoke()
   at System.Threading.ExecutionContext.RunInternal(ExecutionContext executionContext, ContextCallback callback, Object state)
--- End of stack trace from previous location ---
   at System.Threading.ExecutionContext.RunInternal(ExecutionContext executionContext, ContextCallback callback, Object state)
   at System.Threading.Tasks.Task.ExecuteWithThreadLocal(Task& currentTaskSlot, Thread threadPoolThread)
--- End of stack trace from previous location ---
   at Microsoft.EntityFrameworkCore.Storage.RelationalCommand.ExecuteReaderAsync(RelationalCommandParameterObject parameterObject, CancellationToken cancellationToken)
   at Microsoft.EntityFrameworkCore.Storage.RelationalCommand.ExecuteReaderAsync(RelationalCommandParameterObject parameterObject, CancellationToken cancellationToken)
   at Microsoft.EntityFrameworkCore.Query.Internal.SingleQueryingEnumerable`1.AsyncEnumerator.InitializeReaderAsync(AsyncEnumerator enumerator, CancellationToken cancellationToken)
   at Microsoft.EntityFrameworkCore.Storage.ExecutionStrategy.<>c__DisplayClass30_0`2.<<ExecuteAsync>b__0>d.MoveNext()
--- End of stack trace from previous location ---
   at Microsoft.EntityFrameworkCore.Storage.ExecutionStrategy.ExecuteImplementationAsync[TState,TResult](Func`4 operation, Func`4 verifySucceeded, TState state, CancellationToken cancellationToken)
   at Microsoft.EntityFrameworkCore.Storage.ExecutionStrategy.ExecuteImplementationAsync[TState,TResult](Func`4 operation, Func`4 verifySucceeded, TState state, CancellationToken cancellationToken)
   at Microsoft.EntityFrameworkCore.Storage.ExecutionStrategy.ExecuteAsync[TState,TResult](TState state, Func`4 operation, Func`4 verifySucceeded, CancellationToken cancellationToken)
   at Microsoft.EntityFrameworkCore.Query.Internal.SingleQueryingEnumerable`1.AsyncEnumerator.MoveNextAsync()
ClientConnectionId:5b7a3c24-3180-4756-b009-9bae4d9e58f2
Error Number:208,State:1,Class:16
2026-06-23 15:06:51.307 +01:00 [ERR] An unhandled exception has occurred while executing the request.
Microsoft.Data.SqlClient.SqlException (0x80131904): Invalid object name 'CourseEnrollments'.
   at System.Threading.Tasks.ContinuationResultTaskFromResultTask`2.InnerInvoke()
   at System.Threading.ExecutionContext.RunInternal(ExecutionContext executionContext, ContextCallback callback, Object state)
--- End of stack trace from previous location ---
   at System.Threading.ExecutionContext.RunInternal(ExecutionContext executionContext, ContextCallback callback, Object state)
   at System.Threading.Tasks.Task.ExecuteWithThreadLocal(Task& currentTaskSlot, Thread threadPoolThread)
--- End of stack trace from previous location ---
   at Microsoft.EntityFrameworkCore.Storage.RelationalCommand.ExecuteReaderAsync(RelationalCommandParameterObject parameterObject, CancellationToken cancellationToken)
   at Microsoft.EntityFrameworkCore.Storage.RelationalCommand.ExecuteReaderAsync(RelationalCommandParameterObject parameterObject, CancellationToken cancellationToken)
   at Microsoft.EntityFrameworkCore.Query.Internal.SingleQueryingEnumerable`1.AsyncEnumerator.InitializeReaderAsync(AsyncEnumerator enumerator, CancellationToken cancellationToken)
   at Microsoft.EntityFrameworkCore.Storage.ExecutionStrategy.<>c__DisplayClass30_0`2.<<ExecuteAsync>b__0>d.MoveNext()
--- End of stack trace from previous location ---
   at Microsoft.EntityFrameworkCore.Storage.ExecutionStrategy.ExecuteImplementationAsync[TState,TResult](Func`4 operation, Func`4 verifySucceeded, TState state, CancellationToken cancellationToken)
   at Microsoft.EntityFrameworkCore.Storage.ExecutionStrategy.ExecuteImplementationAsync[TState,TResult](Func`4 operation, Func`4 verifySucceeded, TState state, CancellationToken cancellationToken)
   at Microsoft.EntityFrameworkCore.Storage.ExecutionStrategy.ExecuteAsync[TState,TResult](TState state, Func`4 operation, Func`4 verifySucceeded, CancellationToken cancellationToken)
   at Microsoft.EntityFrameworkCore.Query.Internal.SingleQueryingEnumerable`1.AsyncEnumerator.MoveNextAsync()
   at Microsoft.EntityFrameworkCore.EntityFrameworkQueryableExtensions.ToListAsync[TSource](IQueryable`1 source, CancellationToken cancellationToken)
   at Microsoft.EntityFrameworkCore.EntityFrameworkQueryableExtensions.ToListAsync[TSource](IQueryable`1 source, CancellationToken cancellationToken)
   at LMS.Api.Services.RegistrationService.GetRegistrationHistoryAsync(Guid studentId, CancellationToken ct)
   at LMS.Api.Endpoints.SelfService.GetRegistrationHistoryEndpoint.HandleAsync(CancellationToken ct)
   at FastEndpoints.Endpoint`2.ExecAsync(CancellationToken ct)
   at FastEndpoints.Endpoint`2.ExecAsync(CancellationToken ct)
   at Microsoft.AspNetCore.Authorization.AuthorizationMiddleware.Invoke(HttpContext context)
   at LMS.Api.Security.UserProvisioningMiddleware.InvokeAsync(HttpContext context, LmsDbContext dbContext, IConfiguration configuration)
   at LMS.Api.Security.ApiReplayPreventionMiddleware.InvokeAsync(HttpContext context)
   at Microsoft.AspNetCore.Authentication.AuthenticationMiddleware.Invoke(HttpContext context)
   at Microsoft.AspNetCore.Diagnostics.StatusCodePagesMiddleware.Invoke(HttpContext context)
   at Microsoft.AspNetCore.Diagnostics.ExceptionHandlerMiddlewareImpl.<Invoke>g__Awaited|10_0(ExceptionHandlerMiddlewareImpl middleware, HttpContext context, Task task)
ClientConnectionId:5b7a3c24-3180-4756-b009-9bae4d9e58f2
Error Number:208,State:1,Class:16
2026-06-23 15:06:51.308 +01:00 [ERR] HTTP GET /api/self-service/registration-history responded 500 in 30.0227 ms
2026-06-23 15:06:53.320 +01:00 [INF] HTTP GET /api/self-service/programs responded 200 in 71.4835 ms
2026-06-23 15:06:53.326 +01:00 [INF] HTTP GET /api/self-service/program-switch/my-requests responded 200 in 76.7783 ms
2026-06-23 15:07:09.773 +01:00 [INF] HTTP GET /api/self-service/program-switch/my-requests responded 200 in 17.8318 ms
2026-06-23 15:07:09.774 +01:00 [INF] HTTP GET /api/self-service/programs responded 200 in 20.2223 ms
2026-06-23 15:09:01.199 +01:00 [INF] HTTP OPTIONS /api/gradebook/my-dashboard responded 204 in 0.6890 ms
2026-06-23 15:09:01.250 +01:00 [ERR] Failed executing DbCommand (4ms) [Parameters=[@userId_Value='?' (DbType = Guid)], CommandType='"Text"', CommandTimeout='30']
SELECT [c].[Id], [c].[CourseOfferingId], [c].[CreatedById], [c].[DroppedAtUtc], [c].[RegisteredAtUtc], [c].[Status], [c].[StudentId], [c].[UpdatedById]
FROM [CourseEnrollments] AS [c]
WHERE [c].[StudentId] = @userId_Value AND [c].[Status] = N'Registered'
2026-06-23 15:09:01.250 +01:00 [ERR] Failed executing DbCommand (4ms) [Parameters=[@studentId='?' (DbType = Guid), @academicSessionId='?' (DbType = Guid)], CommandType='"Text"', CommandTimeout='30']
SELECT [c].[Id], [c].[CourseOfferingId], [c].[CreatedById], [c].[DroppedAtUtc], [c].[RegisteredAtUtc], [c].[Status], [c].[StudentId], [c].[UpdatedById], [c0].[Id], [c0].[AcademicSessionId], [c0].[CourseId], [c0].[CurriculumId], [c0].[LecturerId], [c0].[LevelId], [c0].[ProgramId], [c0].[Semester], [c1].[Id], [c1].[Code], [c1].[CreditUnits], [c1].[Description], [c1].[IsActive], [c1].[LectureHours], [c1].[LevelId], [c1].[PracticalHours], [c1].[ProgramId], [c1].[Semester], [c1].[Title], [u].[Id], [u].[CreatedUtc], [u].[DisplayName], [u].[Email], [u].[EntraObjectId], [u].[IsActive], [u].[PasswordHash], [u].[UpdatedUtc], [u].[Username]
FROM [CourseEnrollments] AS [c]
INNER JOIN [CourseOfferings] AS [c0] ON [c].[CourseOfferingId] = [c0].[Id]
INNER JOIN [Courses] AS [c1] ON [c0].[CourseId] = [c1].[Id]
LEFT JOIN [Users] AS [u] ON [c0].[LecturerId] = [u].[Id]
WHERE [c].[StudentId] = @studentId AND [c].[Status] = N'Registered' AND [c0].[AcademicSessionId] = @academicSessionId
2026-06-23 15:09:01.251 +01:00 [ERR] An exception occurred while iterating over the results of a query for context type 'LMS.Api.Data.LmsDbContext'.
Microsoft.Data.SqlClient.SqlException (0x80131904): Invalid object name 'CourseEnrollments'.
   at System.Threading.Tasks.ContinuationResultTaskFromResultTask`2.InnerInvoke()
   at System.Threading.ExecutionContext.RunInternal(ExecutionContext executionContext, ContextCallback callback, Object state)
--- End of stack trace from previous location ---
   at System.Threading.ExecutionContext.RunInternal(ExecutionContext executionContext, ContextCallback callback, Object state)
   at System.Threading.Tasks.Task.ExecuteWithThreadLocal(Task& currentTaskSlot, Thread threadPoolThread)
--- End of stack trace from previous location ---
   at Microsoft.EntityFrameworkCore.Storage.RelationalCommand.ExecuteReaderAsync(RelationalCommandParameterObject parameterObject, CancellationToken cancellationToken)
   at Microsoft.EntityFrameworkCore.Storage.RelationalCommand.ExecuteReaderAsync(RelationalCommandParameterObject parameterObject, CancellationToken cancellationToken)
   at Microsoft.EntityFrameworkCore.Query.Internal.SingleQueryingEnumerable`1.AsyncEnumerator.InitializeReaderAsync(AsyncEnumerator enumerator, CancellationToken cancellationToken)
   at Microsoft.EntityFrameworkCore.Storage.ExecutionStrategy.<>c__DisplayClass30_0`2.<<ExecuteAsync>b__0>d.MoveNext()
--- End of stack trace from previous location ---
   at Microsoft.EntityFrameworkCore.Storage.ExecutionStrategy.ExecuteImplementationAsync[TState,TResult](Func`4 operation, Func`4 verifySucceeded, TState state, CancellationToken cancellationToken)
   at Microsoft.EntityFrameworkCore.Storage.ExecutionStrategy.ExecuteImplementationAsync[TState,TResult](Func`4 operation, Func`4 verifySucceeded, TState state, CancellationToken cancellationToken)
   at Microsoft.EntityFrameworkCore.Storage.ExecutionStrategy.ExecuteAsync[TState,TResult](TState state, Func`4 operation, Func`4 verifySucceeded, CancellationToken cancellationToken)
   at Microsoft.EntityFrameworkCore.Query.Internal.SingleQueryingEnumerable`1.AsyncEnumerator.MoveNextAsync()
ClientConnectionId:5b7a3c24-3180-4756-b009-9bae4d9e58f2
Error Number:208,State:1,Class:16
Microsoft.Data.SqlClient.SqlException (0x80131904): Invalid object name 'CourseEnrollments'.
   at System.Threading.Tasks.ContinuationResultTaskFromResultTask`2.InnerInvoke()
   at System.Threading.ExecutionContext.RunInternal(ExecutionContext executionContext, ContextCallback callback, Object state)
--- End of stack trace from previous location ---
   at System.Threading.ExecutionContext.RunInternal(ExecutionContext executionContext, ContextCallback callback, Object state)
   at System.Threading.Tasks.Task.ExecuteWithThreadLocal(Task& currentTaskSlot, Thread threadPoolThread)
--- End of stack trace from previous location ---
   at Microsoft.EntityFrameworkCore.Storage.RelationalCommand.ExecuteReaderAsync(RelationalCommandParameterObject parameterObject, CancellationToken cancellationToken)
   at Microsoft.EntityFrameworkCore.Storage.RelationalCommand.ExecuteReaderAsync(RelationalCommandParameterObject parameterObject, CancellationToken cancellationToken)
   at Microsoft.EntityFrameworkCore.Query.Internal.SingleQueryingEnumerable`1.AsyncEnumerator.InitializeReaderAsync(AsyncEnumerator enumerator, CancellationToken cancellationToken)
   at Microsoft.EntityFrameworkCore.Storage.ExecutionStrategy.<>c__DisplayClass30_0`2.<<ExecuteAsync>b__0>d.MoveNext()
--- End of stack trace from previous location ---
   at Microsoft.EntityFrameworkCore.Storage.ExecutionStrategy.ExecuteImplementationAsync[TState,TResult](Func`4 operation, Func`4 verifySucceeded, TState state, CancellationToken cancellationToken)
   at Microsoft.EntityFrameworkCore.Storage.ExecutionStrategy.ExecuteImplementationAsync[TState,TResult](Func`4 operation, Func`4 verifySucceeded, TState state, CancellationToken cancellationToken)
   at Microsoft.EntityFrameworkCore.Storage.ExecutionStrategy.ExecuteAsync[TState,TResult](TState state, Func`4 operation, Func`4 verifySucceeded, CancellationToken cancellationToken)
   at Microsoft.EntityFrameworkCore.Query.Internal.SingleQueryingEnumerable`1.AsyncEnumerator.MoveNextAsync()
ClientConnectionId:5b7a3c24-3180-4756-b009-9bae4d9e58f2
Error Number:208,State:1,Class:16
2026-06-23 15:09:01.251 +01:00 [ERR] An exception occurred while iterating over the results of a query for context type 'LMS.Api.Data.LmsDbContext'.
Microsoft.Data.SqlClient.SqlException (0x80131904): Invalid object name 'CourseEnrollments'.
   at System.Threading.Tasks.ContinuationResultTaskFromResultTask`2.InnerInvoke()
   at System.Threading.ExecutionContext.RunInternal(ExecutionContext executionContext, ContextCallback callback, Object state)
--- End of stack trace from previous location ---
   at System.Threading.ExecutionContext.RunInternal(ExecutionContext executionContext, ContextCallback callback, Object state)
   at System.Threading.Tasks.Task.ExecuteWithThreadLocal(Task& currentTaskSlot, Thread threadPoolThread)
--- End of stack trace from previous location ---
   at Microsoft.EntityFrameworkCore.Storage.RelationalCommand.ExecuteReaderAsync(RelationalCommandParameterObject parameterObject, CancellationToken cancellationToken)
   at Microsoft.EntityFrameworkCore.Storage.RelationalCommand.ExecuteReaderAsync(RelationalCommandParameterObject parameterObject, CancellationToken cancellationToken)
   at Microsoft.EntityFrameworkCore.Query.Internal.SingleQueryingEnumerable`1.AsyncEnumerator.InitializeReaderAsync(AsyncEnumerator enumerator, CancellationToken cancellationToken)
   at Microsoft.EntityFrameworkCore.Storage.ExecutionStrategy.<>c__DisplayClass30_0`2.<<ExecuteAsync>b__0>d.MoveNext()
--- End of stack trace from previous location ---
   at Microsoft.EntityFrameworkCore.Storage.ExecutionStrategy.ExecuteImplementationAsync[TState,TResult](Func`4 operation, Func`4 verifySucceeded, TState state, CancellationToken cancellationToken)
   at Microsoft.EntityFrameworkCore.Storage.ExecutionStrategy.ExecuteImplementationAsync[TState,TResult](Func`4 operation, Func`4 verifySucceeded, TState state, CancellationToken cancellationToken)
   at Microsoft.EntityFrameworkCore.Storage.ExecutionStrategy.ExecuteAsync[TState,TResult](TState state, Func`4 operation, Func`4 verifySucceeded, CancellationToken cancellationToken)
   at Microsoft.EntityFrameworkCore.Query.Internal.SingleQueryingEnumerable`1.AsyncEnumerator.MoveNextAsync()
ClientConnectionId:98671469-f69b-427c-b171-47f55634d117
Error Number:208,State:1,Class:16
Microsoft.Data.SqlClient.SqlException (0x80131904): Invalid object name 'CourseEnrollments'.
   at System.Threading.Tasks.ContinuationResultTaskFromResultTask`2.InnerInvoke()
   at System.Threading.ExecutionContext.RunInternal(ExecutionContext executionContext, ContextCallback callback, Object state)
--- End of stack trace from previous location ---
   at System.Threading.ExecutionContext.RunInternal(ExecutionContext executionContext, ContextCallback callback, Object state)
   at System.Threading.Tasks.Task.ExecuteWithThreadLocal(Task& currentTaskSlot, Thread threadPoolThread)
--- End of stack trace from previous location ---
   at Microsoft.EntityFrameworkCore.Storage.RelationalCommand.ExecuteReaderAsync(RelationalCommandParameterObject parameterObject, CancellationToken cancellationToken)
   at Microsoft.EntityFrameworkCore.Storage.RelationalCommand.ExecuteReaderAsync(RelationalCommandParameterObject parameterObject, CancellationToken cancellationToken)
   at Microsoft.EntityFrameworkCore.Query.Internal.SingleQueryingEnumerable`1.AsyncEnumerator.InitializeReaderAsync(AsyncEnumerator enumerator, CancellationToken cancellationToken)
   at Microsoft.EntityFrameworkCore.Storage.ExecutionStrategy.<>c__DisplayClass30_0`2.<<ExecuteAsync>b__0>d.MoveNext()
--- End of stack trace from previous location ---
   at Microsoft.EntityFrameworkCore.Storage.ExecutionStrategy.ExecuteImplementationAsync[TState,TResult](Func`4 operation, Func`4 verifySucceeded, TState state, CancellationToken cancellationToken)
   at Microsoft.EntityFrameworkCore.Storage.ExecutionStrategy.ExecuteImplementationAsync[TState,TResult](Func`4 operation, Func`4 verifySucceeded, TState state, CancellationToken cancellationToken)
   at Microsoft.EntityFrameworkCore.Storage.ExecutionStrategy.ExecuteAsync[TState,TResult](TState state, Func`4 operation, Func`4 verifySucceeded, CancellationToken cancellationToken)
   at Microsoft.EntityFrameworkCore.Query.Internal.SingleQueryingEnumerable`1.AsyncEnumerator.MoveNextAsync()
ClientConnectionId:98671469-f69b-427c-b171-47f55634d117
Error Number:208,State:1,Class:16
2026-06-23 15:09:01.253 +01:00 [ERR] An unhandled exception has occurred while executing the request.
Microsoft.Data.SqlClient.SqlException (0x80131904): Invalid object name 'CourseEnrollments'.
   at System.Threading.Tasks.ContinuationResultTaskFromResultTask`2.InnerInvoke()
   at System.Threading.ExecutionContext.RunInternal(ExecutionContext executionContext, ContextCallback callback, Object state)
--- End of stack trace from previous location ---
   at System.Threading.ExecutionContext.RunInternal(ExecutionContext executionContext, ContextCallback callback, Object state)
   at System.Threading.Tasks.Task.ExecuteWithThreadLocal(Task& currentTaskSlot, Thread threadPoolThread)
--- End of stack trace from previous location ---
   at Microsoft.EntityFrameworkCore.Storage.RelationalCommand.ExecuteReaderAsync(RelationalCommandParameterObject parameterObject, CancellationToken cancellationToken)
   at Microsoft.EntityFrameworkCore.Storage.RelationalCommand.ExecuteReaderAsync(RelationalCommandParameterObject parameterObject, CancellationToken cancellationToken)
   at Microsoft.EntityFrameworkCore.Query.Internal.SingleQueryingEnumerable`1.AsyncEnumerator.InitializeReaderAsync(AsyncEnumerator enumerator, CancellationToken cancellationToken)
   at Microsoft.EntityFrameworkCore.Storage.ExecutionStrategy.<>c__DisplayClass30_0`2.<<ExecuteAsync>b__0>d.MoveNext()
--- End of stack trace from previous location ---
   at Microsoft.EntityFrameworkCore.Storage.ExecutionStrategy.ExecuteImplementationAsync[TState,TResult](Func`4 operation, Func`4 verifySucceeded, TState state, CancellationToken cancellationToken)
   at Microsoft.EntityFrameworkCore.Storage.ExecutionStrategy.ExecuteImplementationAsync[TState,TResult](Func`4 operation, Func`4 verifySucceeded, TState state, CancellationToken cancellationToken)
   at Microsoft.EntityFrameworkCore.Storage.ExecutionStrategy.ExecuteAsync[TState,TResult](TState state, Func`4 operation, Func`4 verifySucceeded, CancellationToken cancellationToken)
   at Microsoft.EntityFrameworkCore.Query.Internal.SingleQueryingEnumerable`1.AsyncEnumerator.MoveNextAsync()
   at Microsoft.EntityFrameworkCore.EntityFrameworkQueryableExtensions.ToListAsync[TSource](IQueryable`1 source, CancellationToken cancellationToken)
   at Microsoft.EntityFrameworkCore.EntityFrameworkQueryableExtensions.ToListAsync[TSource](IQueryable`1 source, CancellationToken cancellationToken)
   at LMS.Api.Services.ScheduleService.GetStudentScheduleAsync(Guid studentId, Guid academicSessionId, CancellationToken ct)
   at LMS.Api.Endpoints.SelfService.GetStudentScheduleEndpoint.HandleAsync(CancellationToken ct)
   at FastEndpoints.Endpoint`2.ExecAsync(CancellationToken ct)
   at FastEndpoints.Endpoint`2.ExecAsync(CancellationToken ct)
   at Microsoft.AspNetCore.Authorization.AuthorizationMiddleware.Invoke(HttpContext context)
   at LMS.Api.Security.UserProvisioningMiddleware.InvokeAsync(HttpContext context, LmsDbContext dbContext, IConfiguration configuration)
   at LMS.Api.Security.ApiReplayPreventionMiddleware.InvokeAsync(HttpContext context)
   at Microsoft.AspNetCore.Authentication.AuthenticationMiddleware.Invoke(HttpContext context)
   at Microsoft.AspNetCore.Diagnostics.StatusCodePagesMiddleware.Invoke(HttpContext context)
   at Microsoft.AspNetCore.Diagnostics.ExceptionHandlerMiddlewareImpl.<Invoke>g__Awaited|10_0(ExceptionHandlerMiddlewareImpl middleware, HttpContext context, Task task)
ClientConnectionId:98671469-f69b-427c-b171-47f55634d117
Error Number:208,State:1,Class:16
2026-06-23 15:09:01.253 +01:00 [ERR] An unhandled exception has occurred while executing the request.
Microsoft.Data.SqlClient.SqlException (0x80131904): Invalid object name 'CourseEnrollments'.
   at System.Threading.Tasks.ContinuationResultTaskFromResultTask`2.InnerInvoke()
   at System.Threading.ExecutionContext.RunInternal(ExecutionContext executionContext, ContextCallback callback, Object state)
--- End of stack trace from previous location ---
   at System.Threading.ExecutionContext.RunInternal(ExecutionContext executionContext, ContextCallback callback, Object state)
   at System.Threading.Tasks.Task.ExecuteWithThreadLocal(Task& currentTaskSlot, Thread threadPoolThread)
--- End of stack trace from previous location ---
   at Microsoft.EntityFrameworkCore.Storage.RelationalCommand.ExecuteReaderAsync(RelationalCommandParameterObject parameterObject, CancellationToken cancellationToken)
   at Microsoft.EntityFrameworkCore.Storage.RelationalCommand.ExecuteReaderAsync(RelationalCommandParameterObject parameterObject, CancellationToken cancellationToken)
   at Microsoft.EntityFrameworkCore.Query.Internal.SingleQueryingEnumerable`1.AsyncEnumerator.InitializeReaderAsync(AsyncEnumerator enumerator, CancellationToken cancellationToken)
   at Microsoft.EntityFrameworkCore.Storage.ExecutionStrategy.<>c__DisplayClass30_0`2.<<ExecuteAsync>b__0>d.MoveNext()
--- End of stack trace from previous location ---
   at Microsoft.EntityFrameworkCore.Storage.ExecutionStrategy.ExecuteImplementationAsync[TState,TResult](Func`4 operation, Func`4 verifySucceeded, TState state, CancellationToken cancellationToken)
   at Microsoft.EntityFrameworkCore.Storage.ExecutionStrategy.ExecuteImplementationAsync[TState,TResult](Func`4 operation, Func`4 verifySucceeded, TState state, CancellationToken cancellationToken)
   at Microsoft.EntityFrameworkCore.Storage.ExecutionStrategy.ExecuteAsync[TState,TResult](TState state, Func`4 operation, Func`4 verifySucceeded, CancellationToken cancellationToken)
   at Microsoft.EntityFrameworkCore.Query.Internal.SingleQueryingEnumerable`1.AsyncEnumerator.MoveNextAsync()
   at Microsoft.EntityFrameworkCore.EntityFrameworkQueryableExtensions.ToListAsync[TSource](IQueryable`1 source, CancellationToken cancellationToken)
   at Microsoft.EntityFrameworkCore.EntityFrameworkQueryableExtensions.ToListAsync[TSource](IQueryable`1 source, CancellationToken cancellationToken)
   at LMS.Api.Endpoints.Gradebook.GetStudentDashboardEndpoint.HandleAsync(CancellationToken ct)
   at FastEndpoints.Endpoint`2.ExecAsync(CancellationToken ct)
   at FastEndpoints.Endpoint`2.ExecAsync(CancellationToken ct)
   at Microsoft.AspNetCore.Authorization.AuthorizationMiddleware.Invoke(HttpContext context)
   at LMS.Api.Security.UserProvisioningMiddleware.InvokeAsync(HttpContext context, LmsDbContext dbContext, IConfiguration configuration)
   at LMS.Api.Security.ApiReplayPreventionMiddleware.InvokeAsync(HttpContext context)
   at Microsoft.AspNetCore.Authentication.AuthenticationMiddleware.Invoke(HttpContext context)
   at Microsoft.AspNetCore.Diagnostics.StatusCodePagesMiddleware.Invoke(HttpContext context)
   at Microsoft.AspNetCore.Diagnostics.ExceptionHandlerMiddlewareImpl.<Invoke>g__Awaited|10_0(ExceptionHandlerMiddlewareImpl middleware, HttpContext context, Task task)
ClientConnectionId:5b7a3c24-3180-4756-b009-9bae4d9e58f2
Error Number:208,State:1,Class:16
2026-06-23 15:09:01.254 +01:00 [ERR] HTTP GET /api/self-service/schedule responded 500 in 54.2104 ms
2026-06-23 15:09:01.254 +01:00 [ERR] HTTP GET /api/gradebook/my-dashboard responded 500 in 52.9880 ms
2026-06-23 15:09:26.701 +01:00 [INF] HTTP OPTIONS /api/gradebook/my-dashboard responded 204 in 0.0849 ms
2026-06-23 15:09:26.737 +01:00 [ERR] Failed executing DbCommand (2ms) [Parameters=[@userId_Value='?' (DbType = Guid)], CommandType='"Text"', CommandTimeout='30']
SELECT [c].[Id], [c].[CourseOfferingId], [c].[CreatedById], [c].[DroppedAtUtc], [c].[RegisteredAtUtc], [c].[Status], [c].[StudentId], [c].[UpdatedById]
FROM [CourseEnrollments] AS [c]
WHERE [c].[StudentId] = @userId_Value AND [c].[Status] = N'Registered'
2026-06-23 15:09:26.737 +01:00 [ERR] An exception occurred while iterating over the results of a query for context type 'LMS.Api.Data.LmsDbContext'.
Microsoft.Data.SqlClient.SqlException (0x80131904): Invalid object name 'CourseEnrollments'.
   at System.Threading.Tasks.ContinuationResultTaskFromResultTask`2.InnerInvoke()
   at System.Threading.ExecutionContext.RunInternal(ExecutionContext executionContext, ContextCallback callback, Object state)
--- End of stack trace from previous location ---
   at System.Threading.ExecutionContext.RunInternal(ExecutionContext executionContext, ContextCallback callback, Object state)
   at System.Threading.Tasks.Task.ExecuteWithThreadLocal(Task& currentTaskSlot, Thread threadPoolThread)
--- End of stack trace from previous location ---
   at Microsoft.EntityFrameworkCore.Storage.RelationalCommand.ExecuteReaderAsync(RelationalCommandParameterObject parameterObject, CancellationToken cancellationToken)
   at Microsoft.EntityFrameworkCore.Storage.RelationalCommand.ExecuteReaderAsync(RelationalCommandParameterObject parameterObject, CancellationToken cancellationToken)
   at Microsoft.EntityFrameworkCore.Query.Internal.SingleQueryingEnumerable`1.AsyncEnumerator.InitializeReaderAsync(AsyncEnumerator enumerator, CancellationToken cancellationToken)
   at Microsoft.EntityFrameworkCore.Storage.ExecutionStrategy.<>c__DisplayClass30_0`2.<<ExecuteAsync>b__0>d.MoveNext()
--- End of stack trace from previous location ---
   at Microsoft.EntityFrameworkCore.Storage.ExecutionStrategy.ExecuteImplementationAsync[TState,TResult](Func`4 operation, Func`4 verifySucceeded, TState state, CancellationToken cancellationToken)
   at Microsoft.EntityFrameworkCore.Storage.ExecutionStrategy.ExecuteImplementationAsync[TState,TResult](Func`4 operation, Func`4 verifySucceeded, TState state, CancellationToken cancellationToken)
   at Microsoft.EntityFrameworkCore.Storage.ExecutionStrategy.ExecuteAsync[TState,TResult](TState state, Func`4 operation, Func`4 verifySucceeded, CancellationToken cancellationToken)
   at Microsoft.EntityFrameworkCore.Query.Internal.SingleQueryingEnumerable`1.AsyncEnumerator.MoveNextAsync()
ClientConnectionId:98671469-f69b-427c-b171-47f55634d117
Error Number:208,State:1,Class:16
Microsoft.Data.SqlClient.SqlException (0x80131904): Invalid object name 'CourseEnrollments'.
   at System.Threading.Tasks.ContinuationResultTaskFromResultTask`2.InnerInvoke()
   at System.Threading.ExecutionContext.RunInternal(ExecutionContext executionContext, ContextCallback callback, Object state)
--- End of stack trace from previous location ---
   at System.Threading.ExecutionContext.RunInternal(ExecutionContext executionContext, ContextCallback callback, Object state)
   at System.Threading.Tasks.Task.ExecuteWithThreadLocal(Task& currentTaskSlot, Thread threadPoolThread)
--- End of stack trace from previous location ---
   at Microsoft.EntityFrameworkCore.Storage.RelationalCommand.ExecuteReaderAsync(RelationalCommandParameterObject parameterObject, CancellationToken cancellationToken)
   at Microsoft.EntityFrameworkCore.Storage.RelationalCommand.ExecuteReaderAsync(RelationalCommandParameterObject parameterObject, CancellationToken cancellationToken)
   at Microsoft.EntityFrameworkCore.Query.Internal.SingleQueryingEnumerable`1.AsyncEnumerator.InitializeReaderAsync(AsyncEnumerator enumerator, CancellationToken cancellationToken)
   at Microsoft.EntityFrameworkCore.Storage.ExecutionStrategy.<>c__DisplayClass30_0`2.<<ExecuteAsync>b__0>d.MoveNext()
--- End of stack trace from previous location ---
   at Microsoft.EntityFrameworkCore.Storage.ExecutionStrategy.ExecuteImplementationAsync[TState,TResult](Func`4 operation, Func`4 verifySucceeded, TState state, CancellationToken cancellationToken)
   at Microsoft.EntityFrameworkCore.Storage.ExecutionStrategy.ExecuteImplementationAsync[TState,TResult](Func`4 operation, Func`4 verifySucceeded, TState state, CancellationToken cancellationToken)
   at Microsoft.EntityFrameworkCore.Storage.ExecutionStrategy.ExecuteAsync[TState,TResult](TState state, Func`4 operation, Func`4 verifySucceeded, CancellationToken cancellationToken)
   at Microsoft.EntityFrameworkCore.Query.Internal.SingleQueryingEnumerable`1.AsyncEnumerator.MoveNextAsync()
ClientConnectionId:98671469-f69b-427c-b171-47f55634d117
Error Number:208,State:1,Class:16
2026-06-23 15:09:26.738 +01:00 [ERR] An unhandled exception has occurred while executing the request.
Microsoft.Data.SqlClient.SqlException (0x80131904): Invalid object name 'CourseEnrollments'.
   at System.Threading.Tasks.ContinuationResultTaskFromResultTask`2.InnerInvoke()
   at System.Threading.ExecutionContext.RunInternal(ExecutionContext executionContext, ContextCallback callback, Object state)
--- End of stack trace from previous location ---
   at System.Threading.ExecutionContext.RunInternal(ExecutionContext executionContext, ContextCallback callback, Object state)
   at System.Threading.Tasks.Task.ExecuteWithThreadLocal(Task& currentTaskSlot, Thread threadPoolThread)
--- End of stack trace from previous location ---
   at Microsoft.EntityFrameworkCore.Storage.RelationalCommand.ExecuteReaderAsync(RelationalCommandParameterObject parameterObject, CancellationToken cancellationToken)
   at Microsoft.EntityFrameworkCore.Storage.RelationalCommand.ExecuteReaderAsync(RelationalCommandParameterObject parameterObject, CancellationToken cancellationToken)
   at Microsoft.EntityFrameworkCore.Query.Internal.SingleQueryingEnumerable`1.AsyncEnumerator.InitializeReaderAsync(AsyncEnumerator enumerator, CancellationToken cancellationToken)
   at Microsoft.EntityFrameworkCore.Storage.ExecutionStrategy.<>c__DisplayClass30_0`2.<<ExecuteAsync>b__0>d.MoveNext()
--- End of stack trace from previous location ---
   at Microsoft.EntityFrameworkCore.Storage.ExecutionStrategy.ExecuteImplementationAsync[TState,TResult](Func`4 operation, Func`4 verifySucceeded, TState state, CancellationToken cancellationToken)
   at Microsoft.EntityFrameworkCore.Storage.ExecutionStrategy.ExecuteImplementationAsync[TState,TResult](Func`4 operation, Func`4 verifySucceeded, TState state, CancellationToken cancellationToken)
   at Microsoft.EntityFrameworkCore.Storage.ExecutionStrategy.ExecuteAsync[TState,TResult](TState state, Func`4 operation, Func`4 verifySucceeded, CancellationToken cancellationToken)
   at Microsoft.EntityFrameworkCore.Query.Internal.SingleQueryingEnumerable`1.AsyncEnumerator.MoveNextAsync()
   at Microsoft.EntityFrameworkCore.EntityFrameworkQueryableExtensions.ToListAsync[TSource](IQueryable`1 source, CancellationToken cancellationToken)
   at Microsoft.EntityFrameworkCore.EntityFrameworkQueryableExtensions.ToListAsync[TSource](IQueryable`1 source, CancellationToken cancellationToken)
   at LMS.Api.Endpoints.Gradebook.GetStudentDashboardEndpoint.HandleAsync(CancellationToken ct)
   at FastEndpoints.Endpoint`2.ExecAsync(CancellationToken ct)
   at FastEndpoints.Endpoint`2.ExecAsync(CancellationToken ct)
   at Microsoft.AspNetCore.Authorization.AuthorizationMiddleware.Invoke(HttpContext context)
   at LMS.Api.Security.UserProvisioningMiddleware.InvokeAsync(HttpContext context, LmsDbContext dbContext, IConfiguration configuration)
   at LMS.Api.Security.ApiReplayPreventionMiddleware.InvokeAsync(HttpContext context)
   at Microsoft.AspNetCore.Authentication.AuthenticationMiddleware.Invoke(HttpContext context)
   at Microsoft.AspNetCore.Diagnostics.StatusCodePagesMiddleware.Invoke(HttpContext context)
   at Microsoft.AspNetCore.Diagnostics.ExceptionHandlerMiddlewareImpl.<Invoke>g__Awaited|10_0(ExceptionHandlerMiddlewareImpl middleware, HttpContext context, Task task)
ClientConnectionId:98671469-f69b-427c-b171-47f55634d117
Error Number:208,State:1,Class:16
2026-06-23 15:09:26.740 +01:00 [ERR] HTTP GET /api/gradebook/my-dashboard responded 500 in 27.9707 ms
2026-06-23 15:09:46.187 +01:00 [INF] HTTP OPTIONS /api/me responded 204 in 2.7000 ms
2026-06-23 15:09:46.268 +01:00 [INF] HTTP GET /api/me responded 200 in 72.4888 ms
2026-06-23 15:09:46.325 +01:00 [INF] HTTP OPTIONS /api/gradebook/my-dashboard responded 204 in 0.0673 ms
2026-06-23 15:09:46.383 +01:00 [INF] HTTP OPTIONS /api/notifications/push/public-key responded 204 in 0.0362 ms
2026-06-23 15:09:46.498 +01:00 [ERR] Failed executing DbCommand (9ms) [Parameters=[@userId_Value='?' (DbType = Guid)], CommandType='"Text"', CommandTimeout='30']
SELECT [c].[Id], [c].[CourseOfferingId], [c].[CreatedById], [c].[DroppedAtUtc], [c].[RegisteredAtUtc], [c].[Status], [c].[StudentId], [c].[UpdatedById]
FROM [CourseEnrollments] AS [c]
WHERE [c].[StudentId] = @userId_Value AND [c].[Status] = N'Registered'
2026-06-23 15:09:46.504 +01:00 [ERR] An exception occurred while iterating over the results of a query for context type 'LMS.Api.Data.LmsDbContext'.
Microsoft.Data.SqlClient.SqlException (0x80131904): Invalid object name 'CourseEnrollments'.
   at System.Threading.Tasks.ContinuationResultTaskFromResultTask`2.InnerInvoke()
   at System.Threading.ExecutionContext.RunInternal(ExecutionContext executionContext, ContextCallback callback, Object state)
--- End of stack trace from previous location ---
   at System.Threading.ExecutionContext.RunInternal(ExecutionContext executionContext, ContextCallback callback, Object state)
   at System.Threading.Tasks.Task.ExecuteWithThreadLocal(Task& currentTaskSlot, Thread threadPoolThread)
--- End of stack trace from previous location ---
   at Microsoft.EntityFrameworkCore.Storage.RelationalCommand.ExecuteReaderAsync(RelationalCommandParameterObject parameterObject, CancellationToken cancellationToken)
   at Microsoft.EntityFrameworkCore.Storage.RelationalCommand.ExecuteReaderAsync(RelationalCommandParameterObject parameterObject, CancellationToken cancellationToken)
   at Microsoft.EntityFrameworkCore.Query.Internal.SingleQueryingEnumerable`1.AsyncEnumerator.InitializeReaderAsync(AsyncEnumerator enumerator, CancellationToken cancellationToken)
   at Microsoft.EntityFrameworkCore.Storage.ExecutionStrategy.<>c__DisplayClass30_0`2.<<ExecuteAsync>b__0>d.MoveNext()
--- End of stack trace from previous location ---
   at Microsoft.EntityFrameworkCore.Storage.ExecutionStrategy.ExecuteImplementationAsync[TState,TResult](Func`4 operation, Func`4 verifySucceeded, TState state, CancellationToken cancellationToken)
   at Microsoft.EntityFrameworkCore.Storage.ExecutionStrategy.ExecuteImplementationAsync[TState,TResult](Func`4 operation, Func`4 verifySucceeded, TState state, CancellationToken cancellationToken)
   at Microsoft.EntityFrameworkCore.Storage.ExecutionStrategy.ExecuteAsync[TState,TResult](TState state, Func`4 operation, Func`4 verifySucceeded, CancellationToken cancellationToken)
   at Microsoft.EntityFrameworkCore.Query.Internal.SingleQueryingEnumerable`1.AsyncEnumerator.MoveNextAsync()
ClientConnectionId:5b7a3c24-3180-4756-b009-9bae4d9e58f2
Error Number:208,State:1,Class:16
Microsoft.Data.SqlClient.SqlException (0x80131904): Invalid object name 'CourseEnrollments'.
   at System.Threading.Tasks.ContinuationResultTaskFromResultTask`2.InnerInvoke()
   at System.Threading.ExecutionContext.RunInternal(ExecutionContext executionContext, ContextCallback callback, Object state)
--- End of stack trace from previous location ---
   at System.Threading.ExecutionContext.RunInternal(ExecutionContext executionContext, ContextCallback callback, Object state)
   at System.Threading.Tasks.Task.ExecuteWithThreadLocal(Task& currentTaskSlot, Thread threadPoolThread)
--- End of stack trace from previous location ---
   at Microsoft.EntityFrameworkCore.Storage.RelationalCommand.ExecuteReaderAsync(RelationalCommandParameterObject parameterObject, CancellationToken cancellationToken)
   at Microsoft.EntityFrameworkCore.Storage.RelationalCommand.ExecuteReaderAsync(RelationalCommandParameterObject parameterObject, CancellationToken cancellationToken)
   at Microsoft.EntityFrameworkCore.Query.Internal.SingleQueryingEnumerable`1.AsyncEnumerator.InitializeReaderAsync(AsyncEnumerator enumerator, CancellationToken cancellationToken)
   at Microsoft.EntityFrameworkCore.Storage.ExecutionStrategy.<>c__DisplayClass30_0`2.<<ExecuteAsync>b__0>d.MoveNext()
--- End of stack trace from previous location ---
   at Microsoft.EntityFrameworkCore.Storage.ExecutionStrategy.ExecuteImplementationAsync[TState,TResult](Func`4 operation, Func`4 verifySucceeded, TState state, CancellationToken cancellationToken)
   at Microsoft.EntityFrameworkCore.Storage.ExecutionStrategy.ExecuteImplementationAsync[TState,TResult](Func`4 operation, Func`4 verifySucceeded, TState state, CancellationToken cancellationToken)
   at Microsoft.EntityFrameworkCore.Storage.ExecutionStrategy.ExecuteAsync[TState,TResult](TState state, Func`4 operation, Func`4 verifySucceeded, CancellationToken cancellationToken)
   at Microsoft.EntityFrameworkCore.Query.Internal.SingleQueryingEnumerable`1.AsyncEnumerator.MoveNextAsync()
ClientConnectionId:5b7a3c24-3180-4756-b009-9bae4d9e58f2
Error Number:208,State:1,Class:16
2026-06-23 15:09:46.505 +01:00 [ERR] An unhandled exception has occurred while executing the request.
Microsoft.Data.SqlClient.SqlException (0x80131904): Invalid object name 'CourseEnrollments'.
   at System.Threading.Tasks.ContinuationResultTaskFromResultTask`2.InnerInvoke()
   at System.Threading.ExecutionContext.RunInternal(ExecutionContext executionContext, ContextCallback callback, Object state)
--- End of stack trace from previous location ---
   at System.Threading.ExecutionContext.RunInternal(ExecutionContext executionContext, ContextCallback callback, Object state)
   at System.Threading.Tasks.Task.ExecuteWithThreadLocal(Task& currentTaskSlot, Thread threadPoolThread)
--- End of stack trace from previous location ---
   at Microsoft.EntityFrameworkCore.Storage.RelationalCommand.ExecuteReaderAsync(RelationalCommandParameterObject parameterObject, CancellationToken cancellationToken)
   at Microsoft.EntityFrameworkCore.Storage.RelationalCommand.ExecuteReaderAsync(RelationalCommandParameterObject parameterObject, CancellationToken cancellationToken)
   at Microsoft.EntityFrameworkCore.Query.Internal.SingleQueryingEnumerable`1.AsyncEnumerator.InitializeReaderAsync(AsyncEnumerator enumerator, CancellationToken cancellationToken)
   at Microsoft.EntityFrameworkCore.Storage.ExecutionStrategy.<>c__DisplayClass30_0`2.<<ExecuteAsync>b__0>d.MoveNext()
--- End of stack trace from previous location ---
   at Microsoft.EntityFrameworkCore.Storage.ExecutionStrategy.ExecuteImplementationAsync[TState,TResult](Func`4 operation, Func`4 verifySucceeded, TState state, CancellationToken cancellationToken)
   at Microsoft.EntityFrameworkCore.Storage.ExecutionStrategy.ExecuteImplementationAsync[TState,TResult](Func`4 operation, Func`4 verifySucceeded, TState state, CancellationToken cancellationToken)
   at Microsoft.EntityFrameworkCore.Storage.ExecutionStrategy.ExecuteAsync[TState,TResult](TState state, Func`4 operation, Func`4 verifySucceeded, CancellationToken cancellationToken)
   at Microsoft.EntityFrameworkCore.Query.Internal.SingleQueryingEnumerable`1.AsyncEnumerator.MoveNextAsync()
   at Microsoft.EntityFrameworkCore.EntityFrameworkQueryableExtensions.ToListAsync[TSource](IQueryable`1 source, CancellationToken cancellationToken)
   at Microsoft.EntityFrameworkCore.EntityFrameworkQueryableExtensions.ToListAsync[TSource](IQueryable`1 source, CancellationToken cancellationToken)
   at LMS.Api.Endpoints.Gradebook.GetStudentDashboardEndpoint.HandleAsync(CancellationToken ct)
   at FastEndpoints.Endpoint`2.ExecAsync(CancellationToken ct)
   at FastEndpoints.Endpoint`2.ExecAsync(CancellationToken ct)
   at Microsoft.AspNetCore.Authorization.AuthorizationMiddleware.Invoke(HttpContext context)
   at LMS.Api.Security.UserProvisioningMiddleware.InvokeAsync(HttpContext context, LmsDbContext dbContext, IConfiguration configuration)
   at LMS.Api.Security.ApiReplayPreventionMiddleware.InvokeAsync(HttpContext context)
   at Microsoft.AspNetCore.Authentication.AuthenticationMiddleware.Invoke(HttpContext context)
   at Microsoft.AspNetCore.Diagnostics.StatusCodePagesMiddleware.Invoke(HttpContext context)
   at Microsoft.AspNetCore.Diagnostics.ExceptionHandlerMiddlewareImpl.<Invoke>g__Awaited|10_0(ExceptionHandlerMiddlewareImpl middleware, HttpContext context, Task task)
ClientConnectionId:5b7a3c24-3180-4756-b009-9bae4d9e58f2
Error Number:208,State:1,Class:16
2026-06-23 15:09:46.506 +01:00 [ERR] HTTP GET /api/gradebook/my-dashboard responded 500 in 178.9983 ms
2026-06-23 15:09:46.526 +01:00 [WRN] VAPID Keys not fully configured. Using auto-generated fallback keys. PUBLIC KEY: BAa6L5hOMoBtmolDEoVcp6FQFvWwYtJUCYmBXgFuELCm5EKPup89Fo7W7NWLjjFgCSst05isCcBvnOE8uSf2p6k
2026-06-23 15:09:46.527 +01:00 [INF] HTTP GET /api/notifications/push/public-key responded 200 in 71.5195 ms
2026-06-23 15:09:46.623 +01:00 [INF] HTTP OPTIONS /api/notifications/push/subscribe responded 204 in 0.0781 ms
2026-06-23 15:09:46.717 +01:00 [WRN] VAPID Keys not fully configured. Using auto-generated fallback keys. PUBLIC KEY: BAa6L5hOMoBtmolDEoVcp6FQFvWwYtJUCYmBXgFuELCm5EKPup89Fo7W7NWLjjFgCSst05isCcBvnOE8uSf2p6k
2026-06-23 15:09:46.727 +01:00 [INF] HTTP POST /api/notifications/push/subscribe responded 200 in 82.9495 ms
2026-06-23 15:18:55.452 +01:00 [INF] HTTP OPTIONS /api/me responded 204 in 1.4103 ms
2026-06-23 15:18:55.596 +01:00 [INF] HTTP GET /api/me responded 200 in 140.5590 ms
2026-06-23 15:18:55.661 +01:00 [INF] HTTP OPTIONS /api/gradebook/my-dashboard responded 204 in 0.0601 ms
2026-06-23 15:18:55.661 +01:00 [INF] HTTP OPTIONS /api/notifications/push/public-key responded 204 in 0.0218 ms
2026-06-23 15:18:55.711 +01:00 [WRN] VAPID Keys not fully configured. Using auto-generated fallback keys. PUBLIC KEY: BAa6L5hOMoBtmolDEoVcp6FQFvWwYtJUCYmBXgFuELCm5EKPup89Fo7W7NWLjjFgCSst05isCcBvnOE8uSf2p6k
2026-06-23 15:18:55.713 +01:00 [INF] HTTP GET /api/notifications/push/public-key responded 200 in 34.6065 ms
2026-06-23 15:18:55.751 +01:00 [ERR] Failed executing DbCommand (8ms) [Parameters=[@userId_Value='?' (DbType = Guid)], CommandType='"Text"', CommandTimeout='30']
SELECT [c].[Id], [c].[CourseOfferingId], [c].[CreatedById], [c].[DroppedAtUtc], [c].[RegisteredAtUtc], [c].[Status], [c].[StudentId], [c].[UpdatedById]
FROM [CourseEnrollments] AS [c]
WHERE [c].[StudentId] = @userId_Value AND [c].[Status] = N'Registered'
2026-06-23 15:18:55.751 +01:00 [ERR] An exception occurred while iterating over the results of a query for context type 'LMS.Api.Data.LmsDbContext'.
Microsoft.Data.SqlClient.SqlException (0x80131904): Invalid object name 'CourseEnrollments'.
   at System.Threading.Tasks.ContinuationResultTaskFromResultTask`2.InnerInvoke()
   at System.Threading.ExecutionContext.RunInternal(ExecutionContext executionContext, ContextCallback callback, Object state)
--- End of stack trace from previous location ---
   at System.Threading.ExecutionContext.RunInternal(ExecutionContext executionContext, ContextCallback callback, Object state)
   at System.Threading.Tasks.Task.ExecuteWithThreadLocal(Task& currentTaskSlot, Thread threadPoolThread)
--- End of stack trace from previous location ---
   at Microsoft.EntityFrameworkCore.Storage.RelationalCommand.ExecuteReaderAsync(RelationalCommandParameterObject parameterObject, CancellationToken cancellationToken)
   at Microsoft.EntityFrameworkCore.Storage.RelationalCommand.ExecuteReaderAsync(RelationalCommandParameterObject parameterObject, CancellationToken cancellationToken)
   at Microsoft.EntityFrameworkCore.Query.Internal.SingleQueryingEnumerable`1.AsyncEnumerator.InitializeReaderAsync(AsyncEnumerator enumerator, CancellationToken cancellationToken)
   at Microsoft.EntityFrameworkCore.Storage.ExecutionStrategy.<>c__DisplayClass30_0`2.<<ExecuteAsync>b__0>d.MoveNext()
--- End of stack trace from previous location ---
   at Microsoft.EntityFrameworkCore.Storage.ExecutionStrategy.ExecuteImplementationAsync[TState,TResult](Func`4 operation, Func`4 verifySucceeded, TState state, CancellationToken cancellationToken)
   at Microsoft.EntityFrameworkCore.Storage.ExecutionStrategy.ExecuteImplementationAsync[TState,TResult](Func`4 operation, Func`4 verifySucceeded, TState state, CancellationToken cancellationToken)
   at Microsoft.EntityFrameworkCore.Storage.ExecutionStrategy.ExecuteAsync[TState,TResult](TState state, Func`4 operation, Func`4 verifySucceeded, CancellationToken cancellationToken)
   at Microsoft.EntityFrameworkCore.Query.Internal.SingleQueryingEnumerable`1.AsyncEnumerator.MoveNextAsync()
ClientConnectionId:78c91ed5-5d2a-408a-aca0-663bfb13f6f6
Error Number:208,State:1,Class:16
Microsoft.Data.SqlClient.SqlException (0x80131904): Invalid object name 'CourseEnrollments'.
   at System.Threading.Tasks.ContinuationResultTaskFromResultTask`2.InnerInvoke()
   at System.Threading.ExecutionContext.RunInternal(ExecutionContext executionContext, ContextCallback callback, Object state)
--- End of stack trace from previous location ---
   at System.Threading.ExecutionContext.RunInternal(ExecutionContext executionContext, ContextCallback callback, Object state)
   at System.Threading.Tasks.Task.ExecuteWithThreadLocal(Task& currentTaskSlot, Thread threadPoolThread)
--- End of stack trace from previous location ---
   at Microsoft.EntityFrameworkCore.Storage.RelationalCommand.ExecuteReaderAsync(RelationalCommandParameterObject parameterObject, CancellationToken cancellationToken)
   at Microsoft.EntityFrameworkCore.Storage.RelationalCommand.ExecuteReaderAsync(RelationalCommandParameterObject parameterObject, CancellationToken cancellationToken)
   at Microsoft.EntityFrameworkCore.Query.Internal.SingleQueryingEnumerable`1.AsyncEnumerator.InitializeReaderAsync(AsyncEnumerator enumerator, CancellationToken cancellationToken)
   at Microsoft.EntityFrameworkCore.Storage.ExecutionStrategy.<>c__DisplayClass30_0`2.<<ExecuteAsync>b__0>d.MoveNext()
--- End of stack trace from previous location ---
   at Microsoft.EntityFrameworkCore.Storage.ExecutionStrategy.ExecuteImplementationAsync[TState,TResult](Func`4 operation, Func`4 verifySucceeded, TState state, CancellationToken cancellationToken)
   at Microsoft.EntityFrameworkCore.Storage.ExecutionStrategy.ExecuteImplementationAsync[TState,TResult](Func`4 operation, Func`4 verifySucceeded, TState state, CancellationToken cancellationToken)
   at Microsoft.EntityFrameworkCore.Storage.ExecutionStrategy.ExecuteAsync[TState,TResult](TState state, Func`4 operation, Func`4 verifySucceeded, CancellationToken cancellationToken)
   at Microsoft.EntityFrameworkCore.Query.Internal.SingleQueryingEnumerable`1.AsyncEnumerator.MoveNextAsync()
ClientConnectionId:78c91ed5-5d2a-408a-aca0-663bfb13f6f6
Error Number:208,State:1,Class:16
2026-06-23 15:18:55.753 +01:00 [ERR] An unhandled exception has occurred while executing the request.
Microsoft.Data.SqlClient.SqlException (0x80131904): Invalid object name 'CourseEnrollments'.
   at System.Threading.Tasks.ContinuationResultTaskFromResultTask`2.InnerInvoke()
   at System.Threading.ExecutionContext.RunInternal(ExecutionContext executionContext, ContextCallback callback, Object state)
--- End of stack trace from previous location ---
   at System.Threading.ExecutionContext.RunInternal(ExecutionContext executionContext, ContextCallback callback, Object state)
   at System.Threading.Tasks.Task.ExecuteWithThreadLocal(Task& currentTaskSlot, Thread threadPoolThread)
--- End of stack trace from previous location ---
   at Microsoft.EntityFrameworkCore.Storage.RelationalCommand.ExecuteReaderAsync(RelationalCommandParameterObject parameterObject, CancellationToken cancellationToken)
   at Microsoft.EntityFrameworkCore.Storage.RelationalCommand.ExecuteReaderAsync(RelationalCommandParameterObject parameterObject, CancellationToken cancellationToken)
   at Microsoft.EntityFrameworkCore.Query.Internal.SingleQueryingEnumerable`1.AsyncEnumerator.InitializeReaderAsync(AsyncEnumerator enumerator, CancellationToken cancellationToken)
   at Microsoft.EntityFrameworkCore.Storage.ExecutionStrategy.<>c__DisplayClass30_0`2.<<ExecuteAsync>b__0>d.MoveNext()
--- End of stack trace from previous location ---
   at Microsoft.EntityFrameworkCore.Storage.ExecutionStrategy.ExecuteImplementationAsync[TState,TResult](Func`4 operation, Func`4 verifySucceeded, TState state, CancellationToken cancellationToken)
   at Microsoft.EntityFrameworkCore.Storage.ExecutionStrategy.ExecuteImplementationAsync[TState,TResult](Func`4 operation, Func`4 verifySucceeded, TState state, CancellationToken cancellationToken)
   at Microsoft.EntityFrameworkCore.Storage.ExecutionStrategy.ExecuteAsync[TState,TResult](TState state, Func`4 operation, Func`4 verifySucceeded, CancellationToken cancellationToken)
   at Microsoft.EntityFrameworkCore.Query.Internal.SingleQueryingEnumerable`1.AsyncEnumerator.MoveNextAsync()
   at Microsoft.EntityFrameworkCore.EntityFrameworkQueryableExtensions.ToListAsync[TSource](IQueryable`1 source, CancellationToken cancellationToken)
   at Microsoft.EntityFrameworkCore.EntityFrameworkQueryableExtensions.ToListAsync[TSource](IQueryable`1 source, CancellationToken cancellationToken)
   at LMS.Api.Endpoints.Gradebook.GetStudentDashboardEndpoint.HandleAsync(CancellationToken ct)
   at FastEndpoints.Endpoint`2.ExecAsync(CancellationToken ct)
   at FastEndpoints.Endpoint`2.ExecAsync(CancellationToken ct)
   at Microsoft.AspNetCore.Authorization.AuthorizationMiddleware.Invoke(HttpContext context)
   at LMS.Api.Security.UserProvisioningMiddleware.InvokeAsync(HttpContext context, LmsDbContext dbContext, IConfiguration configuration)
   at LMS.Api.Security.ApiReplayPreventionMiddleware.InvokeAsync(HttpContext context)
   at Microsoft.AspNetCore.Authentication.AuthenticationMiddleware.Invoke(HttpContext context)
   at Microsoft.AspNetCore.Diagnostics.StatusCodePagesMiddleware.Invoke(HttpContext context)
   at Microsoft.AspNetCore.Diagnostics.ExceptionHandlerMiddlewareImpl.<Invoke>g__Awaited|10_0(ExceptionHandlerMiddlewareImpl middleware, HttpContext context, Task task)
ClientConnectionId:78c91ed5-5d2a-408a-aca0-663bfb13f6f6
Error Number:208,State:1,Class:16
2026-06-23 15:18:55.754 +01:00 [ERR] HTTP GET /api/gradebook/my-dashboard responded 500 in 73.6155 ms
2026-06-23 15:18:55.793 +01:00 [INF] HTTP OPTIONS /api/notifications/push/subscribe responded 204 in 0.0927 ms
2026-06-23 15:18:55.805 +01:00 [WRN] VAPID Keys not fully configured. Using auto-generated fallback keys. PUBLIC KEY: BAa6L5hOMoBtmolDEoVcp6FQFvWwYtJUCYmBXgFuELCm5EKPup89Fo7W7NWLjjFgCSst05isCcBvnOE8uSf2p6k
2026-06-23 15:18:55.816 +01:00 [INF] HTTP POST /api/notifications/push/subscribe responded 200 in 22.0398 ms
2026-06-23 15:19:09.525 +01:00 [INF] Application is shutting down...
2026-06-23 15:19:32.731 +01:00 [INF] Sessions already seeded. Skipping.
2026-06-23 15:19:32.757 +01:00 [INF] Faculties already seeded. Skipping.
2026-06-23 15:19:32.795 +01:00 [INF] Departments already seeded. Skipping.
2026-06-23 15:19:32.813 +01:00 [INF] Programs already seeded. Skipping.
2026-06-23 15:19:32.861 +01:00 [INF] Lecturer john.doe@wigweuniversity.edu.ng already exists. Skipping.
2026-06-23 15:19:32.867 +01:00 [INF] Lecturer jane.smith@wigweuniversity.edu.ng already exists. Skipping.
2026-06-23 15:19:32.887 +01:00 [INF] All document types already exist. Skipping.
2026-06-23 15:19:32.897 +01:00 [INF] Sponsors already seeded. Skipping.
2026-06-23 15:19:32.906 +01:00 [INF] Subjects already seeded. Skipping.
2026-06-23 15:19:32.915 +01:00 [INF] Countries already seeded. Skipping.
2026-06-23 15:19:32.926 +01:00 [INF] Grading scales already seeded. Skipping.
2026-06-23 15:19:32.935 +01:00 [INF] Credit transfer rules already seeded. Skipping.
2026-06-23 15:19:32.945 +01:00 [INF] Program credit mappings already seeded. Skipping.
2026-06-23 15:19:32.945 +01:00 [INF] Database initialization completed successfully.
2026-06-23 15:19:33.001 +01:00 [INF] Initializing Entra ID Service with TenantId: c9a98a3d-152f-4eb3-b93f-9b26fdd08495, ClientId: 84022968-6bdc-4c6b-8eab-57b75fa5d0b1, Domain: wigweuniversity.edu.ng
2026-06-23 15:19:33.024 +01:00 [INF] Entra ID Service initialized successfully
2026-06-23 15:19:33.109 +01:00 [WRN] VAPID Keys not fully configured. Using auto-generated fallback keys. PUBLIC KEY: BEMfoXUqwUl1RZmWaGSVaLn3B5ojLLLqZKtP6GSgEmCHwFvc8b6uP3pgAZKb-StMuVvl8A89xdvVOOWFRaXBU38
2026-06-23 15:19:33.172 +01:00 [INF] Registered 313 endpoints in 1,999 milliseconds.
2026-06-23 15:19:33.204 +01:00 [INF] Now listening on: http://localhost:5021
2026-06-23 15:19:33.204 +01:00 [INF] Application started. Press Ctrl+C to shut down.
2026-06-23 15:19:33.205 +01:00 [INF] Hosting environment: Development
2026-06-23 15:19:33.205 +01:00 [INF] Content root path: /Users/mac/Apps/LMS APP/LMSApi
2026-06-23 15:20:13.708 +01:00 [INF] HTTP OPTIONS /api/me responded 204 in 1.5196 ms
2026-06-23 15:20:13.998 +01:00 [INF] HTTP GET /api/me responded 200 in 280.5282 ms
2026-06-23 15:20:14.023 +01:00 [INF] HTTP OPTIONS /api/gradebook/my-dashboard responded 204 in 0.3580 ms
2026-06-23 15:20:14.031 +01:00 [INF] HTTP OPTIONS /api/notifications/push/public-key responded 204 in 0.0708 ms
2026-06-23 15:20:14.068 +01:00 [WRN] VAPID Keys not fully configured. Using auto-generated fallback keys. PUBLIC KEY: BEMfoXUqwUl1RZmWaGSVaLn3B5ojLLLqZKtP6GSgEmCHwFvc8b6uP3pgAZKb-StMuVvl8A89xdvVOOWFRaXBU38
2026-06-23 15:20:14.070 +01:00 [INF] HTTP GET /api/notifications/push/public-key responded 200 in 37.3295 ms
2026-06-23 15:20:14.076 +01:00 [ERR] Failed executing DbCommand (3ms) [Parameters=[@userId_Value='?' (DbType = Guid)], CommandType='"Text"', CommandTimeout='30']
SELECT [c].[Id], [c].[CourseOfferingId], [c].[CreatedById], [c].[DroppedAtUtc], [c].[RegisteredAtUtc], [c].[Status], [c].[StudentId], [c].[UpdatedById]
FROM [CourseEnrollments] AS [c]
WHERE [c].[StudentId] = @userId_Value AND [c].[Status] = N'Registered'
2026-06-23 15:20:14.083 +01:00 [ERR] An exception occurred while iterating over the results of a query for context type 'LMS.Api.Data.LmsDbContext'.
Microsoft.Data.SqlClient.SqlException (0x80131904): Invalid object name 'CourseEnrollments'.
   at Microsoft.Data.SqlClient.SqlCommand.<>c.<ExecuteDbDataReaderAsync>b__195_0(Task`1 result)
   at System.Threading.Tasks.ContinuationResultTaskFromResultTask`2.InnerInvoke()
   at System.Threading.ExecutionContext.RunInternal(ExecutionContext executionContext, ContextCallback callback, Object state)
--- End of stack trace from previous location ---
   at System.Threading.ExecutionContext.RunInternal(ExecutionContext executionContext, ContextCallback callback, Object state)
   at System.Threading.Tasks.Task.ExecuteWithThreadLocal(Task& currentTaskSlot, Thread threadPoolThread)
--- End of stack trace from previous location ---
   at Microsoft.EntityFrameworkCore.Storage.RelationalCommand.ExecuteReaderAsync(RelationalCommandParameterObject parameterObject, CancellationToken cancellationToken)
   at Microsoft.EntityFrameworkCore.Storage.RelationalCommand.ExecuteReaderAsync(RelationalCommandParameterObject parameterObject, CancellationToken cancellationToken)
   at Microsoft.EntityFrameworkCore.Query.Internal.SingleQueryingEnumerable`1.AsyncEnumerator.InitializeReaderAsync(AsyncEnumerator enumerator, CancellationToken cancellationToken)
   at Microsoft.EntityFrameworkCore.Storage.ExecutionStrategy.<>c__DisplayClass30_0`2.<<ExecuteAsync>b__0>d.MoveNext()
--- End of stack trace from previous location ---
   at Microsoft.EntityFrameworkCore.Storage.ExecutionStrategy.ExecuteImplementationAsync[TState,TResult](Func`4 operation, Func`4 verifySucceeded, TState state, CancellationToken cancellationToken)
   at Microsoft.EntityFrameworkCore.Storage.ExecutionStrategy.ExecuteImplementationAsync[TState,TResult](Func`4 operation, Func`4 verifySucceeded, TState state, CancellationToken cancellationToken)
   at Microsoft.EntityFrameworkCore.Storage.ExecutionStrategy.ExecuteAsync[TState,TResult](TState state, Func`4 operation, Func`4 verifySucceeded, CancellationToken cancellationToken)
   at Microsoft.EntityFrameworkCore.Query.Internal.SingleQueryingEnumerable`1.AsyncEnumerator.MoveNextAsync()
ClientConnectionId:77fba74c-0517-414c-9324-8e1e490b2d36
Error Number:208,State:1,Class:16
Microsoft.Data.SqlClient.SqlException (0x80131904): Invalid object name 'CourseEnrollments'.
   at Microsoft.Data.SqlClient.SqlCommand.<>c.<ExecuteDbDataReaderAsync>b__195_0(Task`1 result)
   at System.Threading.Tasks.ContinuationResultTaskFromResultTask`2.InnerInvoke()
   at System.Threading.ExecutionContext.RunInternal(ExecutionContext executionContext, ContextCallback callback, Object state)
--- End of stack trace from previous location ---
   at System.Threading.ExecutionContext.RunInternal(ExecutionContext executionContext, ContextCallback callback, Object state)
   at System.Threading.Tasks.Task.ExecuteWithThreadLocal(Task& currentTaskSlot, Thread threadPoolThread)
--- End of stack trace from previous location ---
   at Microsoft.EntityFrameworkCore.Storage.RelationalCommand.ExecuteReaderAsync(RelationalCommandParameterObject parameterObject, CancellationToken cancellationToken)
   at Microsoft.EntityFrameworkCore.Storage.RelationalCommand.ExecuteReaderAsync(RelationalCommandParameterObject parameterObject, CancellationToken cancellationToken)
   at Microsoft.EntityFrameworkCore.Query.Internal.SingleQueryingEnumerable`1.AsyncEnumerator.InitializeReaderAsync(AsyncEnumerator enumerator, CancellationToken cancellationToken)
   at Microsoft.EntityFrameworkCore.Storage.ExecutionStrategy.<>c__DisplayClass30_0`2.<<ExecuteAsync>b__0>d.MoveNext()
--- End of stack trace from previous location ---
   at Microsoft.EntityFrameworkCore.Storage.ExecutionStrategy.ExecuteImplementationAsync[TState,TResult](Func`4 operation, Func`4 verifySucceeded, TState state, CancellationToken cancellationToken)
   at Microsoft.EntityFrameworkCore.Storage.ExecutionStrategy.ExecuteImplementationAsync[TState,TResult](Func`4 operation, Func`4 verifySucceeded, TState state, CancellationToken cancellationToken)
   at Microsoft.EntityFrameworkCore.Storage.ExecutionStrategy.ExecuteAsync[TState,TResult](TState state, Func`4 operation, Func`4 verifySucceeded, CancellationToken cancellationToken)
   at Microsoft.EntityFrameworkCore.Query.Internal.SingleQueryingEnumerable`1.AsyncEnumerator.MoveNextAsync()
ClientConnectionId:77fba74c-0517-414c-9324-8e1e490b2d36
Error Number:208,State:1,Class:16
2026-06-23 15:20:14.087 +01:00 [ERR] An unhandled exception has occurred while executing the request.
Microsoft.Data.SqlClient.SqlException (0x80131904): Invalid object name 'CourseEnrollments'.
   at Microsoft.Data.SqlClient.SqlCommand.<>c.<ExecuteDbDataReaderAsync>b__195_0(Task`1 result)
   at System.Threading.Tasks.ContinuationResultTaskFromResultTask`2.InnerInvoke()
   at System.Threading.ExecutionContext.RunInternal(ExecutionContext executionContext, ContextCallback callback, Object state)
--- End of stack trace from previous location ---
   at System.Threading.ExecutionContext.RunInternal(ExecutionContext executionContext, ContextCallback callback, Object state)
   at System.Threading.Tasks.Task.ExecuteWithThreadLocal(Task& currentTaskSlot, Thread threadPoolThread)
--- End of stack trace from previous location ---
   at Microsoft.EntityFrameworkCore.Storage.RelationalCommand.ExecuteReaderAsync(RelationalCommandParameterObject parameterObject, CancellationToken cancellationToken)
   at Microsoft.EntityFrameworkCore.Storage.RelationalCommand.ExecuteReaderAsync(RelationalCommandParameterObject parameterObject, CancellationToken cancellationToken)
   at Microsoft.EntityFrameworkCore.Query.Internal.SingleQueryingEnumerable`1.AsyncEnumerator.InitializeReaderAsync(AsyncEnumerator enumerator, CancellationToken cancellationToken)
   at Microsoft.EntityFrameworkCore.Storage.ExecutionStrategy.<>c__DisplayClass30_0`2.<<ExecuteAsync>b__0>d.MoveNext()
--- End of stack trace from previous location ---
   at Microsoft.EntityFrameworkCore.Storage.ExecutionStrategy.ExecuteImplementationAsync[TState,TResult](Func`4 operation, Func`4 verifySucceeded, TState state, CancellationToken cancellationToken)
   at Microsoft.EntityFrameworkCore.Storage.ExecutionStrategy.ExecuteImplementationAsync[TState,TResult](Func`4 operation, Func`4 verifySucceeded, TState state, CancellationToken cancellationToken)
   at Microsoft.EntityFrameworkCore.Storage.ExecutionStrategy.ExecuteAsync[TState,TResult](TState state, Func`4 operation, Func`4 verifySucceeded, CancellationToken cancellationToken)
   at Microsoft.EntityFrameworkCore.Query.Internal.SingleQueryingEnumerable`1.AsyncEnumerator.MoveNextAsync()
   at Microsoft.EntityFrameworkCore.EntityFrameworkQueryableExtensions.ToListAsync[TSource](IQueryable`1 source, CancellationToken cancellationToken)
   at Microsoft.EntityFrameworkCore.EntityFrameworkQueryableExtensions.ToListAsync[TSource](IQueryable`1 source, CancellationToken cancellationToken)
   at LMS.Api.Endpoints.Gradebook.GetStudentDashboardEndpoint.HandleAsync(CancellationToken ct) in /Users/mac/Apps/LMS APP/LMSApi/Endpoints/Gradebook/GetStudentDashboardEndpoint.cs:line 84
   at FastEndpoints.Endpoint`2.ExecAsync(CancellationToken ct)
   at FastEndpoints.Endpoint`2.ExecAsync(CancellationToken ct)
   at Microsoft.AspNetCore.Authorization.AuthorizationMiddleware.Invoke(HttpContext context)
   at LMS.Api.Security.UserProvisioningMiddleware.InvokeAsync(HttpContext context, LmsDbContext dbContext, IConfiguration configuration) in /Users/mac/Apps/LMS APP/LMSApi/Security/UserProvisioningMiddleware.cs:line 177
   at LMS.Api.Security.ApiReplayPreventionMiddleware.InvokeAsync(HttpContext context) in /Users/mac/Apps/LMS APP/LMSApi/Security/ApiReplayPreventionMiddleware.cs:line 19
   at Microsoft.AspNetCore.Authentication.AuthenticationMiddleware.Invoke(HttpContext context)
   at Microsoft.AspNetCore.Diagnostics.StatusCodePagesMiddleware.Invoke(HttpContext context)
   at Microsoft.AspNetCore.Diagnostics.ExceptionHandlerMiddlewareImpl.<Invoke>g__Awaited|10_0(ExceptionHandlerMiddlewareImpl middleware, HttpContext context, Task task)
ClientConnectionId:77fba74c-0517-414c-9324-8e1e490b2d36
Error Number:208,State:1,Class:16
2026-06-23 15:20:14.091 +01:00 [ERR] HTTP GET /api/gradebook/my-dashboard responded 500 in 66.3588 ms
2026-06-23 15:20:14.153 +01:00 [INF] HTTP OPTIONS /api/notifications/push/subscribe responded 204 in 0.0720 ms
2026-06-23 15:20:14.169 +01:00 [WRN] VAPID Keys not fully configured. Using auto-generated fallback keys. PUBLIC KEY: BEMfoXUqwUl1RZmWaGSVaLn3B5ojLLLqZKtP6GSgEmCHwFvc8b6uP3pgAZKb-StMuVvl8A89xdvVOOWFRaXBU38
2026-06-23 15:20:14.239 +01:00 [INF] HTTP POST /api/notifications/push/subscribe responded 200 in 84.7291 ms
2026-06-23 15:20:23.922 +01:00 [INF] HTTP GET /api/self-service/registration-summary responded 200 in 162.1893 ms
2026-06-23 15:27:43.290 +01:00 [INF] HTTP OPTIONS /api/me responded 204 in 0.2389 ms
2026-06-23 15:27:44.252 +01:00 [INF] HTTP GET /api/me responded 200 in 959.0792 ms
2026-06-23 15:27:44.274 +01:00 [INF] HTTP OPTIONS /api/admin/dashboard-stats responded 204 in 0.0596 ms
2026-06-23 15:27:44.290 +01:00 [INF] HTTP OPTIONS /api/notifications/push/public-key responded 204 in 0.0485 ms
2026-06-23 15:27:44.301 +01:00 [WRN] VAPID Keys not fully configured. Using auto-generated fallback keys. PUBLIC KEY: BEMfoXUqwUl1RZmWaGSVaLn3B5ojLLLqZKtP6GSgEmCHwFvc8b6uP3pgAZKb-StMuVvl8A89xdvVOOWFRaXBU38
2026-06-23 15:27:44.302 +01:00 [INF] HTTP GET /api/notifications/push/public-key responded 200 in 11.4263 ms
2026-06-23 15:27:44.306 +01:00 [INF] HTTP OPTIONS /api/notifications/push/subscribe responded 204 in 0.0531 ms
2026-06-23 15:27:44.318 +01:00 [WRN] VAPID Keys not fully configured. Using auto-generated fallback keys. PUBLIC KEY: BEMfoXUqwUl1RZmWaGSVaLn3B5ojLLLqZKtP6GSgEmCHwFvc8b6uP3pgAZKb-StMuVvl8A89xdvVOOWFRaXBU38
2026-06-23 15:27:44.332 +01:00 [INF] HTTP POST /api/notifications/push/subscribe responded 200 in 24.9005 ms
2026-06-23 15:27:44.413 +01:00 [INF] HTTP GET /api/admin/dashboard-stats responded 200 in 136.8490 ms
2026-06-23 15:27:48.263 +01:00 [INF] HTTP OPTIONS /api/admin/faculties responded 204 in 0.2123 ms
2026-06-23 15:27:48.263 +01:00 [INF] HTTP OPTIONS /api/admin/programs responded 204 in 0.2145 ms
2026-06-23 15:27:48.264 +01:00 [INF] HTTP OPTIONS /api/admin/departments responded 204 in 0.0397 ms
2026-06-23 15:27:48.307 +01:00 [WRN] Compiling a query which loads related collections for more than one collection navigation, either via 'Include' or through projection, but no 'QuerySplittingBehavior' has been configured. By default, Entity Framework will use 'QuerySplittingBehavior.SingleQuery', which can potentially result in slow query performance. See https://go.microsoft.com/fwlink/?linkid=2134277 for more information. To identify the query that's triggering this warning call 'ConfigureWarnings(w => w.Throw(RelationalEventId.MultipleCollectionIncludeWarning))'.
2026-06-23 15:27:48.321 +01:00 [INF] HTTP GET /api/admin/faculties responded 200 in 56.9615 ms
2026-06-23 15:27:48.324 +01:00 [INF] HTTP GET /api/admin/departments responded 200 in 56.9440 ms
2026-06-23 15:27:48.392 +01:00 [INF] HTTP GET /api/admin/programs responded 200 in 127.3344 ms
2026-06-23 15:27:51.175 +01:00 [INF] HTTP OPTIONS /api/admin/courses responded 204 in 1.2440 ms
2026-06-23 15:27:51.177 +01:00 [INF] HTTP OPTIONS /api/admin/lecturers responded 204 in 0.0430 ms
2026-06-23 15:27:51.177 +01:00 [INF] HTTP OPTIONS /api/admin/sessions responded 204 in 0.0227 ms
2026-06-23 15:27:51.207 +01:00 [INF] HTTP GET /api/admin/programs responded 200 in 33.1233 ms
2026-06-23 15:27:51.231 +01:00 [INF] HTTP GET /api/admin/lecturers responded 200 in 51.9316 ms
2026-06-23 15:27:51.237 +01:00 [INF] HTTP GET /api/admin/sessions responded 200 in 57.0181 ms
2026-06-23 15:27:51.303 +01:00 [INF] HTTP GET /api/admin/courses responded 200 in 124.5165 ms
2026-06-23 15:28:05.621 +01:00 [INF] HTTP OPTIONS /api/admin/programs responded 204 in 0.0828 ms
2026-06-23 15:28:05.652 +01:00 [INF] HTTP GET /api/admin/programs responded 200 in 29.7651 ms
2026-06-23 15:28:05.654 +01:00 [INF] HTTP OPTIONS /api/admin/programs/6890d4e9-7fa7-4c90-a69c-00b1d40f24ab/curricula responded 204 in 0.0496 ms
2026-06-23 15:28:05.654 +01:00 [INF] HTTP OPTIONS /api/admin/programs/71f5092d-27ce-43c2-ac10-0759dfe391ef/curricula responded 204 in 0.1050 ms
2026-06-23 15:28:05.654 +01:00 [INF] HTTP OPTIONS /api/admin/programs/f94fe24b-8781-4d68-9bdb-2056692c6e91/curricula responded 204 in 0.0531 ms
2026-06-23 15:28:05.654 +01:00 [INF] HTTP OPTIONS /api/admin/programs/563617bb-5f66-4032-a765-04ba7b4dab4c/curricula responded 204 in 0.0496 ms
2026-06-23 15:28:05.656 +01:00 [INF] HTTP OPTIONS /api/admin/programs/6ca9564b-b745-43be-aa3f-4dedad7eb9f7/curricula responded 204 in 0.0299 ms
2026-06-23 15:28:05.656 +01:00 [INF] HTTP OPTIONS /api/admin/programs/8fe7febc-5eca-4458-a437-5512650eb0b6/curricula responded 204 in 0.0680 ms
2026-06-23 15:28:05.656 +01:00 [INF] HTTP OPTIONS /api/admin/programs/2b09cc5a-2a1e-49bf-b539-532eeafaeff9/curricula responded 204 in 0.0469 ms
2026-06-23 15:28:05.656 +01:00 [INF] HTTP OPTIONS /api/admin/programs/bfe9d5d2-b914-4b87-a068-4aedff2cbd5f/curricula responded 204 in 0.0409 ms
2026-06-23 15:28:05.656 +01:00 [INF] HTTP OPTIONS /api/admin/programs/5126c1a2-28cc-4a6e-9223-20f0298da20b/curricula responded 204 in 0.0432 ms
2026-06-23 15:28:05.657 +01:00 [INF] HTTP OPTIONS /api/admin/programs/747ff8cd-5660-438a-b23d-5d30f0a5a888/curricula responded 204 in 0.0203 ms
2026-06-23 15:28:05.659 +01:00 [INF] HTTP OPTIONS /api/admin/programs/8ee99692-b09b-4e10-9852-66b590651a22/curricula responded 204 in 0.0330 ms
2026-06-23 15:28:05.659 +01:00 [INF] HTTP OPTIONS /api/admin/programs/adcfa75d-3589-41c3-837c-6a5e70cc57d7/curricula responded 204 in 0.0200 ms
2026-06-23 15:28:05.660 +01:00 [INF] HTTP OPTIONS /api/admin/programs/156c61fa-b96b-40e7-b39e-705751b440c3/curricula responded 204 in 0.0378 ms
2026-06-23 15:28:05.660 +01:00 [INF] HTTP OPTIONS /api/admin/programs/7096914e-1b13-4d65-a15e-8bc1a0e8ba2c/curricula responded 204 in 0.0378 ms
2026-06-23 15:28:05.661 +01:00 [INF] HTTP OPTIONS /api/admin/programs/8198d36b-7ffa-4fd5-a3aa-9448ba191a38/curricula responded 204 in 0.0508 ms
2026-06-23 15:28:05.661 +01:00 [INF] HTTP OPTIONS /api/admin/programs/baeb4a0e-abfa-437e-a0c6-97267d61ffa3/curricula responded 204 in 0.0345 ms
2026-06-23 15:28:05.662 +01:00 [INF] HTTP OPTIONS /api/admin/programs/f31b48cd-2858-4e82-ad94-9cc31c75a527/curricula responded 204 in 0.0530 ms
2026-06-23 15:28:05.662 +01:00 [INF] HTTP OPTIONS /api/admin/programs/97e9e9d4-946c-46da-af1a-9e32f6a1504a/curricula responded 204 in 0.0589 ms
2026-06-23 15:28:05.663 +01:00 [INF] HTTP OPTIONS /api/admin/programs/6351fee0-7260-4e43-9563-a7477eb2d87b/curricula responded 204 in 0.0303 ms
2026-06-23 15:28:05.663 +01:00 [INF] HTTP OPTIONS /api/admin/programs/7df306ce-4256-4fbf-8dc4-afbd70d0a251/curricula responded 204 in 0.0393 ms
2026-06-23 15:28:05.664 +01:00 [INF] HTTP OPTIONS /api/admin/programs/6ba7f2e0-f36f-49ff-9a39-bd0ccfab5775/curricula responded 204 in 0.0262 ms
2026-06-23 15:28:05.664 +01:00 [INF] HTTP OPTIONS /api/admin/programs/56c76fe9-0f6a-439b-a699-bd2358434346/curricula responded 204 in 0.0162 ms
2026-06-23 15:28:05.665 +01:00 [INF] HTTP OPTIONS /api/admin/programs/d653b1ad-d0d3-4009-babb-c098662147b2/curricula responded 204 in 0.0284 ms
2026-06-23 15:28:05.701 +01:00 [INF] HTTP GET /api/admin/programs/8fe7febc-5eca-4458-a437-5512650eb0b6/curricula responded 200 in 35.4307 ms
2026-06-23 15:28:05.712 +01:00 [INF] HTTP GET /api/admin/programs/f94fe24b-8781-4d68-9bdb-2056692c6e91/curricula responded 200 in 54.7258 ms
2026-06-23 15:28:05.712 +01:00 [INF] HTTP GET /api/admin/programs/563617bb-5f66-4032-a765-04ba7b4dab4c/curricula responded 200 in 54.7333 ms
2026-06-23 15:28:05.712 +01:00 [INF] HTTP GET /api/admin/programs/6ca9564b-b745-43be-aa3f-4dedad7eb9f7/curricula responded 200 in 46.3393 ms
2026-06-23 15:28:05.712 +01:00 [INF] HTTP GET /api/admin/programs/6890d4e9-7fa7-4c90-a69c-00b1d40f24ab/curricula responded 200 in 54.2788 ms
2026-06-23 15:28:05.713 +01:00 [INF] HTTP OPTIONS /api/admin/programs/caa77aee-8674-4f31-b364-c8df0864afd6/curricula responded 204 in 0.0418 ms
2026-06-23 15:28:05.713 +01:00 [INF] HTTP OPTIONS /api/admin/programs/469d40fd-2959-4622-bdda-c27b1139df60/curricula responded 204 in 0.0418 ms
2026-06-23 15:28:05.714 +01:00 [INF] HTTP OPTIONS /api/admin/programs/fc8eb05b-5c06-429b-bf42-d2ffc2f8baa9/curricula responded 204 in 0.0289 ms
2026-06-23 15:28:05.715 +01:00 [INF] HTTP OPTIONS /api/admin/programs/b8976684-96ea-440d-8cd3-db1adaebae47/curricula responded 204 in 0.0263 ms
2026-06-23 15:28:05.716 +01:00 [INF] HTTP OPTIONS /api/admin/programs/bf6986da-c275-482e-b5ca-e94b5b2a6fec/curricula responded 204 in 0.0242 ms
2026-06-23 15:28:05.717 +01:00 [INF] HTTP OPTIONS /api/admin/programs/1e99fb97-7c53-4c22-9975-eeebf693bef0/curricula responded 204 in 0.0695 ms
2026-06-23 15:28:05.718 +01:00 [INF] HTTP OPTIONS /api/admin/programs/302cd18f-647b-4c3e-9034-ef8ee6d0390e/curricula responded 204 in 0.0242 ms
2026-06-23 15:28:05.718 +01:00 [INF] HTTP GET /api/admin/programs/71f5092d-27ce-43c2-ac10-0759dfe391ef/curricula responded 200 in 61.2916 ms
2026-06-23 15:28:05.719 +01:00 [INF] HTTP OPTIONS /api/admin/programs/729e1de3-50c3-4bb3-b46c-fb90a37dcba2/curricula responded 204 in 0.0364 ms
2026-06-23 15:28:05.721 +01:00 [INF] HTTP GET /api/admin/programs/2b09cc5a-2a1e-49bf-b539-532eeafaeff9/curricula responded 200 in 19.0807 ms
2026-06-23 15:28:05.736 +01:00 [INF] HTTP GET /api/admin/programs/bfe9d5d2-b914-4b87-a068-4aedff2cbd5f/curricula responded 200 in 22.7743 ms
2026-06-23 15:28:05.740 +01:00 [INF] HTTP GET /api/admin/programs/5126c1a2-28cc-4a6e-9223-20f0298da20b/curricula responded 200 in 27.1537 ms
2026-06-23 15:28:05.743 +01:00 [INF] HTTP GET /api/admin/programs/747ff8cd-5660-438a-b23d-5d30f0a5a888/curricula responded 200 in 29.1406 ms
2026-06-23 15:28:05.746 +01:00 [INF] HTTP GET /api/admin/programs/adcfa75d-3589-41c3-837c-6a5e70cc57d7/curricula responded 200 in 27.1448 ms
2026-06-23 15:28:05.749 +01:00 [INF] HTTP GET /api/admin/programs/8ee99692-b09b-4e10-9852-66b590651a22/curricula responded 200 in 29.8769 ms
2026-06-23 15:28:05.750 +01:00 [INF] HTTP GET /api/admin/programs/156c61fa-b96b-40e7-b39e-705751b440c3/curricula responded 200 in 25.6514 ms
2026-06-23 15:28:05.753 +01:00 [INF] HTTP GET /api/admin/programs/7096914e-1b13-4d65-a15e-8bc1a0e8ba2c/curricula responded 200 in 15.2898 ms
2026-06-23 15:28:05.755 +01:00 [INF] HTTP GET /api/admin/programs/8198d36b-7ffa-4fd5-a3aa-9448ba191a38/curricula responded 200 in 12.9061 ms
2026-06-23 15:28:05.759 +01:00 [INF] HTTP GET /api/admin/programs/baeb4a0e-abfa-437e-a0c6-97267d61ffa3/curricula responded 200 in 14.8923 ms
2026-06-23 15:28:05.763 +01:00 [INF] HTTP GET /api/admin/programs/f31b48cd-2858-4e82-ad94-9cc31c75a527/curricula responded 200 in 15.9645 ms
2026-06-23 15:28:05.765 +01:00 [INF] HTTP GET /api/admin/programs/97e9e9d4-946c-46da-af1a-9e32f6a1504a/curricula responded 200 in 15.9174 ms
2026-06-23 15:28:05.768 +01:00 [INF] HTTP GET /api/admin/programs/6351fee0-7260-4e43-9563-a7477eb2d87b/curricula responded 200 in 16.5045 ms
2026-06-23 15:28:05.770 +01:00 [INF] HTTP GET /api/admin/programs/7df306ce-4256-4fbf-8dc4-afbd70d0a251/curricula responded 200 in 16.1690 ms
2026-06-23 15:28:05.775 +01:00 [INF] HTTP GET /api/admin/programs/6ba7f2e0-f36f-49ff-9a39-bd0ccfab5775/curricula responded 200 in 18.6801 ms
2026-06-23 15:28:05.783 +01:00 [INF] HTTP GET /api/admin/programs/56c76fe9-0f6a-439b-a699-bd2358434346/curricula responded 200 in 22.5679 ms
2026-06-23 15:28:05.787 +01:00 [INF] HTTP GET /api/admin/programs/d653b1ad-d0d3-4009-babb-c098662147b2/curricula responded 200 in 21.9523 ms
2026-06-23 15:28:05.789 +01:00 [INF] HTTP GET /api/admin/programs/caa77aee-8674-4f31-b364-c8df0864afd6/curricula responded 200 in 23.3506 ms
2026-06-23 15:28:05.806 +01:00 [INF] HTTP GET /api/admin/programs/469d40fd-2959-4622-bdda-c27b1139df60/curricula responded 200 in 37.4287 ms
2026-06-23 15:28:05.810 +01:00 [INF] HTTP GET /api/admin/programs/fc8eb05b-5c06-429b-bf42-d2ffc2f8baa9/curricula responded 200 in 38.5942 ms
2026-06-23 15:28:05.813 +01:00 [INF] HTTP GET /api/admin/programs/b8976684-96ea-440d-8cd3-db1adaebae47/curricula responded 200 in 36.9406 ms
2026-06-23 15:28:05.815 +01:00 [INF] HTTP GET /api/admin/programs/bf6986da-c275-482e-b5ca-e94b5b2a6fec/curricula responded 200 in 30.6527 ms
2026-06-23 15:28:05.818 +01:00 [INF] HTTP GET /api/admin/programs/1e99fb97-7c53-4c22-9975-eeebf693bef0/curricula responded 200 in 29.8646 ms
2026-06-23 15:28:05.819 +01:00 [INF] HTTP GET /api/admin/programs/302cd18f-647b-4c3e-9034-ef8ee6d0390e/curricula responded 200 in 23.3195 ms
2026-06-23 15:28:05.820 +01:00 [INF] HTTP GET /api/admin/programs/729e1de3-50c3-4bb3-b46c-fb90a37dcba2/curricula responded 200 in 14.0775 ms
2026-06-23 15:28:09.514 +01:00 [INF] HTTP OPTIONS /api/admin/programs/6890d4e9-7fa7-4c90-a69c-00b1d40f24ab/enrollments responded 204 in 0.0606 ms
2026-06-23 15:28:09.514 +01:00 [INF] HTTP OPTIONS /api/admin/sessions responded 204 in 0.0623 ms
2026-06-23 15:28:09.515 +01:00 [INF] HTTP OPTIONS /api/admissions/subjects responded 204 in 0.0165 ms
2026-06-23 15:28:09.533 +01:00 [INF] HTTP GET /api/admin/programs/6890d4e9-7fa7-4c90-a69c-00b1d40f24ab/curricula responded 200 in 19.2808 ms
2026-06-23 15:28:09.537 +01:00 [INF] HTTP GET /api/admin/programs responded 200 in 22.8759 ms
2026-06-23 15:28:09.538 +01:00 [INF] HTTP GET /api/admin/sessions responded 200 in 22.6709 ms
2026-06-23 15:28:09.539 +01:00 [INF] Initializing Entra ID Service with TenantId: c9a98a3d-152f-4eb3-b93f-9b26fdd08495, ClientId: 84022968-6bdc-4c6b-8eab-57b75fa5d0b1, Domain: wigweuniversity.edu.ng
2026-06-23 15:28:09.539 +01:00 [INF] Entra ID Service initialized successfully
2026-06-23 15:28:09.542 +01:00 [INF] HTTP OPTIONS /api/admin/courses responded 204 in 0.0142 ms
2026-06-23 15:28:09.556 +01:00 [INF] HTTP GET /api/admin/programs/6890d4e9-7fa7-4c90-a69c-00b1d40f24ab/curricula responded 200 in 14.8038 ms
2026-06-23 15:28:09.559 +01:00 [INF] HTTP OPTIONS /api/admin/curricula/e22b1c74-7fa6-44a5-9382-d400bffece96 responded 204 in 0.0342 ms
2026-06-23 15:28:09.560 +01:00 [INF] HTTP GET /api/admin/sessions responded 200 in 18.6530 ms
2026-06-23 15:28:09.562 +01:00 [INF] HTTP GET /api/admissions/subjects responded 200 in 43.5953 ms
2026-06-23 15:28:09.566 +01:00 [INF] HTTP GET /api/admin/programs/6890d4e9-7fa7-4c90-a69c-00b1d40f24ab/enrollments responded 200 in 51.1057 ms
2026-06-23 15:28:09.592 +01:00 [INF] HTTP GET /api/admin/courses responded 200 in 48.7661 ms
2026-06-23 15:28:09.634 +01:00 [INF] HTTP GET /api/admin/curricula/e22b1c74-7fa6-44a5-9382-d400bffece96 responded 200 in 74.5681 ms
2026-06-23 15:28:09.636 +01:00 [INF] HTTP OPTIONS /api/admin/curricula/e22b1c74-7fa6-44a5-9382-d400bffece96/history responded 204 in 0.0200 ms
2026-06-23 15:28:09.673 +01:00 [INF] HTTP GET /api/admin/curricula/e22b1c74-7fa6-44a5-9382-d400bffece96/history responded 200 in 36.5823 ms
2026-06-23 15:37:56.030 +01:00 [INF] HTTP OPTIONS /api/me responded 204 in 1.4026 ms
2026-06-23 15:37:56.118 +01:00 [INF] HTTP GET /api/me responded 200 in 84.7959 ms
2026-06-23 15:37:56.178 +01:00 [INF] HTTP OPTIONS /api/admin/programs responded 204 in 0.0276 ms
2026-06-23 15:37:56.179 +01:00 [INF] HTTP OPTIONS /api/admin/sessions responded 204 in 0.0123 ms
2026-06-23 15:37:56.179 +01:00 [INF] HTTP OPTIONS /api/admin/programs/6890d4e9-7fa7-4c90-a69c-00b1d40f24ab/enrollments responded 204 in 0.0231 ms
2026-06-23 15:37:56.179 +01:00 [INF] HTTP OPTIONS /api/admin/programs/6890d4e9-7fa7-4c90-a69c-00b1d40f24ab/curricula responded 204 in 0.0076 ms
2026-06-23 15:37:56.180 +01:00 [INF] HTTP OPTIONS /api/admissions/subjects responded 204 in 0.0074 ms
2026-06-23 15:37:56.186 +01:00 [INF] HTTP OPTIONS /api/notifications/push/public-key responded 204 in 0.0194 ms
2026-06-23 15:37:56.193 +01:00 [INF] HTTP GET /api/admin/programs/6890d4e9-7fa7-4c90-a69c-00b1d40f24ab/enrollments responded 200 in 13.7170 ms
2026-06-23 15:37:56.207 +01:00 [INF] HTTP GET /api/admin/sessions responded 200 in 27.1832 ms
2026-06-23 15:37:56.211 +01:00 [INF] HTTP GET /api/admin/programs responded 200 in 31.9541 ms
2026-06-23 15:37:56.217 +01:00 [WRN] VAPID Keys not fully configured. Using auto-generated fallback keys. PUBLIC KEY: BEMfoXUqwUl1RZmWaGSVaLn3B5ojLLLqZKtP6GSgEmCHwFvc8b6uP3pgAZKb-StMuVvl8A89xdvVOOWFRaXBU38
2026-06-23 15:37:56.218 +01:00 [INF] HTTP GET /api/notifications/push/public-key responded 200 in 31.2600 ms
2026-06-23 15:37:56.219 +01:00 [INF] HTTP OPTIONS /api/admin/courses responded 204 in 0.0108 ms
2026-06-23 15:37:56.222 +01:00 [INF] HTTP OPTIONS /api/notifications/push/subscribe responded 204 in 0.0493 ms
2026-06-23 15:37:56.222 +01:00 [INF] Initializing Entra ID Service with TenantId: c9a98a3d-152f-4eb3-b93f-9b26fdd08495, ClientId: 84022968-6bdc-4c6b-8eab-57b75fa5d0b1, Domain: wigweuniversity.edu.ng
2026-06-23 15:37:56.223 +01:00 [INF] Entra ID Service initialized successfully
2026-06-23 15:37:56.227 +01:00 [INF] HTTP GET /api/admin/programs/6890d4e9-7fa7-4c90-a69c-00b1d40f24ab/curricula responded 200 in 46.9176 ms
2026-06-23 15:37:56.228 +01:00 [INF] HTTP GET /api/admin/sessions responded 200 in 9.6949 ms
2026-06-23 15:37:56.230 +01:00 [WRN] VAPID Keys not fully configured. Using auto-generated fallback keys. PUBLIC KEY: BEMfoXUqwUl1RZmWaGSVaLn3B5ojLLLqZKtP6GSgEmCHwFvc8b6uP3pgAZKb-StMuVvl8A89xdvVOOWFRaXBU38
2026-06-23 15:37:56.236 +01:00 [INF] HTTP GET /api/admin/programs/6890d4e9-7fa7-4c90-a69c-00b1d40f24ab/curricula responded 200 in 8.2788 ms
2026-06-23 15:37:56.238 +01:00 [INF] HTTP OPTIONS /api/admin/curricula/e22b1c74-7fa6-44a5-9382-d400bffece96 responded 204 in 0.0186 ms
2026-06-23 15:37:56.239 +01:00 [INF] HTTP POST /api/notifications/push/subscribe responded 200 in 16.5751 ms
2026-06-23 15:37:56.243 +01:00 [INF] HTTP GET /api/admissions/subjects responded 200 in 62.6195 ms
2026-06-23 15:37:56.251 +01:00 [INF] HTTP GET /api/admin/curricula/e22b1c74-7fa6-44a5-9382-d400bffece96 responded 200 in 13.2255 ms
2026-06-23 15:37:56.253 +01:00 [INF] HTTP OPTIONS /api/admin/curricula/e22b1c74-7fa6-44a5-9382-d400bffece96/history responded 204 in 0.0200 ms
2026-06-23 15:37:56.268 +01:00 [INF] HTTP GET /api/admin/curricula/e22b1c74-7fa6-44a5-9382-d400bffece96/history responded 200 in 14.4201 ms
2026-06-23 15:37:56.295 +01:00 [INF] HTTP GET /api/admin/courses responded 200 in 76.2741 ms
2026-06-23 15:38:22.089 +01:00 [INF] HTTP OPTIONS /api/me responded 204 in 0.0460 ms
2026-06-23 15:38:22.096 +01:00 [INF] HTTP GET /api/me responded 200 in 7.0205 ms
2026-06-23 15:38:22.138 +01:00 [INF] HTTP OPTIONS /api/admin/programs responded 204 in 0.0217 ms
2026-06-23 15:38:22.138 +01:00 [INF] HTTP OPTIONS /api/admin/sessions responded 204 in 0.0160 ms
2026-06-23 15:38:22.138 +01:00 [INF] HTTP OPTIONS /api/admin/programs/6890d4e9-7fa7-4c90-a69c-00b1d40f24ab/enrollments responded 204 in 0.0160 ms
2026-06-23 15:38:22.138 +01:00 [INF] HTTP OPTIONS /api/admin/programs/6890d4e9-7fa7-4c90-a69c-00b1d40f24ab/curricula responded 204 in 0.0053 ms
2026-06-23 15:38:22.138 +01:00 [INF] HTTP OPTIONS /api/admissions/subjects responded 204 in 0.0029 ms
2026-06-23 15:38:22.140 +01:00 [INF] Initializing Entra ID Service with TenantId: c9a98a3d-152f-4eb3-b93f-9b26fdd08495, ClientId: 84022968-6bdc-4c6b-8eab-57b75fa5d0b1, Domain: wigweuniversity.edu.ng
2026-06-23 15:38:22.140 +01:00 [INF] Entra ID Service initialized successfully
2026-06-23 15:38:22.143 +01:00 [INF] HTTP OPTIONS /api/notifications/push/public-key responded 204 in 0.0124 ms
2026-06-23 15:38:22.145 +01:00 [INF] HTTP GET /api/admin/programs responded 401 in 5.6131 ms
2026-06-23 15:38:22.145 +01:00 [INF] HTTP GET /api/admin/programs/6890d4e9-7fa7-4c90-a69c-00b1d40f24ab/enrollments responded 401 in 5.5260 ms
2026-06-23 15:38:22.145 +01:00 [INF] HTTP GET /api/admin/sessions responded 401 in 5.6357 ms
2026-06-23 15:38:22.145 +01:00 [INF] HTTP GET /api/admin/programs/6890d4e9-7fa7-4c90-a69c-00b1d40f24ab/curricula responded 401 in 5.4157 ms
2026-06-23 15:38:22.145 +01:00 [INF] HTTP GET /api/notifications/push/public-key responded 401 in 0.5726 ms
2026-06-23 15:38:22.146 +01:00 [INF] HTTP GET /api/admissions/subjects responded 200 in 6.2750 ms
2026-06-23 15:50:42.531 +01:00 [INF] HTTP OPTIONS /api/me responded 204 in 0.5040 ms
2026-06-23 15:50:42.576 +01:00 [INF] HTTP GET /api/me responded 200 in 42.2281 ms
2026-06-23 15:50:42.597 +01:00 [INF] HTTP OPTIONS /api/admin/dashboard-stats responded 204 in 0.0197 ms
2026-06-23 15:50:42.638 +01:00 [INF] HTTP GET /api/admin/dashboard-stats responded 200 in 40.8166 ms
2026-06-23 15:50:42.673 +01:00 [INF] HTTP OPTIONS /api/notifications/push/public-key responded 204 in 0.0200 ms
2026-06-23 15:50:42.692 +01:00 [WRN] VAPID Keys not fully configured. Using auto-generated fallback keys. PUBLIC KEY: BEMfoXUqwUl1RZmWaGSVaLn3B5ojLLLqZKtP6GSgEmCHwFvc8b6uP3pgAZKb-StMuVvl8A89xdvVOOWFRaXBU38
2026-06-23 15:50:42.693 +01:00 [INF] HTTP GET /api/notifications/push/public-key responded 200 in 18.6018 ms
2026-06-23 15:50:42.696 +01:00 [INF] HTTP OPTIONS /api/notifications/push/subscribe responded 204 in 0.0198 ms
2026-06-23 15:50:42.708 +01:00 [WRN] VAPID Keys not fully configured. Using auto-generated fallback keys. PUBLIC KEY: BEMfoXUqwUl1RZmWaGSVaLn3B5ojLLLqZKtP6GSgEmCHwFvc8b6uP3pgAZKb-StMuVvl8A89xdvVOOWFRaXBU38
2026-06-23 15:50:42.725 +01:00 [INF] HTTP POST /api/notifications/push/subscribe responded 200 in 28.8803 ms
2026-06-23 15:50:53.375 +01:00 [INF] HTTP OPTIONS /api/admin/users responded 204 in 0.0375 ms
2026-06-23 15:50:53.480 +01:00 [INF] HTTP GET /api/admin/users responded 200 in 103.6405 ms
2026-06-23 15:50:57.794 +01:00 [INF] HTTP OPTIONS /api/auth/switch-user-by-oid responded 204 in 1.6469 ms
2026-06-23 15:50:57.887 +01:00 [INF] HTTP POST /api/auth/switch-user-by-oid responded 200 in 82.2687 ms
2026-06-23 15:50:57.891 +01:00 [INF] HTTP OPTIONS /api/me responded 204 in 0.0203 ms
2026-06-23 15:50:57.908 +01:00 [INF] HTTP GET /api/me responded 200 in 13.6020 ms
2026-06-23 15:51:02.779 +01:00 [INF] HTTP OPTIONS /api/gradebook/my-dashboard responded 204 in 0.0588 ms
2026-06-23 15:51:02.812 +01:00 [ERR] Failed executing DbCommand (3ms) [Parameters=[@userId_Value='?' (DbType = Guid)], CommandType='"Text"', CommandTimeout='30']
SELECT [c].[Id], [c].[CourseOfferingId], [c].[CreatedById], [c].[DroppedAtUtc], [c].[RegisteredAtUtc], [c].[Status], [c].[StudentId], [c].[UpdatedById]
FROM [CourseEnrollments] AS [c]
WHERE [c].[StudentId] = @userId_Value AND [c].[Status] = N'Registered'
2026-06-23 15:51:02.812 +01:00 [ERR] An exception occurred while iterating over the results of a query for context type 'LMS.Api.Data.LmsDbContext'.
Microsoft.Data.SqlClient.SqlException (0x80131904): Invalid object name 'CourseEnrollments'.
   at System.Threading.Tasks.ContinuationResultTaskFromResultTask`2.InnerInvoke()
   at System.Threading.ExecutionContext.RunInternal(ExecutionContext executionContext, ContextCallback callback, Object state)
--- End of stack trace from previous location ---
   at System.Threading.ExecutionContext.RunInternal(ExecutionContext executionContext, ContextCallback callback, Object state)
   at System.Threading.Tasks.Task.ExecuteWithThreadLocal(Task& currentTaskSlot, Thread threadPoolThread)
--- End of stack trace from previous location ---
   at Microsoft.EntityFrameworkCore.Storage.RelationalCommand.ExecuteReaderAsync(RelationalCommandParameterObject parameterObject, CancellationToken cancellationToken)
   at Microsoft.EntityFrameworkCore.Storage.RelationalCommand.ExecuteReaderAsync(RelationalCommandParameterObject parameterObject, CancellationToken cancellationToken)
   at Microsoft.EntityFrameworkCore.Query.Internal.SingleQueryingEnumerable`1.AsyncEnumerator.InitializeReaderAsync(AsyncEnumerator enumerator, CancellationToken cancellationToken)
   at Microsoft.EntityFrameworkCore.Storage.ExecutionStrategy.<>c__DisplayClass30_0`2.<<ExecuteAsync>b__0>d.MoveNext()
--- End of stack trace from previous location ---
   at Microsoft.EntityFrameworkCore.Storage.ExecutionStrategy.ExecuteImplementationAsync[TState,TResult](Func`4 operation, Func`4 verifySucceeded, TState state, CancellationToken cancellationToken)
   at Microsoft.EntityFrameworkCore.Storage.ExecutionStrategy.ExecuteImplementationAsync[TState,TResult](Func`4 operation, Func`4 verifySucceeded, TState state, CancellationToken cancellationToken)
   at Microsoft.EntityFrameworkCore.Storage.ExecutionStrategy.ExecuteAsync[TState,TResult](TState state, Func`4 operation, Func`4 verifySucceeded, CancellationToken cancellationToken)
   at Microsoft.EntityFrameworkCore.Query.Internal.SingleQueryingEnumerable`1.AsyncEnumerator.MoveNextAsync()
ClientConnectionId:26219aac-7e69-4bbb-a7c1-bcfbb055a136
Error Number:208,State:1,Class:16
Microsoft.Data.SqlClient.SqlException (0x80131904): Invalid object name 'CourseEnrollments'.
   at System.Threading.Tasks.ContinuationResultTaskFromResultTask`2.InnerInvoke()
   at System.Threading.ExecutionContext.RunInternal(ExecutionContext executionContext, ContextCallback callback, Object state)
--- End of stack trace from previous location ---
   at System.Threading.ExecutionContext.RunInternal(ExecutionContext executionContext, ContextCallback callback, Object state)
   at System.Threading.Tasks.Task.ExecuteWithThreadLocal(Task& currentTaskSlot, Thread threadPoolThread)
--- End of stack trace from previous location ---
   at Microsoft.EntityFrameworkCore.Storage.RelationalCommand.ExecuteReaderAsync(RelationalCommandParameterObject parameterObject, CancellationToken cancellationToken)
   at Microsoft.EntityFrameworkCore.Storage.RelationalCommand.ExecuteReaderAsync(RelationalCommandParameterObject parameterObject, CancellationToken cancellationToken)
   at Microsoft.EntityFrameworkCore.Query.Internal.SingleQueryingEnumerable`1.AsyncEnumerator.InitializeReaderAsync(AsyncEnumerator enumerator, CancellationToken cancellationToken)
   at Microsoft.EntityFrameworkCore.Storage.ExecutionStrategy.<>c__DisplayClass30_0`2.<<ExecuteAsync>b__0>d.MoveNext()
--- End of stack trace from previous location ---
   at Microsoft.EntityFrameworkCore.Storage.ExecutionStrategy.ExecuteImplementationAsync[TState,TResult](Func`4 operation, Func`4 verifySucceeded, TState state, CancellationToken cancellationToken)
   at Microsoft.EntityFrameworkCore.Storage.ExecutionStrategy.ExecuteImplementationAsync[TState,TResult](Func`4 operation, Func`4 verifySucceeded, TState state, CancellationToken cancellationToken)
   at Microsoft.EntityFrameworkCore.Storage.ExecutionStrategy.ExecuteAsync[TState,TResult](TState state, Func`4 operation, Func`4 verifySucceeded, CancellationToken cancellationToken)
   at Microsoft.EntityFrameworkCore.Query.Internal.SingleQueryingEnumerable`1.AsyncEnumerator.MoveNextAsync()
ClientConnectionId:26219aac-7e69-4bbb-a7c1-bcfbb055a136
Error Number:208,State:1,Class:16
2026-06-23 15:51:02.814 +01:00 [ERR] An unhandled exception has occurred while executing the request.
Microsoft.Data.SqlClient.SqlException (0x80131904): Invalid object name 'CourseEnrollments'.
   at System.Threading.Tasks.ContinuationResultTaskFromResultTask`2.InnerInvoke()
   at System.Threading.ExecutionContext.RunInternal(ExecutionContext executionContext, ContextCallback callback, Object state)
--- End of stack trace from previous location ---
   at System.Threading.ExecutionContext.RunInternal(ExecutionContext executionContext, ContextCallback callback, Object state)
   at System.Threading.Tasks.Task.ExecuteWithThreadLocal(Task& currentTaskSlot, Thread threadPoolThread)
--- End of stack trace from previous location ---
   at Microsoft.EntityFrameworkCore.Storage.RelationalCommand.ExecuteReaderAsync(RelationalCommandParameterObject parameterObject, CancellationToken cancellationToken)
   at Microsoft.EntityFrameworkCore.Storage.RelationalCommand.ExecuteReaderAsync(RelationalCommandParameterObject parameterObject, CancellationToken cancellationToken)
   at Microsoft.EntityFrameworkCore.Query.Internal.SingleQueryingEnumerable`1.AsyncEnumerator.InitializeReaderAsync(AsyncEnumerator enumerator, CancellationToken cancellationToken)
   at Microsoft.EntityFrameworkCore.Storage.ExecutionStrategy.<>c__DisplayClass30_0`2.<<ExecuteAsync>b__0>d.MoveNext()
--- End of stack trace from previous location ---
   at Microsoft.EntityFrameworkCore.Storage.ExecutionStrategy.ExecuteImplementationAsync[TState,TResult](Func`4 operation, Func`4 verifySucceeded, TState state, CancellationToken cancellationToken)
   at Microsoft.EntityFrameworkCore.Storage.ExecutionStrategy.ExecuteImplementationAsync[TState,TResult](Func`4 operation, Func`4 verifySucceeded, TState state, CancellationToken cancellationToken)
   at Microsoft.EntityFrameworkCore.Storage.ExecutionStrategy.ExecuteAsync[TState,TResult](TState state, Func`4 operation, Func`4 verifySucceeded, CancellationToken cancellationToken)
   at Microsoft.EntityFrameworkCore.Query.Internal.SingleQueryingEnumerable`1.AsyncEnumerator.MoveNextAsync()
   at Microsoft.EntityFrameworkCore.EntityFrameworkQueryableExtensions.ToListAsync[TSource](IQueryable`1 source, CancellationToken cancellationToken)
   at Microsoft.EntityFrameworkCore.EntityFrameworkQueryableExtensions.ToListAsync[TSource](IQueryable`1 source, CancellationToken cancellationToken)
   at LMS.Api.Endpoints.Gradebook.GetStudentDashboardEndpoint.HandleAsync(CancellationToken ct)
   at FastEndpoints.Endpoint`2.ExecAsync(CancellationToken ct)
   at FastEndpoints.Endpoint`2.ExecAsync(CancellationToken ct)
   at Microsoft.AspNetCore.Authorization.AuthorizationMiddleware.Invoke(HttpContext context)
   at LMS.Api.Security.UserProvisioningMiddleware.InvokeAsync(HttpContext context, LmsDbContext dbContext, IConfiguration configuration)
   at LMS.Api.Security.ApiReplayPreventionMiddleware.InvokeAsync(HttpContext context)
   at Microsoft.AspNetCore.Authentication.AuthenticationMiddleware.Invoke(HttpContext context)
   at Microsoft.AspNetCore.Diagnostics.StatusCodePagesMiddleware.Invoke(HttpContext context)
   at Microsoft.AspNetCore.Diagnostics.ExceptionHandlerMiddlewareImpl.<Invoke>g__Awaited|10_0(ExceptionHandlerMiddlewareImpl middleware, HttpContext context, Task task)
ClientConnectionId:26219aac-7e69-4bbb-a7c1-bcfbb055a136
Error Number:208,State:1,Class:16
2026-06-23 15:51:02.815 +01:00 [ERR] HTTP GET /api/gradebook/my-dashboard responded 500 in 30.7720 ms
2026-06-23 15:51:02.867 +01:00 [ERR] Failed executing DbCommand (3ms) [Parameters=[@studentId='?' (DbType = Guid), @academicSessionId='?' (DbType = Guid)], CommandType='"Text"', CommandTimeout='30']
SELECT [c].[Id], [c].[CourseOfferingId], [c].[CreatedById], [c].[DroppedAtUtc], [c].[RegisteredAtUtc], [c].[Status], [c].[StudentId], [c].[UpdatedById], [c0].[Id], [c0].[AcademicSessionId], [c0].[CourseId], [c0].[CurriculumId], [c0].[LecturerId], [c0].[LevelId], [c0].[ProgramId], [c0].[Semester], [c1].[Id], [c1].[Code], [c1].[CreditUnits], [c1].[Description], [c1].[IsActive], [c1].[LectureHours], [c1].[LevelId], [c1].[PracticalHours], [c1].[ProgramId], [c1].[Semester], [c1].[Title], [u].[Id], [u].[CreatedUtc], [u].[DisplayName], [u].[Email], [u].[EntraObjectId], [u].[IsActive], [u].[PasswordHash], [u].[UpdatedUtc], [u].[Username]
FROM [CourseEnrollments] AS [c]
INNER JOIN [CourseOfferings] AS [c0] ON [c].[CourseOfferingId] = [c0].[Id]
INNER JOIN [Courses] AS [c1] ON [c0].[CourseId] = [c1].[Id]
LEFT JOIN [Users] AS [u] ON [c0].[LecturerId] = [u].[Id]
WHERE [c].[StudentId] = @studentId AND [c].[Status] = N'Registered' AND [c0].[AcademicSessionId] = @academicSessionId
2026-06-23 15:51:02.867 +01:00 [ERR] An exception occurred while iterating over the results of a query for context type 'LMS.Api.Data.LmsDbContext'.
Microsoft.Data.SqlClient.SqlException (0x80131904): Invalid object name 'CourseEnrollments'.
   at System.Threading.Tasks.ContinuationResultTaskFromResultTask`2.InnerInvoke()
   at System.Threading.ExecutionContext.RunInternal(ExecutionContext executionContext, ContextCallback callback, Object state)
--- End of stack trace from previous location ---
   at System.Threading.ExecutionContext.RunInternal(ExecutionContext executionContext, ContextCallback callback, Object state)
   at System.Threading.Tasks.Task.ExecuteWithThreadLocal(Task& currentTaskSlot, Thread threadPoolThread)
--- End of stack trace from previous location ---
   at Microsoft.EntityFrameworkCore.Storage.RelationalCommand.ExecuteReaderAsync(RelationalCommandParameterObject parameterObject, CancellationToken cancellationToken)
   at Microsoft.EntityFrameworkCore.Storage.RelationalCommand.ExecuteReaderAsync(RelationalCommandParameterObject parameterObject, CancellationToken cancellationToken)
   at Microsoft.EntityFrameworkCore.Query.Internal.SingleQueryingEnumerable`1.AsyncEnumerator.InitializeReaderAsync(AsyncEnumerator enumerator, CancellationToken cancellationToken)
   at Microsoft.EntityFrameworkCore.Storage.ExecutionStrategy.<>c__DisplayClass30_0`2.<<ExecuteAsync>b__0>d.MoveNext()
--- End of stack trace from previous location ---
   at Microsoft.EntityFrameworkCore.Storage.ExecutionStrategy.ExecuteImplementationAsync[TState,TResult](Func`4 operation, Func`4 verifySucceeded, TState state, CancellationToken cancellationToken)
   at Microsoft.EntityFrameworkCore.Storage.ExecutionStrategy.ExecuteImplementationAsync[TState,TResult](Func`4 operation, Func`4 verifySucceeded, TState state, CancellationToken cancellationToken)
   at Microsoft.EntityFrameworkCore.Storage.ExecutionStrategy.ExecuteAsync[TState,TResult](TState state, Func`4 operation, Func`4 verifySucceeded, CancellationToken cancellationToken)
   at Microsoft.EntityFrameworkCore.Query.Internal.SingleQueryingEnumerable`1.AsyncEnumerator.MoveNextAsync()
ClientConnectionId:431da013-f2c5-484e-8b15-35e19df59ba7
Error Number:208,State:1,Class:16
Microsoft.Data.SqlClient.SqlException (0x80131904): Invalid object name 'CourseEnrollments'.
   at System.Threading.Tasks.ContinuationResultTaskFromResultTask`2.InnerInvoke()
   at System.Threading.ExecutionContext.RunInternal(ExecutionContext executionContext, ContextCallback callback, Object state)
--- End of stack trace from previous location ---
   at System.Threading.ExecutionContext.RunInternal(ExecutionContext executionContext, ContextCallback callback, Object state)
   at System.Threading.Tasks.Task.ExecuteWithThreadLocal(Task& currentTaskSlot, Thread threadPoolThread)
--- End of stack trace from previous location ---
   at Microsoft.EntityFrameworkCore.Storage.RelationalCommand.ExecuteReaderAsync(RelationalCommandParameterObject parameterObject, CancellationToken cancellationToken)
   at Microsoft.EntityFrameworkCore.Storage.RelationalCommand.ExecuteReaderAsync(RelationalCommandParameterObject parameterObject, CancellationToken cancellationToken)
   at Microsoft.EntityFrameworkCore.Query.Internal.SingleQueryingEnumerable`1.AsyncEnumerator.InitializeReaderAsync(AsyncEnumerator enumerator, CancellationToken cancellationToken)
   at Microsoft.EntityFrameworkCore.Storage.ExecutionStrategy.<>c__DisplayClass30_0`2.<<ExecuteAsync>b__0>d.MoveNext()
--- End of stack trace from previous location ---
   at Microsoft.EntityFrameworkCore.Storage.ExecutionStrategy.ExecuteImplementationAsync[TState,TResult](Func`4 operation, Func`4 verifySucceeded, TState state, CancellationToken cancellationToken)
   at Microsoft.EntityFrameworkCore.Storage.ExecutionStrategy.ExecuteImplementationAsync[TState,TResult](Func`4 operation, Func`4 verifySucceeded, TState state, CancellationToken cancellationToken)
   at Microsoft.EntityFrameworkCore.Storage.ExecutionStrategy.ExecuteAsync[TState,TResult](TState state, Func`4 operation, Func`4 verifySucceeded, CancellationToken cancellationToken)
   at Microsoft.EntityFrameworkCore.Query.Internal.SingleQueryingEnumerable`1.AsyncEnumerator.MoveNextAsync()
ClientConnectionId:431da013-f2c5-484e-8b15-35e19df59ba7
Error Number:208,State:1,Class:16
2026-06-23 15:51:02.868 +01:00 [ERR] An unhandled exception has occurred while executing the request.
Microsoft.Data.SqlClient.SqlException (0x80131904): Invalid object name 'CourseEnrollments'.
   at System.Threading.Tasks.ContinuationResultTaskFromResultTask`2.InnerInvoke()
   at System.Threading.ExecutionContext.RunInternal(ExecutionContext executionContext, ContextCallback callback, Object state)
--- End of stack trace from previous location ---
   at System.Threading.ExecutionContext.RunInternal(ExecutionContext executionContext, ContextCallback callback, Object state)
   at System.Threading.Tasks.Task.ExecuteWithThreadLocal(Task& currentTaskSlot, Thread threadPoolThread)
--- End of stack trace from previous location ---
   at Microsoft.EntityFrameworkCore.Storage.RelationalCommand.ExecuteReaderAsync(RelationalCommandParameterObject parameterObject, CancellationToken cancellationToken)
   at Microsoft.EntityFrameworkCore.Storage.RelationalCommand.ExecuteReaderAsync(RelationalCommandParameterObject parameterObject, CancellationToken cancellationToken)
   at Microsoft.EntityFrameworkCore.Query.Internal.SingleQueryingEnumerable`1.AsyncEnumerator.InitializeReaderAsync(AsyncEnumerator enumerator, CancellationToken cancellationToken)
   at Microsoft.EntityFrameworkCore.Storage.ExecutionStrategy.<>c__DisplayClass30_0`2.<<ExecuteAsync>b__0>d.MoveNext()
--- End of stack trace from previous location ---
   at Microsoft.EntityFrameworkCore.Storage.ExecutionStrategy.ExecuteImplementationAsync[TState,TResult](Func`4 operation, Func`4 verifySucceeded, TState state, CancellationToken cancellationToken)
   at Microsoft.EntityFrameworkCore.Storage.ExecutionStrategy.ExecuteImplementationAsync[TState,TResult](Func`4 operation, Func`4 verifySucceeded, TState state, CancellationToken cancellationToken)
   at Microsoft.EntityFrameworkCore.Storage.ExecutionStrategy.ExecuteAsync[TState,TResult](TState state, Func`4 operation, Func`4 verifySucceeded, CancellationToken cancellationToken)
   at Microsoft.EntityFrameworkCore.Query.Internal.SingleQueryingEnumerable`1.AsyncEnumerator.MoveNextAsync()
   at Microsoft.EntityFrameworkCore.EntityFrameworkQueryableExtensions.ToListAsync[TSource](IQueryable`1 source, CancellationToken cancellationToken)
   at Microsoft.EntityFrameworkCore.EntityFrameworkQueryableExtensions.ToListAsync[TSource](IQueryable`1 source, CancellationToken cancellationToken)
   at LMS.Api.Services.ScheduleService.GetStudentScheduleAsync(Guid studentId, Guid academicSessionId, CancellationToken ct)
   at LMS.Api.Endpoints.SelfService.GetStudentScheduleEndpoint.HandleAsync(CancellationToken ct)
   at FastEndpoints.Endpoint`2.ExecAsync(CancellationToken ct)
   at FastEndpoints.Endpoint`2.ExecAsync(CancellationToken ct)
   at Microsoft.AspNetCore.Authorization.AuthorizationMiddleware.Invoke(HttpContext context)
   at LMS.Api.Security.UserProvisioningMiddleware.InvokeAsync(HttpContext context, LmsDbContext dbContext, IConfiguration configuration)
   at LMS.Api.Security.ApiReplayPreventionMiddleware.InvokeAsync(HttpContext context)
   at Microsoft.AspNetCore.Authentication.AuthenticationMiddleware.Invoke(HttpContext context)
   at Microsoft.AspNetCore.Diagnostics.StatusCodePagesMiddleware.Invoke(HttpContext context)
   at Microsoft.AspNetCore.Diagnostics.ExceptionHandlerMiddlewareImpl.<Invoke>g__Awaited|10_0(ExceptionHandlerMiddlewareImpl middleware, HttpContext context, Task task)
ClientConnectionId:431da013-f2c5-484e-8b15-35e19df59ba7
Error Number:208,State:1,Class:16
2026-06-23 15:51:02.869 +01:00 [ERR] HTTP GET /api/self-service/schedule responded 500 in 80.5345 ms
2026-06-23 15:51:14.193 +01:00 [INF] HTTP GET /api/self-service/registration-summary responded 200 in 52.0310 ms
2026-06-23 15:51:31.207 +01:00 [INF] HTTP GET /api/messages/admin-recipient responded 400 in 39.3140 ms
2026-06-23 15:51:50.391 +01:00 [INF] HTTP OPTIONS /api/fees/my-bill responded 204 in 0.0411 ms
2026-06-23 15:51:50.446 +01:00 [WRN] Compiling a query which loads related collections for more than one collection navigation, either via 'Include' or through projection, but no 'QuerySplittingBehavior' has been configured. By default, Entity Framework will use 'QuerySplittingBehavior.SingleQuery', which can potentially result in slow query performance. See https://go.microsoft.com/fwlink/?linkid=2134277 for more information. To identify the query that's triggering this warning call 'ConfigureWarnings(w => w.Throw(RelationalEventId.MultipleCollectionIncludeWarning))'.
2026-06-23 15:51:50.485 +01:00 [INF] HTTP GET /api/fees/my-bill responded 404 in 90.3475 ms
2026-06-23 15:51:55.399 +01:00 [INF] HTTP OPTIONS /api/gradebook/my-dashboard responded 204 in 0.1578 ms
2026-06-23 15:51:55.431 +01:00 [ERR] Failed executing DbCommand (2ms) [Parameters=[@userId_Value='?' (DbType = Guid)], CommandType='"Text"', CommandTimeout='30']
SELECT [c].[Id], [c].[CourseOfferingId], [c].[CreatedById], [c].[DroppedAtUtc], [c].[RegisteredAtUtc], [c].[Status], [c].[StudentId], [c].[UpdatedById]
FROM [CourseEnrollments] AS [c]
WHERE [c].[StudentId] = @userId_Value AND [c].[Status] = N'Registered'
2026-06-23 15:51:55.431 +01:00 [ERR] An exception occurred while iterating over the results of a query for context type 'LMS.Api.Data.LmsDbContext'.
Microsoft.Data.SqlClient.SqlException (0x80131904): Invalid object name 'CourseEnrollments'.
   at System.Threading.Tasks.ContinuationResultTaskFromResultTask`2.InnerInvoke()
   at System.Threading.ExecutionContext.RunInternal(ExecutionContext executionContext, ContextCallback callback, Object state)
--- End of stack trace from previous location ---
   at System.Threading.ExecutionContext.RunInternal(ExecutionContext executionContext, ContextCallback callback, Object state)
   at System.Threading.Tasks.Task.ExecuteWithThreadLocal(Task& currentTaskSlot, Thread threadPoolThread)
--- End of stack trace from previous location ---
   at Microsoft.EntityFrameworkCore.Storage.RelationalCommand.ExecuteReaderAsync(RelationalCommandParameterObject parameterObject, CancellationToken cancellationToken)
   at Microsoft.EntityFrameworkCore.Storage.RelationalCommand.ExecuteReaderAsync(RelationalCommandParameterObject parameterObject, CancellationToken cancellationToken)
   at Microsoft.EntityFrameworkCore.Query.Internal.SingleQueryingEnumerable`1.AsyncEnumerator.InitializeReaderAsync(AsyncEnumerator enumerator, CancellationToken cancellationToken)
   at Microsoft.EntityFrameworkCore.Storage.ExecutionStrategy.<>c__DisplayClass30_0`2.<<ExecuteAsync>b__0>d.MoveNext()
--- End of stack trace from previous location ---
   at Microsoft.EntityFrameworkCore.Storage.ExecutionStrategy.ExecuteImplementationAsync[TState,TResult](Func`4 operation, Func`4 verifySucceeded, TState state, CancellationToken cancellationToken)
   at Microsoft.EntityFrameworkCore.Storage.ExecutionStrategy.ExecuteImplementationAsync[TState,TResult](Func`4 operation, Func`4 verifySucceeded, TState state, CancellationToken cancellationToken)
   at Microsoft.EntityFrameworkCore.Storage.ExecutionStrategy.ExecuteAsync[TState,TResult](TState state, Func`4 operation, Func`4 verifySucceeded, CancellationToken cancellationToken)
   at Microsoft.EntityFrameworkCore.Query.Internal.SingleQueryingEnumerable`1.AsyncEnumerator.MoveNextAsync()
ClientConnectionId:431da013-f2c5-484e-8b15-35e19df59ba7
Error Number:208,State:1,Class:16
Microsoft.Data.SqlClient.SqlException (0x80131904): Invalid object name 'CourseEnrollments'.
   at System.Threading.Tasks.ContinuationResultTaskFromResultTask`2.InnerInvoke()
   at System.Threading.ExecutionContext.RunInternal(ExecutionContext executionContext, ContextCallback callback, Object state)
--- End of stack trace from previous location ---
   at System.Threading.ExecutionContext.RunInternal(ExecutionContext executionContext, ContextCallback callback, Object state)
   at System.Threading.Tasks.Task.ExecuteWithThreadLocal(Task& currentTaskSlot, Thread threadPoolThread)
--- End of stack trace from previous location ---
   at Microsoft.EntityFrameworkCore.Storage.RelationalCommand.ExecuteReaderAsync(RelationalCommandParameterObject parameterObject, CancellationToken cancellationToken)
   at Microsoft.EntityFrameworkCore.Storage.RelationalCommand.ExecuteReaderAsync(RelationalCommandParameterObject parameterObject, CancellationToken cancellationToken)
   at Microsoft.EntityFrameworkCore.Query.Internal.SingleQueryingEnumerable`1.AsyncEnumerator.InitializeReaderAsync(AsyncEnumerator enumerator, CancellationToken cancellationToken)
   at Microsoft.EntityFrameworkCore.Storage.ExecutionStrategy.<>c__DisplayClass30_0`2.<<ExecuteAsync>b__0>d.MoveNext()
--- End of stack trace from previous location ---
   at Microsoft.EntityFrameworkCore.Storage.ExecutionStrategy.ExecuteImplementationAsync[TState,TResult](Func`4 operation, Func`4 verifySucceeded, TState state, CancellationToken cancellationToken)
   at Microsoft.EntityFrameworkCore.Storage.ExecutionStrategy.ExecuteImplementationAsync[TState,TResult](Func`4 operation, Func`4 verifySucceeded, TState state, CancellationToken cancellationToken)
   at Microsoft.EntityFrameworkCore.Storage.ExecutionStrategy.ExecuteAsync[TState,TResult](TState state, Func`4 operation, Func`4 verifySucceeded, CancellationToken cancellationToken)
   at Microsoft.EntityFrameworkCore.Query.Internal.SingleQueryingEnumerable`1.AsyncEnumerator.MoveNextAsync()
ClientConnectionId:431da013-f2c5-484e-8b15-35e19df59ba7
Error Number:208,State:1,Class:16
2026-06-23 15:51:55.432 +01:00 [ERR] An unhandled exception has occurred while executing the request.
Microsoft.Data.SqlClient.SqlException (0x80131904): Invalid object name 'CourseEnrollments'.
   at System.Threading.Tasks.ContinuationResultTaskFromResultTask`2.InnerInvoke()
   at System.Threading.ExecutionContext.RunInternal(ExecutionContext executionContext, ContextCallback callback, Object state)
--- End of stack trace from previous location ---
   at System.Threading.ExecutionContext.RunInternal(ExecutionContext executionContext, ContextCallback callback, Object state)
   at System.Threading.Tasks.Task.ExecuteWithThreadLocal(Task& currentTaskSlot, Thread threadPoolThread)
--- End of stack trace from previous location ---
   at Microsoft.EntityFrameworkCore.Storage.RelationalCommand.ExecuteReaderAsync(RelationalCommandParameterObject parameterObject, CancellationToken cancellationToken)
   at Microsoft.EntityFrameworkCore.Storage.RelationalCommand.ExecuteReaderAsync(RelationalCommandParameterObject parameterObject, CancellationToken cancellationToken)
   at Microsoft.EntityFrameworkCore.Query.Internal.SingleQueryingEnumerable`1.AsyncEnumerator.InitializeReaderAsync(AsyncEnumerator enumerator, CancellationToken cancellationToken)
   at Microsoft.EntityFrameworkCore.Storage.ExecutionStrategy.<>c__DisplayClass30_0`2.<<ExecuteAsync>b__0>d.MoveNext()
--- End of stack trace from previous location ---
   at Microsoft.EntityFrameworkCore.Storage.ExecutionStrategy.ExecuteImplementationAsync[TState,TResult](Func`4 operation, Func`4 verifySucceeded, TState state, CancellationToken cancellationToken)
   at Microsoft.EntityFrameworkCore.Storage.ExecutionStrategy.ExecuteImplementationAsync[TState,TResult](Func`4 operation, Func`4 verifySucceeded, TState state, CancellationToken cancellationToken)
   at Microsoft.EntityFrameworkCore.Storage.ExecutionStrategy.ExecuteAsync[TState,TResult](TState state, Func`4 operation, Func`4 verifySucceeded, CancellationToken cancellationToken)
   at Microsoft.EntityFrameworkCore.Query.Internal.SingleQueryingEnumerable`1.AsyncEnumerator.MoveNextAsync()
   at Microsoft.EntityFrameworkCore.EntityFrameworkQueryableExtensions.ToListAsync[TSource](IQueryable`1 source, CancellationToken cancellationToken)
   at Microsoft.EntityFrameworkCore.EntityFrameworkQueryableExtensions.ToListAsync[TSource](IQueryable`1 source, CancellationToken cancellationToken)
   at LMS.Api.Endpoints.Gradebook.GetStudentDashboardEndpoint.HandleAsync(CancellationToken ct)
   at FastEndpoints.Endpoint`2.ExecAsync(CancellationToken ct)
   at FastEndpoints.Endpoint`2.ExecAsync(CancellationToken ct)
   at Microsoft.AspNetCore.Authorization.AuthorizationMiddleware.Invoke(HttpContext context)
   at LMS.Api.Security.UserProvisioningMiddleware.InvokeAsync(HttpContext context, LmsDbContext dbContext, IConfiguration configuration)
   at LMS.Api.Security.ApiReplayPreventionMiddleware.InvokeAsync(HttpContext context)
   at Microsoft.AspNetCore.Authentication.AuthenticationMiddleware.Invoke(HttpContext context)
   at Microsoft.AspNetCore.Diagnostics.StatusCodePagesMiddleware.Invoke(HttpContext context)
   at Microsoft.AspNetCore.Diagnostics.ExceptionHandlerMiddlewareImpl.<Invoke>g__Awaited|10_0(ExceptionHandlerMiddlewareImpl middleware, HttpContext context, Task task)
ClientConnectionId:431da013-f2c5-484e-8b15-35e19df59ba7
Error Number:208,State:1,Class:16
2026-06-23 15:51:55.434 +01:00 [ERR] HTTP GET /api/gradebook/my-dashboard responded 500 in 32.8400 ms
2026-06-23 15:52:09.719 +01:00 [INF] HTTP OPTIONS /api/me responded 204 in 0.0968 ms
2026-06-23 15:52:09.754 +01:00 [INF] HTTP GET /api/me responded 200 in 30.6978 ms
2026-06-23 15:52:21.492 +01:00 [INF] HTTP OPTIONS /api/admin/sessions responded 204 in 0.0420 ms
2026-06-23 15:52:21.492 +01:00 [INF] HTTP OPTIONS /api/timetable/lecturers responded 204 in 0.0089 ms
2026-06-23 15:52:21.492 +01:00 [INF] HTTP OPTIONS /api/lecture-sessions responded 204 in 0.0095 ms
2026-06-23 15:52:21.511 +01:00 [INF] HTTP GET /api/admin/sessions responded 200 in 17.3881 ms
2026-06-23 15:52:21.576 +01:00 [INF] HTTP GET /api/timetable/lecturers responded 200 in 78.8031 ms
2026-06-23 15:52:21.639 +01:00 [INF] HTTP GET /api/lecture-sessions responded 200 in 143.4285 ms
2026-06-23 15:52:24.801 +01:00 [INF] HTTP OPTIONS /api/courses/my-courses responded 204 in 0.0352 ms
2026-06-23 15:52:24.898 +01:00 [INF] HTTP GET /api/courses/my-courses responded 200 in 94.6040 ms
2026-06-23 15:52:26.427 +01:00 [INF] HTTP GET /api/admin/sessions responded 200 in 16.3579 ms
2026-06-23 15:52:26.428 +01:00 [INF] HTTP GET /api/timetable/lecturers responded 200 in 17.7734 ms
2026-06-23 15:52:26.431 +01:00 [INF] HTTP GET /api/lecture-sessions responded 200 in 19.2588 ms
2026-06-23 15:52:34.452 +01:00 [INF] HTTP OPTIONS /api/lecture-sessions responded 204 in 0.0359 ms
2026-06-23 15:52:34.474 +01:00 [INF] HTTP GET /api/lecture-sessions responded 200 in 18.5591 ms
2026-06-23 15:52:45.112 +01:00 [INF] HTTP OPTIONS /api/admin/programs responded 204 in 0.0916 ms
2026-06-23 15:52:45.147 +01:00 [INF] HTTP GET /api/admin/programs responded 200 in 25.0958 ms
2026-06-23 15:52:45.150 +01:00 [INF] HTTP OPTIONS /api/admin/programs/563617bb-5f66-4032-a765-04ba7b4dab4c/curricula responded 204 in 0.0186 ms
2026-06-23 15:52:45.150 +01:00 [INF] HTTP OPTIONS /api/admin/programs/71f5092d-27ce-43c2-ac10-0759dfe391ef/curricula responded 204 in 0.0043 ms
2026-06-23 15:52:45.150 +01:00 [INF] HTTP OPTIONS /api/admin/programs/6890d4e9-7fa7-4c90-a69c-00b1d40f24ab/curricula responded 204 in 0.0313 ms
2026-06-23 15:52:45.150 +01:00 [INF] HTTP OPTIONS /api/admin/programs/f94fe24b-8781-4d68-9bdb-2056692c6e91/curricula responded 204 in 0.0085 ms
2026-06-23 15:52:45.151 +01:00 [INF] HTTP OPTIONS /api/admin/programs/5126c1a2-28cc-4a6e-9223-20f0298da20b/curricula responded 204 in 0.0086 ms
2026-06-23 15:52:45.152 +01:00 [INF] HTTP OPTIONS /api/admin/programs/bfe9d5d2-b914-4b87-a068-4aedff2cbd5f/curricula responded 204 in 0.0731 ms
2026-06-23 15:52:45.152 +01:00 [INF] HTTP OPTIONS /api/admin/programs/6ca9564b-b745-43be-aa3f-4dedad7eb9f7/curricula responded 204 in 0.0071 ms
2026-06-23 15:52:45.153 +01:00 [INF] HTTP OPTIONS /api/admin/programs/2b09cc5a-2a1e-49bf-b539-532eeafaeff9/curricula responded 204 in 0.0108 ms
2026-06-23 15:52:45.153 +01:00 [INF] HTTP OPTIONS /api/admin/programs/8fe7febc-5eca-4458-a437-5512650eb0b6/curricula responded 204 in 0.0098 ms
2026-06-23 15:52:45.156 +01:00 [INF] HTTP OPTIONS /api/admin/programs/747ff8cd-5660-438a-b23d-5d30f0a5a888/curricula responded 204 in 0.0107 ms
2026-06-23 15:52:45.175 +01:00 [INF] HTTP GET /api/admin/programs/71f5092d-27ce-43c2-ac10-0759dfe391ef/curricula responded 200 in 22.8890 ms
2026-06-23 15:52:45.175 +01:00 [INF] HTTP OPTIONS /api/admin/programs/8ee99692-b09b-4e10-9852-66b590651a22/curricula responded 204 in 0.0160 ms
2026-06-23 15:52:45.176 +01:00 [INF] HTTP OPTIONS /api/admin/programs/adcfa75d-3589-41c3-837c-6a5e70cc57d7/curricula responded 204 in 0.0144 ms
2026-06-23 15:52:45.176 +01:00 [INF] HTTP OPTIONS /api/admin/programs/156c61fa-b96b-40e7-b39e-705751b440c3/curricula responded 204 in 0.0117 ms
2026-06-23 15:52:45.177 +01:00 [INF] HTTP GET /api/admin/programs/6890d4e9-7fa7-4c90-a69c-00b1d40f24ab/curricula responded 200 in 25.4908 ms
2026-06-23 15:52:45.177 +01:00 [INF] HTTP OPTIONS /api/admin/programs/7096914e-1b13-4d65-a15e-8bc1a0e8ba2c/curricula responded 204 in 0.0133 ms
2026-06-23 15:52:45.178 +01:00 [INF] HTTP OPTIONS /api/admin/programs/8198d36b-7ffa-4fd5-a3aa-9448ba191a38/curricula responded 204 in 0.2778 ms
2026-06-23 15:52:45.179 +01:00 [INF] HTTP OPTIONS /api/admin/programs/baeb4a0e-abfa-437e-a0c6-97267d61ffa3/curricula responded 204 in 0.0148 ms
2026-06-23 15:52:45.180 +01:00 [INF] HTTP GET /api/admin/programs/563617bb-5f66-4032-a765-04ba7b4dab4c/curricula responded 200 in 28.7585 ms
2026-06-23 15:52:45.180 +01:00 [INF] HTTP OPTIONS /api/admin/programs/f31b48cd-2858-4e82-ad94-9cc31c75a527/curricula responded 204 in 0.0297 ms
2026-06-23 15:52:45.181 +01:00 [INF] HTTP OPTIONS /api/admin/programs/97e9e9d4-946c-46da-af1a-9e32f6a1504a/curricula responded 204 in 0.0125 ms
2026-06-23 15:52:45.181 +01:00 [INF] HTTP OPTIONS /api/admin/programs/6351fee0-7260-4e43-9563-a7477eb2d87b/curricula responded 204 in 0.0043 ms
2026-06-23 15:52:45.182 +01:00 [INF] HTTP OPTIONS /api/admin/programs/7df306ce-4256-4fbf-8dc4-afbd70d0a251/curricula responded 204 in 0.0058 ms
2026-06-23 15:52:45.182 +01:00 [INF] HTTP OPTIONS /api/admin/programs/6ba7f2e0-f36f-49ff-9a39-bd0ccfab5775/curricula responded 204 in 0.0075 ms
2026-06-23 15:52:45.183 +01:00 [INF] HTTP OPTIONS /api/admin/programs/56c76fe9-0f6a-439b-a699-bd2358434346/curricula responded 204 in 0.0098 ms
2026-06-23 15:52:45.183 +01:00 [INF] HTTP OPTIONS /api/admin/programs/d653b1ad-d0d3-4009-babb-c098662147b2/curricula responded 204 in 0.0020 ms
2026-06-23 15:52:45.184 +01:00 [INF] HTTP OPTIONS /api/admin/programs/469d40fd-2959-4622-bdda-c27b1139df60/curricula responded 204 in 0.0087 ms
2026-06-23 15:52:45.184 +01:00 [INF] HTTP OPTIONS /api/admin/programs/caa77aee-8674-4f31-b364-c8df0864afd6/curricula responded 204 in 0.0088 ms
2026-06-23 15:52:45.186 +01:00 [INF] HTTP OPTIONS /api/admin/programs/fc8eb05b-5c06-429b-bf42-d2ffc2f8baa9/curricula responded 204 in 0.0120 ms
2026-06-23 15:52:45.186 +01:00 [INF] HTTP OPTIONS /api/admin/programs/b8976684-96ea-440d-8cd3-db1adaebae47/curricula responded 204 in 0.0067 ms
2026-06-23 15:52:45.195 +01:00 [INF] HTTP GET /api/admin/programs/6ca9564b-b745-43be-aa3f-4dedad7eb9f7/curricula responded 200 in 18.5272 ms
2026-06-23 15:52:45.196 +01:00 [INF] HTTP OPTIONS /api/admin/programs/bf6986da-c275-482e-b5ca-e94b5b2a6fec/curricula responded 204 in 0.0191 ms
2026-06-23 15:52:45.197 +01:00 [INF] HTTP OPTIONS /api/admin/programs/1e99fb97-7c53-4c22-9975-eeebf693bef0/curricula responded 204 in 0.0093 ms
2026-06-23 15:52:45.197 +01:00 [INF] HTTP OPTIONS /api/admin/programs/302cd18f-647b-4c3e-9034-ef8ee6d0390e/curricula responded 204 in 0.0048 ms
2026-06-23 15:52:45.198 +01:00 [INF] HTTP OPTIONS /api/admin/programs/729e1de3-50c3-4bb3-b46c-fb90a37dcba2/curricula responded 204 in 0.0065 ms
2026-06-23 15:52:45.201 +01:00 [INF] HTTP GET /api/admin/programs/f94fe24b-8781-4d68-9bdb-2056692c6e91/curricula responded 200 in 48.3756 ms
2026-06-23 15:52:45.204 +01:00 [INF] HTTP GET /api/admin/programs/5126c1a2-28cc-4a6e-9223-20f0298da20b/curricula responded 200 in 48.9030 ms
2026-06-23 15:52:45.206 +01:00 [INF] HTTP GET /api/admin/programs/2b09cc5a-2a1e-49bf-b539-532eeafaeff9/curricula responded 200 in 17.9205 ms
2026-06-23 15:52:45.216 +01:00 [INF] HTTP GET /api/admin/programs/bfe9d5d2-b914-4b87-a068-4aedff2cbd5f/curricula responded 200 in 59.1959 ms
2026-06-23 15:52:45.217 +01:00 [INF] HTTP GET /api/admin/programs/8fe7febc-5eca-4458-a437-5512650eb0b6/curricula responded 200 in 28.6100 ms
2026-06-23 15:52:45.219 +01:00 [INF] HTTP GET /api/admin/programs/747ff8cd-5660-438a-b23d-5d30f0a5a888/curricula responded 200 in 18.2965 ms
2026-06-23 15:52:45.222 +01:00 [INF] HTTP GET /api/admin/programs/adcfa75d-3589-41c3-837c-6a5e70cc57d7/curricula responded 200 in 16.3601 ms
2026-06-23 15:52:45.224 +01:00 [INF] HTTP GET /api/admin/programs/156c61fa-b96b-40e7-b39e-705751b440c3/curricula responded 200 in 17.0986 ms
2026-06-23 15:52:45.230 +01:00 [INF] HTTP GET /api/admin/programs/7096914e-1b13-4d65-a15e-8bc1a0e8ba2c/curricula responded 200 in 13.6568 ms
2026-06-23 15:52:45.233 +01:00 [INF] HTTP GET /api/admin/programs/8198d36b-7ffa-4fd5-a3aa-9448ba191a38/curricula responded 200 in 14.9173 ms
2026-06-23 15:52:45.235 +01:00 [INF] HTTP GET /api/admin/programs/baeb4a0e-abfa-437e-a0c6-97267d61ffa3/curricula responded 200 in 15.3265 ms
2026-06-23 15:52:45.238 +01:00 [INF] HTTP GET /api/admin/programs/f31b48cd-2858-4e82-ad94-9cc31c75a527/curricula responded 200 in 15.7444 ms
2026-06-23 15:52:45.243 +01:00 [INF] HTTP GET /api/admin/programs/97e9e9d4-946c-46da-af1a-9e32f6a1504a/curricula responded 200 in 18.3081 ms
2026-06-23 15:52:45.245 +01:00 [INF] HTTP GET /api/admin/programs/8ee99692-b09b-4e10-9852-66b590651a22/curricula responded 200 in 43.0785 ms
2026-06-23 15:52:45.250 +01:00 [INF] HTTP GET /api/admin/programs/6351fee0-7260-4e43-9563-a7477eb2d87b/curricula responded 200 in 17.8706 ms
2026-06-23 15:52:45.250 +01:00 [INF] HTTP GET /api/admin/programs/7df306ce-4256-4fbf-8dc4-afbd70d0a251/curricula responded 200 in 16.2055 ms
2026-06-23 15:52:45.254 +01:00 [INF] HTTP GET /api/admin/programs/6ba7f2e0-f36f-49ff-9a39-bd0ccfab5775/curricula responded 200 in 17.9880 ms
2026-06-23 15:52:45.261 +01:00 [INF] HTTP GET /api/admin/programs/56c76fe9-0f6a-439b-a699-bd2358434346/curricula responded 200 in 21.8091 ms
2026-06-23 15:52:45.302 +01:00 [INF] HTTP GET /api/admin/programs/d653b1ad-d0d3-4009-babb-c098662147b2/curricula responded 200 in 58.5724 ms
2026-06-23 15:52:45.305 +01:00 [INF] HTTP GET /api/admin/programs/469d40fd-2959-4622-bdda-c27b1139df60/curricula responded 200 in 59.7711 ms
2026-06-23 15:52:45.309 +01:00 [INF] HTTP GET /api/admin/programs/caa77aee-8674-4f31-b364-c8df0864afd6/curricula responded 200 in 58.2208 ms
2026-06-23 15:52:45.321 +01:00 [INF] HTTP GET /api/admin/programs/fc8eb05b-5c06-429b-bf42-d2ffc2f8baa9/curricula responded 200 in 70.0694 ms
2026-06-23 15:52:45.322 +01:00 [INF] HTTP GET /api/admin/programs/b8976684-96ea-440d-8cd3-db1adaebae47/curricula responded 200 in 66.5743 ms
2026-06-23 15:52:45.323 +01:00 [INF] HTTP GET /api/admin/programs/bf6986da-c275-482e-b5ca-e94b5b2a6fec/curricula responded 200 in 52.6495 ms
2026-06-23 15:52:45.323 +01:00 [INF] HTTP GET /api/admin/programs/1e99fb97-7c53-4c22-9975-eeebf693bef0/curricula responded 200 in 19.4821 ms
2026-06-23 15:52:45.327 +01:00 [INF] HTTP GET /api/admin/programs/302cd18f-647b-4c3e-9034-ef8ee6d0390e/curricula responded 200 in 21.0047 ms
2026-06-23 15:52:45.331 +01:00 [INF] HTTP GET /api/admin/programs/729e1de3-50c3-4bb3-b46c-fb90a37dcba2/curricula responded 200 in 20.3255 ms
2026-06-23 15:52:52.284 +01:00 [INF] HTTP OPTIONS /api/admin/programs responded 204 in 0.0942 ms
2026-06-23 15:52:52.284 +01:00 [INF] HTTP OPTIONS /api/admin/programs/6890d4e9-7fa7-4c90-a69c-00b1d40f24ab/enrollments responded 204 in 0.0943 ms
2026-06-23 15:52:52.285 +01:00 [INF] HTTP OPTIONS /api/admin/programs/6890d4e9-7fa7-4c90-a69c-00b1d40f24ab/curricula responded 204 in 0.0103 ms
2026-06-23 15:52:52.285 +01:00 [INF] HTTP OPTIONS /api/admissions/subjects responded 204 in 0.0092 ms
2026-06-23 15:52:52.285 +01:00 [INF] HTTP OPTIONS /api/admin/sessions responded 204 in 0.0101 ms
2026-06-23 15:52:52.310 +01:00 [INF] Initializing Entra ID Service with TenantId: c9a98a3d-152f-4eb3-b93f-9b26fdd08495, ClientId: 84022968-6bdc-4c6b-8eab-57b75fa5d0b1, Domain: wigweuniversity.edu.ng
2026-06-23 15:52:52.311 +01:00 [INF] Entra ID Service initialized successfully
2026-06-23 15:52:52.312 +01:00 [INF] HTTP GET /api/admissions/subjects responded 200 in 21.8845 ms
2026-06-23 15:52:52.315 +01:00 [INF] HTTP GET /api/admin/programs/6890d4e9-7fa7-4c90-a69c-00b1d40f24ab/enrollments responded 200 in 26.5393 ms
2026-06-23 15:52:52.317 +01:00 [INF] HTTP GET /api/admin/programs/6890d4e9-7fa7-4c90-a69c-00b1d40f24ab/curricula responded 200 in 27.6590 ms
2026-06-23 15:52:52.317 +01:00 [INF] HTTP GET /api/admin/programs responded 200 in 29.1590 ms
2026-06-23 15:52:52.319 +01:00 [INF] HTTP GET /api/admin/sessions responded 200 in 29.2050 ms
2026-06-23 15:52:52.323 +01:00 [INF] HTTP OPTIONS /api/admin/courses responded 204 in 0.0151 ms
2026-06-23 15:52:52.336 +01:00 [INF] HTTP GET /api/admin/programs/6890d4e9-7fa7-4c90-a69c-00b1d40f24ab/curricula responded 200 in 13.7846 ms
2026-06-23 15:52:52.337 +01:00 [INF] HTTP GET /api/admin/sessions responded 200 in 15.1743 ms
2026-06-23 15:52:52.338 +01:00 [INF] HTTP OPTIONS /api/admin/curricula/e22b1c74-7fa6-44a5-9382-d400bffece96 responded 204 in 0.0157 ms
2026-06-23 15:52:52.353 +01:00 [INF] HTTP GET /api/admin/curricula/e22b1c74-7fa6-44a5-9382-d400bffece96 responded 200 in 14.4219 ms
2026-06-23 15:52:52.364 +01:00 [INF] HTTP OPTIONS /api/admin/curricula/e22b1c74-7fa6-44a5-9382-d400bffece96/history responded 204 in 0.0203 ms
2026-06-23 15:52:52.398 +01:00 [INF] HTTP GET /api/admin/curricula/e22b1c74-7fa6-44a5-9382-d400bffece96/history responded 200 in 32.0489 ms
2026-06-23 15:52:52.399 +01:00 [INF] HTTP GET /api/admin/courses responded 200 in 75.4216 ms
2026-06-23 15:53:18.300 +01:00 [INF] HTTP OPTIONS /api/admin/courses responded 204 in 0.0364 ms
2026-06-23 15:53:18.300 +01:00 [INF] HTTP OPTIONS /api/admin/curricula/e22b1c74-7fa6-44a5-9382-d400bffece96 responded 204 in 0.0073 ms
2026-06-23 15:53:18.301 +01:00 [INF] HTTP OPTIONS /api/admin/programs responded 204 in 0.0166 ms
2026-06-23 15:53:18.322 +01:00 [INF] HTTP GET /api/admin/curricula/e22b1c74-7fa6-44a5-9382-d400bffece96 responded 200 in 20.5979 ms
2026-06-23 15:53:18.325 +01:00 [INF] HTTP GET /api/admin/programs responded 200 in 22.3813 ms
2026-06-23 15:53:18.350 +01:00 [INF] HTTP GET /api/admin/programs responded 200 in 17.7154 ms
2026-06-23 15:53:18.356 +01:00 [INF] HTTP GET /api/admin/courses responded 200 in 54.8195 ms
2026-06-23 15:53:28.752 +01:00 [INF] HTTP OPTIONS /api/admin/sessions responded 204 in 0.0638 ms
2026-06-23 15:53:28.782 +01:00 [INF] HTTP GET /api/admin/sessions responded 200 in 27.7832 ms
2026-06-23 15:53:41.489 +01:00 [INF] HTTP OPTIONS /api/admin/programs responded 204 in 0.0678 ms
2026-06-23 15:53:41.517 +01:00 [INF] HTTP GET /api/admin/programs responded 200 in 27.0052 ms
2026-06-23 15:53:41.519 +01:00 [INF] HTTP OPTIONS /api/admin/programs/6890d4e9-7fa7-4c90-a69c-00b1d40f24ab/curricula responded 204 in 0.0203 ms
2026-06-23 15:53:41.519 +01:00 [INF] HTTP OPTIONS /api/admin/programs/563617bb-5f66-4032-a765-04ba7b4dab4c/curricula responded 204 in 0.0367 ms
2026-06-23 15:53:41.519 +01:00 [INF] HTTP OPTIONS /api/admin/programs/71f5092d-27ce-43c2-ac10-0759dfe391ef/curricula responded 204 in 0.0090 ms
2026-06-23 15:53:41.519 +01:00 [INF] HTTP OPTIONS /api/admin/programs/f94fe24b-8781-4d68-9bdb-2056692c6e91/curricula responded 204 in 0.0041 ms
2026-06-23 15:53:41.519 +01:00 [INF] HTTP OPTIONS /api/admin/programs/5126c1a2-28cc-4a6e-9223-20f0298da20b/curricula responded 204 in 0.0065 ms
2026-06-23 15:53:41.520 +01:00 [INF] HTTP OPTIONS /api/admin/programs/bfe9d5d2-b914-4b87-a068-4aedff2cbd5f/curricula responded 204 in 0.0251 ms
2026-06-23 15:53:41.521 +01:00 [INF] HTTP OPTIONS /api/admin/programs/6ca9564b-b745-43be-aa3f-4dedad7eb9f7/curricula responded 204 in 0.0134 ms
2026-06-23 15:53:41.524 +01:00 [INF] HTTP OPTIONS /api/admin/programs/2b09cc5a-2a1e-49bf-b539-532eeafaeff9/curricula responded 204 in 0.0231 ms
2026-06-23 15:53:41.538 +01:00 [INF] HTTP GET /api/admin/programs/563617bb-5f66-4032-a765-04ba7b4dab4c/curricula responded 200 in 18.4444 ms
2026-06-23 15:53:41.539 +01:00 [INF] HTTP OPTIONS /api/admin/programs/8fe7febc-5eca-4458-a437-5512650eb0b6/curricula responded 204 in 0.0188 ms
2026-06-23 15:53:41.540 +01:00 [INF] HTTP OPTIONS /api/admin/programs/747ff8cd-5660-438a-b23d-5d30f0a5a888/curricula responded 204 in 0.0158 ms
2026-06-23 15:53:41.541 +01:00 [INF] HTTP OPTIONS /api/admin/programs/8ee99692-b09b-4e10-9852-66b590651a22/curricula responded 204 in 0.0144 ms
2026-06-23 15:53:41.542 +01:00 [INF] HTTP OPTIONS /api/admin/programs/adcfa75d-3589-41c3-837c-6a5e70cc57d7/curricula responded 204 in 0.0071 ms
2026-06-23 15:53:41.542 +01:00 [INF] HTTP GET /api/admin/programs/f94fe24b-8781-4d68-9bdb-2056692c6e91/curricula responded 200 in 20.8197 ms
2026-06-23 15:53:41.543 +01:00 [INF] HTTP OPTIONS /api/admin/programs/156c61fa-b96b-40e7-b39e-705751b440c3/curricula responded 204 in 0.0120 ms
2026-06-23 15:53:41.543 +01:00 [INF] HTTP OPTIONS /api/admin/programs/7096914e-1b13-4d65-a15e-8bc1a0e8ba2c/curricula responded 204 in 0.0199 ms
2026-06-23 15:53:41.544 +01:00 [INF] HTTP OPTIONS /api/admin/programs/8198d36b-7ffa-4fd5-a3aa-9448ba191a38/curricula responded 204 in 0.0397 ms
2026-06-23 15:53:41.544 +01:00 [INF] HTTP OPTIONS /api/admin/programs/baeb4a0e-abfa-437e-a0c6-97267d61ffa3/curricula responded 204 in 0.0066 ms
2026-06-23 15:53:41.545 +01:00 [INF] HTTP OPTIONS /api/admin/programs/f31b48cd-2858-4e82-ad94-9cc31c75a527/curricula responded 204 in 0.0078 ms
2026-06-23 15:53:41.545 +01:00 [INF] HTTP OPTIONS /api/admin/programs/97e9e9d4-946c-46da-af1a-9e32f6a1504a/curricula responded 204 in 0.0116 ms
2026-06-23 15:53:41.545 +01:00 [INF] HTTP OPTIONS /api/admin/programs/6351fee0-7260-4e43-9563-a7477eb2d87b/curricula responded 204 in 0.0123 ms
2026-06-23 15:53:41.546 +01:00 [INF] HTTP OPTIONS /api/admin/programs/7df306ce-4256-4fbf-8dc4-afbd70d0a251/curricula responded 204 in 0.0218 ms
2026-06-23 15:53:41.547 +01:00 [INF] HTTP OPTIONS /api/admin/programs/6ba7f2e0-f36f-49ff-9a39-bd0ccfab5775/curricula responded 204 in 0.0110 ms
2026-06-23 15:53:41.547 +01:00 [INF] HTTP OPTIONS /api/admin/programs/56c76fe9-0f6a-439b-a699-bd2358434346/curricula responded 204 in 0.0040 ms
2026-06-23 15:53:41.547 +01:00 [INF] HTTP GET /api/admin/programs/6890d4e9-7fa7-4c90-a69c-00b1d40f24ab/curricula responded 200 in 24.3445 ms
2026-06-23 15:53:41.548 +01:00 [INF] HTTP OPTIONS /api/admin/programs/d653b1ad-d0d3-4009-babb-c098662147b2/curricula responded 204 in 0.0826 ms
2026-06-23 15:53:41.548 +01:00 [INF] HTTP OPTIONS /api/admin/programs/469d40fd-2959-4622-bdda-c27b1139df60/curricula responded 204 in 0.0037 ms
2026-06-23 15:53:41.549 +01:00 [INF] HTTP OPTIONS /api/admin/programs/caa77aee-8674-4f31-b364-c8df0864afd6/curricula responded 204 in 0.0094 ms
2026-06-23 15:53:41.549 +01:00 [INF] HTTP OPTIONS /api/admin/programs/fc8eb05b-5c06-429b-bf42-d2ffc2f8baa9/curricula responded 204 in 0.0028 ms
2026-06-23 15:53:41.550 +01:00 [INF] HTTP OPTIONS /api/admin/programs/b8976684-96ea-440d-8cd3-db1adaebae47/curricula responded 204 in 0.0136 ms
2026-06-23 15:53:41.550 +01:00 [INF] HTTP OPTIONS /api/admin/programs/bf6986da-c275-482e-b5ca-e94b5b2a6fec/curricula responded 204 in 0.0214 ms
2026-06-23 15:53:41.550 +01:00 [INF] HTTP GET /api/admin/programs/5126c1a2-28cc-4a6e-9223-20f0298da20b/curricula responded 200 in 27.4451 ms
2026-06-23 15:53:41.551 +01:00 [INF] HTTP OPTIONS /api/admin/programs/1e99fb97-7c53-4c22-9975-eeebf693bef0/curricula responded 204 in 0.0093 ms
2026-06-23 15:53:41.551 +01:00 [INF] HTTP OPTIONS /api/admin/programs/302cd18f-647b-4c3e-9034-ef8ee6d0390e/curricula responded 204 in 0.0028 ms
2026-06-23 15:53:41.551 +01:00 [INF] HTTP OPTIONS /api/admin/programs/729e1de3-50c3-4bb3-b46c-fb90a37dcba2/curricula responded 204 in 0.0165 ms
2026-06-23 15:53:41.552 +01:00 [INF] HTTP GET /api/admin/programs/bfe9d5d2-b914-4b87-a068-4aedff2cbd5f/curricula responded 200 in 26.6944 ms
2026-06-23 15:53:41.557 +01:00 [INF] HTTP GET /api/admin/programs/71f5092d-27ce-43c2-ac10-0759dfe391ef/curricula responded 200 in 37.1313 ms
2026-06-23 15:53:41.564 +01:00 [INF] HTTP GET /api/admin/programs/6ca9564b-b745-43be-aa3f-4dedad7eb9f7/curricula responded 200 in 16.1165 ms
2026-06-23 15:53:41.567 +01:00 [INF] HTTP GET /api/admin/programs/747ff8cd-5660-438a-b23d-5d30f0a5a888/curricula responded 200 in 15.1162 ms
2026-06-23 15:53:41.569 +01:00 [INF] HTTP GET /api/admin/programs/2b09cc5a-2a1e-49bf-b539-532eeafaeff9/curricula responded 200 in 17.0375 ms
2026-06-23 15:53:41.572 +01:00 [INF] HTTP GET /api/admin/programs/8fe7febc-5eca-4458-a437-5512650eb0b6/curricula responded 200 in 19.7139 ms
2026-06-23 15:53:41.577 +01:00 [INF] HTTP GET /api/admin/programs/8ee99692-b09b-4e10-9852-66b590651a22/curricula responded 200 in 23.6875 ms
2026-06-23 15:53:41.579 +01:00 [INF] HTTP GET /api/admin/programs/adcfa75d-3589-41c3-837c-6a5e70cc57d7/curricula responded 200 in 21.3921 ms
2026-06-23 15:53:41.582 +01:00 [INF] HTTP GET /api/admin/programs/156c61fa-b96b-40e7-b39e-705751b440c3/curricula responded 200 in 17.3682 ms
2026-06-23 15:53:41.585 +01:00 [INF] HTTP GET /api/admin/programs/7096914e-1b13-4d65-a15e-8bc1a0e8ba2c/curricula responded 200 in 16.8838 ms
2026-06-23 15:53:41.589 +01:00 [INF] HTTP GET /api/admin/programs/8198d36b-7ffa-4fd5-a3aa-9448ba191a38/curricula responded 200 in 19.7019 ms
2026-06-23 15:53:41.591 +01:00 [INF] HTTP GET /api/admin/programs/baeb4a0e-abfa-437e-a0c6-97267d61ffa3/curricula responded 200 in 18.8796 ms
2026-06-23 15:53:41.596 +01:00 [INF] HTTP GET /api/admin/programs/f31b48cd-2858-4e82-ad94-9cc31c75a527/curricula responded 200 in 18.1308 ms
2026-06-23 15:53:41.597 +01:00 [INF] HTTP GET /api/admin/programs/97e9e9d4-946c-46da-af1a-9e32f6a1504a/curricula responded 200 in 16.4442 ms
2026-06-23 15:53:41.600 +01:00 [INF] HTTP GET /api/admin/programs/6351fee0-7260-4e43-9563-a7477eb2d87b/curricula responded 200 in 16.9053 ms
2026-06-23 15:53:41.602 +01:00 [INF] HTTP GET /api/admin/programs/7df306ce-4256-4fbf-8dc4-afbd70d0a251/curricula responded 200 in 15.7914 ms
2026-06-23 15:53:41.604 +01:00 [INF] HTTP GET /api/admin/programs/6ba7f2e0-f36f-49ff-9a39-bd0ccfab5775/curricula responded 200 in 14.6616 ms
2026-06-23 15:53:41.607 +01:00 [INF] HTTP GET /api/admin/programs/56c76fe9-0f6a-439b-a699-bd2358434346/curricula responded 200 in 15.0225 ms
2026-06-23 15:53:41.609 +01:00 [INF] HTTP GET /api/admin/programs/d653b1ad-d0d3-4009-babb-c098662147b2/curricula responded 200 in 12.1073 ms
2026-06-23 15:53:41.611 +01:00 [INF] HTTP GET /api/admin/programs/469d40fd-2959-4622-bdda-c27b1139df60/curricula responded 200 in 14.1876 ms
2026-06-23 15:53:41.613 +01:00 [INF] HTTP GET /api/admin/programs/caa77aee-8674-4f31-b364-c8df0864afd6/curricula responded 200 in 12.2578 ms
2026-06-23 15:53:41.614 +01:00 [INF] HTTP GET /api/admin/programs/fc8eb05b-5c06-429b-bf42-d2ffc2f8baa9/curricula responded 200 in 11.7067 ms
2026-06-23 15:53:41.620 +01:00 [INF] HTTP GET /api/admin/programs/b8976684-96ea-440d-8cd3-db1adaebae47/curricula responded 200 in 15.0850 ms
2026-06-23 15:53:41.623 +01:00 [INF] HTTP GET /api/admin/programs/bf6986da-c275-482e-b5ca-e94b5b2a6fec/curricula responded 200 in 13.9827 ms
2026-06-23 15:53:41.624 +01:00 [INF] HTTP GET /api/admin/programs/1e99fb97-7c53-4c22-9975-eeebf693bef0/curricula responded 200 in 14.4253 ms
2026-06-23 15:53:41.625 +01:00 [INF] HTTP GET /api/admin/programs/302cd18f-647b-4c3e-9034-ef8ee6d0390e/curricula responded 200 in 13.1325 ms
2026-06-23 15:53:41.626 +01:00 [INF] HTTP GET /api/admin/programs/729e1de3-50c3-4bb3-b46c-fb90a37dcba2/curricula responded 200 in 12.2913 ms
2026-06-23 15:53:56.676 +01:00 [INF] HTTP OPTIONS /api/admin/programs/6890d4e9-7fa7-4c90-a69c-00b1d40f24ab/enrollments responded 204 in 0.0343 ms
2026-06-23 15:53:56.677 +01:00 [INF] HTTP OPTIONS /api/admin/programs responded 204 in 0.0358 ms
2026-06-23 15:53:56.677 +01:00 [INF] HTTP OPTIONS /api/admin/sessions responded 204 in 0.0060 ms
2026-06-23 15:53:56.677 +01:00 [INF] HTTP OPTIONS /api/admissions/subjects responded 204 in 0.0058 ms
2026-06-23 15:53:56.677 +01:00 [INF] HTTP OPTIONS /api/admin/programs/6890d4e9-7fa7-4c90-a69c-00b1d40f24ab/curricula responded 204 in 0.0051 ms
2026-06-23 15:53:56.697 +01:00 [INF] HTTP GET /api/admin/programs/6890d4e9-7fa7-4c90-a69c-00b1d40f24ab/curricula responded 200 in 16.8106 ms
2026-06-23 15:53:56.699 +01:00 [INF] HTTP GET /api/admin/sessions responded 200 in 17.4746 ms
2026-06-23 15:53:56.700 +01:00 [INF] Initializing Entra ID Service with TenantId: c9a98a3d-152f-4eb3-b93f-9b26fdd08495, ClientId: 84022968-6bdc-4c6b-8eab-57b75fa5d0b1, Domain: wigweuniversity.edu.ng
2026-06-23 15:53:56.700 +01:00 [INF] Entra ID Service initialized successfully
2026-06-23 15:53:56.703 +01:00 [INF] HTTP GET /api/admissions/subjects responded 200 in 22.7444 ms
2026-06-23 15:53:56.705 +01:00 [INF] HTTP GET /api/admin/programs/6890d4e9-7fa7-4c90-a69c-00b1d40f24ab/enrollments responded 200 in 26.7260 ms
2026-06-23 15:53:56.709 +01:00 [INF] HTTP GET /api/admin/programs responded 200 in 31.1739 ms
2026-06-23 15:53:56.713 +01:00 [INF] HTTP OPTIONS /api/admin/courses responded 204 in 0.0220 ms
2026-06-23 15:53:56.728 +01:00 [INF] HTTP GET /api/admin/programs/6890d4e9-7fa7-4c90-a69c-00b1d40f24ab/curricula responded 200 in 14.5705 ms
2026-06-23 15:53:56.729 +01:00 [INF] HTTP GET /api/admin/sessions responded 200 in 16.3979 ms
2026-06-23 15:53:56.729 +01:00 [INF] HTTP OPTIONS /api/admin/curricula/e22b1c74-7fa6-44a5-9382-d400bffece96 responded 204 in 0.0158 ms
2026-06-23 15:53:56.744 +01:00 [INF] HTTP GET /api/admin/curricula/e22b1c74-7fa6-44a5-9382-d400bffece96 responded 200 in 14.1288 ms
2026-06-23 15:53:56.747 +01:00 [INF] HTTP OPTIONS /api/admin/curricula/e22b1c74-7fa6-44a5-9382-d400bffece96/history responded 204 in 0.0270 ms
2026-06-23 15:53:56.761 +01:00 [INF] HTTP GET /api/admin/curricula/e22b1c74-7fa6-44a5-9382-d400bffece96/history responded 200 in 13.2345 ms
2026-06-23 15:53:56.765 +01:00 [INF] HTTP GET /api/admin/courses responded 200 in 51.1273 ms
2026-06-23 15:54:01.573 +01:00 [INF] HTTP GET /api/admin/programs/6890d4e9-7fa7-4c90-a69c-00b1d40f24ab/curricula responded 200 in 22.5318 ms
2026-06-23 15:54:01.575 +01:00 [INF] HTTP GET /api/admin/sessions responded 200 in 24.9985 ms
2026-06-23 15:54:01.590 +01:00 [INF] HTTP GET /api/admin/curricula/e22b1c74-7fa6-44a5-9382-d400bffece96 responded 200 in 14.3173 ms
2026-06-23 15:54:01.604 +01:00 [INF] HTTP GET /api/admin/curricula/e22b1c74-7fa6-44a5-9382-d400bffece96/history responded 200 in 12.6412 ms
2026-06-23 15:54:01.617 +01:00 [INF] HTTP GET /api/admin/courses responded 200 in 60.6004 ms
2026-06-23 15:54:18.239 +01:00 [INF] HTTP OPTIONS /api/admin/programs/6890d4e9-7fa7-4c90-a69c-00b1d40f24ab/curricula responded 204 in 0.1307 ms
2026-06-23 15:54:18.239 +01:00 [INF] HTTP OPTIONS /api/admin/sessions responded 204 in 0.0057 ms
2026-06-23 15:54:18.240 +01:00 [INF] HTTP OPTIONS /api/admin/courses responded 204 in 0.0061 ms
2026-06-23 15:54:18.254 +01:00 [INF] HTTP GET /api/admin/programs/6890d4e9-7fa7-4c90-a69c-00b1d40f24ab/curricula responded 200 in 13.4300 ms
2026-06-23 15:54:18.256 +01:00 [INF] HTTP GET /api/admin/sessions responded 200 in 14.3905 ms
2026-06-23 15:54:18.256 +01:00 [INF] HTTP OPTIONS /api/admin/curricula/e22b1c74-7fa6-44a5-9382-d400bffece96 responded 204 in 0.0158 ms
2026-06-23 15:54:18.268 +01:00 [INF] HTTP GET /api/admin/curricula/e22b1c74-7fa6-44a5-9382-d400bffece96 responded 200 in 11.8280 ms
2026-06-23 15:54:18.270 +01:00 [INF] HTTP OPTIONS /api/admin/curricula/e22b1c74-7fa6-44a5-9382-d400bffece96/history responded 204 in 0.0173 ms
2026-06-23 15:54:18.280 +01:00 [INF] HTTP GET /api/admin/curricula/e22b1c74-7fa6-44a5-9382-d400bffece96/history responded 200 in 10.0507 ms
2026-06-23 15:54:18.333 +01:00 [INF] HTTP GET /api/admin/courses responded 200 in 91.8658 ms
2026-06-23 15:58:25.582 +01:00 [INF] HTTP OPTIONS /api/me responded 204 in 0.1378 ms
2026-06-23 15:58:25.604 +01:00 [INF] HTTP GET /api/me responded 200 in 20.9269 ms
2026-06-23 15:58:25.642 +01:00 [INF] HTTP OPTIONS /api/admin/programs responded 204 in 0.0628 ms
2026-06-23 15:58:25.642 +01:00 [INF] HTTP OPTIONS /api/admin/programs/6890d4e9-7fa7-4c90-a69c-00b1d40f24ab/enrollments responded 204 in 0.0086 ms
2026-06-23 15:58:25.642 +01:00 [INF] HTTP OPTIONS /api/admin/sessions responded 204 in 0.0038 ms
2026-06-23 15:58:25.642 +01:00 [INF] HTTP OPTIONS /api/admin/programs/6890d4e9-7fa7-4c90-a69c-00b1d40f24ab/curricula responded 204 in 0.0053 ms
2026-06-23 15:58:25.642 +01:00 [INF] HTTP OPTIONS /api/admissions/subjects responded 204 in 0.0058 ms
2026-06-23 15:58:25.655 +01:00 [INF] HTTP OPTIONS /api/notifications/push/public-key responded 204 in 0.0190 ms
2026-06-23 15:58:25.664 +01:00 [INF] HTTP GET /api/admin/programs/6890d4e9-7fa7-4c90-a69c-00b1d40f24ab/enrollments responded 200 in 21.0514 ms
2026-06-23 15:58:25.667 +01:00 [INF] HTTP GET /api/admin/programs responded 200 in 24.8177 ms
2026-06-23 15:58:25.669 +01:00 [INF] Initializing Entra ID Service with TenantId: c9a98a3d-152f-4eb3-b93f-9b26fdd08495, ClientId: 84022968-6bdc-4c6b-8eab-57b75fa5d0b1, Domain: wigweuniversity.edu.ng
2026-06-23 15:58:25.670 +01:00 [INF] Entra ID Service initialized successfully
2026-06-23 15:58:25.677 +01:00 [INF] HTTP OPTIONS /api/admin/courses responded 204 in 0.0255 ms
2026-06-23 15:58:25.679 +01:00 [INF] HTTP GET /api/admissions/subjects responded 200 in 35.8589 ms
2026-06-23 15:58:25.681 +01:00 [INF] HTTP GET /api/admin/sessions responded 200 in 37.6868 ms
2026-06-23 15:58:25.683 +01:00 [WRN] VAPID Keys not fully configured. Using auto-generated fallback keys. PUBLIC KEY: BEMfoXUqwUl1RZmWaGSVaLn3B5ojLLLqZKtP6GSgEmCHwFvc8b6uP3pgAZKb-StMuVvl8A89xdvVOOWFRaXBU38
2026-06-23 15:58:25.683 +01:00 [INF] HTTP GET /api/notifications/push/public-key responded 200 in 27.3097 ms
2026-06-23 15:58:25.684 +01:00 [INF] HTTP GET /api/admin/programs/6890d4e9-7fa7-4c90-a69c-00b1d40f24ab/curricula responded 200 in 40.6668 ms
2026-06-23 15:58:25.686 +01:00 [INF] HTTP OPTIONS /api/notifications/push/subscribe responded 204 in 0.0174 ms
2026-06-23 15:58:25.693 +01:00 [INF] HTTP GET /api/admin/sessions responded 200 in 11.8556 ms
2026-06-23 15:58:25.695 +01:00 [WRN] VAPID Keys not fully configured. Using auto-generated fallback keys. PUBLIC KEY: BEMfoXUqwUl1RZmWaGSVaLn3B5ojLLLqZKtP6GSgEmCHwFvc8b6uP3pgAZKb-StMuVvl8A89xdvVOOWFRaXBU38
2026-06-23 15:58:25.695 +01:00 [INF] HTTP GET /api/admin/programs/6890d4e9-7fa7-4c90-a69c-00b1d40f24ab/curricula responded 200 in 10.8370 ms
2026-06-23 15:58:25.697 +01:00 [INF] HTTP OPTIONS /api/admin/curricula/e22b1c74-7fa6-44a5-9382-d400bffece96 responded 204 in 0.0376 ms
2026-06-23 15:58:25.709 +01:00 [INF] HTTP POST /api/notifications/push/subscribe responded 200 in 22.2988 ms
2026-06-23 15:58:25.714 +01:00 [INF] HTTP GET /api/admin/curricula/e22b1c74-7fa6-44a5-9382-d400bffece96 responded 200 in 15.4790 ms
2026-06-23 15:58:25.716 +01:00 [INF] HTTP OPTIONS /api/admin/curricula/e22b1c74-7fa6-44a5-9382-d400bffece96/history responded 204 in 0.0224 ms
2026-06-23 15:58:25.723 +01:00 [INF] HTTP GET /api/admin/courses responded 200 in 44.3305 ms
2026-06-23 15:58:25.725 +01:00 [INF] HTTP GET /api/admin/curricula/e22b1c74-7fa6-44a5-9382-d400bffece96/history responded 200 in 9.1537 ms
2026-06-23 15:58:38.012 +01:00 [INF] HTTP OPTIONS /api/me responded 204 in 0.0247 ms
2026-06-23 15:58:38.027 +01:00 [INF] HTTP GET /api/me responded 200 in 15.3454 ms
2026-06-23 15:58:38.051 +01:00 [INF] HTTP OPTIONS /api/admin/programs/6890d4e9-7fa7-4c90-a69c-00b1d40f24ab/enrollments responded 204 in 0.0210 ms
2026-06-23 15:58:38.051 +01:00 [INF] HTTP OPTIONS /api/admin/programs responded 204 in 0.0220 ms
2026-06-23 15:58:38.051 +01:00 [INF] HTTP OPTIONS /api/admin/sessions responded 204 in 0.0049 ms
2026-06-23 15:58:38.051 +01:00 [INF] HTTP OPTIONS /api/admin/programs/6890d4e9-7fa7-4c90-a69c-00b1d40f24ab/curricula responded 204 in 0.0066 ms
2026-06-23 15:58:38.051 +01:00 [INF] HTTP OPTIONS /api/admissions/subjects responded 204 in 0.0193 ms
2026-06-23 15:58:38.066 +01:00 [INF] HTTP OPTIONS /api/notifications/push/public-key responded 204 in 0.0184 ms
2026-06-23 15:58:38.069 +01:00 [INF] HTTP GET /api/admin/programs/6890d4e9-7fa7-4c90-a69c-00b1d40f24ab/curricula responded 200 in 15.4560 ms
2026-06-23 15:58:38.070 +01:00 [INF] HTTP GET /api/admin/sessions responded 200 in 18.0567 ms
2026-06-23 15:58:38.072 +01:00 [INF] Initializing Entra ID Service with TenantId: c9a98a3d-152f-4eb3-b93f-9b26fdd08495, ClientId: 84022968-6bdc-4c6b-8eab-57b75fa5d0b1, Domain: wigweuniversity.edu.ng
2026-06-23 15:58:38.073 +01:00 [INF] Entra ID Service initialized successfully
2026-06-23 15:58:38.074 +01:00 [INF] HTTP GET /api/admissions/subjects responded 200 in 20.9529 ms
2026-06-23 15:58:38.075 +01:00 [INF] HTTP GET /api/admin/programs responded 200 in 22.6787 ms
2026-06-23 15:58:38.076 +01:00 [INF] HTTP GET /api/admin/programs/6890d4e9-7fa7-4c90-a69c-00b1d40f24ab/enrollments responded 200 in 24.2469 ms
2026-06-23 15:58:38.078 +01:00 [WRN] VAPID Keys not fully configured. Using auto-generated fallback keys. PUBLIC KEY: BEMfoXUqwUl1RZmWaGSVaLn3B5ojLLLqZKtP6GSgEmCHwFvc8b6uP3pgAZKb-StMuVvl8A89xdvVOOWFRaXBU38
2026-06-23 15:58:38.078 +01:00 [INF] HTTP GET /api/notifications/push/public-key responded 200 in 11.8952 ms
2026-06-23 15:58:38.080 +01:00 [INF] HTTP OPTIONS /api/admin/courses responded 204 in 0.0076 ms
2026-06-23 15:58:38.084 +01:00 [INF] HTTP OPTIONS /api/notifications/push/subscribe responded 204 in 0.0228 ms
2026-06-23 15:58:38.095 +01:00 [INF] HTTP GET /api/admin/sessions responded 200 in 15.6409 ms
2026-06-23 15:58:38.095 +01:00 [INF] HTTP GET /api/admin/programs/6890d4e9-7fa7-4c90-a69c-00b1d40f24ab/curricula responded 200 in 15.6265 ms
2026-06-23 15:58:38.097 +01:00 [INF] HTTP OPTIONS /api/admin/curricula/e22b1c74-7fa6-44a5-9382-d400bffece96 responded 204 in 0.0181 ms
2026-06-23 15:58:38.100 +01:00 [WRN] VAPID Keys not fully configured. Using auto-generated fallback keys. PUBLIC KEY: BEMfoXUqwUl1RZmWaGSVaLn3B5ojLLLqZKtP6GSgEmCHwFvc8b6uP3pgAZKb-StMuVvl8A89xdvVOOWFRaXBU38
2026-06-23 15:58:38.109 +01:00 [INF] HTTP POST /api/notifications/push/subscribe responded 200 in 23.8130 ms
2026-06-23 15:58:38.110 +01:00 [INF] HTTP GET /api/admin/curricula/e22b1c74-7fa6-44a5-9382-d400bffece96 responded 200 in 12.6501 ms
2026-06-23 15:58:38.112 +01:00 [INF] HTTP OPTIONS /api/admin/curricula/e22b1c74-7fa6-44a5-9382-d400bffece96/history responded 204 in 0.0198 ms
2026-06-23 15:58:38.123 +01:00 [INF] HTTP GET /api/admin/curricula/e22b1c74-7fa6-44a5-9382-d400bffece96/history responded 200 in 10.7063 ms
2026-06-23 15:58:38.126 +01:00 [INF] HTTP GET /api/admin/courses responded 200 in 45.7603 ms
2026-06-23 15:59:22.033 +01:00 [INF] HTTP OPTIONS /api/admin/students responded 204 in 0.1260 ms
2026-06-23 15:59:22.142 +01:00 [INF] HTTP GET /api/admin/students responded 200 in 106.3686 ms
2026-06-23 15:59:35.496 +01:00 [INF] HTTP OPTIONS /api/admin/programs/enroll responded 204 in 0.0435 ms
2026-06-23 15:59:35.604 +01:00 [INF] HTTP POST /api/admin/programs/enroll responded 200 in 106.8932 ms
2026-06-23 15:59:35.607 +01:00 [INF] HTTP OPTIONS /api/admin/sessions responded 204 in 0.0185 ms
2026-06-23 15:59:35.607 +01:00 [INF] HTTP OPTIONS /api/admin/programs/6890d4e9-7fa7-4c90-a69c-00b1d40f24ab/enrollments responded 204 in 0.0180 ms
2026-06-23 15:59:35.607 +01:00 [INF] HTTP OPTIONS /api/admin/programs responded 204 in 0.0070 ms
2026-06-23 15:59:35.624 +01:00 [INF] HTTP GET /api/admin/programs responded 200 in 15.9890 ms
2026-06-23 15:59:35.632 +01:00 [INF] HTTP GET /api/admin/sessions responded 200 in 23.9155 ms
2026-06-23 15:59:35.654 +01:00 [INF] HTTP GET /api/admin/programs/6890d4e9-7fa7-4c90-a69c-00b1d40f24ab/enrollments responded 200 in 45.7674 ms
2026-06-23 15:59:58.147 +01:00 [INF] HTTP OPTIONS /api/admin/users responded 204 in 0.0715 ms
2026-06-23 15:59:58.188 +01:00 [INF] HTTP GET /api/admin/users responded 200 in 37.8846 ms
2026-06-23 16:00:04.543 +01:00 [INF] HTTP OPTIONS /api/admin/users responded 204 in 0.0941 ms
2026-06-23 16:00:04.658 +01:00 [INF] HTTP GET /api/admin/users responded 200 in 111.2868 ms
2026-06-23 16:00:13.500 +01:00 [INF] HTTP OPTIONS /api/auth/switch-user-by-oid responded 204 in 0.1223 ms
2026-06-23 16:00:13.555 +01:00 [INF] HTTP POST /api/auth/switch-user-by-oid responded 200 in 52.3180 ms
2026-06-23 16:00:13.557 +01:00 [INF] HTTP OPTIONS /api/me responded 204 in 0.0190 ms
2026-06-23 16:00:13.571 +01:00 [INF] HTTP GET /api/me responded 200 in 13.3967 ms
2026-06-23 16:00:20.149 +01:00 [ERR] Failed executing DbCommand (3ms) [Parameters=[], CommandType='"Text"', CommandTimeout='30']
SELECT [c].[Id], [c].[CourseOfferingId], [c].[CreatedById], [c].[DroppedAtUtc], [c].[RegisteredAtUtc], [c].[Status], [c].[StudentId], [c].[UpdatedById], [c0].[Id], [c0].[AcademicSessionId], [c0].[CourseId], [c0].[CurriculumId], [c0].[LecturerId], [c0].[LevelId], [c0].[ProgramId], [c0].[Semester], [c1].[Id], [c1].[Code], [c1].[CreditUnits], [c1].[Description], [c1].[IsActive], [c1].[LectureHours], [c1].[LevelId], [c1].[PracticalHours], [c1].[ProgramId], [c1].[Semester], [c1].[Title]
FROM [CourseEnrollments] AS [c]
INNER JOIN [CourseOfferings] AS [c0] ON [c].[CourseOfferingId] = [c0].[Id]
INNER JOIN [Courses] AS [c1] ON [c0].[CourseId] = [c1].[Id]
WHERE 0 = 1
2026-06-23 16:00:20.150 +01:00 [ERR] An exception occurred while iterating over the results of a query for context type 'LMS.Api.Data.LmsDbContext'.
Microsoft.Data.SqlClient.SqlException (0x80131904): Invalid object name 'CourseEnrollments'.
   at System.Threading.Tasks.ContinuationResultTaskFromResultTask`2.InnerInvoke()
   at System.Threading.ExecutionContext.RunInternal(ExecutionContext executionContext, ContextCallback callback, Object state)
--- End of stack trace from previous location ---
   at System.Threading.ExecutionContext.RunInternal(ExecutionContext executionContext, ContextCallback callback, Object state)
   at System.Threading.Tasks.Task.ExecuteWithThreadLocal(Task& currentTaskSlot, Thread threadPoolThread)
--- End of stack trace from previous location ---
   at Microsoft.EntityFrameworkCore.Storage.RelationalCommand.ExecuteReaderAsync(RelationalCommandParameterObject parameterObject, CancellationToken cancellationToken)
   at Microsoft.EntityFrameworkCore.Storage.RelationalCommand.ExecuteReaderAsync(RelationalCommandParameterObject parameterObject, CancellationToken cancellationToken)
   at Microsoft.EntityFrameworkCore.Query.Internal.SingleQueryingEnumerable`1.AsyncEnumerator.InitializeReaderAsync(AsyncEnumerator enumerator, CancellationToken cancellationToken)
   at Microsoft.EntityFrameworkCore.Storage.ExecutionStrategy.<>c__DisplayClass30_0`2.<<ExecuteAsync>b__0>d.MoveNext()
--- End of stack trace from previous location ---
   at Microsoft.EntityFrameworkCore.Storage.ExecutionStrategy.ExecuteImplementationAsync[TState,TResult](Func`4 operation, Func`4 verifySucceeded, TState state, CancellationToken cancellationToken)
   at Microsoft.EntityFrameworkCore.Storage.ExecutionStrategy.ExecuteImplementationAsync[TState,TResult](Func`4 operation, Func`4 verifySucceeded, TState state, CancellationToken cancellationToken)
   at Microsoft.EntityFrameworkCore.Storage.ExecutionStrategy.ExecuteAsync[TState,TResult](TState state, Func`4 operation, Func`4 verifySucceeded, CancellationToken cancellationToken)
   at Microsoft.EntityFrameworkCore.Query.Internal.SingleQueryingEnumerable`1.AsyncEnumerator.MoveNextAsync()
ClientConnectionId:6f43d53f-7e5e-4e69-ba3e-34abe0c9bf1a
Error Number:208,State:1,Class:16
Microsoft.Data.SqlClient.SqlException (0x80131904): Invalid object name 'CourseEnrollments'.
   at System.Threading.Tasks.ContinuationResultTaskFromResultTask`2.InnerInvoke()
   at System.Threading.ExecutionContext.RunInternal(ExecutionContext executionContext, ContextCallback callback, Object state)
--- End of stack trace from previous location ---
   at System.Threading.ExecutionContext.RunInternal(ExecutionContext executionContext, ContextCallback callback, Object state)
   at System.Threading.Tasks.Task.ExecuteWithThreadLocal(Task& currentTaskSlot, Thread threadPoolThread)
--- End of stack trace from previous location ---
   at Microsoft.EntityFrameworkCore.Storage.RelationalCommand.ExecuteReaderAsync(RelationalCommandParameterObject parameterObject, CancellationToken cancellationToken)
   at Microsoft.EntityFrameworkCore.Storage.RelationalCommand.ExecuteReaderAsync(RelationalCommandParameterObject parameterObject, CancellationToken cancellationToken)
   at Microsoft.EntityFrameworkCore.Query.Internal.SingleQueryingEnumerable`1.AsyncEnumerator.InitializeReaderAsync(AsyncEnumerator enumerator, CancellationToken cancellationToken)
   at Microsoft.EntityFrameworkCore.Storage.ExecutionStrategy.<>c__DisplayClass30_0`2.<<ExecuteAsync>b__0>d.MoveNext()
--- End of stack trace from previous location ---
   at Microsoft.EntityFrameworkCore.Storage.ExecutionStrategy.ExecuteImplementationAsync[TState,TResult](Func`4 operation, Func`4 verifySucceeded, TState state, CancellationToken cancellationToken)
   at Microsoft.EntityFrameworkCore.Storage.ExecutionStrategy.ExecuteImplementationAsync[TState,TResult](Func`4 operation, Func`4 verifySucceeded, TState state, CancellationToken cancellationToken)
   at Microsoft.EntityFrameworkCore.Storage.ExecutionStrategy.ExecuteAsync[TState,TResult](TState state, Func`4 operation, Func`4 verifySucceeded, CancellationToken cancellationToken)
   at Microsoft.EntityFrameworkCore.Query.Internal.SingleQueryingEnumerable`1.AsyncEnumerator.MoveNextAsync()
ClientConnectionId:6f43d53f-7e5e-4e69-ba3e-34abe0c9bf1a
Error Number:208,State:1,Class:16
2026-06-23 16:00:20.150 +01:00 [ERR] An unhandled exception has occurred while executing the request.
Microsoft.Data.SqlClient.SqlException (0x80131904): Invalid object name 'CourseEnrollments'.
   at System.Threading.Tasks.ContinuationResultTaskFromResultTask`2.InnerInvoke()
   at System.Threading.ExecutionContext.RunInternal(ExecutionContext executionContext, ContextCallback callback, Object state)
--- End of stack trace from previous location ---
   at System.Threading.ExecutionContext.RunInternal(ExecutionContext executionContext, ContextCallback callback, Object state)
   at System.Threading.Tasks.Task.ExecuteWithThreadLocal(Task& currentTaskSlot, Thread threadPoolThread)
--- End of stack trace from previous location ---
   at Microsoft.EntityFrameworkCore.Storage.RelationalCommand.ExecuteReaderAsync(RelationalCommandParameterObject parameterObject, CancellationToken cancellationToken)
   at Microsoft.EntityFrameworkCore.Storage.RelationalCommand.ExecuteReaderAsync(RelationalCommandParameterObject parameterObject, CancellationToken cancellationToken)
   at Microsoft.EntityFrameworkCore.Query.Internal.SingleQueryingEnumerable`1.AsyncEnumerator.InitializeReaderAsync(AsyncEnumerator enumerator, CancellationToken cancellationToken)
   at Microsoft.EntityFrameworkCore.Storage.ExecutionStrategy.<>c__DisplayClass30_0`2.<<ExecuteAsync>b__0>d.MoveNext()
--- End of stack trace from previous location ---
   at Microsoft.EntityFrameworkCore.Storage.ExecutionStrategy.ExecuteImplementationAsync[TState,TResult](Func`4 operation, Func`4 verifySucceeded, TState state, CancellationToken cancellationToken)
   at Microsoft.EntityFrameworkCore.Storage.ExecutionStrategy.ExecuteImplementationAsync[TState,TResult](Func`4 operation, Func`4 verifySucceeded, TState state, CancellationToken cancellationToken)
   at Microsoft.EntityFrameworkCore.Storage.ExecutionStrategy.ExecuteAsync[TState,TResult](TState state, Func`4 operation, Func`4 verifySucceeded, CancellationToken cancellationToken)
   at Microsoft.EntityFrameworkCore.Query.Internal.SingleQueryingEnumerable`1.AsyncEnumerator.MoveNextAsync()
   at Microsoft.EntityFrameworkCore.EntityFrameworkQueryableExtensions.ToListAsync[TSource](IQueryable`1 source, CancellationToken cancellationToken)
   at Microsoft.EntityFrameworkCore.EntityFrameworkQueryableExtensions.ToListAsync[TSource](IQueryable`1 source, CancellationToken cancellationToken)
   at LMS.Api.Services.RegistrationService.GetRegistrationSummaryAsync(Guid studentId, CancellationToken ct)
   at LMS.Api.Endpoints.SelfService.GetRegistrationSummaryEndpoint.HandleAsync(CancellationToken ct)
   at FastEndpoints.Endpoint`2.ExecAsync(CancellationToken ct)
   at FastEndpoints.Endpoint`2.ExecAsync(CancellationToken ct)
   at Microsoft.AspNetCore.Authorization.AuthorizationMiddleware.Invoke(HttpContext context)
   at LMS.Api.Security.UserProvisioningMiddleware.InvokeAsync(HttpContext context, LmsDbContext dbContext, IConfiguration configuration)
   at LMS.Api.Security.ApiReplayPreventionMiddleware.InvokeAsync(HttpContext context)
   at Microsoft.AspNetCore.Authentication.AuthenticationMiddleware.Invoke(HttpContext context)
   at Microsoft.AspNetCore.Diagnostics.StatusCodePagesMiddleware.Invoke(HttpContext context)
   at Microsoft.AspNetCore.Diagnostics.ExceptionHandlerMiddlewareImpl.<Invoke>g__Awaited|10_0(ExceptionHandlerMiddlewareImpl middleware, HttpContext context, Task task)
ClientConnectionId:6f43d53f-7e5e-4e69-ba3e-34abe0c9bf1a
Error Number:208,State:1,Class:16
2026-06-23 16:00:20.153 +01:00 [ERR] HTTP GET /api/self-service/registration-summary responded 500 in 137.5915 ms
2026-06-23 16:00:28.842 +01:00 [ERR] Failed executing DbCommand (2ms) [Parameters=[], CommandType='"Text"', CommandTimeout='30']
SELECT [c].[Id], [c].[CourseOfferingId], [c].[CreatedById], [c].[DroppedAtUtc], [c].[RegisteredAtUtc], [c].[Status], [c].[StudentId], [c].[UpdatedById], [c0].[Id], [c0].[AcademicSessionId], [c0].[CourseId], [c0].[CurriculumId], [c0].[LecturerId], [c0].[LevelId], [c0].[ProgramId], [c0].[Semester], [c1].[Id], [c1].[Code], [c1].[CreditUnits], [c1].[Description], [c1].[IsActive], [c1].[LectureHours], [c1].[LevelId], [c1].[PracticalHours], [c1].[ProgramId], [c1].[Semester], [c1].[Title]
FROM [CourseEnrollments] AS [c]
INNER JOIN [CourseOfferings] AS [c0] ON [c].[CourseOfferingId] = [c0].[Id]
INNER JOIN [Courses] AS [c1] ON [c0].[CourseId] = [c1].[Id]
WHERE 0 = 1
2026-06-23 16:00:28.843 +01:00 [ERR] An exception occurred while iterating over the results of a query for context type 'LMS.Api.Data.LmsDbContext'.
Microsoft.Data.SqlClient.SqlException (0x80131904): Invalid object name 'CourseEnrollments'.
   at System.Threading.Tasks.ContinuationResultTaskFromResultTask`2.InnerInvoke()
   at System.Threading.ExecutionContext.RunInternal(ExecutionContext executionContext, ContextCallback callback, Object state)
--- End of stack trace from previous location ---
   at System.Threading.ExecutionContext.RunInternal(ExecutionContext executionContext, ContextCallback callback, Object state)
   at System.Threading.Tasks.Task.ExecuteWithThreadLocal(Task& currentTaskSlot, Thread threadPoolThread)
--- End of stack trace from previous location ---
   at Microsoft.EntityFrameworkCore.Storage.RelationalCommand.ExecuteReaderAsync(RelationalCommandParameterObject parameterObject, CancellationToken cancellationToken)
   at Microsoft.EntityFrameworkCore.Storage.RelationalCommand.ExecuteReaderAsync(RelationalCommandParameterObject parameterObject, CancellationToken cancellationToken)
   at Microsoft.EntityFrameworkCore.Query.Internal.SingleQueryingEnumerable`1.AsyncEnumerator.InitializeReaderAsync(AsyncEnumerator enumerator, CancellationToken cancellationToken)
   at Microsoft.EntityFrameworkCore.Storage.ExecutionStrategy.<>c__DisplayClass30_0`2.<<ExecuteAsync>b__0>d.MoveNext()
--- End of stack trace from previous location ---
   at Microsoft.EntityFrameworkCore.Storage.ExecutionStrategy.ExecuteImplementationAsync[TState,TResult](Func`4 operation, Func`4 verifySucceeded, TState state, CancellationToken cancellationToken)
   at Microsoft.EntityFrameworkCore.Storage.ExecutionStrategy.ExecuteImplementationAsync[TState,TResult](Func`4 operation, Func`4 verifySucceeded, TState state, CancellationToken cancellationToken)
   at Microsoft.EntityFrameworkCore.Storage.ExecutionStrategy.ExecuteAsync[TState,TResult](TState state, Func`4 operation, Func`4 verifySucceeded, CancellationToken cancellationToken)
   at Microsoft.EntityFrameworkCore.Query.Internal.SingleQueryingEnumerable`1.AsyncEnumerator.MoveNextAsync()
ClientConnectionId:6f43d53f-7e5e-4e69-ba3e-34abe0c9bf1a
Error Number:208,State:1,Class:16
Microsoft.Data.SqlClient.SqlException (0x80131904): Invalid object name 'CourseEnrollments'.
   at System.Threading.Tasks.ContinuationResultTaskFromResultTask`2.InnerInvoke()
   at System.Threading.ExecutionContext.RunInternal(ExecutionContext executionContext, ContextCallback callback, Object state)
--- End of stack trace from previous location ---
   at System.Threading.ExecutionContext.RunInternal(ExecutionContext executionContext, ContextCallback callback, Object state)
   at System.Threading.Tasks.Task.ExecuteWithThreadLocal(Task& currentTaskSlot, Thread threadPoolThread)
--- End of stack trace from previous location ---
   at Microsoft.EntityFrameworkCore.Storage.RelationalCommand.ExecuteReaderAsync(RelationalCommandParameterObject parameterObject, CancellationToken cancellationToken)
   at Microsoft.EntityFrameworkCore.Storage.RelationalCommand.ExecuteReaderAsync(RelationalCommandParameterObject parameterObject, CancellationToken cancellationToken)
   at Microsoft.EntityFrameworkCore.Query.Internal.SingleQueryingEnumerable`1.AsyncEnumerator.InitializeReaderAsync(AsyncEnumerator enumerator, CancellationToken cancellationToken)
   at Microsoft.EntityFrameworkCore.Storage.ExecutionStrategy.<>c__DisplayClass30_0`2.<<ExecuteAsync>b__0>d.MoveNext()
--- End of stack trace from previous location ---
   at Microsoft.EntityFrameworkCore.Storage.ExecutionStrategy.ExecuteImplementationAsync[TState,TResult](Func`4 operation, Func`4 verifySucceeded, TState state, CancellationToken cancellationToken)
   at Microsoft.EntityFrameworkCore.Storage.ExecutionStrategy.ExecuteImplementationAsync[TState,TResult](Func`4 operation, Func`4 verifySucceeded, TState state, CancellationToken cancellationToken)
   at Microsoft.EntityFrameworkCore.Storage.ExecutionStrategy.ExecuteAsync[TState,TResult](TState state, Func`4 operation, Func`4 verifySucceeded, CancellationToken cancellationToken)
   at Microsoft.EntityFrameworkCore.Query.Internal.SingleQueryingEnumerable`1.AsyncEnumerator.MoveNextAsync()
ClientConnectionId:6f43d53f-7e5e-4e69-ba3e-34abe0c9bf1a
Error Number:208,State:1,Class:16
2026-06-23 16:00:28.844 +01:00 [ERR] An unhandled exception has occurred while executing the request.
Microsoft.Data.SqlClient.SqlException (0x80131904): Invalid object name 'CourseEnrollments'.
   at System.Threading.Tasks.ContinuationResultTaskFromResultTask`2.InnerInvoke()
   at System.Threading.ExecutionContext.RunInternal(ExecutionContext executionContext, ContextCallback callback, Object state)
--- End of stack trace from previous location ---
   at System.Threading.ExecutionContext.RunInternal(ExecutionContext executionContext, ContextCallback callback, Object state)
   at System.Threading.Tasks.Task.ExecuteWithThreadLocal(Task& currentTaskSlot, Thread threadPoolThread)
--- End of stack trace from previous location ---
   at Microsoft.EntityFrameworkCore.Storage.RelationalCommand.ExecuteReaderAsync(RelationalCommandParameterObject parameterObject, CancellationToken cancellationToken)
   at Microsoft.EntityFrameworkCore.Storage.RelationalCommand.ExecuteReaderAsync(RelationalCommandParameterObject parameterObject, CancellationToken cancellationToken)
   at Microsoft.EntityFrameworkCore.Query.Internal.SingleQueryingEnumerable`1.AsyncEnumerator.InitializeReaderAsync(AsyncEnumerator enumerator, CancellationToken cancellationToken)
   at Microsoft.EntityFrameworkCore.Storage.ExecutionStrategy.<>c__DisplayClass30_0`2.<<ExecuteAsync>b__0>d.MoveNext()
--- End of stack trace from previous location ---
   at Microsoft.EntityFrameworkCore.Storage.ExecutionStrategy.ExecuteImplementationAsync[TState,TResult](Func`4 operation, Func`4 verifySucceeded, TState state, CancellationToken cancellationToken)
   at Microsoft.EntityFrameworkCore.Storage.ExecutionStrategy.ExecuteImplementationAsync[TState,TResult](Func`4 operation, Func`4 verifySucceeded, TState state, CancellationToken cancellationToken)
   at Microsoft.EntityFrameworkCore.Storage.ExecutionStrategy.ExecuteAsync[TState,TResult](TState state, Func`4 operation, Func`4 verifySucceeded, CancellationToken cancellationToken)
   at Microsoft.EntityFrameworkCore.Query.Internal.SingleQueryingEnumerable`1.AsyncEnumerator.MoveNextAsync()
   at Microsoft.EntityFrameworkCore.EntityFrameworkQueryableExtensions.ToListAsync[TSource](IQueryable`1 source, CancellationToken cancellationToken)
   at Microsoft.EntityFrameworkCore.EntityFrameworkQueryableExtensions.ToListAsync[TSource](IQueryable`1 source, CancellationToken cancellationToken)
   at LMS.Api.Services.RegistrationService.GetRegistrationSummaryAsync(Guid studentId, CancellationToken ct)
   at LMS.Api.Endpoints.SelfService.GetRegistrationSummaryEndpoint.HandleAsync(CancellationToken ct)
   at FastEndpoints.Endpoint`2.ExecAsync(CancellationToken ct)
   at FastEndpoints.Endpoint`2.ExecAsync(CancellationToken ct)
   at Microsoft.AspNetCore.Authorization.AuthorizationMiddleware.Invoke(HttpContext context)
   at LMS.Api.Security.UserProvisioningMiddleware.InvokeAsync(HttpContext context, LmsDbContext dbContext, IConfiguration configuration)
   at LMS.Api.Security.ApiReplayPreventionMiddleware.InvokeAsync(HttpContext context)
   at Microsoft.AspNetCore.Authentication.AuthenticationMiddleware.Invoke(HttpContext context)
   at Microsoft.AspNetCore.Diagnostics.StatusCodePagesMiddleware.Invoke(HttpContext context)
   at Microsoft.AspNetCore.Diagnostics.ExceptionHandlerMiddlewareImpl.<Invoke>g__Awaited|10_0(ExceptionHandlerMiddlewareImpl middleware, HttpContext context, Task task)
ClientConnectionId:6f43d53f-7e5e-4e69-ba3e-34abe0c9bf1a
Error Number:208,State:1,Class:16
2026-06-23 16:00:28.844 +01:00 [ERR] HTTP GET /api/self-service/registration-summary responded 500 in 39.4229 ms
2026-06-23 16:00:30.696 +01:00 [INF] HTTP OPTIONS /api/gradebook/my-dashboard responded 204 in 0.0367 ms
2026-06-23 16:00:30.721 +01:00 [ERR] Failed executing DbCommand (2ms) [Parameters=[@userId_Value='?' (DbType = Guid)], CommandType='"Text"', CommandTimeout='30']
SELECT [c].[Id], [c].[CourseOfferingId], [c].[CreatedById], [c].[DroppedAtUtc], [c].[RegisteredAtUtc], [c].[Status], [c].[StudentId], [c].[UpdatedById]
FROM [CourseEnrollments] AS [c]
WHERE [c].[StudentId] = @userId_Value AND [c].[Status] = N'Registered'
2026-06-23 16:00:30.726 +01:00 [ERR] An exception occurred while iterating over the results of a query for context type 'LMS.Api.Data.LmsDbContext'.
Microsoft.Data.SqlClient.SqlException (0x80131904): Invalid object name 'CourseEnrollments'.
   at System.Threading.Tasks.ContinuationResultTaskFromResultTask`2.InnerInvoke()
   at System.Threading.ExecutionContext.RunInternal(ExecutionContext executionContext, ContextCallback callback, Object state)
--- End of stack trace from previous location ---
   at System.Threading.ExecutionContext.RunInternal(ExecutionContext executionContext, ContextCallback callback, Object state)
   at System.Threading.Tasks.Task.ExecuteWithThreadLocal(Task& currentTaskSlot, Thread threadPoolThread)
--- End of stack trace from previous location ---
   at Microsoft.EntityFrameworkCore.Storage.RelationalCommand.ExecuteReaderAsync(RelationalCommandParameterObject parameterObject, CancellationToken cancellationToken)
   at Microsoft.EntityFrameworkCore.Storage.RelationalCommand.ExecuteReaderAsync(RelationalCommandParameterObject parameterObject, CancellationToken cancellationToken)
   at Microsoft.EntityFrameworkCore.Query.Internal.SingleQueryingEnumerable`1.AsyncEnumerator.InitializeReaderAsync(AsyncEnumerator enumerator, CancellationToken cancellationToken)
   at Microsoft.EntityFrameworkCore.Storage.ExecutionStrategy.<>c__DisplayClass30_0`2.<<ExecuteAsync>b__0>d.MoveNext()
--- End of stack trace from previous location ---
   at Microsoft.EntityFrameworkCore.Storage.ExecutionStrategy.ExecuteImplementationAsync[TState,TResult](Func`4 operation, Func`4 verifySucceeded, TState state, CancellationToken cancellationToken)
   at Microsoft.EntityFrameworkCore.Storage.ExecutionStrategy.ExecuteImplementationAsync[TState,TResult](Func`4 operation, Func`4 verifySucceeded, TState state, CancellationToken cancellationToken)
   at Microsoft.EntityFrameworkCore.Storage.ExecutionStrategy.ExecuteAsync[TState,TResult](TState state, Func`4 operation, Func`4 verifySucceeded, CancellationToken cancellationToken)
   at Microsoft.EntityFrameworkCore.Query.Internal.SingleQueryingEnumerable`1.AsyncEnumerator.MoveNextAsync()
ClientConnectionId:431da013-f2c5-484e-8b15-35e19df59ba7
Error Number:208,State:1,Class:16
Microsoft.Data.SqlClient.SqlException (0x80131904): Invalid object name 'CourseEnrollments'.
   at System.Threading.Tasks.ContinuationResultTaskFromResultTask`2.InnerInvoke()
   at System.Threading.ExecutionContext.RunInternal(ExecutionContext executionContext, ContextCallback callback, Object state)
--- End of stack trace from previous location ---
   at System.Threading.ExecutionContext.RunInternal(ExecutionContext executionContext, ContextCallback callback, Object state)
   at System.Threading.Tasks.Task.ExecuteWithThreadLocal(Task& currentTaskSlot, Thread threadPoolThread)
--- End of stack trace from previous location ---
   at Microsoft.EntityFrameworkCore.Storage.RelationalCommand.ExecuteReaderAsync(RelationalCommandParameterObject parameterObject, CancellationToken cancellationToken)
   at Microsoft.EntityFrameworkCore.Storage.RelationalCommand.ExecuteReaderAsync(RelationalCommandParameterObject parameterObject, CancellationToken cancellationToken)
   at Microsoft.EntityFrameworkCore.Query.Internal.SingleQueryingEnumerable`1.AsyncEnumerator.InitializeReaderAsync(AsyncEnumerator enumerator, CancellationToken cancellationToken)
   at Microsoft.EntityFrameworkCore.Storage.ExecutionStrategy.<>c__DisplayClass30_0`2.<<ExecuteAsync>b__0>d.MoveNext()
--- End of stack trace from previous location ---
   at Microsoft.EntityFrameworkCore.Storage.ExecutionStrategy.ExecuteImplementationAsync[TState,TResult](Func`4 operation, Func`4 verifySucceeded, TState state, CancellationToken cancellationToken)
   at Microsoft.EntityFrameworkCore.Storage.ExecutionStrategy.ExecuteImplementationAsync[TState,TResult](Func`4 operation, Func`4 verifySucceeded, TState state, CancellationToken cancellationToken)
   at Microsoft.EntityFrameworkCore.Storage.ExecutionStrategy.ExecuteAsync[TState,TResult](TState state, Func`4 operation, Func`4 verifySucceeded, CancellationToken cancellationToken)
   at Microsoft.EntityFrameworkCore.Query.Internal.SingleQueryingEnumerable`1.AsyncEnumerator.MoveNextAsync()
ClientConnectionId:431da013-f2c5-484e-8b15-35e19df59ba7
Error Number:208,State:1,Class:16
2026-06-23 16:00:30.727 +01:00 [ERR] An unhandled exception has occurred while executing the request.
Microsoft.Data.SqlClient.SqlException (0x80131904): Invalid object name 'CourseEnrollments'.
   at System.Threading.Tasks.ContinuationResultTaskFromResultTask`2.InnerInvoke()
   at System.Threading.ExecutionContext.RunInternal(ExecutionContext executionContext, ContextCallback callback, Object state)
--- End of stack trace from previous location ---
   at System.Threading.ExecutionContext.RunInternal(ExecutionContext executionContext, ContextCallback callback, Object state)
   at System.Threading.Tasks.Task.ExecuteWithThreadLocal(Task& currentTaskSlot, Thread threadPoolThread)
--- End of stack trace from previous location ---
   at Microsoft.EntityFrameworkCore.Storage.RelationalCommand.ExecuteReaderAsync(RelationalCommandParameterObject parameterObject, CancellationToken cancellationToken)
   at Microsoft.EntityFrameworkCore.Storage.RelationalCommand.ExecuteReaderAsync(RelationalCommandParameterObject parameterObject, CancellationToken cancellationToken)
   at Microsoft.EntityFrameworkCore.Query.Internal.SingleQueryingEnumerable`1.AsyncEnumerator.InitializeReaderAsync(AsyncEnumerator enumerator, CancellationToken cancellationToken)
   at Microsoft.EntityFrameworkCore.Storage.ExecutionStrategy.<>c__DisplayClass30_0`2.<<ExecuteAsync>b__0>d.MoveNext()
--- End of stack trace from previous location ---
   at Microsoft.EntityFrameworkCore.Storage.ExecutionStrategy.ExecuteImplementationAsync[TState,TResult](Func`4 operation, Func`4 verifySucceeded, TState state, CancellationToken cancellationToken)
   at Microsoft.EntityFrameworkCore.Storage.ExecutionStrategy.ExecuteImplementationAsync[TState,TResult](Func`4 operation, Func`4 verifySucceeded, TState state, CancellationToken cancellationToken)
   at Microsoft.EntityFrameworkCore.Storage.ExecutionStrategy.ExecuteAsync[TState,TResult](TState state, Func`4 operation, Func`4 verifySucceeded, CancellationToken cancellationToken)
   at Microsoft.EntityFrameworkCore.Query.Internal.SingleQueryingEnumerable`1.AsyncEnumerator.MoveNextAsync()
   at Microsoft.EntityFrameworkCore.EntityFrameworkQueryableExtensions.ToListAsync[TSource](IQueryable`1 source, CancellationToken cancellationToken)
   at Microsoft.EntityFrameworkCore.EntityFrameworkQueryableExtensions.ToListAsync[TSource](IQueryable`1 source, CancellationToken cancellationToken)
   at LMS.Api.Endpoints.Gradebook.GetStudentDashboardEndpoint.HandleAsync(CancellationToken ct)
   at FastEndpoints.Endpoint`2.ExecAsync(CancellationToken ct)
   at FastEndpoints.Endpoint`2.ExecAsync(CancellationToken ct)
   at Microsoft.AspNetCore.Authorization.AuthorizationMiddleware.Invoke(HttpContext context)
   at LMS.Api.Security.UserProvisioningMiddleware.InvokeAsync(HttpContext context, LmsDbContext dbContext, IConfiguration configuration)
   at LMS.Api.Security.ApiReplayPreventionMiddleware.InvokeAsync(HttpContext context)
   at Microsoft.AspNetCore.Authentication.AuthenticationMiddleware.Invoke(HttpContext context)
   at Microsoft.AspNetCore.Diagnostics.StatusCodePagesMiddleware.Invoke(HttpContext context)
   at Microsoft.AspNetCore.Diagnostics.ExceptionHandlerMiddlewareImpl.<Invoke>g__Awaited|10_0(ExceptionHandlerMiddlewareImpl middleware, HttpContext context, Task task)
ClientConnectionId:431da013-f2c5-484e-8b15-35e19df59ba7
Error Number:208,State:1,Class:16
2026-06-23 16:00:30.728 +01:00 [ERR] HTTP GET /api/gradebook/my-dashboard responded 500 in 30.9475 ms
2026-06-23 16:00:30.728 +01:00 [ERR] Failed executing DbCommand (3ms) [Parameters=[@studentId='?' (DbType = Guid), @academicSessionId='?' (DbType = Guid)], CommandType='"Text"', CommandTimeout='30']
SELECT [c].[Id], [c].[CourseOfferingId], [c].[CreatedById], [c].[DroppedAtUtc], [c].[RegisteredAtUtc], [c].[Status], [c].[StudentId], [c].[UpdatedById], [c0].[Id], [c0].[AcademicSessionId], [c0].[CourseId], [c0].[CurriculumId], [c0].[LecturerId], [c0].[LevelId], [c0].[ProgramId], [c0].[Semester], [c1].[Id], [c1].[Code], [c1].[CreditUnits], [c1].[Description], [c1].[IsActive], [c1].[LectureHours], [c1].[LevelId], [c1].[PracticalHours], [c1].[ProgramId], [c1].[Semester], [c1].[Title], [u].[Id], [u].[CreatedUtc], [u].[DisplayName], [u].[Email], [u].[EntraObjectId], [u].[IsActive], [u].[PasswordHash], [u].[UpdatedUtc], [u].[Username]
FROM [CourseEnrollments] AS [c]
INNER JOIN [CourseOfferings] AS [c0] ON [c].[CourseOfferingId] = [c0].[Id]
INNER JOIN [Courses] AS [c1] ON [c0].[CourseId] = [c1].[Id]
LEFT JOIN [Users] AS [u] ON [c0].[LecturerId] = [u].[Id]
WHERE [c].[StudentId] = @studentId AND [c].[Status] = N'Registered' AND [c0].[AcademicSessionId] = @academicSessionId
2026-06-23 16:00:30.728 +01:00 [ERR] An exception occurred while iterating over the results of a query for context type 'LMS.Api.Data.LmsDbContext'.
Microsoft.Data.SqlClient.SqlException (0x80131904): Invalid object name 'CourseEnrollments'.
   at System.Threading.Tasks.ContinuationResultTaskFromResultTask`2.InnerInvoke()
   at System.Threading.ExecutionContext.RunInternal(ExecutionContext executionContext, ContextCallback callback, Object state)
--- End of stack trace from previous location ---
   at System.Threading.ExecutionContext.RunInternal(ExecutionContext executionContext, ContextCallback callback, Object state)
   at System.Threading.Tasks.Task.ExecuteWithThreadLocal(Task& currentTaskSlot, Thread threadPoolThread)
--- End of stack trace from previous location ---
   at Microsoft.EntityFrameworkCore.Storage.RelationalCommand.ExecuteReaderAsync(RelationalCommandParameterObject parameterObject, CancellationToken cancellationToken)
   at Microsoft.EntityFrameworkCore.Storage.RelationalCommand.ExecuteReaderAsync(RelationalCommandParameterObject parameterObject, CancellationToken cancellationToken)
   at Microsoft.EntityFrameworkCore.Query.Internal.SingleQueryingEnumerable`1.AsyncEnumerator.InitializeReaderAsync(AsyncEnumerator enumerator, CancellationToken cancellationToken)
   at Microsoft.EntityFrameworkCore.Storage.ExecutionStrategy.<>c__DisplayClass30_0`2.<<ExecuteAsync>b__0>d.MoveNext()
--- End of stack trace from previous location ---
   at Microsoft.EntityFrameworkCore.Storage.ExecutionStrategy.ExecuteImplementationAsync[TState,TResult](Func`4 operation, Func`4 verifySucceeded, TState state, CancellationToken cancellationToken)
   at Microsoft.EntityFrameworkCore.Storage.ExecutionStrategy.ExecuteImplementationAsync[TState,TResult](Func`4 operation, Func`4 verifySucceeded, TState state, CancellationToken cancellationToken)
   at Microsoft.EntityFrameworkCore.Storage.ExecutionStrategy.ExecuteAsync[TState,TResult](TState state, Func`4 operation, Func`4 verifySucceeded, CancellationToken cancellationToken)
   at Microsoft.EntityFrameworkCore.Query.Internal.SingleQueryingEnumerable`1.AsyncEnumerator.MoveNextAsync()
ClientConnectionId:6f43d53f-7e5e-4e69-ba3e-34abe0c9bf1a
Error Number:208,State:1,Class:16
Microsoft.Data.SqlClient.SqlException (0x80131904): Invalid object name 'CourseEnrollments'.
   at System.Threading.Tasks.ContinuationResultTaskFromResultTask`2.InnerInvoke()
   at System.Threading.ExecutionContext.RunInternal(ExecutionContext executionContext, ContextCallback callback, Object state)
--- End of stack trace from previous location ---
   at System.Threading.ExecutionContext.RunInternal(ExecutionContext executionContext, ContextCallback callback, Object state)
   at System.Threading.Tasks.Task.ExecuteWithThreadLocal(Task& currentTaskSlot, Thread threadPoolThread)
--- End of stack trace from previous location ---
   at Microsoft.EntityFrameworkCore.Storage.RelationalCommand.ExecuteReaderAsync(RelationalCommandParameterObject parameterObject, CancellationToken cancellationToken)
   at Microsoft.EntityFrameworkCore.Storage.RelationalCommand.ExecuteReaderAsync(RelationalCommandParameterObject parameterObject, CancellationToken cancellationToken)
   at Microsoft.EntityFrameworkCore.Query.Internal.SingleQueryingEnumerable`1.AsyncEnumerator.InitializeReaderAsync(AsyncEnumerator enumerator, CancellationToken cancellationToken)
   at Microsoft.EntityFrameworkCore.Storage.ExecutionStrategy.<>c__DisplayClass30_0`2.<<ExecuteAsync>b__0>d.MoveNext()
--- End of stack trace from previous location ---
   at Microsoft.EntityFrameworkCore.Storage.ExecutionStrategy.ExecuteImplementationAsync[TState,TResult](Func`4 operation, Func`4 verifySucceeded, TState state, CancellationToken cancellationToken)
   at Microsoft.EntityFrameworkCore.Storage.ExecutionStrategy.ExecuteImplementationAsync[TState,TResult](Func`4 operation, Func`4 verifySucceeded, TState state, CancellationToken cancellationToken)
   at Microsoft.EntityFrameworkCore.Storage.ExecutionStrategy.ExecuteAsync[TState,TResult](TState state, Func`4 operation, Func`4 verifySucceeded, CancellationToken cancellationToken)
   at Microsoft.EntityFrameworkCore.Query.Internal.SingleQueryingEnumerable`1.AsyncEnumerator.MoveNextAsync()
ClientConnectionId:6f43d53f-7e5e-4e69-ba3e-34abe0c9bf1a
Error Number:208,State:1,Class:16
2026-06-23 16:00:30.729 +01:00 [ERR] An unhandled exception has occurred while executing the request.
Microsoft.Data.SqlClient.SqlException (0x80131904): Invalid object name 'CourseEnrollments'.
   at System.Threading.Tasks.ContinuationResultTaskFromResultTask`2.InnerInvoke()
   at System.Threading.ExecutionContext.RunInternal(ExecutionContext executionContext, ContextCallback callback, Object state)
--- End of stack trace from previous location ---
   at System.Threading.ExecutionContext.RunInternal(ExecutionContext executionContext, ContextCallback callback, Object state)
   at System.Threading.Tasks.Task.ExecuteWithThreadLocal(Task& currentTaskSlot, Thread threadPoolThread)
--- End of stack trace from previous location ---
   at Microsoft.EntityFrameworkCore.Storage.RelationalCommand.ExecuteReaderAsync(RelationalCommandParameterObject parameterObject, CancellationToken cancellationToken)
   at Microsoft.EntityFrameworkCore.Storage.RelationalCommand.ExecuteReaderAsync(RelationalCommandParameterObject parameterObject, CancellationToken cancellationToken)
   at Microsoft.EntityFrameworkCore.Query.Internal.SingleQueryingEnumerable`1.AsyncEnumerator.InitializeReaderAsync(AsyncEnumerator enumerator, CancellationToken cancellationToken)
   at Microsoft.EntityFrameworkCore.Storage.ExecutionStrategy.<>c__DisplayClass30_0`2.<<ExecuteAsync>b__0>d.MoveNext()
--- End of stack trace from previous location ---
   at Microsoft.EntityFrameworkCore.Storage.ExecutionStrategy.ExecuteImplementationAsync[TState,TResult](Func`4 operation, Func`4 verifySucceeded, TState state, CancellationToken cancellationToken)
   at Microsoft.EntityFrameworkCore.Storage.ExecutionStrategy.ExecuteImplementationAsync[TState,TResult](Func`4 operation, Func`4 verifySucceeded, TState state, CancellationToken cancellationToken)
   at Microsoft.EntityFrameworkCore.Storage.ExecutionStrategy.ExecuteAsync[TState,TResult](TState state, Func`4 operation, Func`4 verifySucceeded, CancellationToken cancellationToken)
   at Microsoft.EntityFrameworkCore.Query.Internal.SingleQueryingEnumerable`1.AsyncEnumerator.MoveNextAsync()
   at Microsoft.EntityFrameworkCore.EntityFrameworkQueryableExtensions.ToListAsync[TSource](IQueryable`1 source, CancellationToken cancellationToken)
   at Microsoft.EntityFrameworkCore.EntityFrameworkQueryableExtensions.ToListAsync[TSource](IQueryable`1 source, CancellationToken cancellationToken)
   at LMS.Api.Services.ScheduleService.GetStudentScheduleAsync(Guid studentId, Guid academicSessionId, CancellationToken ct)
   at LMS.Api.Endpoints.SelfService.GetStudentScheduleEndpoint.HandleAsync(CancellationToken ct)
   at FastEndpoints.Endpoint`2.ExecAsync(CancellationToken ct)
   at FastEndpoints.Endpoint`2.ExecAsync(CancellationToken ct)
   at Microsoft.AspNetCore.Authorization.AuthorizationMiddleware.Invoke(HttpContext context)
   at LMS.Api.Security.UserProvisioningMiddleware.InvokeAsync(HttpContext context, LmsDbContext dbContext, IConfiguration configuration)
   at LMS.Api.Security.ApiReplayPreventionMiddleware.InvokeAsync(HttpContext context)
   at Microsoft.AspNetCore.Authentication.AuthenticationMiddleware.Invoke(HttpContext context)
   at Microsoft.AspNetCore.Diagnostics.StatusCodePagesMiddleware.Invoke(HttpContext context)
   at Microsoft.AspNetCore.Diagnostics.ExceptionHandlerMiddlewareImpl.<Invoke>g__Awaited|10_0(ExceptionHandlerMiddlewareImpl middleware, HttpContext context, Task task)
ClientConnectionId:6f43d53f-7e5e-4e69-ba3e-34abe0c9bf1a
Error Number:208,State:1,Class:16
2026-06-23 16:00:30.730 +01:00 [ERR] HTTP GET /api/self-service/schedule responded 500 in 26.9558 ms
2026-06-23 16:00:39.151 +01:00 [ERR] Failed executing DbCommand (2ms) [Parameters=[], CommandType='"Text"', CommandTimeout='30']
SELECT [c].[Id], [c].[CourseOfferingId], [c].[CreatedById], [c].[DroppedAtUtc], [c].[RegisteredAtUtc], [c].[Status], [c].[StudentId], [c].[UpdatedById], [c0].[Id], [c0].[AcademicSessionId], [c0].[CourseId], [c0].[CurriculumId], [c0].[LecturerId], [c0].[LevelId], [c0].[ProgramId], [c0].[Semester], [c1].[Id], [c1].[Code], [c1].[CreditUnits], [c1].[Description], [c1].[IsActive], [c1].[LectureHours], [c1].[LevelId], [c1].[PracticalHours], [c1].[ProgramId], [c1].[Semester], [c1].[Title]
FROM [CourseEnrollments] AS [c]
INNER JOIN [CourseOfferings] AS [c0] ON [c].[CourseOfferingId] = [c0].[Id]
INNER JOIN [Courses] AS [c1] ON [c0].[CourseId] = [c1].[Id]
WHERE 0 = 1
2026-06-23 16:00:39.151 +01:00 [ERR] An exception occurred while iterating over the results of a query for context type 'LMS.Api.Data.LmsDbContext'.
Microsoft.Data.SqlClient.SqlException (0x80131904): Invalid object name 'CourseEnrollments'.
   at System.Threading.Tasks.ContinuationResultTaskFromResultTask`2.InnerInvoke()
   at System.Threading.ExecutionContext.RunInternal(ExecutionContext executionContext, ContextCallback callback, Object state)
--- End of stack trace from previous location ---
   at System.Threading.ExecutionContext.RunInternal(ExecutionContext executionContext, ContextCallback callback, Object state)
   at System.Threading.Tasks.Task.ExecuteWithThreadLocal(Task& currentTaskSlot, Thread threadPoolThread)
--- End of stack trace from previous location ---
   at Microsoft.EntityFrameworkCore.Storage.RelationalCommand.ExecuteReaderAsync(RelationalCommandParameterObject parameterObject, CancellationToken cancellationToken)
   at Microsoft.EntityFrameworkCore.Storage.RelationalCommand.ExecuteReaderAsync(RelationalCommandParameterObject parameterObject, CancellationToken cancellationToken)
   at Microsoft.EntityFrameworkCore.Query.Internal.SingleQueryingEnumerable`1.AsyncEnumerator.InitializeReaderAsync(AsyncEnumerator enumerator, CancellationToken cancellationToken)
   at Microsoft.EntityFrameworkCore.Storage.ExecutionStrategy.<>c__DisplayClass30_0`2.<<ExecuteAsync>b__0>d.MoveNext()
--- End of stack trace from previous location ---
   at Microsoft.EntityFrameworkCore.Storage.ExecutionStrategy.ExecuteImplementationAsync[TState,TResult](Func`4 operation, Func`4 verifySucceeded, TState state, CancellationToken cancellationToken)
   at Microsoft.EntityFrameworkCore.Storage.ExecutionStrategy.ExecuteImplementationAsync[TState,TResult](Func`4 operation, Func`4 verifySucceeded, TState state, CancellationToken cancellationToken)
   at Microsoft.EntityFrameworkCore.Storage.ExecutionStrategy.ExecuteAsync[TState,TResult](TState state, Func`4 operation, Func`4 verifySucceeded, CancellationToken cancellationToken)
   at Microsoft.EntityFrameworkCore.Query.Internal.SingleQueryingEnumerable`1.AsyncEnumerator.MoveNextAsync()
ClientConnectionId:6f43d53f-7e5e-4e69-ba3e-34abe0c9bf1a
Error Number:208,State:1,Class:16
Microsoft.Data.SqlClient.SqlException (0x80131904): Invalid object name 'CourseEnrollments'.
   at System.Threading.Tasks.ContinuationResultTaskFromResultTask`2.InnerInvoke()
   at System.Threading.ExecutionContext.RunInternal(ExecutionContext executionContext, ContextCallback callback, Object state)
--- End of stack trace from previous location ---
   at System.Threading.ExecutionContext.RunInternal(ExecutionContext executionContext, ContextCallback callback, Object state)
   at System.Threading.Tasks.Task.ExecuteWithThreadLocal(Task& currentTaskSlot, Thread threadPoolThread)
--- End of stack trace from previous location ---
   at Microsoft.EntityFrameworkCore.Storage.RelationalCommand.ExecuteReaderAsync(RelationalCommandParameterObject parameterObject, CancellationToken cancellationToken)
   at Microsoft.EntityFrameworkCore.Storage.RelationalCommand.ExecuteReaderAsync(RelationalCommandParameterObject parameterObject, CancellationToken cancellationToken)
   at Microsoft.EntityFrameworkCore.Query.Internal.SingleQueryingEnumerable`1.AsyncEnumerator.InitializeReaderAsync(AsyncEnumerator enumerator, CancellationToken cancellationToken)
   at Microsoft.EntityFrameworkCore.Storage.ExecutionStrategy.<>c__DisplayClass30_0`2.<<ExecuteAsync>b__0>d.MoveNext()
--- End of stack trace from previous location ---
   at Microsoft.EntityFrameworkCore.Storage.ExecutionStrategy.ExecuteImplementationAsync[TState,TResult](Func`4 operation, Func`4 verifySucceeded, TState state, CancellationToken cancellationToken)
   at Microsoft.EntityFrameworkCore.Storage.ExecutionStrategy.ExecuteImplementationAsync[TState,TResult](Func`4 operation, Func`4 verifySucceeded, TState state, CancellationToken cancellationToken)
   at Microsoft.EntityFrameworkCore.Storage.ExecutionStrategy.ExecuteAsync[TState,TResult](TState state, Func`4 operation, Func`4 verifySucceeded, CancellationToken cancellationToken)
   at Microsoft.EntityFrameworkCore.Query.Internal.SingleQueryingEnumerable`1.AsyncEnumerator.MoveNextAsync()
ClientConnectionId:6f43d53f-7e5e-4e69-ba3e-34abe0c9bf1a
Error Number:208,State:1,Class:16
2026-06-23 16:00:39.152 +01:00 [ERR] An unhandled exception has occurred while executing the request.
Microsoft.Data.SqlClient.SqlException (0x80131904): Invalid object name 'CourseEnrollments'.
   at System.Threading.Tasks.ContinuationResultTaskFromResultTask`2.InnerInvoke()
   at System.Threading.ExecutionContext.RunInternal(ExecutionContext executionContext, ContextCallback callback, Object state)
--- End of stack trace from previous location ---
   at System.Threading.ExecutionContext.RunInternal(ExecutionContext executionContext, ContextCallback callback, Object state)
   at System.Threading.Tasks.Task.ExecuteWithThreadLocal(Task& currentTaskSlot, Thread threadPoolThread)
--- End of stack trace from previous location ---
   at Microsoft.EntityFrameworkCore.Storage.RelationalCommand.ExecuteReaderAsync(RelationalCommandParameterObject parameterObject, CancellationToken cancellationToken)
   at Microsoft.EntityFrameworkCore.Storage.RelationalCommand.ExecuteReaderAsync(RelationalCommandParameterObject parameterObject, CancellationToken cancellationToken)
   at Microsoft.EntityFrameworkCore.Query.Internal.SingleQueryingEnumerable`1.AsyncEnumerator.InitializeReaderAsync(AsyncEnumerator enumerator, CancellationToken cancellationToken)
   at Microsoft.EntityFrameworkCore.Storage.ExecutionStrategy.<>c__DisplayClass30_0`2.<<ExecuteAsync>b__0>d.MoveNext()
--- End of stack trace from previous location ---
   at Microsoft.EntityFrameworkCore.Storage.ExecutionStrategy.ExecuteImplementationAsync[TState,TResult](Func`4 operation, Func`4 verifySucceeded, TState state, CancellationToken cancellationToken)
   at Microsoft.EntityFrameworkCore.Storage.ExecutionStrategy.ExecuteImplementationAsync[TState,TResult](Func`4 operation, Func`4 verifySucceeded, TState state, CancellationToken cancellationToken)
   at Microsoft.EntityFrameworkCore.Storage.ExecutionStrategy.ExecuteAsync[TState,TResult](TState state, Func`4 operation, Func`4 verifySucceeded, CancellationToken cancellationToken)
   at Microsoft.EntityFrameworkCore.Query.Internal.SingleQueryingEnumerable`1.AsyncEnumerator.MoveNextAsync()
   at Microsoft.EntityFrameworkCore.EntityFrameworkQueryableExtensions.ToListAsync[TSource](IQueryable`1 source, CancellationToken cancellationToken)
   at Microsoft.EntityFrameworkCore.EntityFrameworkQueryableExtensions.ToListAsync[TSource](IQueryable`1 source, CancellationToken cancellationToken)
   at LMS.Api.Services.RegistrationService.GetRegistrationSummaryAsync(Guid studentId, CancellationToken ct)
   at LMS.Api.Endpoints.SelfService.GetRegistrationSummaryEndpoint.HandleAsync(CancellationToken ct)
   at FastEndpoints.Endpoint`2.ExecAsync(CancellationToken ct)
   at FastEndpoints.Endpoint`2.ExecAsync(CancellationToken ct)
   at Microsoft.AspNetCore.Authorization.AuthorizationMiddleware.Invoke(HttpContext context)
   at LMS.Api.Security.UserProvisioningMiddleware.InvokeAsync(HttpContext context, LmsDbContext dbContext, IConfiguration configuration)
   at LMS.Api.Security.ApiReplayPreventionMiddleware.InvokeAsync(HttpContext context)
   at Microsoft.AspNetCore.Authentication.AuthenticationMiddleware.Invoke(HttpContext context)
   at Microsoft.AspNetCore.Diagnostics.StatusCodePagesMiddleware.Invoke(HttpContext context)
   at Microsoft.AspNetCore.Diagnostics.ExceptionHandlerMiddlewareImpl.<Invoke>g__Awaited|10_0(ExceptionHandlerMiddlewareImpl middleware, HttpContext context, Task task)
ClientConnectionId:6f43d53f-7e5e-4e69-ba3e-34abe0c9bf1a
Error Number:208,State:1,Class:16
2026-06-23 16:00:39.153 +01:00 [ERR] HTTP GET /api/self-service/registration-summary responded 500 in 28.7031 ms
2026-06-23 16:00:47.080 +01:00 [INF] HTTP OPTIONS /api/me responded 204 in 0.0384 ms
2026-06-23 16:00:47.113 +01:00 [INF] HTTP GET /api/me responded 200 in 30.9748 ms
2026-06-23 16:00:47.154 +01:00 [INF] HTTP OPTIONS /api/notifications/push/public-key responded 204 in 0.0259 ms
2026-06-23 16:00:47.191 +01:00 [WRN] VAPID Keys not fully configured. Using auto-generated fallback keys. PUBLIC KEY: BEMfoXUqwUl1RZmWaGSVaLn3B5ojLLLqZKtP6GSgEmCHwFvc8b6uP3pgAZKb-StMuVvl8A89xdvVOOWFRaXBU38
2026-06-23 16:00:47.191 +01:00 [INF] HTTP GET /api/notifications/push/public-key responded 200 in 30.3490 ms
2026-06-23 16:00:47.195 +01:00 [INF] HTTP OPTIONS /api/notifications/push/subscribe responded 204 in 0.0305 ms
2026-06-23 16:00:47.272 +01:00 [WRN] VAPID Keys not fully configured. Using auto-generated fallback keys. PUBLIC KEY: BEMfoXUqwUl1RZmWaGSVaLn3B5ojLLLqZKtP6GSgEmCHwFvc8b6uP3pgAZKb-StMuVvl8A89xdvVOOWFRaXBU38
2026-06-23 16:00:47.278 +01:00 [ERR] Failed executing DbCommand (5ms) [Parameters=[], CommandType='"Text"', CommandTimeout='30']
SELECT [c].[Id], [c].[CourseOfferingId], [c].[CreatedById], [c].[DroppedAtUtc], [c].[RegisteredAtUtc], [c].[Status], [c].[StudentId], [c].[UpdatedById], [c0].[Id], [c0].[AcademicSessionId], [c0].[CourseId], [c0].[CurriculumId], [c0].[LecturerId], [c0].[LevelId], [c0].[ProgramId], [c0].[Semester], [c1].[Id], [c1].[Code], [c1].[CreditUnits], [c1].[Description], [c1].[IsActive], [c1].[LectureHours], [c1].[LevelId], [c1].[PracticalHours], [c1].[ProgramId], [c1].[Semester], [c1].[Title]
FROM [CourseEnrollments] AS [c]
INNER JOIN [CourseOfferings] AS [c0] ON [c].[CourseOfferingId] = [c0].[Id]
INNER JOIN [Courses] AS [c1] ON [c0].[CourseId] = [c1].[Id]
WHERE 0 = 1
2026-06-23 16:00:47.279 +01:00 [ERR] An exception occurred while iterating over the results of a query for context type 'LMS.Api.Data.LmsDbContext'.
Microsoft.Data.SqlClient.SqlException (0x80131904): Invalid object name 'CourseEnrollments'.
   at System.Threading.Tasks.ContinuationResultTaskFromResultTask`2.InnerInvoke()
   at System.Threading.ExecutionContext.RunInternal(ExecutionContext executionContext, ContextCallback callback, Object state)
--- End of stack trace from previous location ---
   at System.Threading.ExecutionContext.RunInternal(ExecutionContext executionContext, ContextCallback callback, Object state)
   at System.Threading.Tasks.Task.ExecuteWithThreadLocal(Task& currentTaskSlot, Thread threadPoolThread)
--- End of stack trace from previous location ---
   at Microsoft.EntityFrameworkCore.Storage.RelationalCommand.ExecuteReaderAsync(RelationalCommandParameterObject parameterObject, CancellationToken cancellationToken)
   at Microsoft.EntityFrameworkCore.Storage.RelationalCommand.ExecuteReaderAsync(RelationalCommandParameterObject parameterObject, CancellationToken cancellationToken)
   at Microsoft.EntityFrameworkCore.Query.Internal.SingleQueryingEnumerable`1.AsyncEnumerator.InitializeReaderAsync(AsyncEnumerator enumerator, CancellationToken cancellationToken)
   at Microsoft.EntityFrameworkCore.Storage.ExecutionStrategy.<>c__DisplayClass30_0`2.<<ExecuteAsync>b__0>d.MoveNext()
--- End of stack trace from previous location ---
   at Microsoft.EntityFrameworkCore.Storage.ExecutionStrategy.ExecuteImplementationAsync[TState,TResult](Func`4 operation, Func`4 verifySucceeded, TState state, CancellationToken cancellationToken)
   at Microsoft.EntityFrameworkCore.Storage.ExecutionStrategy.ExecuteImplementationAsync[TState,TResult](Func`4 operation, Func`4 verifySucceeded, TState state, CancellationToken cancellationToken)
   at Microsoft.EntityFrameworkCore.Storage.ExecutionStrategy.ExecuteAsync[TState,TResult](TState state, Func`4 operation, Func`4 verifySucceeded, CancellationToken cancellationToken)
   at Microsoft.EntityFrameworkCore.Query.Internal.SingleQueryingEnumerable`1.AsyncEnumerator.MoveNextAsync()
ClientConnectionId:431da013-f2c5-484e-8b15-35e19df59ba7
Error Number:208,State:1,Class:16
Microsoft.Data.SqlClient.SqlException (0x80131904): Invalid object name 'CourseEnrollments'.
   at System.Threading.Tasks.ContinuationResultTaskFromResultTask`2.InnerInvoke()
   at System.Threading.ExecutionContext.RunInternal(ExecutionContext executionContext, ContextCallback callback, Object state)
--- End of stack trace from previous location ---
   at System.Threading.ExecutionContext.RunInternal(ExecutionContext executionContext, ContextCallback callback, Object state)
   at System.Threading.Tasks.Task.ExecuteWithThreadLocal(Task& currentTaskSlot, Thread threadPoolThread)
--- End of stack trace from previous location ---
   at Microsoft.EntityFrameworkCore.Storage.RelationalCommand.ExecuteReaderAsync(RelationalCommandParameterObject parameterObject, CancellationToken cancellationToken)
   at Microsoft.EntityFrameworkCore.Storage.RelationalCommand.ExecuteReaderAsync(RelationalCommandParameterObject parameterObject, CancellationToken cancellationToken)
   at Microsoft.EntityFrameworkCore.Query.Internal.SingleQueryingEnumerable`1.AsyncEnumerator.InitializeReaderAsync(AsyncEnumerator enumerator, CancellationToken cancellationToken)
   at Microsoft.EntityFrameworkCore.Storage.ExecutionStrategy.<>c__DisplayClass30_0`2.<<ExecuteAsync>b__0>d.MoveNext()
--- End of stack trace from previous location ---
   at Microsoft.EntityFrameworkCore.Storage.ExecutionStrategy.ExecuteImplementationAsync[TState,TResult](Func`4 operation, Func`4 verifySucceeded, TState state, CancellationToken cancellationToken)
   at Microsoft.EntityFrameworkCore.Storage.ExecutionStrategy.ExecuteImplementationAsync[TState,TResult](Func`4 operation, Func`4 verifySucceeded, TState state, CancellationToken cancellationToken)
   at Microsoft.EntityFrameworkCore.Storage.ExecutionStrategy.ExecuteAsync[TState,TResult](TState state, Func`4 operation, Func`4 verifySucceeded, CancellationToken cancellationToken)
   at Microsoft.EntityFrameworkCore.Query.Internal.SingleQueryingEnumerable`1.AsyncEnumerator.MoveNextAsync()
ClientConnectionId:431da013-f2c5-484e-8b15-35e19df59ba7
Error Number:208,State:1,Class:16
2026-06-23 16:00:47.280 +01:00 [ERR] An unhandled exception has occurred while executing the request.
Microsoft.Data.SqlClient.SqlException (0x80131904): Invalid object name 'CourseEnrollments'.
   at System.Threading.Tasks.ContinuationResultTaskFromResultTask`2.InnerInvoke()
   at System.Threading.ExecutionContext.RunInternal(ExecutionContext executionContext, ContextCallback callback, Object state)
--- End of stack trace from previous location ---
   at System.Threading.ExecutionContext.RunInternal(ExecutionContext executionContext, ContextCallback callback, Object state)
   at System.Threading.Tasks.Task.ExecuteWithThreadLocal(Task& currentTaskSlot, Thread threadPoolThread)
--- End of stack trace from previous location ---
   at Microsoft.EntityFrameworkCore.Storage.RelationalCommand.ExecuteReaderAsync(RelationalCommandParameterObject parameterObject, CancellationToken cancellationToken)
   at Microsoft.EntityFrameworkCore.Storage.RelationalCommand.ExecuteReaderAsync(RelationalCommandParameterObject parameterObject, CancellationToken cancellationToken)
   at Microsoft.EntityFrameworkCore.Query.Internal.SingleQueryingEnumerable`1.AsyncEnumerator.InitializeReaderAsync(AsyncEnumerator enumerator, CancellationToken cancellationToken)
   at Microsoft.EntityFrameworkCore.Storage.ExecutionStrategy.<>c__DisplayClass30_0`2.<<ExecuteAsync>b__0>d.MoveNext()
--- End of stack trace from previous location ---
   at Microsoft.EntityFrameworkCore.Storage.ExecutionStrategy.ExecuteImplementationAsync[TState,TResult](Func`4 operation, Func`4 verifySucceeded, TState state, CancellationToken cancellationToken)
   at Microsoft.EntityFrameworkCore.Storage.ExecutionStrategy.ExecuteImplementationAsync[TState,TResult](Func`4 operation, Func`4 verifySucceeded, TState state, CancellationToken cancellationToken)
   at Microsoft.EntityFrameworkCore.Storage.ExecutionStrategy.ExecuteAsync[TState,TResult](TState state, Func`4 operation, Func`4 verifySucceeded, CancellationToken cancellationToken)
   at Microsoft.EntityFrameworkCore.Query.Internal.SingleQueryingEnumerable`1.AsyncEnumerator.MoveNextAsync()
   at Microsoft.EntityFrameworkCore.EntityFrameworkQueryableExtensions.ToListAsync[TSource](IQueryable`1 source, CancellationToken cancellationToken)
   at Microsoft.EntityFrameworkCore.EntityFrameworkQueryableExtensions.ToListAsync[TSource](IQueryable`1 source, CancellationToken cancellationToken)
   at LMS.Api.Services.RegistrationService.GetRegistrationSummaryAsync(Guid studentId, CancellationToken ct)
   at LMS.Api.Endpoints.SelfService.GetRegistrationSummaryEndpoint.HandleAsync(CancellationToken ct)
   at FastEndpoints.Endpoint`2.ExecAsync(CancellationToken ct)
   at FastEndpoints.Endpoint`2.ExecAsync(CancellationToken ct)
   at Microsoft.AspNetCore.Authorization.AuthorizationMiddleware.Invoke(HttpContext context)
   at LMS.Api.Security.UserProvisioningMiddleware.InvokeAsync(HttpContext context, LmsDbContext dbContext, IConfiguration configuration)
   at LMS.Api.Security.ApiReplayPreventionMiddleware.InvokeAsync(HttpContext context)
   at Microsoft.AspNetCore.Authentication.AuthenticationMiddleware.Invoke(HttpContext context)
   at Microsoft.AspNetCore.Diagnostics.StatusCodePagesMiddleware.Invoke(HttpContext context)
   at Microsoft.AspNetCore.Diagnostics.ExceptionHandlerMiddlewareImpl.<Invoke>g__Awaited|10_0(ExceptionHandlerMiddlewareImpl middleware, HttpContext context, Task task)
ClientConnectionId:431da013-f2c5-484e-8b15-35e19df59ba7
Error Number:208,State:1,Class:16
2026-06-23 16:00:47.282 +01:00 [ERR] HTTP GET /api/self-service/registration-summary responded 500 in 116.1544 ms
2026-06-23 16:00:47.294 +01:00 [INF] HTTP POST /api/notifications/push/subscribe responded 200 in 97.9554 ms
2026-06-23 16:03:48.037 +01:00 [INF] Application is shutting down...
2026-06-23 16:04:12.115 +01:00 [INF] Sessions already seeded. Skipping.
2026-06-23 16:04:12.143 +01:00 [INF] Faculties already seeded. Skipping.
2026-06-23 16:04:12.152 +01:00 [INF] Departments already seeded. Skipping.
2026-06-23 16:04:12.166 +01:00 [INF] Programs already seeded. Skipping.
2026-06-23 16:04:12.216 +01:00 [INF] Lecturer john.doe@wigweuniversity.edu.ng already exists. Skipping.
2026-06-23 16:04:12.221 +01:00 [INF] Lecturer jane.smith@wigweuniversity.edu.ng already exists. Skipping.
2026-06-23 16:04:12.242 +01:00 [INF] All document types already exist. Skipping.
2026-06-23 16:04:12.253 +01:00 [INF] Sponsors already seeded. Skipping.
2026-06-23 16:04:12.264 +01:00 [INF] Subjects already seeded. Skipping.
2026-06-23 16:04:12.273 +01:00 [INF] Countries already seeded. Skipping.
2026-06-23 16:04:12.282 +01:00 [INF] Grading scales already seeded. Skipping.
2026-06-23 16:04:12.289 +01:00 [INF] Credit transfer rules already seeded. Skipping.
2026-06-23 16:04:12.298 +01:00 [INF] Program credit mappings already seeded. Skipping.
2026-06-23 16:04:12.298 +01:00 [INF] Database initialization completed successfully.
2026-06-23 16:04:12.356 +01:00 [INF] Initializing Entra ID Service with TenantId: c9a98a3d-152f-4eb3-b93f-9b26fdd08495, ClientId: 84022968-6bdc-4c6b-8eab-57b75fa5d0b1, Domain: wigweuniversity.edu.ng
2026-06-23 16:04:12.379 +01:00 [INF] Entra ID Service initialized successfully
2026-06-23 16:04:12.463 +01:00 [WRN] VAPID Keys not fully configured. Using auto-generated fallback keys. PUBLIC KEY: BBrB9H8hWgOyVkWvapkmZhfkZJvkhdbsGPCPDP98i_1Kz2H6TzEuRIS8uteodsaxBJvKDO-eEqSDQoIc6MeyD94
2026-06-23 16:04:12.519 +01:00 [INF] Registered 314 endpoints in 2,158 milliseconds.
2026-06-23 16:04:12.548 +01:00 [INF] Now listening on: http://localhost:5021
2026-06-23 16:04:12.548 +01:00 [INF] Application started. Press Ctrl+C to shut down.
2026-06-23 16:04:12.548 +01:00 [INF] Hosting environment: Development
2026-06-23 16:04:12.548 +01:00 [INF] Content root path: /Users/mac/Apps/LMS APP/LMSApi
2026-06-23 16:05:23.773 +01:00 [INF] HTTP OPTIONS /api/me responded 204 in 2.0848 ms
2026-06-23 16:05:24.127 +01:00 [INF] HTTP GET /api/me responded 200 in 344.1260 ms
2026-06-23 16:05:24.166 +01:00 [INF] HTTP OPTIONS /api/notifications/push/public-key responded 204 in 0.3295 ms
2026-06-23 16:05:24.221 +01:00 [WRN] VAPID Keys not fully configured. Using auto-generated fallback keys. PUBLIC KEY: BBrB9H8hWgOyVkWvapkmZhfkZJvkhdbsGPCPDP98i_1Kz2H6TzEuRIS8uteodsaxBJvKDO-eEqSDQoIc6MeyD94
2026-06-23 16:05:24.223 +01:00 [INF] HTTP GET /api/notifications/push/public-key responded 200 in 55.0710 ms
2026-06-23 16:05:24.289 +01:00 [INF] HTTP OPTIONS /api/notifications/push/subscribe responded 204 in 0.1514 ms
2026-06-23 16:05:24.311 +01:00 [WRN] VAPID Keys not fully configured. Using auto-generated fallback keys. PUBLIC KEY: BBrB9H8hWgOyVkWvapkmZhfkZJvkhdbsGPCPDP98i_1Kz2H6TzEuRIS8uteodsaxBJvKDO-eEqSDQoIc6MeyD94
2026-06-23 16:05:24.390 +01:00 [INF] HTTP GET /api/self-service/registration-summary responded 200 in 230.1073 ms
2026-06-23 16:05:24.420 +01:00 [INF] HTTP POST /api/notifications/push/subscribe responded 200 in 129.4667 ms
2026-06-23 16:05:29.757 +01:00 [INF] HTTP OPTIONS /api/auth/login responded 204 in 0.1038 ms
2026-06-23 16:05:29.931 +01:00 [INF] HTTP POST /api/auth/login responded 200 in 171.4295 ms
2026-06-23 16:05:29.934 +01:00 [INF] HTTP OPTIONS /api/me responded 204 in 0.0743 ms
2026-06-23 16:05:29.974 +01:00 [INF] HTTP GET /api/me responded 200 in 39.4458 ms
2026-06-23 16:05:29.996 +01:00 [INF] HTTP OPTIONS /api/admin/dashboard-stats responded 204 in 0.1026 ms
2026-06-23 16:05:30.167 +01:00 [INF] HTTP GET /api/admin/dashboard-stats responded 200 in 166.4756 ms
2026-06-23 16:05:56.545 +01:00 [INF] HTTP OPTIONS /api/notifications/push/public-key responded 204 in 4.6781 ms
2026-06-23 16:05:56.571 +01:00 [WRN] VAPID Keys not fully configured. Using auto-generated fallback keys. PUBLIC KEY: BBrB9H8hWgOyVkWvapkmZhfkZJvkhdbsGPCPDP98i_1Kz2H6TzEuRIS8uteodsaxBJvKDO-eEqSDQoIc6MeyD94
2026-06-23 16:05:56.571 +01:00 [INF] HTTP GET /api/notifications/push/public-key responded 200 in 20.6091 ms
2026-06-23 16:05:56.574 +01:00 [INF] HTTP OPTIONS /api/notifications/push/subscribe responded 204 in 0.0553 ms
2026-06-23 16:05:56.587 +01:00 [WRN] VAPID Keys not fully configured. Using auto-generated fallback keys. PUBLIC KEY: BBrB9H8hWgOyVkWvapkmZhfkZJvkhdbsGPCPDP98i_1Kz2H6TzEuRIS8uteodsaxBJvKDO-eEqSDQoIc6MeyD94
2026-06-23 16:05:56.608 +01:00 [INF] HTTP POST /api/notifications/push/subscribe responded 200 in 33.1685 ms
2026-06-23 16:05:57.564 +01:00 [INF] HTTP OPTIONS /api/me responded 204 in 0.0667 ms
2026-06-23 16:05:57.595 +01:00 [INF] HTTP GET /api/me responded 200 in 28.5827 ms
2026-06-23 16:05:57.617 +01:00 [INF] HTTP OPTIONS /api/admin/dashboard-stats responded 204 in 0.1269 ms
2026-06-23 16:05:57.652 +01:00 [WRN] VAPID Keys not fully configured. Using auto-generated fallback keys. PUBLIC KEY: BBrB9H8hWgOyVkWvapkmZhfkZJvkhdbsGPCPDP98i_1Kz2H6TzEuRIS8uteodsaxBJvKDO-eEqSDQoIc6MeyD94
2026-06-23 16:05:57.653 +01:00 [INF] HTTP GET /api/notifications/push/public-key responded 200 in 26.7172 ms
2026-06-23 16:05:57.677 +01:00 [WRN] VAPID Keys not fully configured. Using auto-generated fallback keys. PUBLIC KEY: BBrB9H8hWgOyVkWvapkmZhfkZJvkhdbsGPCPDP98i_1Kz2H6TzEuRIS8uteodsaxBJvKDO-eEqSDQoIc6MeyD94
2026-06-23 16:05:57.699 +01:00 [INF] HTTP POST /api/notifications/push/subscribe responded 200 in 40.3692 ms
2026-06-23 16:05:57.706 +01:00 [INF] HTTP GET /api/admin/dashboard-stats responded 200 in 87.8800 ms
2026-06-23 16:05:58.672 +01:00 [INF] HTTP GET /api/messages/admin-recipient responded 200 in 29.2121 ms
2026-06-23 16:05:58.753 +01:00 [INF] HTTP POST /api/messages responded 200 in 75.5909 ms
2026-06-23 16:06:09.468 +01:00 [INF] HTTP OPTIONS /api/gradebook/my-dashboard responded 204 in 3.8371 ms
2026-06-23 16:06:09.551 +01:00 [INF] HTTP GET /api/self-service/schedule responded 200 in 75.1290 ms
2026-06-23 16:06:09.547 +01:00 [ERR] An unhandled exception has occurred while executing the request.
System.InvalidOperationException: Cannot apply the 'Include' operation with argument 'o => o.Course'. Either the source is not a queryable of a known entity type or 'Include' has been applied after 'Select' method which projects a different entity type through navigation. Consider applying 'Include' before 'Select' method call.
   at Microsoft.EntityFrameworkCore.Query.Internal.NavigationExpandingExpressionVisitor.ProcessInclude(NavigationExpansionExpression source, Expression expression, Boolean thenInclude, Boolean setLoaded)
   at Microsoft.EntityFrameworkCore.Query.Internal.NavigationExpandingExpressionVisitor.VisitMethodCall(MethodCallExpression methodCallExpression)
   at Microsoft.EntityFrameworkCore.Query.Internal.NavigationExpandingExpressionVisitor.VisitMethodCall(MethodCallExpression methodCallExpression)
   at Microsoft.EntityFrameworkCore.Query.Internal.NavigationExpandingExpressionVisitor.Expand(Expression query)
   at Microsoft.EntityFrameworkCore.Query.QueryTranslationPreprocessor.Process(Expression query)
   at Microsoft.EntityFrameworkCore.Query.QueryCompilationContext.CreateQueryExecutorExpression[TResult](Expression query)
   at Microsoft.EntityFrameworkCore.Query.QueryCompilationContext.CreateQueryExecutor[TResult](Expression query)
   at Microsoft.EntityFrameworkCore.Storage.Database.CompileQuery[TResult](Expression query, Boolean async)
   at Microsoft.EntityFrameworkCore.Query.Internal.QueryCompiler.CompileQueryCore[TResult](IDatabase database, Expression query, IModel model, Boolean async)
   at Microsoft.EntityFrameworkCore.Query.Internal.QueryCompiler.<>c__DisplayClass11_0`1.<ExecuteCore>b__0()
   at Microsoft.EntityFrameworkCore.Query.Internal.CompiledQueryCache.GetOrAddQuery[TResult](Object cacheKey, Func`1 compiler)
   at Microsoft.EntityFrameworkCore.Query.Internal.QueryCompiler.ExecuteAsync[TResult](Expression query, CancellationToken cancellationToken)
   at Microsoft.EntityFrameworkCore.Query.Internal.EntityQueryable`1.GetAsyncEnumerator(CancellationToken cancellationToken)
   at Microsoft.EntityFrameworkCore.EntityFrameworkQueryableExtensions.IncludableQueryable`2.GetAsyncEnumerator(CancellationToken cancellationToken)
   at System.Runtime.CompilerServices.ConfiguredCancelableAsyncEnumerable`1.GetAsyncEnumerator()
   at Microsoft.EntityFrameworkCore.EntityFrameworkQueryableExtensions.ToListAsync[TSource](IQueryable`1 source, CancellationToken cancellationToken)
   at LMS.Api.Endpoints.Gradebook.GetStudentDashboardEndpoint.HandleAsync(CancellationToken ct)
   at FastEndpoints.Endpoint`2.ExecAsync(CancellationToken ct)
   at FastEndpoints.Endpoint`2.ExecAsync(CancellationToken ct)
   at Microsoft.AspNetCore.Authorization.AuthorizationMiddleware.Invoke(HttpContext context)
   at LMS.Api.Security.UserProvisioningMiddleware.InvokeAsync(HttpContext context, LmsDbContext dbContext, IConfiguration configuration)
   at LMS.Api.Security.ApiReplayPreventionMiddleware.InvokeAsync(HttpContext context)
   at Microsoft.AspNetCore.Authentication.AuthenticationMiddleware.Invoke(HttpContext context)
   at Microsoft.AspNetCore.Diagnostics.StatusCodePagesMiddleware.Invoke(HttpContext context)
   at Microsoft.AspNetCore.Diagnostics.ExceptionHandlerMiddlewareImpl.<Invoke>g__Awaited|10_0(ExceptionHandlerMiddlewareImpl middleware, HttpContext context, Task task)
2026-06-23 16:06:09.552 +01:00 [ERR] HTTP GET /api/gradebook/my-dashboard responded 500 in 77.8170 ms
2026-06-23 16:06:09.597 +01:00 [INF] HTTP GET /api/self-service/schedule/exams responded 200 in 41.5893 ms
2026-06-23 16:06:22.626 +01:00 [INF] HTTP OPTIONS /api/me responded 204 in 1.2443 ms
2026-06-23 16:06:22.651 +01:00 [INF] HTTP GET /api/me responded 200 in 22.8518 ms
2026-06-23 16:06:22.673 +01:00 [INF] HTTP OPTIONS /api/notifications/push/public-key responded 204 in 0.0460 ms
2026-06-23 16:06:22.682 +01:00 [INF] HTTP GET /api/self-service/registration-summary responded 403 in 14.8802 ms
2026-06-23 16:06:22.685 +01:00 [WRN] VAPID Keys not fully configured. Using auto-generated fallback keys. PUBLIC KEY: BBrB9H8hWgOyVkWvapkmZhfkZJvkhdbsGPCPDP98i_1Kz2H6TzEuRIS8uteodsaxBJvKDO-eEqSDQoIc6MeyD94
2026-06-23 16:06:22.685 +01:00 [INF] HTTP GET /api/notifications/push/public-key responded 200 in 11.4051 ms
2026-06-23 16:06:22.688 +01:00 [INF] HTTP OPTIONS /api/notifications/push/subscribe responded 204 in 0.0800 ms
2026-06-23 16:06:22.699 +01:00 [WRN] VAPID Keys not fully configured. Using auto-generated fallback keys. PUBLIC KEY: BBrB9H8hWgOyVkWvapkmZhfkZJvkhdbsGPCPDP98i_1Kz2H6TzEuRIS8uteodsaxBJvKDO-eEqSDQoIc6MeyD94
2026-06-23 16:06:22.710 +01:00 [INF] HTTP POST /api/notifications/push/subscribe responded 200 in 20.5894 ms
2026-06-23 16:06:29.106 +01:00 [INF] HTTP OPTIONS /api/me responded 204 in 0.0443 ms
2026-06-23 16:06:40.433 +01:00 [INF] HTTP GET /api/self-service/registration-summary responded 403 in 1212.0240 ms
2026-06-23 16:06:40.436 +01:00 [INF] HTTP GET /api/me responded 200 in 11328.3255 ms
2026-06-23 16:06:50.330 +01:00 [INF] HTTP OPTIONS /api/admin/users responded 204 in 0.5145 ms
2026-06-23 16:06:50.411 +01:00 [INF] HTTP GET /api/admin/users responded 200 in 78.5445 ms
2026-06-23 16:06:54.631 +01:00 [INF] HTTP OPTIONS /api/admin/programs responded 204 in 0.1141 ms
2026-06-23 16:06:54.666 +01:00 [WRN] Compiling a query which loads related collections for more than one collection navigation, either via 'Include' or through projection, but no 'QuerySplittingBehavior' has been configured. By default, Entity Framework will use 'QuerySplittingBehavior.SingleQuery', which can potentially result in slow query performance. See https://go.microsoft.com/fwlink/?linkid=2134277 for more information. To identify the query that's triggering this warning call 'ConfigureWarnings(w => w.Throw(RelationalEventId.MultipleCollectionIncludeWarning))'.
2026-06-23 16:06:54.741 +01:00 [INF] HTTP GET /api/admin/programs responded 200 in 107.1392 ms
2026-06-23 16:06:54.744 +01:00 [INF] HTTP OPTIONS /api/admin/programs/6890d4e9-7fa7-4c90-a69c-00b1d40f24ab/curricula responded 204 in 0.1283 ms
2026-06-23 16:06:54.750 +01:00 [INF] HTTP OPTIONS /api/admin/programs/71f5092d-27ce-43c2-ac10-0759dfe391ef/curricula responded 204 in 0.0605 ms
2026-06-23 16:06:54.750 +01:00 [INF] HTTP OPTIONS /api/admin/programs/563617bb-5f66-4032-a765-04ba7b4dab4c/curricula responded 204 in 0.0628 ms
2026-06-23 16:06:54.750 +01:00 [INF] HTTP OPTIONS /api/admin/programs/f94fe24b-8781-4d68-9bdb-2056692c6e91/curricula responded 204 in 0.0263 ms
2026-06-23 16:06:54.750 +01:00 [INF] HTTP OPTIONS /api/admin/programs/5126c1a2-28cc-4a6e-9223-20f0298da20b/curricula responded 204 in 0.0116 ms
2026-06-23 16:06:54.750 +01:00 [INF] HTTP OPTIONS /api/admin/programs/bfe9d5d2-b914-4b87-a068-4aedff2cbd5f/curricula responded 204 in 0.0120 ms
2026-06-23 16:06:54.755 +01:00 [INF] HTTP OPTIONS /api/admin/programs/6ca9564b-b745-43be-aa3f-4dedad7eb9f7/curricula responded 204 in 0.0344 ms
2026-06-23 16:06:54.755 +01:00 [INF] HTTP OPTIONS /api/admin/programs/2b09cc5a-2a1e-49bf-b539-532eeafaeff9/curricula responded 204 in 0.0374 ms
2026-06-23 16:06:54.757 +01:00 [INF] HTTP OPTIONS /api/admin/programs/747ff8cd-5660-438a-b23d-5d30f0a5a888/curricula responded 204 in 0.0207 ms
2026-06-23 16:06:54.757 +01:00 [INF] HTTP OPTIONS /api/admin/programs/8ee99692-b09b-4e10-9852-66b590651a22/curricula responded 204 in 0.0163 ms
2026-06-23 16:06:54.756 +01:00 [INF] HTTP OPTIONS /api/admin/programs/8fe7febc-5eca-4458-a437-5512650eb0b6/curricula responded 204 in 0.5708 ms
2026-06-23 16:06:54.759 +01:00 [INF] HTTP OPTIONS /api/admin/programs/adcfa75d-3589-41c3-837c-6a5e70cc57d7/curricula responded 204 in 0.0215 ms
2026-06-23 16:06:54.760 +01:00 [INF] HTTP OPTIONS /api/admin/programs/156c61fa-b96b-40e7-b39e-705751b440c3/curricula responded 204 in 0.0231 ms
2026-06-23 16:06:54.761 +01:00 [INF] HTTP OPTIONS /api/admin/programs/7096914e-1b13-4d65-a15e-8bc1a0e8ba2c/curricula responded 204 in 0.4640 ms
2026-06-23 16:06:54.768 +01:00 [INF] HTTP OPTIONS /api/admin/programs/baeb4a0e-abfa-437e-a0c6-97267d61ffa3/curricula responded 204 in 0.0345 ms
2026-06-23 16:06:54.795 +01:00 [INF] HTTP OPTIONS /api/admin/programs/6351fee0-7260-4e43-9563-a7477eb2d87b/curricula responded 204 in 0.0040 ms
2026-06-23 16:06:54.795 +01:00 [INF] HTTP OPTIONS /api/admin/programs/8198d36b-7ffa-4fd5-a3aa-9448ba191a38/curricula responded 204 in 2.9387 ms
2026-06-23 16:06:54.795 +01:00 [INF] HTTP OPTIONS /api/admin/programs/f31b48cd-2858-4e82-ad94-9cc31c75a527/curricula responded 204 in 0.0335 ms
2026-06-23 16:06:54.804 +01:00 [INF] HTTP OPTIONS /api/admin/programs/97e9e9d4-946c-46da-af1a-9e32f6a1504a/curricula responded 204 in 0.0335 ms
2026-06-23 16:06:54.804 +01:00 [INF] HTTP OPTIONS /api/admin/programs/6ba7f2e0-f36f-49ff-9a39-bd0ccfab5775/curricula responded 204 in 0.0451 ms
2026-06-23 16:06:54.804 +01:00 [INF] HTTP OPTIONS /api/admin/programs/56c76fe9-0f6a-439b-a699-bd2358434346/curricula responded 204 in 0.0285 ms
2026-06-23 16:06:54.795 +01:00 [INF] HTTP OPTIONS /api/admin/programs/7df306ce-4256-4fbf-8dc4-afbd70d0a251/curricula responded 204 in 0.0092 ms
2026-06-23 16:06:54.807 +01:00 [INF] HTTP OPTIONS /api/admin/programs/d653b1ad-d0d3-4009-babb-c098662147b2/curricula responded 204 in 0.0196 ms
2026-06-23 16:06:54.807 +01:00 [INF] HTTP OPTIONS /api/admin/programs/469d40fd-2959-4622-bdda-c27b1139df60/curricula responded 204 in 0.0113 ms
2026-06-23 16:06:54.863 +01:00 [INF] HTTP GET /api/admin/programs/6890d4e9-7fa7-4c90-a69c-00b1d40f24ab/curricula responded 200 in 112.0420 ms
2026-06-23 16:06:54.863 +01:00 [INF] HTTP GET /api/admin/programs/71f5092d-27ce-43c2-ac10-0759dfe391ef/curricula responded 200 in 55.4955 ms
2026-06-23 16:06:54.865 +01:00 [INF] HTTP GET /api/admin/programs/563617bb-5f66-4032-a765-04ba7b4dab4c/curricula responded 200 in 58.0383 ms
2026-06-23 16:06:54.866 +01:00 [INF] HTTP OPTIONS /api/admin/programs/caa77aee-8674-4f31-b364-c8df0864afd6/curricula responded 204 in 0.4874 ms
2026-06-23 16:06:54.866 +01:00 [INF] HTTP OPTIONS /api/admin/programs/b8976684-96ea-440d-8cd3-db1adaebae47/curricula responded 204 in 0.0184 ms
2026-06-23 16:06:54.866 +01:00 [INF] HTTP OPTIONS /api/admin/programs/fc8eb05b-5c06-429b-bf42-d2ffc2f8baa9/curricula responded 204 in 0.0139 ms
2026-06-23 16:06:54.873 +01:00 [INF] HTTP OPTIONS /api/admin/programs/bf6986da-c275-482e-b5ca-e94b5b2a6fec/curricula responded 204 in 0.0374 ms
2026-06-23 16:06:54.873 +01:00 [INF] HTTP OPTIONS /api/admin/programs/302cd18f-647b-4c3e-9034-ef8ee6d0390e/curricula responded 204 in 0.0060 ms
2026-06-23 16:06:54.876 +01:00 [INF] HTTP OPTIONS /api/admin/programs/1e99fb97-7c53-4c22-9975-eeebf693bef0/curricula responded 204 in 2.9321 ms
2026-06-23 16:06:54.882 +01:00 [INF] HTTP OPTIONS /api/admin/programs/729e1de3-50c3-4bb3-b46c-fb90a37dcba2/curricula responded 204 in 0.0347 ms
2026-06-23 16:06:54.893 +01:00 [INF] HTTP GET /api/admin/programs/f94fe24b-8781-4d68-9bdb-2056692c6e91/curricula responded 200 in 85.5241 ms
2026-06-23 16:06:54.894 +01:00 [INF] HTTP GET /api/admin/programs/bfe9d5d2-b914-4b87-a068-4aedff2cbd5f/curricula responded 200 in 84.3428 ms
2026-06-23 16:06:54.903 +01:00 [INF] HTTP GET /api/admin/programs/2b09cc5a-2a1e-49bf-b539-532eeafaeff9/curricula responded 200 in 18.4044 ms
2026-06-23 16:06:54.907 +01:00 [INF] HTTP GET /api/admin/programs/747ff8cd-5660-438a-b23d-5d30f0a5a888/curricula responded 200 in 22.7335 ms
2026-06-23 16:06:54.917 +01:00 [INF] HTTP GET /api/admin/programs/8fe7febc-5eca-4458-a437-5512650eb0b6/curricula responded 200 in 21.8066 ms
2026-06-23 16:06:54.921 +01:00 [INF] HTTP GET /api/admin/programs/8ee99692-b09b-4e10-9852-66b590651a22/curricula responded 200 in 27.0349 ms
2026-06-23 16:06:54.927 +01:00 [INF] HTTP GET /api/admin/programs/5126c1a2-28cc-4a6e-9223-20f0298da20b/curricula responded 200 in 116.7968 ms
2026-06-23 16:06:54.933 +01:00 [INF] HTTP GET /api/admin/programs/156c61fa-b96b-40e7-b39e-705751b440c3/curricula responded 200 in 23.8551 ms
2026-06-23 16:06:54.938 +01:00 [INF] HTTP GET /api/admin/programs/6ca9564b-b745-43be-aa3f-4dedad7eb9f7/curricula responded 200 in 56.0185 ms
2026-06-23 16:06:54.942 +01:00 [INF] HTTP GET /api/admin/programs/7096914e-1b13-4d65-a15e-8bc1a0e8ba2c/curricula responded 200 in 24.0501 ms
2026-06-23 16:06:54.947 +01:00 [INF] HTTP GET /api/admin/programs/baeb4a0e-abfa-437e-a0c6-97267d61ffa3/curricula responded 200 in 25.1933 ms
2026-06-23 16:06:54.953 +01:00 [INF] HTTP GET /api/admin/programs/8198d36b-7ffa-4fd5-a3aa-9448ba191a38/curricula responded 200 in 23.8999 ms
2026-06-23 16:06:54.958 +01:00 [INF] HTTP GET /api/admin/programs/adcfa75d-3589-41c3-837c-6a5e70cc57d7/curricula responded 200 in 53.5853 ms
2026-06-23 16:06:54.963 +01:00 [INF] HTTP GET /api/admin/programs/6351fee0-7260-4e43-9563-a7477eb2d87b/curricula responded 200 in 27.6111 ms
2026-06-23 16:06:54.969 +01:00 [INF] HTTP GET /api/admin/programs/97e9e9d4-946c-46da-af1a-9e32f6a1504a/curricula responded 200 in 29.2970 ms
2026-06-23 16:06:54.971 +01:00 [INF] HTTP GET /api/admin/programs/6ba7f2e0-f36f-49ff-9a39-bd0ccfab5775/curricula responded 200 in 28.2605 ms
2026-06-23 16:06:54.980 +01:00 [INF] HTTP GET /api/admin/programs/f31b48cd-2858-4e82-ad94-9cc31c75a527/curricula responded 200 in 31.4496 ms
2026-06-23 16:06:54.988 +01:00 [INF] HTTP GET /api/admin/programs/7df306ce-4256-4fbf-8dc4-afbd70d0a251/curricula responded 200 in 34.2043 ms
2026-06-23 16:06:54.992 +01:00 [INF] HTTP GET /api/admin/programs/56c76fe9-0f6a-439b-a699-bd2358434346/curricula responded 200 in 32.5008 ms
2026-06-23 16:06:54.996 +01:00 [INF] HTTP GET /api/admin/programs/d653b1ad-d0d3-4009-babb-c098662147b2/curricula responded 200 in 30.9324 ms
2026-06-23 16:06:54.998 +01:00 [INF] HTTP GET /api/admin/programs/469d40fd-2959-4622-bdda-c27b1139df60/curricula responded 200 in 27.7205 ms
2026-06-23 16:06:55.001 +01:00 [INF] HTTP GET /api/admin/programs/caa77aee-8674-4f31-b364-c8df0864afd6/curricula responded 200 in 27.9431 ms
2026-06-23 16:06:55.009 +01:00 [INF] HTTP GET /api/admin/programs/fc8eb05b-5c06-429b-bf42-d2ffc2f8baa9/curricula responded 200 in 27.3562 ms
2026-06-23 16:06:55.015 +01:00 [INF] HTTP GET /api/admin/programs/b8976684-96ea-440d-8cd3-db1adaebae47/curricula responded 200 in 24.6092 ms
2026-06-23 16:06:55.016 +01:00 [INF] HTTP GET /api/admin/programs/bf6986da-c275-482e-b5ca-e94b5b2a6fec/curricula responded 200 in 23.3669 ms
2026-06-23 16:06:55.022 +01:00 [INF] HTTP GET /api/admin/programs/302cd18f-647b-4c3e-9034-ef8ee6d0390e/curricula responded 200 in 24.6112 ms
2026-06-23 16:06:55.024 +01:00 [INF] HTTP GET /api/admin/programs/1e99fb97-7c53-4c22-9975-eeebf693bef0/curricula responded 200 in 25.0479 ms
2026-06-23 16:06:55.027 +01:00 [INF] HTTP GET /api/admin/programs/729e1de3-50c3-4bb3-b46c-fb90a37dcba2/curricula responded 200 in 24.5991 ms
2026-06-23 16:07:04.599 +01:00 [INF] HTTP OPTIONS /api/admin/programs responded 204 in 0.0632 ms
2026-06-23 16:07:04.599 +01:00 [INF] HTTP OPTIONS /api/admin/programs/6890d4e9-7fa7-4c90-a69c-00b1d40f24ab/enrollments responded 204 in 0.0795 ms
2026-06-23 16:07:04.599 +01:00 [INF] HTTP OPTIONS /api/admin/sessions responded 204 in 0.0073 ms
2026-06-23 16:07:04.600 +01:00 [INF] HTTP OPTIONS /api/admin/programs/6890d4e9-7fa7-4c90-a69c-00b1d40f24ab/curricula responded 204 in 0.0121 ms
2026-06-23 16:07:04.604 +01:00 [INF] HTTP OPTIONS /api/admissions/subjects responded 204 in 0.0560 ms
2026-06-23 16:07:04.629 +01:00 [INF] HTTP GET /api/admin/programs/6890d4e9-7fa7-4c90-a69c-00b1d40f24ab/curricula responded 200 in 18.7727 ms
2026-06-23 16:07:04.636 +01:00 [INF] Initializing Entra ID Service with TenantId: c9a98a3d-152f-4eb3-b93f-9b26fdd08495, ClientId: 84022968-6bdc-4c6b-8eab-57b75fa5d0b1, Domain: wigweuniversity.edu.ng
2026-06-23 16:07:04.636 +01:00 [INF] Entra ID Service initialized successfully
2026-06-23 16:07:04.640 +01:00 [INF] HTTP GET /api/admin/programs responded 200 in 35.3183 ms
2026-06-23 16:07:04.642 +01:00 [INF] HTTP GET /api/admin/sessions responded 200 in 32.7869 ms
2026-06-23 16:07:04.646 +01:00 [INF] HTTP OPTIONS /api/admin/programs/6890d4e9-7fa7-4c90-a69c-00b1d40f24ab/curricula responded 204 in 0.0271 ms
2026-06-23 16:07:04.646 +01:00 [INF] HTTP OPTIONS /api/admin/sessions responded 204 in 0.0123 ms
2026-06-23 16:07:04.649 +01:00 [INF] HTTP OPTIONS /api/admin/courses responded 204 in 0.0346 ms
2026-06-23 16:07:04.663 +01:00 [INF] HTTP GET /api/admissions/subjects responded 200 in 50.3219 ms
2026-06-23 16:07:04.679 +01:00 [INF] HTTP GET /api/admin/sessions responded 200 in 29.9988 ms
2026-06-23 16:07:04.684 +01:00 [INF] HTTP GET /api/admin/programs/6890d4e9-7fa7-4c90-a69c-00b1d40f24ab/curricula responded 200 in 34.5650 ms
2026-06-23 16:07:04.686 +01:00 [INF] HTTP OPTIONS /api/admin/curricula/e22b1c74-7fa6-44a5-9382-d400bffece96 responded 204 in 0.0262 ms
2026-06-23 16:07:04.688 +01:00 [INF] HTTP GET /api/admin/programs/6890d4e9-7fa7-4c90-a69c-00b1d40f24ab/enrollments responded 200 in 80.0170 ms
2026-06-23 16:07:04.770 +01:00 [INF] HTTP GET /api/admin/curricula/e22b1c74-7fa6-44a5-9382-d400bffece96 responded 200 in 82.8185 ms
2026-06-23 16:07:04.774 +01:00 [INF] HTTP OPTIONS /api/admin/curricula/e22b1c74-7fa6-44a5-9382-d400bffece96/history responded 204 in 0.0244 ms
2026-06-23 16:07:04.808 +01:00 [INF] HTTP GET /api/admin/courses responded 200 in 155.3186 ms
2026-06-23 16:07:04.821 +01:00 [INF] HTTP GET /api/admin/curricula/e22b1c74-7fa6-44a5-9382-d400bffece96/history responded 200 in 45.4445 ms
2026-06-23 16:07:27.048 +01:00 [INF] HTTP OPTIONS /api/admin/programs/6890d4e9-7fa7-4c90-a69c-00b1d40f24ab/curricula responded 204 in 0.2746 ms
2026-06-23 16:07:27.048 +01:00 [INF] HTTP OPTIONS /api/admin/sessions responded 204 in 0.0124 ms
2026-06-23 16:07:27.048 +01:00 [INF] HTTP OPTIONS /api/admin/courses responded 204 in 0.0055 ms
2026-06-23 16:07:27.069 +01:00 [INF] HTTP GET /api/admin/sessions responded 200 in 18.2573 ms
2026-06-23 16:07:27.079 +01:00 [INF] HTTP GET /api/admin/programs/6890d4e9-7fa7-4c90-a69c-00b1d40f24ab/curricula responded 200 in 28.1313 ms
2026-06-23 16:07:27.080 +01:00 [INF] HTTP OPTIONS /api/admin/curricula/e22b1c74-7fa6-44a5-9382-d400bffece96 responded 204 in 0.0192 ms
2026-06-23 16:07:27.105 +01:00 [INF] HTTP GET /api/admin/courses responded 200 in 53.1912 ms
2026-06-23 16:07:27.106 +01:00 [INF] HTTP GET /api/admin/curricula/e22b1c74-7fa6-44a5-9382-d400bffece96 responded 200 in 24.8980 ms
2026-06-23 16:07:27.109 +01:00 [INF] HTTP OPTIONS /api/admin/curricula/e22b1c74-7fa6-44a5-9382-d400bffece96/history responded 204 in 0.0237 ms
2026-06-23 16:07:27.124 +01:00 [INF] HTTP GET /api/admin/curricula/e22b1c74-7fa6-44a5-9382-d400bffece96/history responded 200 in 14.7145 ms
2026-06-23 16:07:32.451 +01:00 [INF] HTTP OPTIONS /api/admin/programs responded 204 in 0.0506 ms
2026-06-23 16:07:32.451 +01:00 [INF] HTTP OPTIONS /api/admin/curricula/e22b1c74-7fa6-44a5-9382-d400bffece96 responded 204 in 0.0070 ms
2026-06-23 16:07:32.451 +01:00 [INF] HTTP OPTIONS /api/admin/courses responded 204 in 0.0401 ms
2026-06-23 16:07:32.475 +01:00 [INF] HTTP GET /api/admin/programs responded 200 in 22.4760 ms
2026-06-23 16:07:32.485 +01:00 [INF] HTTP GET /api/admin/curricula/e22b1c74-7fa6-44a5-9382-d400bffece96 responded 200 in 31.2274 ms
2026-06-23 16:07:32.515 +01:00 [INF] HTTP GET /api/admin/courses responded 200 in 60.6989 ms
2026-06-23 16:07:32.518 +01:00 [INF] HTTP GET /api/admin/programs responded 200 in 31.1765 ms
2026-06-23 16:07:34.807 +01:00 [INF] HTTP OPTIONS /api/me responded 204 in 0.0443 ms
2026-06-23 16:07:34.828 +01:00 [INF] HTTP GET /api/me responded 200 in 17.8791 ms
2026-06-23 16:07:34.857 +01:00 [INF] HTTP OPTIONS /api/notifications/push/public-key responded 204 in 0.0197 ms
2026-06-23 16:07:34.871 +01:00 [INF] HTTP GET /api/admin/programs responded 200 in 22.3544 ms
2026-06-23 16:07:34.875 +01:00 [WRN] VAPID Keys not fully configured. Using auto-generated fallback keys. PUBLIC KEY: BBrB9H8hWgOyVkWvapkmZhfkZJvkhdbsGPCPDP98i_1Kz2H6TzEuRIS8uteodsaxBJvKDO-eEqSDQoIc6MeyD94
2026-06-23 16:07:34.875 +01:00 [INF] HTTP GET /api/notifications/push/public-key responded 200 in 16.8351 ms
2026-06-23 16:07:34.877 +01:00 [INF] HTTP OPTIONS /api/notifications/push/subscribe responded 204 in 0.0233 ms
2026-06-23 16:07:34.888 +01:00 [WRN] VAPID Keys not fully configured. Using auto-generated fallback keys. PUBLIC KEY: BBrB9H8hWgOyVkWvapkmZhfkZJvkhdbsGPCPDP98i_1Kz2H6TzEuRIS8uteodsaxBJvKDO-eEqSDQoIc6MeyD94
2026-06-23 16:07:34.897 +01:00 [INF] HTTP POST /api/notifications/push/subscribe responded 200 in 19.5160 ms
2026-06-23 16:07:34.903 +01:00 [INF] HTTP GET /api/admin/students responded 200 in 54.6908 ms
2026-06-23 16:10:06.308 +01:00 [INF] HTTP OPTIONS /api/auth/login responded 204 in 0.1865 ms
2026-06-23 16:10:06.342 +01:00 [INF] HTTP POST /api/auth/login responded 401 in 29.8884 ms
2026-06-23 16:12:13.761 +01:00 [INF] Application is shutting down...
2026-06-23 16:12:26.427 +01:00 [INF] Sessions already seeded. Skipping.
2026-06-23 16:12:26.451 +01:00 [INF] Faculties already seeded. Skipping.
2026-06-23 16:12:26.459 +01:00 [INF] Departments already seeded. Skipping.
2026-06-23 16:12:26.470 +01:00 [INF] Programs already seeded. Skipping.
2026-06-23 16:12:26.519 +01:00 [INF] Lecturer john.doe@wigweuniversity.edu.ng already exists. Skipping.
2026-06-23 16:12:26.522 +01:00 [INF] Lecturer jane.smith@wigweuniversity.edu.ng already exists. Skipping.
2026-06-23 16:12:26.539 +01:00 [INF] All document types already exist. Skipping.
2026-06-23 16:12:26.546 +01:00 [INF] Sponsors already seeded. Skipping.
2026-06-23 16:12:26.552 +01:00 [INF] Subjects already seeded. Skipping.
2026-06-23 16:12:26.559 +01:00 [INF] Countries already seeded. Skipping.
2026-06-23 16:12:26.566 +01:00 [INF] Grading scales already seeded. Skipping.
2026-06-23 16:12:26.575 +01:00 [INF] Credit transfer rules already seeded. Skipping.
2026-06-23 16:12:26.584 +01:00 [INF] Program credit mappings already seeded. Skipping.
2026-06-23 16:12:26.584 +01:00 [INF] Database initialization completed successfully.
2026-06-23 16:12:26.712 +01:00 [INF] Initializing Entra ID Service with TenantId: c9a98a3d-152f-4eb3-b93f-9b26fdd08495, ClientId: 84022968-6bdc-4c6b-8eab-57b75fa5d0b1, Domain: wigweuniversity.edu.ng
2026-06-23 16:12:26.734 +01:00 [INF] Entra ID Service initialized successfully
2026-06-23 16:12:26.834 +01:00 [WRN] VAPID Keys not fully configured. Using auto-generated fallback keys. PUBLIC KEY: BAnlR7Ht4Okhb1MpWQIbEidv_dYmte9520FXlX03Z_M3f1U-kyKsR1bKtbNAQhHCY4tXYI6Xbj380g64lSDQU2Y
2026-06-23 16:12:26.889 +01:00 [INF] Registered 314 endpoints in 1,946 milliseconds.
2026-06-23 16:12:26.917 +01:00 [INF] Now listening on: http://localhost:5021
2026-06-23 16:12:26.917 +01:00 [INF] Application started. Press Ctrl+C to shut down.
2026-06-23 16:12:26.917 +01:00 [INF] Hosting environment: Development
2026-06-23 16:12:26.917 +01:00 [INF] Content root path: /Users/mac/Apps/LMS APP/LMSApi
2026-06-23 16:12:35.939 +01:00 [INF] Application is shutting down...
2026-06-23 16:12:47.930 +01:00 [INF] Sessions already seeded. Skipping.
2026-06-23 16:12:47.955 +01:00 [INF] Faculties already seeded. Skipping.
2026-06-23 16:12:47.965 +01:00 [INF] Departments already seeded. Skipping.
2026-06-23 16:12:47.980 +01:00 [INF] Programs already seeded. Skipping.
2026-06-23 16:12:48.024 +01:00 [INF] Lecturer john.doe@wigweuniversity.edu.ng already exists. Skipping.
2026-06-23 16:12:48.029 +01:00 [INF] Lecturer jane.smith@wigweuniversity.edu.ng already exists. Skipping.
2026-06-23 16:12:48.051 +01:00 [INF] All document types already exist. Skipping.
2026-06-23 16:12:48.059 +01:00 [INF] Sponsors already seeded. Skipping.
2026-06-23 16:12:48.069 +01:00 [INF] Subjects already seeded. Skipping.
2026-06-23 16:12:48.084 +01:00 [INF] Countries already seeded. Skipping.
2026-06-23 16:12:48.099 +01:00 [INF] Grading scales already seeded. Skipping.
2026-06-23 16:12:48.106 +01:00 [INF] Credit transfer rules already seeded. Skipping.
2026-06-23 16:12:48.112 +01:00 [INF] Program credit mappings already seeded. Skipping.
2026-06-23 16:12:48.112 +01:00 [INF] Database initialization completed successfully.
2026-06-23 16:12:48.189 +01:00 [INF] DIAGNOSTIC: Users=320, Enrollments=1, CurriculumCourses=1074, Offerings=0
2026-06-23 16:12:48.190 +01:00 [INF] DIAGNOSTIC SESSION: Id="54d9035c-71a8-4aa8-9d44-13f220490e65", Name=2024/2025, IsActive=false
2026-06-23 16:12:48.191 +01:00 [INF] DIAGNOSTIC SESSION: Id="eed50a84-7299-40b9-b28e-fb68dbeb4f8d", Name=2025/2026, IsActive=true
2026-06-23 16:12:48.244 +01:00 [INF] Initializing Entra ID Service with TenantId: c9a98a3d-152f-4eb3-b93f-9b26fdd08495, ClientId: 84022968-6bdc-4c6b-8eab-57b75fa5d0b1, Domain: wigweuniversity.edu.ng
2026-06-23 16:12:48.265 +01:00 [INF] Entra ID Service initialized successfully
2026-06-23 16:12:48.368 +01:00 [WRN] VAPID Keys not fully configured. Using auto-generated fallback keys. PUBLIC KEY: BFRfHgybgEZ6k3tlxZ6ZiJjrOq5ETG23jl_llbN782pI5kN7i_IvGj21qMFHmwEbRbFg5hZpnZtNfaQuQfkfedk
2026-06-23 16:12:48.423 +01:00 [INF] Registered 314 endpoints in 1,992 milliseconds.
2026-06-23 16:12:48.449 +01:00 [INF] Now listening on: http://localhost:5021
2026-06-23 16:12:48.450 +01:00 [INF] Application started. Press Ctrl+C to shut down.
2026-06-23 16:12:48.450 +01:00 [INF] Hosting environment: Development
2026-06-23 16:12:48.450 +01:00 [INF] Content root path: /Users/mac/Apps/LMS APP/LMSApi
2026-06-23 16:15:32.138 +01:00 [INF] HTTP HEAD /api/me responded 405 in 43.1972 ms
2026-06-23 16:16:05.885 +01:00 [INF] Application is shutting down...
2026-06-23 16:16:33.620 +01:00 [INF] Sessions already seeded. Skipping.
2026-06-23 16:16:33.662 +01:00 [INF] Faculties already seeded. Skipping.
2026-06-23 16:16:33.682 +01:00 [INF] Departments already seeded. Skipping.
2026-06-23 16:16:33.700 +01:00 [INF] Programs already seeded. Skipping.
2026-06-23 16:16:33.767 +01:00 [INF] Lecturer john.doe@wigweuniversity.edu.ng already exists. Skipping.
2026-06-23 16:16:33.773 +01:00 [INF] Lecturer jane.smith@wigweuniversity.edu.ng already exists. Skipping.
2026-06-23 16:16:33.800 +01:00 [INF] All document types already exist. Skipping.
2026-06-23 16:16:33.810 +01:00 [INF] Sponsors already seeded. Skipping.
2026-06-23 16:16:33.820 +01:00 [INF] Subjects already seeded. Skipping.
2026-06-23 16:16:33.832 +01:00 [INF] Countries already seeded. Skipping.
2026-06-23 16:16:33.843 +01:00 [INF] Grading scales already seeded. Skipping.
2026-06-23 16:16:33.853 +01:00 [INF] Credit transfer rules already seeded. Skipping.
2026-06-23 16:16:33.862 +01:00 [INF] Program credit mappings already seeded. Skipping.
2026-06-23 16:16:34.021 +01:00 [INF] Seeding Course Offerings from active curricula for session 2025/2026...
2026-06-23 16:16:34.643 +01:00 [INF] Seeded 1074 new Course Offerings for session 2025/2026.
2026-06-23 16:16:34.643 +01:00 [INF] Database initialization completed successfully.
2026-06-23 16:16:34.702 +01:00 [INF] DIAGNOSTIC: Users=320, Enrollments=1, CurriculumCourses=1074, Offerings=1074
2026-06-23 16:16:34.703 +01:00 [INF] DIAGNOSTIC SESSION: Id="54d9035c-71a8-4aa8-9d44-13f220490e65", Name=2024/2025, IsActive=false
2026-06-23 16:16:34.704 +01:00 [INF] DIAGNOSTIC SESSION: Id="eed50a84-7299-40b9-b28e-fb68dbeb4f8d", Name=2025/2026, IsActive=true
2026-06-23 16:16:34.707 +01:00 [WRN] The query uses a row limiting operator ('Skip'/'Take') without an 'OrderBy' operator. This may lead to unpredictable results. If the 'Distinct' operator is used after 'OrderBy', then make sure to use the 'OrderBy' operator after 'Distinct' as the ordering would otherwise get erased.
2026-06-23 16:16:34.720 +01:00 [INF] DIAGNOSTIC OFFERING: Id="9a7ab8c9-f447-4c54-9aaf-009ecf92af46", ProgramId="563617bb-5f66-4032-a765-04ba7b4dab4c", LevelId="67a93a65-febf-40db-9fd0-d42e01c13c48", SessionId="eed50a84-7299-40b9-b28e-fb68dbeb4f8d"
2026-06-23 16:16:34.720 +01:00 [INF] DIAGNOSTIC OFFERING: Id="f0d79aa1-7191-4582-b25b-00ab6ed44cc6", ProgramId="f94fe24b-8781-4d68-9bdb-2056692c6e91", LevelId="182013cc-6cba-474f-a17b-56a1f249686a", SessionId="eed50a84-7299-40b9-b28e-fb68dbeb4f8d"
2026-06-23 16:16:34.720 +01:00 [INF] DIAGNOSTIC OFFERING: Id="dd14a06e-4ba7-4e79-a4d8-00df3389afc8", ProgramId="fc8eb05b-5c06-429b-bf42-d2ffc2f8baa9", LevelId="79e245af-b2d9-4ab0-ad7f-f1c0af45bcab", SessionId="eed50a84-7299-40b9-b28e-fb68dbeb4f8d"
2026-06-23 16:16:34.720 +01:00 [INF] DIAGNOSTIC OFFERING: Id="b66281fe-2cf2-43a6-8271-00e1c2c740ac", ProgramId="156c61fa-b96b-40e7-b39e-705751b440c3", LevelId="83e92868-96ad-46b9-b858-b7e066fd1169", SessionId="eed50a84-7299-40b9-b28e-fb68dbeb4f8d"
2026-06-23 16:16:34.720 +01:00 [INF] DIAGNOSTIC OFFERING: Id="9ce21389-092a-4748-ad87-00fbbb249369", ProgramId="6ca9564b-b745-43be-aa3f-4dedad7eb9f7", LevelId="7a2983fd-bb10-47e9-b10a-66bfae2d8586", SessionId="eed50a84-7299-40b9-b28e-fb68dbeb4f8d"
2026-06-23 16:16:34.798 +01:00 [INF] Initializing Entra ID Service with TenantId: c9a98a3d-152f-4eb3-b93f-9b26fdd08495, ClientId: 84022968-6bdc-4c6b-8eab-57b75fa5d0b1, Domain: wigweuniversity.edu.ng
2026-06-23 16:16:34.824 +01:00 [INF] Entra ID Service initialized successfully
2026-06-23 16:16:34.954 +01:00 [WRN] VAPID Keys not fully configured. Using auto-generated fallback keys. PUBLIC KEY: BEmihnUkfvvjqyXrOlYvnOeggTK7TQZQ90T2ktOyElTzjfT2lssfMIqvxQZWzttedwanu91gDfWgaTUx81SpD5c
2026-06-23 16:16:35.060 +01:00 [INF] Registered 314 endpoints in 3,467 milliseconds.
2026-06-23 16:16:35.109 +01:00 [INF] Now listening on: http://localhost:5021
2026-06-23 16:16:35.109 +01:00 [INF] Application started. Press Ctrl+C to shut down.
2026-06-23 16:16:35.109 +01:00 [INF] Hosting environment: Development
2026-06-23 16:16:35.109 +01:00 [INF] Content root path: /Users/mac/Apps/LMS APP/LMSApi
2026-06-23 16:16:54.647 +01:00 [INF] Sessions already seeded. Skipping.
2026-06-23 16:16:54.670 +01:00 [INF] Faculties already seeded. Skipping.
2026-06-23 16:16:54.678 +01:00 [INF] Departments already seeded. Skipping.
2026-06-23 16:16:54.690 +01:00 [INF] Programs already seeded. Skipping.
2026-06-23 16:16:54.738 +01:00 [INF] Lecturer john.doe@wigweuniversity.edu.ng already exists. Skipping.
2026-06-23 16:16:54.742 +01:00 [INF] Lecturer jane.smith@wigweuniversity.edu.ng already exists. Skipping.
2026-06-23 16:16:54.770 +01:00 [INF] All document types already exist. Skipping.
2026-06-23 16:16:54.779 +01:00 [INF] Sponsors already seeded. Skipping.
2026-06-23 16:16:54.787 +01:00 [INF] Subjects already seeded. Skipping.
2026-06-23 16:16:54.797 +01:00 [INF] Countries already seeded. Skipping.
2026-06-23 16:16:54.805 +01:00 [INF] Grading scales already seeded. Skipping.
2026-06-23 16:16:54.813 +01:00 [INF] Credit transfer rules already seeded. Skipping.
2026-06-23 16:16:54.820 +01:00 [INF] Program credit mappings already seeded. Skipping.
2026-06-23 16:16:54.947 +01:00 [INF] Seeding Course Offerings from active curricula for session 2025/2026...
2026-06-23 16:16:54.970 +01:00 [INF] All course offerings already exist for session 2025/2026.
2026-06-23 16:16:54.970 +01:00 [INF] Database initialization completed successfully.
2026-06-23 16:16:55.030 +01:00 [INF] Initializing Entra ID Service with TenantId: c9a98a3d-152f-4eb3-b93f-9b26fdd08495, ClientId: 84022968-6bdc-4c6b-8eab-57b75fa5d0b1, Domain: wigweuniversity.edu.ng
2026-06-23 16:16:55.051 +01:00 [INF] Entra ID Service initialized successfully
2026-06-23 16:16:55.161 +01:00 [WRN] VAPID Keys not fully configured. Using auto-generated fallback keys. PUBLIC KEY: BLXo3h6IneoMam_9WZzCuvEja_EL_LD5yJO_jK0dCXyzE-gBUoQCzqOmWiwGr31VWz8IGN6UvTfRfK2ZcFlYcN0
2026-06-23 16:16:55.402 +01:00 [INF] Registered 314 endpoints in 2,572 milliseconds.
2026-06-23 16:16:55.444 +01:00 [ERR] Hosting failed to start
System.IO.IOException: Failed to bind to address http://127.0.0.1:5021: address already in use.
 ---> Microsoft.AspNetCore.Connections.AddressInUseException: Address already in use
 ---> System.Net.Sockets.SocketException (48): Address already in use
   at System.Net.Sockets.Socket.UpdateStatusAfterSocketErrorAndThrowException(SocketError error, Boolean disconnectOnFailure, String callerName)
   at System.Net.Sockets.Socket.DoBind(EndPoint endPointSnapshot, SocketAddress socketAddress)
   at System.Net.Sockets.Socket.Bind(EndPoint localEP)
   at Microsoft.AspNetCore.Server.Kestrel.Transport.Sockets.SocketTransportOptions.CreateDefaultBoundListenSocket(EndPoint endpoint)
   at Microsoft.AspNetCore.Server.Kestrel.Transport.Sockets.SocketConnectionListener.Bind()
   --- End of inner exception stack trace ---
   at Microsoft.AspNetCore.Server.Kestrel.Transport.Sockets.SocketConnectionListener.Bind()
   at Microsoft.AspNetCore.Server.Kestrel.Transport.Sockets.SocketTransportFactory.BindAsync(EndPoint endpoint, CancellationToken cancellationToken)
   at Microsoft.AspNetCore.Server.Kestrel.Core.Internal.Infrastructure.TransportManager.BindAsync(EndPoint endPoint, ConnectionDelegate connectionDelegate, EndpointConfig endpointConfig, CancellationToken cancellationToken)
   at Microsoft.AspNetCore.Server.Kestrel.Core.KestrelServerImpl.<>c__DisplayClass28_0`1.<<StartAsync>g__OnBind|0>d.MoveNext()
--- End of stack trace from previous location ---
   at Microsoft.AspNetCore.Server.Kestrel.Core.Internal.AddressBinder.BindEndpointAsync(ListenOptions endpoint, AddressBindContext context, CancellationToken cancellationToken)
   --- End of inner exception stack trace ---
   at Microsoft.AspNetCore.Server.Kestrel.Core.Internal.AddressBinder.BindEndpointAsync(ListenOptions endpoint, AddressBindContext context, CancellationToken cancellationToken)
   at Microsoft.AspNetCore.Server.Kestrel.Core.LocalhostListenOptions.BindAsync(AddressBindContext context, CancellationToken cancellationToken)
   at Microsoft.AspNetCore.Server.Kestrel.Core.Internal.AddressBinder.AddressesStrategy.BindAsync(AddressBindContext context, CancellationToken cancellationToken)
   at Microsoft.AspNetCore.Server.Kestrel.Core.KestrelServerImpl.BindAsync(CancellationToken cancellationToken)
   at Microsoft.AspNetCore.Server.Kestrel.Core.KestrelServerImpl.StartAsync[TContext](IHttpApplication`1 application, CancellationToken cancellationToken)
   at Microsoft.AspNetCore.Hosting.GenericWebHostService.StartAsync(CancellationToken cancellationToken)
   at Microsoft.Extensions.Hosting.Internal.Host.<StartAsync>b__14_1(IHostedService service, CancellationToken token)
   at Microsoft.Extensions.Hosting.Internal.Host.ForeachService[T](IEnumerable`1 services, CancellationToken token, Boolean concurrent, Boolean abortOnFirstException, List`1 exceptions, Func`3 operation)
2026-06-23 16:17:35.208 +01:00 [INF] Sessions already seeded. Skipping.
2026-06-23 16:17:35.252 +01:00 [INF] Faculties already seeded. Skipping.
2026-06-23 16:17:35.261 +01:00 [INF] Departments already seeded. Skipping.
2026-06-23 16:17:35.273 +01:00 [INF] Programs already seeded. Skipping.
2026-06-23 16:17:35.317 +01:00 [INF] Lecturer john.doe@wigweuniversity.edu.ng already exists. Skipping.
2026-06-23 16:17:35.321 +01:00 [INF] Lecturer jane.smith@wigweuniversity.edu.ng already exists. Skipping.
2026-06-23 16:17:35.341 +01:00 [INF] All document types already exist. Skipping.
2026-06-23 16:17:35.350 +01:00 [INF] Sponsors already seeded. Skipping.
2026-06-23 16:17:35.357 +01:00 [INF] Subjects already seeded. Skipping.
2026-06-23 16:17:35.366 +01:00 [INF] Countries already seeded. Skipping.
2026-06-23 16:17:35.375 +01:00 [INF] Grading scales already seeded. Skipping.
2026-06-23 16:17:35.385 +01:00 [INF] Credit transfer rules already seeded. Skipping.
2026-06-23 16:17:35.395 +01:00 [INF] Program credit mappings already seeded. Skipping.
2026-06-23 16:17:35.518 +01:00 [INF] Seeding Course Offerings from active curricula for session 2025/2026...
2026-06-23 16:17:35.541 +01:00 [INF] All course offerings already exist for session 2025/2026.
2026-06-23 16:17:35.541 +01:00 [INF] Database initialization completed successfully.
2026-06-23 16:17:35.603 +01:00 [INF] Initializing Entra ID Service with TenantId: c9a98a3d-152f-4eb3-b93f-9b26fdd08495, ClientId: 84022968-6bdc-4c6b-8eab-57b75fa5d0b1, Domain: wigweuniversity.edu.ng
2026-06-23 16:17:35.624 +01:00 [INF] Entra ID Service initialized successfully
2026-06-23 16:17:35.714 +01:00 [WRN] VAPID Keys not fully configured. Using auto-generated fallback keys. PUBLIC KEY: BNBKoh2I-ArR8yQhs4GnLe2JlAn_KgyRi84REGJSJbE5KBTWK6qehsZL-RTh_httrvzDQkgGwEjUtworBzaDY2U
2026-06-23 16:17:35.792 +01:00 [INF] Registered 314 endpoints in 2,048 milliseconds.
2026-06-23 16:17:35.895 +01:00 [ERR] Hosting failed to start
System.IO.IOException: Failed to bind to address http://127.0.0.1:5021: address already in use.
 ---> Microsoft.AspNetCore.Connections.AddressInUseException: Address already in use
 ---> System.Net.Sockets.SocketException (48): Address already in use
   at System.Net.Sockets.Socket.UpdateStatusAfterSocketErrorAndThrowException(SocketError error, Boolean disconnectOnFailure, String callerName)
   at System.Net.Sockets.Socket.DoBind(EndPoint endPointSnapshot, SocketAddress socketAddress)
   at System.Net.Sockets.Socket.Bind(EndPoint localEP)
   at Microsoft.AspNetCore.Server.Kestrel.Transport.Sockets.SocketTransportOptions.CreateDefaultBoundListenSocket(EndPoint endpoint)
   at Microsoft.AspNetCore.Server.Kestrel.Transport.Sockets.SocketConnectionListener.Bind()
   --- End of inner exception stack trace ---
   at Microsoft.AspNetCore.Server.Kestrel.Transport.Sockets.SocketConnectionListener.Bind()
   at Microsoft.AspNetCore.Server.Kestrel.Transport.Sockets.SocketTransportFactory.BindAsync(EndPoint endpoint, CancellationToken cancellationToken)
   at Microsoft.AspNetCore.Server.Kestrel.Core.Internal.Infrastructure.TransportManager.BindAsync(EndPoint endPoint, ConnectionDelegate connectionDelegate, EndpointConfig endpointConfig, CancellationToken cancellationToken)
   at Microsoft.AspNetCore.Server.Kestrel.Core.KestrelServerImpl.<>c__DisplayClass28_0`1.<<StartAsync>g__OnBind|0>d.MoveNext()
--- End of stack trace from previous location ---
   at Microsoft.AspNetCore.Server.Kestrel.Core.Internal.AddressBinder.BindEndpointAsync(ListenOptions endpoint, AddressBindContext context, CancellationToken cancellationToken)
   --- End of inner exception stack trace ---
   at Microsoft.AspNetCore.Server.Kestrel.Core.Internal.AddressBinder.BindEndpointAsync(ListenOptions endpoint, AddressBindContext context, CancellationToken cancellationToken)
   at Microsoft.AspNetCore.Server.Kestrel.Core.LocalhostListenOptions.BindAsync(AddressBindContext context, CancellationToken cancellationToken)
   at Microsoft.AspNetCore.Server.Kestrel.Core.Internal.AddressBinder.AddressesStrategy.BindAsync(AddressBindContext context, CancellationToken cancellationToken)
   at Microsoft.AspNetCore.Server.Kestrel.Core.KestrelServerImpl.BindAsync(CancellationToken cancellationToken)
   at Microsoft.AspNetCore.Server.Kestrel.Core.KestrelServerImpl.StartAsync[TContext](IHttpApplication`1 application, CancellationToken cancellationToken)
   at Microsoft.AspNetCore.Hosting.GenericWebHostService.StartAsync(CancellationToken cancellationToken)
   at Microsoft.Extensions.Hosting.Internal.Host.<StartAsync>b__14_1(IHostedService service, CancellationToken token)
   at Microsoft.Extensions.Hosting.Internal.Host.ForeachService[T](IEnumerable`1 services, CancellationToken token, Boolean concurrent, Boolean abortOnFirstException, List`1 exceptions, Func`3 operation)
2026-06-23 16:19:21.574 +01:00 [INF] Sessions already seeded. Skipping.
2026-06-23 16:19:21.608 +01:00 [INF] Faculties already seeded. Skipping.
2026-06-23 16:19:21.620 +01:00 [INF] Departments already seeded. Skipping.
2026-06-23 16:19:21.637 +01:00 [INF] Programs already seeded. Skipping.
2026-06-23 16:19:21.697 +01:00 [INF] Lecturer john.doe@wigweuniversity.edu.ng already exists. Skipping.
2026-06-23 16:19:21.701 +01:00 [INF] Lecturer jane.smith@wigweuniversity.edu.ng already exists. Skipping.
2026-06-23 16:19:21.723 +01:00 [INF] All document types already exist. Skipping.
2026-06-23 16:19:21.736 +01:00 [INF] Sponsors already seeded. Skipping.
2026-06-23 16:19:21.748 +01:00 [INF] Subjects already seeded. Skipping.
2026-06-23 16:19:21.760 +01:00 [INF] Countries already seeded. Skipping.
2026-06-23 16:19:21.790 +01:00 [INF] Grading scales already seeded. Skipping.
2026-06-23 16:19:21.829 +01:00 [INF] Credit transfer rules already seeded. Skipping.
2026-06-23 16:19:21.851 +01:00 [INF] Program credit mappings already seeded. Skipping.
2026-06-23 16:19:22.175 +01:00 [INF] Seeding Course Offerings from active curricula for session 2025/2026...
2026-06-23 16:19:22.197 +01:00 [INF] All course offerings already exist for session 2025/2026.
2026-06-23 16:19:22.198 +01:00 [INF] Database initialization completed successfully.
2026-06-23 16:19:22.269 +01:00 [INF] Initializing Entra ID Service with TenantId: c9a98a3d-152f-4eb3-b93f-9b26fdd08495, ClientId: 84022968-6bdc-4c6b-8eab-57b75fa5d0b1, Domain: wigweuniversity.edu.ng
2026-06-23 16:19:22.294 +01:00 [INF] Entra ID Service initialized successfully
2026-06-23 16:19:22.400 +01:00 [WRN] VAPID Keys not fully configured. Using auto-generated fallback keys. PUBLIC KEY: BLoe91UXCFUC-UOkxJoDUDRsoPV2GEtFpdG69y0RklI687u0zNwKFvRX9WlA3tWMey27X0HD-DF4rIqNRYKrqlM
2026-06-23 16:19:22.471 +01:00 [INF] Registered 314 endpoints in 2,570 milliseconds.
2026-06-23 16:19:22.506 +01:00 [INF] Now listening on: http://localhost:5021
2026-06-23 16:19:22.506 +01:00 [INF] Application started. Press Ctrl+C to shut down.
2026-06-23 16:19:22.506 +01:00 [INF] Hosting environment: Development
2026-06-23 16:19:22.506 +01:00 [INF] Content root path: /Users/mac/Apps/LMS APP/LMSApi
2026-06-23 16:19:24.041 +01:00 [INF] HTTP OPTIONS /api/me responded 204 in 1.8595 ms
2026-06-23 16:19:43.723 +01:00 [INF] HTTP OPTIONS /api/me responded 204 in 0.3953 ms
2026-06-23 16:19:49.035 +01:00 [INF] HTTP OPTIONS /api/me responded 204 in 0.0660 ms
2026-06-23 16:19:54.158 +01:00 [INF] HTTP GET /api/me responded 499 in 30109.8333 ms
2026-06-23 16:19:59.731 +01:00 [INF] HTTP OPTIONS /api/me responded 204 in 0.2545 ms
2026-06-23 16:20:11.686 +01:00 [INF] HTTP OPTIONS /api/me responded 204 in 0.1018 ms
2026-06-23 16:20:54.102 +01:00 [INF] HTTP GET /api/me responded 499 in 70377.5183 ms
2026-06-23 16:21:54.108 +01:00 [INF] HTTP GET /api/me responded 499 in 125072.4444 ms
2026-06-23 16:22:54.113 +01:00 [INF] HTTP GET /api/me responded 499 in 174380.4567 ms
2026-06-23 16:23:56.675 +01:00 [INF] HTTP GET /api/me responded 499 in 236321.3971 ms
2026-06-23 16:24:15.663 +01:00 [INF] HTTP GET /api/me responded 499 in 243967.4089 ms
2026-06-23 16:28:37.807 +01:00 [INF] HTTP OPTIONS /api/me responded 204 in 0.6203 ms
2026-06-23 16:28:37.903 +01:00 [INF] HTTP GET /api/me responded 200 in 90.6937 ms
2026-06-23 16:28:37.929 +01:00 [INF] HTTP OPTIONS /api/admin/dashboard-stats responded 204 in 0.0613 ms
2026-06-23 16:28:37.946 +01:00 [INF] HTTP OPTIONS /api/notifications/push/public-key responded 204 in 0.0555 ms
2026-06-23 16:28:38.055 +01:00 [WRN] VAPID Keys not fully configured. Using auto-generated fallback keys. PUBLIC KEY: BLoe91UXCFUC-UOkxJoDUDRsoPV2GEtFpdG69y0RklI687u0zNwKFvRX9WlA3tWMey27X0HD-DF4rIqNRYKrqlM
2026-06-23 16:28:38.057 +01:00 [INF] HTTP GET /api/notifications/push/public-key responded 200 in 108.6127 ms
2026-06-23 16:28:38.079 +01:00 [INF] HTTP OPTIONS /api/notifications/push/subscribe responded 204 in 0.1082 ms
2026-06-23 16:28:38.095 +01:00 [WRN] VAPID Keys not fully configured. Using auto-generated fallback keys. PUBLIC KEY: BLoe91UXCFUC-UOkxJoDUDRsoPV2GEtFpdG69y0RklI687u0zNwKFvRX9WlA3tWMey27X0HD-DF4rIqNRYKrqlM
2026-06-23 16:28:38.193 +01:00 [INF] HTTP POST /api/notifications/push/subscribe responded 200 in 112.7828 ms
2026-06-23 16:28:38.222 +01:00 [INF] HTTP GET /api/admin/dashboard-stats responded 200 in 290.6363 ms
2026-06-23 16:28:59.965 +01:00 [INF] HTTP OPTIONS /api/admin/users responded 204 in 0.3290 ms
2026-06-23 16:29:00.098 +01:00 [INF] HTTP GET /api/admin/users responded 200 in 123.1994 ms
2026-06-23 16:29:19.790 +01:00 [INF] HTTP OPTIONS /api/admin/users responded 204 in 0.0925 ms
2026-06-23 16:29:19.885 +01:00 [INF] HTTP GET /api/admin/users responded 200 in 92.3385 ms
2026-06-23 16:29:35.836 +01:00 [INF] HTTP OPTIONS /api/auth/switch-user-by-oid responded 204 in 0.1557 ms
2026-06-23 16:29:35.940 +01:00 [INF] HTTP POST /api/auth/switch-user-by-oid responded 200 in 100.6932 ms
2026-06-23 16:29:35.942 +01:00 [INF] HTTP OPTIONS /api/me responded 204 in 0.0350 ms
2026-06-23 16:29:35.972 +01:00 [INF] HTTP GET /api/me responded 200 in 29.4006 ms
2026-06-23 16:29:41.656 +01:00 [INF] HTTP OPTIONS /api/gradebook/my-dashboard responded 204 in 0.4591 ms
2026-06-23 16:29:41.745 +01:00 [ERR] An unhandled exception has occurred while executing the request.
System.InvalidOperationException: Cannot apply the 'Include' operation with argument 'o => o.Course'. Either the source is not a queryable of a known entity type or 'Include' has been applied after 'Select' method which projects a different entity type through navigation. Consider applying 'Include' before 'Select' method call.
   at Microsoft.EntityFrameworkCore.Query.Internal.NavigationExpandingExpressionVisitor.ProcessInclude(NavigationExpansionExpression source, Expression expression, Boolean thenInclude, Boolean setLoaded)
   at Microsoft.EntityFrameworkCore.Query.Internal.NavigationExpandingExpressionVisitor.VisitMethodCall(MethodCallExpression methodCallExpression)
   at Microsoft.EntityFrameworkCore.Query.Internal.NavigationExpandingExpressionVisitor.Expand(Expression query)
   at Microsoft.EntityFrameworkCore.Query.QueryTranslationPreprocessor.Process(Expression query)
   at Microsoft.EntityFrameworkCore.Query.QueryCompilationContext.CreateQueryExecutorExpression[TResult](Expression query)
   at Microsoft.EntityFrameworkCore.Query.QueryCompilationContext.CreateQueryExecutor[TResult](Expression query)
   at Microsoft.EntityFrameworkCore.Storage.Database.CompileQuery[TResult](Expression query, Boolean async)
   at Microsoft.EntityFrameworkCore.Query.Internal.QueryCompiler.CompileQueryCore[TResult](IDatabase database, Expression query, IModel model, Boolean async)
   at Microsoft.EntityFrameworkCore.Query.Internal.QueryCompiler.<>c__DisplayClass11_0`1.<ExecuteCore>b__0()
   at Microsoft.EntityFrameworkCore.Query.Internal.CompiledQueryCache.GetOrAddQuery[TResult](Object cacheKey, Func`1 compiler)
   at Microsoft.EntityFrameworkCore.Query.Internal.QueryCompiler.ExecuteAsync[TResult](Expression query, CancellationToken cancellationToken)
   at Microsoft.EntityFrameworkCore.Query.Internal.EntityQueryable`1.GetAsyncEnumerator(CancellationToken cancellationToken)
   at Microsoft.EntityFrameworkCore.EntityFrameworkQueryableExtensions.IncludableQueryable`2.GetAsyncEnumerator(CancellationToken cancellationToken)
   at System.Runtime.CompilerServices.ConfiguredCancelableAsyncEnumerable`1.GetAsyncEnumerator()
   at Microsoft.EntityFrameworkCore.EntityFrameworkQueryableExtensions.ToListAsync[TSource](IQueryable`1 source, CancellationToken cancellationToken)
   at LMS.Api.Endpoints.Gradebook.GetStudentDashboardEndpoint.HandleAsync(CancellationToken ct) in /Users/mac/Apps/LMS APP/LMSApi/Endpoints/Gradebook/GetStudentDashboardEndpoint.cs:line 142
   at FastEndpoints.Endpoint`2.ExecAsync(CancellationToken ct)
   at FastEndpoints.Endpoint`2.ExecAsync(CancellationToken ct)
   at Microsoft.AspNetCore.Authorization.AuthorizationMiddleware.Invoke(HttpContext context)
   at LMS.Api.Security.UserProvisioningMiddleware.InvokeAsync(HttpContext context, LmsDbContext dbContext, IConfiguration configuration) in /Users/mac/Apps/LMS APP/LMSApi/Security/UserProvisioningMiddleware.cs:line 177
   at LMS.Api.Security.ApiReplayPreventionMiddleware.InvokeAsync(HttpContext context) in /Users/mac/Apps/LMS APP/LMSApi/Security/ApiReplayPreventionMiddleware.cs:line 19
   at Microsoft.AspNetCore.Authentication.AuthenticationMiddleware.Invoke(HttpContext context)
   at Microsoft.AspNetCore.Diagnostics.StatusCodePagesMiddleware.Invoke(HttpContext context)
   at Microsoft.AspNetCore.Diagnostics.ExceptionHandlerMiddlewareImpl.<Invoke>g__Awaited|10_0(ExceptionHandlerMiddlewareImpl middleware, HttpContext context, Task task)
2026-06-23 16:29:41.747 +01:00 [ERR] HTTP GET /api/gradebook/my-dashboard responded 500 in 86.4213 ms
2026-06-23 16:29:41.778 +01:00 [INF] HTTP GET /api/self-service/schedule responded 200 in 114.8639 ms
2026-06-23 16:29:41.820 +01:00 [INF] HTTP GET /api/self-service/schedule/exams responded 200 in 38.0623 ms
2026-06-23 16:29:44.730 +01:00 [INF] HTTP GET /api/self-service/registration-summary responded 200 in 326.9690 ms
2026-06-23 16:30:45.260 +01:00 [ERR] An exception occurred while iterating over the results of a query for context type 'LMS.Api.Data.LmsDbContext'.
System.InvalidOperationException: The configured execution strategy 'SqlServerRetryingExecutionStrategy' does not support user-initiated transactions. Use the execution strategy returned by 'DbContext.Database.CreateExecutionStrategy()' to execute all the operations in the transaction as a retriable unit.
   at Microsoft.EntityFrameworkCore.Storage.ExecutionStrategy.OnFirstExecution()
   at Microsoft.EntityFrameworkCore.Storage.ExecutionStrategy.ExecuteAsync[TState,TResult](TState state, Func`4 operation, Func`4 verifySucceeded, CancellationToken cancellationToken)
   at Microsoft.EntityFrameworkCore.Query.Internal.SingleQueryingEnumerable`1.AsyncEnumerator.MoveNextAsync()
System.InvalidOperationException: The configured execution strategy 'SqlServerRetryingExecutionStrategy' does not support user-initiated transactions. Use the execution strategy returned by 'DbContext.Database.CreateExecutionStrategy()' to execute all the operations in the transaction as a retriable unit.
   at Microsoft.EntityFrameworkCore.Storage.ExecutionStrategy.OnFirstExecution()
   at Microsoft.EntityFrameworkCore.Storage.ExecutionStrategy.ExecuteAsync[TState,TResult](TState state, Func`4 operation, Func`4 verifySucceeded, CancellationToken cancellationToken)
   at Microsoft.EntityFrameworkCore.Query.Internal.SingleQueryingEnumerable`1.AsyncEnumerator.MoveNextAsync()
2026-06-23 16:30:45.264 +01:00 [ERR] An unhandled exception has occurred while executing the request.
System.InvalidOperationException: The configured execution strategy 'SqlServerRetryingExecutionStrategy' does not support user-initiated transactions. Use the execution strategy returned by 'DbContext.Database.CreateExecutionStrategy()' to execute all the operations in the transaction as a retriable unit.
   at Microsoft.EntityFrameworkCore.Storage.ExecutionStrategy.OnFirstExecution()
   at Microsoft.EntityFrameworkCore.Storage.ExecutionStrategy.ExecuteAsync[TState,TResult](TState state, Func`4 operation, Func`4 verifySucceeded, CancellationToken cancellationToken)
   at Microsoft.EntityFrameworkCore.Query.Internal.SingleQueryingEnumerable`1.AsyncEnumerator.MoveNextAsync()
   at Microsoft.EntityFrameworkCore.Query.ShapedQueryCompilingExpressionVisitor.SingleOrDefaultAsync[TSource](IAsyncEnumerable`1 asyncEnumerable, CancellationToken cancellationToken)
   at Microsoft.EntityFrameworkCore.Query.ShapedQueryCompilingExpressionVisitor.SingleOrDefaultAsync[TSource](IAsyncEnumerable`1 asyncEnumerable, CancellationToken cancellationToken)
   at LMS.Api.Services.RegistrationService.RegisterStudent(Guid studentId, Guid courseOfferingId, CancellationToken ct) in /Users/mac/Apps/LMS APP/LMSApi/Services/RegistrationService.cs:line 32
   at LMS.Api.Services.RegistrationService.RegisterStudent(Guid studentId, Guid courseOfferingId, CancellationToken ct) in /Users/mac/Apps/LMS APP/LMSApi/Services/RegistrationService.cs:line 64
   at LMS.Api.Endpoints.SelfService.RegisterForCourseEndpoint.HandleAsync(CreateRegistrationRequest req, CancellationToken ct) in /Users/mac/Apps/LMS APP/LMSApi/Endpoints/SelfService/RegistrationEndpoints.cs:line 30
   at FastEndpoints.Endpoint`2.ExecAsync(CancellationToken ct)
   at FastEndpoints.Endpoint`2.ExecAsync(CancellationToken ct)
   at Microsoft.AspNetCore.Authorization.AuthorizationMiddleware.Invoke(HttpContext context)
   at LMS.Api.Security.UserProvisioningMiddleware.InvokeAsync(HttpContext context, LmsDbContext dbContext, IConfiguration configuration) in /Users/mac/Apps/LMS APP/LMSApi/Security/UserProvisioningMiddleware.cs:line 177
   at LMS.Api.Security.ApiReplayPreventionMiddleware.InvokeAsync(HttpContext context) in /Users/mac/Apps/LMS APP/LMSApi/Security/ApiReplayPreventionMiddleware.cs:line 93
   at Microsoft.AspNetCore.Authentication.AuthenticationMiddleware.Invoke(HttpContext context)
   at Microsoft.AspNetCore.Diagnostics.StatusCodePagesMiddleware.Invoke(HttpContext context)
   at Microsoft.AspNetCore.Diagnostics.ExceptionHandlerMiddlewareImpl.<Invoke>g__Awaited|10_0(ExceptionHandlerMiddlewareImpl middleware, HttpContext context, Task task)
2026-06-23 16:30:45.265 +01:00 [ERR] HTTP POST /api/self-service/register responded 500 in 55.7161 ms
2026-06-23 16:37:14.041 +01:00 [INF] HTTP OPTIONS /api/me responded 204 in 2.6673 ms
2026-06-23 16:37:14.252 +01:00 [INF] HTTP GET /api/me responded 200 in 189.6725 ms
2026-06-23 16:37:14.298 +01:00 [INF] HTTP OPTIONS /api/notifications/push/public-key responded 204 in 0.0616 ms
2026-06-23 16:37:14.357 +01:00 [WRN] VAPID Keys not fully configured. Using auto-generated fallback keys. PUBLIC KEY: BLoe91UXCFUC-UOkxJoDUDRsoPV2GEtFpdG69y0RklI687u0zNwKFvRX9WlA3tWMey27X0HD-DF4rIqNRYKrqlM
2026-06-23 16:37:14.357 +01:00 [INF] HTTP GET /api/notifications/push/public-key responded 200 in 58.1270 ms
2026-06-23 16:37:14.359 +01:00 [INF] HTTP OPTIONS /api/notifications/push/subscribe responded 204 in 0.0449 ms
2026-06-23 16:37:14.386 +01:00 [WRN] VAPID Keys not fully configured. Using auto-generated fallback keys. PUBLIC KEY: BLoe91UXCFUC-UOkxJoDUDRsoPV2GEtFpdG69y0RklI687u0zNwKFvRX9WlA3tWMey27X0HD-DF4rIqNRYKrqlM
2026-06-23 16:37:14.403 +01:00 [INF] HTTP POST /api/notifications/push/subscribe responded 200 in 37.1429 ms
2026-06-23 16:37:14.531 +01:00 [INF] HTTP GET /api/self-service/registration-summary responded 200 in 239.5989 ms
2026-06-23 19:36:30.978 +01:00 [INF] Application is shutting down...
2026-06-23 19:36:57.284 +01:00 [INF] Sessions already seeded. Skipping.
2026-06-23 19:36:57.319 +01:00 [INF] Faculties already seeded. Skipping.
2026-06-23 19:36:57.331 +01:00 [INF] Departments already seeded. Skipping.
2026-06-23 19:36:57.347 +01:00 [INF] Programs already seeded. Skipping.
2026-06-23 19:36:57.412 +01:00 [INF] Lecturer john.doe@wigweuniversity.edu.ng already exists. Skipping.
2026-06-23 19:36:57.416 +01:00 [INF] Lecturer jane.smith@wigweuniversity.edu.ng already exists. Skipping.
2026-06-23 19:36:57.440 +01:00 [INF] All document types already exist. Skipping.
2026-06-23 19:36:57.453 +01:00 [INF] Sponsors already seeded. Skipping.
2026-06-23 19:36:57.466 +01:00 [INF] Subjects already seeded. Skipping.
2026-06-23 19:36:57.478 +01:00 [INF] Countries already seeded. Skipping.
2026-06-23 19:36:57.491 +01:00 [INF] Grading scales already seeded. Skipping.
2026-06-23 19:36:57.503 +01:00 [INF] Credit transfer rules already seeded. Skipping.
2026-06-23 19:36:57.515 +01:00 [INF] Program credit mappings already seeded. Skipping.
2026-06-23 19:36:57.651 +01:00 [INF] Seeding Course Offerings from active curricula for session 2025/2026...
2026-06-23 19:36:57.674 +01:00 [INF] All course offerings already exist for session 2025/2026.
2026-06-23 19:36:57.674 +01:00 [INF] Database initialization completed successfully.
2026-06-23 19:36:57.731 +01:00 [INF] Initializing Entra ID Service with TenantId: c9a98a3d-152f-4eb3-b93f-9b26fdd08495, ClientId: 84022968-6bdc-4c6b-8eab-57b75fa5d0b1, Domain: wigweuniversity.edu.ng
2026-06-23 19:36:57.747 +01:00 [INF] Entra ID Service initialized successfully
2026-06-23 19:36:57.842 +01:00 [WRN] VAPID Keys not fully configured. Using auto-generated fallback keys. PUBLIC KEY: BN5logObeNj-HLkOGRgb1AmqtZHFQUsHik8DCVqexZmfaQcIPFML-cISlBUnCho3NiGwv3fkAqWMq6HtOkREC8M
2026-06-23 19:36:57.910 +01:00 [INF] Registered 314 endpoints in 2,294 milliseconds.
2026-06-23 19:36:57.942 +01:00 [INF] Now listening on: http://localhost:5021
2026-06-23 19:36:57.942 +01:00 [INF] Application started. Press Ctrl+C to shut down.
2026-06-23 19:36:57.942 +01:00 [INF] Hosting environment: Development
2026-06-23 19:36:57.942 +01:00 [INF] Content root path: /Users/mac/Apps/LMS APP/LMSApi
2026-06-23 19:43:17.602 +01:00 [INF] HTTP POST /api/self-service/register responded 401 in 49.3428 ms
2026-06-23 19:43:24.867 +01:00 [INF] HTTP OPTIONS /api/me responded 204 in 1.4851 ms
2026-06-23 19:43:26.189 +01:00 [INF] HTTP GET /api/me responded 200 in 1318.8343 ms
2026-06-23 19:43:26.208 +01:00 [INF] HTTP OPTIONS /api/admin/dashboard-stats responded 204 in 0.0882 ms
2026-06-23 19:43:26.240 +01:00 [INF] HTTP OPTIONS /api/notifications/push/public-key responded 204 in 0.0626 ms
2026-06-23 19:43:26.259 +01:00 [WRN] VAPID Keys not fully configured. Using auto-generated fallback keys. PUBLIC KEY: BN5logObeNj-HLkOGRgb1AmqtZHFQUsHik8DCVqexZmfaQcIPFML-cISlBUnCho3NiGwv3fkAqWMq6HtOkREC8M
2026-06-23 19:43:26.260 +01:00 [INF] HTTP GET /api/notifications/push/public-key responded 200 in 18.3453 ms
2026-06-23 19:43:26.262 +01:00 [INF] HTTP OPTIONS /api/notifications/push/subscribe responded 204 in 0.0569 ms
2026-06-23 19:43:26.274 +01:00 [WRN] VAPID Keys not fully configured. Using auto-generated fallback keys. PUBLIC KEY: BN5logObeNj-HLkOGRgb1AmqtZHFQUsHik8DCVqexZmfaQcIPFML-cISlBUnCho3NiGwv3fkAqWMq6HtOkREC8M
2026-06-23 19:43:26.364 +01:00 [INF] HTTP POST /api/notifications/push/subscribe responded 200 in 101.3193 ms
2026-06-23 19:43:26.419 +01:00 [INF] HTTP GET /api/admin/dashboard-stats responded 200 in 208.4487 ms
2026-06-23 19:43:28.981 +01:00 [INF] HTTP OPTIONS /api/admin/users responded 204 in 0.3587 ms
2026-06-23 19:43:29.087 +01:00 [INF] HTTP GET /api/admin/users responded 200 in 103.8611 ms
2026-06-23 19:43:42.884 +01:00 [INF] HTTP OPTIONS /api/admin/users responded 204 in 0.3823 ms
2026-06-23 19:43:43.005 +01:00 [INF] HTTP GET /api/admin/users responded 200 in 117.2454 ms
2026-06-23 19:43:45.398 +01:00 [INF] HTTP OPTIONS /api/auth/switch-user-by-oid responded 204 in 1.4299 ms
2026-06-23 19:43:45.507 +01:00 [INF] HTTP POST /api/auth/switch-user-by-oid responded 200 in 104.6463 ms
2026-06-23 19:43:45.513 +01:00 [INF] HTTP OPTIONS /api/me responded 204 in 0.0613 ms
2026-06-23 19:43:45.548 +01:00 [INF] HTTP GET /api/me responded 200 in 34.7664 ms
2026-06-23 19:43:49.583 +01:00 [INF] HTTP GET /api/self-service/registration-summary responded 200 in 352.2355 ms
2026-06-23 19:43:58.118 +01:00 [INF] HTTP POST /api/self-service/register responded 200 in 169.0186 ms
2026-06-23 19:43:58.246 +01:00 [INF] HTTP GET /api/self-service/registration-summary responded 200 in 121.1981 ms
2026-06-23 19:44:05.784 +01:00 [INF] HTTP POST /api/self-service/register responded 200 in 46.3875 ms
2026-06-23 19:44:05.854 +01:00 [INF] HTTP GET /api/self-service/registration-summary responded 200 in 66.8068 ms
2026-06-23 19:44:08.826 +01:00 [INF] HTTP POST /api/self-service/register responded 200 in 41.5710 ms
2026-06-23 19:44:08.886 +01:00 [INF] HTTP GET /api/self-service/registration-summary responded 200 in 56.5311 ms
2026-06-23 19:44:11.086 +01:00 [INF] HTTP POST /api/self-service/register responded 200 in 49.2185 ms
2026-06-23 19:44:11.182 +01:00 [INF] HTTP GET /api/self-service/registration-summary responded 200 in 81.4130 ms
2026-06-23 19:44:15.430 +01:00 [INF] HTTP POST /api/self-service/register responded 200 in 47.4783 ms
2026-06-23 19:44:15.477 +01:00 [INF] HTTP GET /api/self-service/registration-summary responded 200 in 42.1867 ms
2026-06-23 19:44:19.527 +01:00 [INF] HTTP POST /api/self-service/register responded 200 in 24.2903 ms
2026-06-23 19:44:19.572 +01:00 [INF] HTTP GET /api/self-service/registration-summary responded 200 in 42.4387 ms
2026-06-23 19:44:22.715 +01:00 [INF] HTTP POST /api/self-service/register responded 200 in 26.1975 ms
2026-06-23 19:44:22.765 +01:00 [INF] HTTP GET /api/self-service/registration-summary responded 200 in 38.8360 ms
2026-06-23 19:44:25.123 +01:00 [INF] HTTP POST /api/self-service/register responded 200 in 57.8317 ms
2026-06-23 19:44:25.212 +01:00 [INF] HTTP GET /api/self-service/registration-summary responded 200 in 80.0436 ms
2026-06-23 19:44:45.826 +01:00 [INF] HTTP POST /api/self-service/register responded 200 in 53.2916 ms
2026-06-23 19:44:45.858 +01:00 [INF] HTTP GET /api/self-service/registration-summary responded 200 in 28.6657 ms
2026-06-23 19:44:50.035 +01:00 [INF] HTTP POST /api/self-service/register responded 200 in 53.9411 ms
2026-06-23 19:44:50.091 +01:00 [INF] HTTP GET /api/self-service/registration-summary responded 200 in 49.0943 ms
2026-06-23 19:45:33.506 +01:00 [INF] HTTP DELETE /api/self-service/register/7e06d70a-6b7b-49f3-b72d-6115ac02840a responded 200 in 55.0386 ms
2026-06-23 19:45:33.553 +01:00 [INF] HTTP GET /api/self-service/registration-summary responded 200 in 40.7281 ms
2026-06-23 19:46:57.567 +01:00 [INF] HTTP OPTIONS /api/me responded 204 in 0.1817 ms
2026-06-23 19:46:57.589 +01:00 [INF] HTTP GET /api/me responded 200 in 20.5340 ms
2026-06-23 19:46:57.629 +01:00 [INF] HTTP OPTIONS /api/notifications/push/public-key responded 204 in 0.0606 ms
2026-06-23 19:46:57.641 +01:00 [WRN] VAPID Keys not fully configured. Using auto-generated fallback keys. PUBLIC KEY: BN5logObeNj-HLkOGRgb1AmqtZHFQUsHik8DCVqexZmfaQcIPFML-cISlBUnCho3NiGwv3fkAqWMq6HtOkREC8M
2026-06-23 19:46:57.642 +01:00 [INF] HTTP GET /api/notifications/push/public-key responded 200 in 12.1074 ms
2026-06-23 19:46:57.644 +01:00 [INF] HTTP OPTIONS /api/notifications/push/subscribe responded 204 in 0.0543 ms
2026-06-23 19:46:57.654 +01:00 [WRN] VAPID Keys not fully configured. Using auto-generated fallback keys. PUBLIC KEY: BN5logObeNj-HLkOGRgb1AmqtZHFQUsHik8DCVqexZmfaQcIPFML-cISlBUnCho3NiGwv3fkAqWMq6HtOkREC8M
2026-06-23 19:46:57.662 +01:00 [INF] HTTP POST /api/notifications/push/subscribe responded 200 in 17.7801 ms
2026-06-23 19:46:57.667 +01:00 [INF] HTTP GET /api/self-service/registration-summary responded 200 in 46.4565 ms
2026-06-23 19:47:08.011 +01:00 [INF] HTTP OPTIONS /api/me responded 204 in 0.4857 ms
2026-06-23 19:47:08.030 +01:00 [INF] HTTP GET /api/me responded 200 in 17.1769 ms
2026-06-23 19:47:08.050 +01:00 [INF] HTTP OPTIONS /api/notifications/push/public-key responded 204 in 0.0462 ms
2026-06-23 19:47:08.071 +01:00 [WRN] VAPID Keys not fully configured. Using auto-generated fallback keys. PUBLIC KEY: BN5logObeNj-HLkOGRgb1AmqtZHFQUsHik8DCVqexZmfaQcIPFML-cISlBUnCho3NiGwv3fkAqWMq6HtOkREC8M
2026-06-23 19:47:08.072 +01:00 [INF] HTTP GET /api/notifications/push/public-key responded 200 in 21.3293 ms
2026-06-23 19:47:08.073 +01:00 [INF] HTTP OPTIONS /api/notifications/push/subscribe responded 204 in 0.0316 ms
2026-06-23 19:47:08.082 +01:00 [WRN] VAPID Keys not fully configured. Using auto-generated fallback keys. PUBLIC KEY: BN5logObeNj-HLkOGRgb1AmqtZHFQUsHik8DCVqexZmfaQcIPFML-cISlBUnCho3NiGwv3fkAqWMq6HtOkREC8M
2026-06-23 19:47:08.095 +01:00 [INF] HTTP POST /api/notifications/push/subscribe responded 200 in 20.9813 ms
2026-06-23 19:47:08.097 +01:00 [INF] HTTP GET /api/self-service/registration-summary responded 200 in 55.3779 ms
2026-06-23 19:54:43.354 +01:00 [INF] HTTP DELETE /api/self-service/register/c42c1d00-7728-4d5b-bff0-17c6b8222d9d responded 200 in 65.7809 ms
2026-06-23 19:54:43.411 +01:00 [INF] HTTP GET /api/self-service/registration-summary responded 200 in 50.7212 ms
2026-06-23 19:54:54.137 +01:00 [INF] HTTP POST /api/self-service/register responded 200 in 55.2706 ms
2026-06-23 19:54:54.206 +01:00 [INF] HTTP GET /api/self-service/registration-summary responded 200 in 61.4691 ms
2026-06-23 19:54:59.657 +01:00 [INF] HTTP POST /api/self-service/register responded 200 in 43.2564 ms
2026-06-23 19:54:59.693 +01:00 [INF] HTTP GET /api/self-service/registration-summary responded 200 in 31.4833 ms
2026-06-23 19:55:46.220 +01:00 [INF] HTTP OPTIONS /api/gradebook/my-dashboard responded 204 in 0.0614 ms
2026-06-23 19:55:46.314 +01:00 [ERR] An unhandled exception has occurred while executing the request.
System.InvalidOperationException: Cannot apply the 'Include' operation with argument 'o => o.Course'. Either the source is not a queryable of a known entity type or 'Include' has been applied after 'Select' method which projects a different entity type through navigation. Consider applying 'Include' before 'Select' method call.
   at Microsoft.EntityFrameworkCore.Query.Internal.NavigationExpandingExpressionVisitor.ProcessInclude(NavigationExpansionExpression source, Expression expression, Boolean thenInclude, Boolean setLoaded)
   at Microsoft.EntityFrameworkCore.Query.Internal.NavigationExpandingExpressionVisitor.VisitMethodCall(MethodCallExpression methodCallExpression)
   at Microsoft.EntityFrameworkCore.Query.Internal.NavigationExpandingExpressionVisitor.Expand(Expression query)
   at Microsoft.EntityFrameworkCore.Query.QueryTranslationPreprocessor.Process(Expression query)
   at Microsoft.EntityFrameworkCore.Query.QueryCompilationContext.CreateQueryExecutorExpression[TResult](Expression query)
   at Microsoft.EntityFrameworkCore.Query.QueryCompilationContext.CreateQueryExecutor[TResult](Expression query)
   at Microsoft.EntityFrameworkCore.Storage.Database.CompileQuery[TResult](Expression query, Boolean async)
   at Microsoft.EntityFrameworkCore.Query.Internal.QueryCompiler.CompileQueryCore[TResult](IDatabase database, Expression query, IModel model, Boolean async)
   at Microsoft.EntityFrameworkCore.Query.Internal.QueryCompiler.<>c__DisplayClass11_0`1.<ExecuteCore>b__0()
   at Microsoft.EntityFrameworkCore.Query.Internal.CompiledQueryCache.GetOrAddQuery[TResult](Object cacheKey, Func`1 compiler)
   at Microsoft.EntityFrameworkCore.Query.Internal.QueryCompiler.ExecuteAsync[TResult](Expression query, CancellationToken cancellationToken)
   at Microsoft.EntityFrameworkCore.Query.Internal.EntityQueryable`1.GetAsyncEnumerator(CancellationToken cancellationToken)
   at Microsoft.EntityFrameworkCore.EntityFrameworkQueryableExtensions.IncludableQueryable`2.GetAsyncEnumerator(CancellationToken cancellationToken)
   at Microsoft.EntityFrameworkCore.EntityFrameworkQueryableExtensions.ToListAsync[TSource](IQueryable`1 source, CancellationToken cancellationToken)
   at LMS.Api.Endpoints.Gradebook.GetStudentDashboardEndpoint.HandleAsync(CancellationToken ct) in /Users/mac/Apps/LMS APP/LMSApi/Endpoints/Gradebook/GetStudentDashboardEndpoint.cs:line 142
   at FastEndpoints.Endpoint`2.ExecAsync(CancellationToken ct)
   at FastEndpoints.Endpoint`2.ExecAsync(CancellationToken ct)
   at Microsoft.AspNetCore.Authorization.AuthorizationMiddleware.Invoke(HttpContext context)
   at LMS.Api.Security.UserProvisioningMiddleware.InvokeAsync(HttpContext context, LmsDbContext dbContext, IConfiguration configuration) in /Users/mac/Apps/LMS APP/LMSApi/Security/UserProvisioningMiddleware.cs:line 177
   at LMS.Api.Security.ApiReplayPreventionMiddleware.InvokeAsync(HttpContext context) in /Users/mac/Apps/LMS APP/LMSApi/Security/ApiReplayPreventionMiddleware.cs:line 19
   at Microsoft.AspNetCore.Authentication.AuthenticationMiddleware.Invoke(HttpContext context)
   at Microsoft.AspNetCore.Diagnostics.StatusCodePagesMiddleware.Invoke(HttpContext context)
   at Microsoft.AspNetCore.Diagnostics.ExceptionHandlerMiddlewareImpl.<Invoke>g__Awaited|10_0(ExceptionHandlerMiddlewareImpl middleware, HttpContext context, Task task)
2026-06-23 19:55:46.320 +01:00 [ERR] HTTP GET /api/gradebook/my-dashboard responded 500 in 97.7483 ms
2026-06-23 19:55:46.349 +01:00 [INF] HTTP GET /api/self-service/schedule responded 200 in 127.7108 ms
2026-06-23 19:55:46.435 +01:00 [INF] HTTP GET /api/self-service/schedule/exams responded 200 in 81.1041 ms
2026-06-23 19:55:50.609 +01:00 [INF] HTTP GET /api/self-service/registration-history responded 200 in 59.5559 ms
2026-06-23 19:55:57.869 +01:00 [INF] HTTP GET /api/quizzes responded 200 in 37.2215 ms
2026-06-23 19:56:01.405 +01:00 [INF] HTTP GET /api/self-service/registration-history responded 200 in 14.7356 ms
2026-06-23 20:04:39.628 +01:00 [INF] HTTP OPTIONS /api/me responded 204 in 0.1023 ms
2026-06-23 20:04:39.770 +01:00 [INF] HTTP GET /api/me responded 200 in 133.4695 ms
2026-06-23 20:04:39.810 +01:00 [INF] HTTP OPTIONS /api/notifications/push/public-key responded 204 in 0.0360 ms
2026-06-23 20:04:39.856 +01:00 [WRN] VAPID Keys not fully configured. Using auto-generated fallback keys. PUBLIC KEY: BN5logObeNj-HLkOGRgb1AmqtZHFQUsHik8DCVqexZmfaQcIPFML-cISlBUnCho3NiGwv3fkAqWMq6HtOkREC8M
2026-06-23 20:04:39.860 +01:00 [INF] HTTP GET /api/notifications/push/public-key responded 200 in 33.3015 ms
2026-06-23 20:04:39.865 +01:00 [INF] HTTP OPTIONS /api/notifications/push/subscribe responded 204 in 0.6435 ms
2026-06-23 20:04:39.893 +01:00 [WRN] VAPID Keys not fully configured. Using auto-generated fallback keys. PUBLIC KEY: BN5logObeNj-HLkOGRgb1AmqtZHFQUsHik8DCVqexZmfaQcIPFML-cISlBUnCho3NiGwv3fkAqWMq6HtOkREC8M
2026-06-23 20:04:39.924 +01:00 [INF] HTTP POST /api/notifications/push/subscribe responded 200 in 56.4716 ms
2026-06-23 20:04:39.925 +01:00 [INF] HTTP GET /api/self-service/registration-history responded 200 in 73.3808 ms
2026-06-23 20:12:33.869 +01:00 [INF] HTTP OPTIONS /api/me responded 204 in 0.0293 ms
2026-06-23 20:12:33.914 +01:00 [INF] HTTP GET /api/me responded 200 in 44.4735 ms
2026-06-23 20:12:33.951 +01:00 [INF] HTTP OPTIONS /api/notifications/push/public-key responded 204 in 0.0255 ms
2026-06-23 20:12:33.954 +01:00 [INF] HTTP GET /api/self-service/registration-history responded 200 in 12.2583 ms
2026-06-23 20:12:33.982 +01:00 [WRN] VAPID Keys not fully configured. Using auto-generated fallback keys. PUBLIC KEY: BN5logObeNj-HLkOGRgb1AmqtZHFQUsHik8DCVqexZmfaQcIPFML-cISlBUnCho3NiGwv3fkAqWMq6HtOkREC8M
2026-06-23 20:12:33.982 +01:00 [INF] HTTP GET /api/notifications/push/public-key responded 200 in 30.1643 ms
2026-06-23 20:12:33.984 +01:00 [INF] HTTP OPTIONS /api/notifications/push/subscribe responded 204 in 0.0256 ms
2026-06-23 20:12:33.993 +01:00 [WRN] VAPID Keys not fully configured. Using auto-generated fallback keys. PUBLIC KEY: BN5logObeNj-HLkOGRgb1AmqtZHFQUsHik8DCVqexZmfaQcIPFML-cISlBUnCho3NiGwv3fkAqWMq6HtOkREC8M
2026-06-23 20:12:33.998 +01:00 [INF] HTTP POST /api/notifications/push/subscribe responded 200 in 13.5307 ms
2026-06-23 20:12:55.453 +01:00 [INF] HTTP OPTIONS /api/gradebook/my-dashboard responded 204 in 0.0527 ms
2026-06-23 20:12:55.582 +01:00 [INF] HTTP GET /api/gradebook/my-dashboard responded 200 in 124.1154 ms
2026-06-23 20:13:29.202 +01:00 [INF] HTTP OPTIONS /api/fees/my-bill responded 204 in 0.1043 ms
2026-06-23 20:13:29.260 +01:00 [WRN] Compiling a query which loads related collections for more than one collection navigation, either via 'Include' or through projection, but no 'QuerySplittingBehavior' has been configured. By default, Entity Framework will use 'QuerySplittingBehavior.SingleQuery', which can potentially result in slow query performance. See https://go.microsoft.com/fwlink/?linkid=2134277 for more information. To identify the query that's triggering this warning call 'ConfigureWarnings(w => w.Throw(RelationalEventId.MultipleCollectionIncludeWarning))'.
2026-06-23 20:13:29.320 +01:00 [INF] HTTP GET /api/fees/my-bill responded 404 in 112.8631 ms
2026-06-23 20:13:32.142 +01:00 [INF] HTTP OPTIONS /api/gradebook/my-dashboard responded 204 in 0.3681 ms
2026-06-23 20:13:32.178 +01:00 [INF] HTTP GET /api/gradebook/my-dashboard responded 200 in 30.5673 ms
2026-06-23 20:24:19.910 +01:00 [INF] HTTP OPTIONS /api/me responded 204 in 0.1554 ms
2026-06-23 20:24:19.948 +01:00 [INF] HTTP GET /api/me responded 200 in 38.0221 ms
2026-06-23 20:24:19.959 +01:00 [INF] HTTP OPTIONS /api/gradebook/my-dashboard responded 204 in 0.0305 ms
2026-06-23 20:24:19.971 +01:00 [INF] HTTP OPTIONS /api/notifications/push/public-key responded 204 in 0.0238 ms
2026-06-23 20:24:19.988 +01:00 [INF] HTTP GET /api/gradebook/my-dashboard responded 200 in 27.8389 ms
2026-06-23 20:24:20.000 +01:00 [WRN] VAPID Keys not fully configured. Using auto-generated fallback keys. PUBLIC KEY: BN5logObeNj-HLkOGRgb1AmqtZHFQUsHik8DCVqexZmfaQcIPFML-cISlBUnCho3NiGwv3fkAqWMq6HtOkREC8M
2026-06-23 20:24:20.000 +01:00 [INF] HTTP GET /api/notifications/push/public-key responded 200 in 28.6943 ms
2026-06-23 20:24:20.002 +01:00 [INF] HTTP OPTIONS /api/notifications/push/subscribe responded 204 in 0.0306 ms
2026-06-23 20:24:20.011 +01:00 [WRN] VAPID Keys not fully configured. Using auto-generated fallback keys. PUBLIC KEY: BN5logObeNj-HLkOGRgb1AmqtZHFQUsHik8DCVqexZmfaQcIPFML-cISlBUnCho3NiGwv3fkAqWMq6HtOkREC8M
2026-06-23 20:24:20.019 +01:00 [INF] HTTP POST /api/notifications/push/subscribe responded 200 in 16.3067 ms
2026-06-23 20:31:45.736 +01:00 [INF] HTTP GET /api/self-service/temp-list-users responded 404 in 1.0837 ms
2026-06-23 20:32:13.669 +01:00 [INF] Application is shutting down...
2026-06-23 20:32:23.923 +01:00 [INF] Sessions already seeded. Skipping.
2026-06-23 20:32:23.945 +01:00 [INF] Faculties already seeded. Skipping.
2026-06-23 20:32:23.952 +01:00 [INF] Departments already seeded. Skipping.
2026-06-23 20:32:23.962 +01:00 [INF] Programs already seeded. Skipping.
2026-06-23 20:32:24.005 +01:00 [INF] Lecturer john.doe@wigweuniversity.edu.ng already exists. Skipping.
2026-06-23 20:32:24.015 +01:00 [INF] Lecturer jane.smith@wigweuniversity.edu.ng already exists. Skipping.
2026-06-23 20:32:24.034 +01:00 [INF] All document types already exist. Skipping.
2026-06-23 20:32:24.040 +01:00 [INF] Sponsors already seeded. Skipping.
2026-06-23 20:32:24.046 +01:00 [INF] Subjects already seeded. Skipping.
2026-06-23 20:32:24.054 +01:00 [INF] Countries already seeded. Skipping.
2026-06-23 20:32:24.062 +01:00 [INF] Grading scales already seeded. Skipping.
2026-06-23 20:32:24.070 +01:00 [INF] Credit transfer rules already seeded. Skipping.
2026-06-23 20:32:24.078 +01:00 [INF] Program credit mappings already seeded. Skipping.
2026-06-23 20:32:24.187 +01:00 [INF] Seeding Course Offerings from active curricula for session 2025/2026...
2026-06-23 20:32:24.206 +01:00 [INF] All course offerings already exist for session 2025/2026.
2026-06-23 20:32:24.206 +01:00 [INF] Database initialization completed successfully.
2026-06-23 20:32:24.262 +01:00 [INF] Initializing Entra ID Service with TenantId: c9a98a3d-152f-4eb3-b93f-9b26fdd08495, ClientId: 84022968-6bdc-4c6b-8eab-57b75fa5d0b1, Domain: wigweuniversity.edu.ng
2026-06-23 20:32:24.281 +01:00 [INF] Entra ID Service initialized successfully
2026-06-23 20:32:24.369 +01:00 [WRN] VAPID Keys not fully configured. Using auto-generated fallback keys. PUBLIC KEY: BNaok8UDfzXA7rfKrKkvJ8B6GX2t5PvZmZRRdERDNbN1-7QLeGzQPGoWzq5FwuckIZsL2SXwKVghe_ALAPgPcOc
2026-06-23 20:32:24.434 +01:00 [INF] Registered 315 endpoints in 2,084 milliseconds.
2026-06-23 20:32:24.462 +01:00 [INF] Now listening on: http://localhost:5021
2026-06-23 20:32:24.462 +01:00 [INF] Application started. Press Ctrl+C to shut down.
2026-06-23 20:32:24.462 +01:00 [INF] Hosting environment: Development
2026-06-23 20:32:24.462 +01:00 [INF] Content root path: /Users/mac/Apps/LMS APP/LMSApi
2026-06-23 20:32:35.003 +01:00 [INF] HTTP GET /api/self-service/temp-list-users responded 200 in 97.4178 ms
2026-06-23 20:32:45.759 +01:00 [INF] HTTP OPTIONS /api/gradebook/my-dashboard responded 204 in 1.5501 ms
2026-06-23 20:32:46.052 +01:00 [INF] HTTP GET /api/self-service/schedule responded 200 in 292.7419 ms
2026-06-23 20:32:46.063 +01:00 [INF] HTTP GET /api/gradebook/my-dashboard responded 200 in 301.1477 ms
2026-06-23 20:32:46.087 +01:00 [INF] HTTP GET /api/self-service/schedule responded 200 in 21.3713 ms
2026-06-23 20:32:46.126 +01:00 [INF] HTTP GET /api/self-service/schedule/exams responded 200 in 69.0948 ms
2026-06-23 20:32:46.151 +01:00 [INF] HTTP GET /api/self-service/schedule/exams responded 200 in 18.3832 ms
2026-06-23 20:33:17.696 +01:00 [INF] Sessions already seeded. Skipping.
2026-06-23 20:33:17.720 +01:00 [INF] Faculties already seeded. Skipping.
2026-06-23 20:33:17.735 +01:00 [INF] Departments already seeded. Skipping.
2026-06-23 20:33:17.749 +01:00 [INF] Programs already seeded. Skipping.
2026-06-23 20:33:17.794 +01:00 [INF] Lecturer john.doe@wigweuniversity.edu.ng already exists. Skipping.
2026-06-23 20:33:17.797 +01:00 [INF] Lecturer jane.smith@wigweuniversity.edu.ng already exists. Skipping.
2026-06-23 20:33:17.818 +01:00 [INF] All document types already exist. Skipping.
2026-06-23 20:33:17.832 +01:00 [INF] Sponsors already seeded. Skipping.
2026-06-23 20:33:17.853 +01:00 [INF] Subjects already seeded. Skipping.
2026-06-23 20:33:17.861 +01:00 [INF] Countries already seeded. Skipping.
2026-06-23 20:33:17.868 +01:00 [INF] Grading scales already seeded. Skipping.
2026-06-23 20:33:17.876 +01:00 [INF] Credit transfer rules already seeded. Skipping.
2026-06-23 20:33:17.883 +01:00 [INF] Program credit mappings already seeded. Skipping.
2026-06-23 20:33:18.003 +01:00 [INF] Seeding Course Offerings from active curricula for session 2025/2026...
2026-06-23 20:33:18.021 +01:00 [INF] All course offerings already exist for session 2025/2026.
2026-06-23 20:33:18.021 +01:00 [INF] Database initialization completed successfully.
2026-06-23 20:33:18.076 +01:00 [INF] Initializing Entra ID Service with TenantId: c9a98a3d-152f-4eb3-b93f-9b26fdd08495, ClientId: 84022968-6bdc-4c6b-8eab-57b75fa5d0b1, Domain: wigweuniversity.edu.ng
2026-06-23 20:33:18.095 +01:00 [INF] Entra ID Service initialized successfully
2026-06-23 20:33:18.185 +01:00 [WRN] VAPID Keys not fully configured. Using auto-generated fallback keys. PUBLIC KEY: BH4rveFfhcTZFJKiK484fh9moxJhRGiVeXULYW4en04XizbS32puJbEnD70QGlc9j0SLNWmIMrFB3vH2rW9QAiM
2026-06-23 20:33:18.251 +01:00 [INF] Registered 315 endpoints in 2,121 milliseconds.
2026-06-23 20:33:18.282 +01:00 [INF] Now listening on: http://localhost:5021
2026-06-23 20:33:18.282 +01:00 [INF] Application started. Press Ctrl+C to shut down.
2026-06-23 20:33:18.282 +01:00 [INF] Hosting environment: Development
2026-06-23 20:33:18.282 +01:00 [INF] Content root path: /Users/mac/Apps/LMS APP/LMSApi
2026-06-23 20:35:18.449 +01:00 [INF] HTTP GET /api/self-service/program-switch/my-requests responded 200 in 268.3872 ms
2026-06-23 20:35:18.449 +01:00 [INF] HTTP GET /api/self-service/programs responded 200 in 268.4046 ms
2026-06-23 20:35:24.590 +01:00 [INF] HTTP OPTIONS /api/me responded 204 in 2.6376 ms
2026-06-23 20:35:25.694 +01:00 [INF] HTTP GET /api/me responded 200 in 1100.6135 ms
2026-06-23 20:35:36.422 +01:00 [INF] HTTP GET /api/messages responded 200 in 96.4941 ms
2026-06-23 20:35:48.233 +01:00 [INF] HTTP GET /api/self-service/temp-list-users responded 200 in 45.3353 ms
-06-23 20:33:38.858 +01:00 [INF] Sponsors already seeded. Skipping.
2026-06-23 20:33:38.865 +01:00 [INF] Subjects already seeded. Skipping.
2026-06-23 20:33:38.873 +01:00 [INF] Countries already seeded. Skipping.
2026-06-23 20:33:38.880 +01:00 [INF] Grading scales already seeded. Skipping.
2026-06-23 20:33:38.887 +01:00 [INF] Credit transfer rules already seeded. Skipping.
2026-06-23 20:33:38.894 +01:00 [INF] Program credit mappings already seeded. Skipping.
2026-06-23 20:33:39.000 +01:00 [INF] Seeding Course Offerings from active curricula for session 2025/2026...
2026-06-23 20:33:39.014 +01:00 [INF] All course offerings already exist for session 2025/2026.
2026-06-23 20:33:39.014 +01:00 [INF] Database initialization completed successfully.
2026-06-23 20:33:39.067 +01:00 [INF] Initializing Entra ID Service with TenantId: c9a98a3d-152f-4eb3-b93f-9b26fdd08495, ClientId: 84022968-6bdc-4c6b-8eab-57b75fa5d0b1, Domain: wigweuniversity.edu.ng
2026-06-23 20:33:39.084 +01:00 [INF] Entra ID Service initialized successfully
2026-06-23 20:33:39.168 +01:00 [WRN] VAPID Keys not fully configured. Using auto-generated fallback keys. PUBLIC KEY: BCBAIWAQXmUjlQopjdW0PG8syyii11VsNO9lGfGgn4iuJjaglBFqeYQvAGhJSx5YwfmJAfXcr8SF5S75OXwqy1s
2026-06-23 20:33:39.234 +01:00 [INF] Registered 315 endpoints in 2,044 milliseconds.
2026-06-23 20:33:39.259 +01:00 [ERR] Hosting failed to start
System.IO.IOException: Failed to bind to address http://127.0.0.1:5021: address already in use.
 ---> Microsoft.AspNetCore.Connections.AddressInUseException: Address already in use
 ---> System.Net.Sockets.SocketException (48): Address already in use
   at System.Net.Sockets.Socket.UpdateStatusAfterSocketErrorAndThrowException(SocketError error, Boolean disconnectOnFailure, String callerName)
   at System.Net.Sockets.Socket.DoBind(EndPoint endPointSnapshot, SocketAddress socketAddress)
   at System.Net.Sockets.Socket.Bind(EndPoint localEP)
   at Microsoft.AspNetCore.Server.Kestrel.Transport.Sockets.SocketTransportOptions.CreateDefaultBoundListenSocket(EndPoint endpoint)
   at Microsoft.AspNetCore.Server.Kestrel.Transport.Sockets.SocketConnectionListener.Bind()
   --- End of inner exception stack trace ---
   at Microsoft.AspNetCore.Server.Kestrel.Transport.Sockets.SocketConnectionListener.Bind()
   at Microsoft.AspNetCore.Server.Kestrel.Transport.Sockets.SocketTransportFactory.BindAsync(EndPoint endpoint, CancellationToken cancellationToken)
   at Microsoft.AspNetCore.Server.Kestrel.Core.Internal.Infrastructure.TransportManager.BindAsync(EndPoint endPoint, ConnectionDelegate connectionDelegate, EndpointConfig endpointConfig, CancellationToken cancellationToken)
   at Microsoft.AspNetCore.Server.Kestrel.Core.KestrelServerImpl.<>c__DisplayClass28_0`1.<<StartAsync>g__OnBind|0>d.MoveNext()
--- End of stack trace from previous location ---
   at Microsoft.AspNetCore.Server.Kestrel.Core.Internal.AddressBinder.BindEndpointAsync(ListenOptions endpoint, AddressBindContext context, CancellationToken cancellationToken)
   --- End of inner exception stack trace ---
   at Microsoft.AspNetCore.Server.Kestrel.Core.Internal.AddressBinder.BindEndpointAsync(ListenOptions endpoint, AddressBindContext context, CancellationToken cancellationToken)
   at Microsoft.AspNetCore.Server.Kestrel.Core.LocalhostListenOptions.BindAsync(AddressBindContext context, CancellationToken cancellationToken)
   at Microsoft.AspNetCore.Server.Kestrel.Core.Internal.AddressBinder.AddressesStrategy.BindAsync(AddressBindContext context, CancellationToken cancellationToken)
   at Microsoft.AspNetCore.Server.Kestrel.Core.KestrelServerImpl.BindAsync(CancellationToken cancellationToken)
   at Microsoft.AspNetCore.Server.Kestrel.Core.KestrelServerImpl.StartAsync[TContext](IHttpApplication`1 application, CancellationToken cancellationToken)
   at Microsoft.AspNetCore.Hosting.GenericWebHostService.StartAsync(CancellationToken cancellationToken)
   at Microsoft.Extensions.Hosting.Internal.Host.<StartAsync>b__14_1(IHostedService service, CancellationToken token)
   at Microsoft.Extensions.Hosting.Internal.Host.ForeachService[T](IEnumerable`1 services, CancellationToken token, Boolean concurrent, Boolean abortOnFirstException, List`1 exceptions, Func`3 operation)
2026-06-23 20:36:38.891 +01:00 [INF] Sessions already seeded. Skipping.
2026-06-23 20:36:38.916 +01:00 [INF] Faculties already seeded. Skipping.
2026-06-23 20:36:38.924 +01:00 [INF] Departments already seeded. Skipping.
2026-06-23 20:36:38.935 +01:00 [INF] Programs already seeded. Skipping.
2026-06-23 20:36:38.977 +01:00 [INF] Lecturer john.doe@wigweuniversity.edu.ng already exists. Skipping.
2026-06-23 20:36:38.981 +01:00 [INF] Lecturer jane.smith@wigweuniversity.edu.ng already exists. Skipping.
2026-06-23 20:36:39.002 +01:00 [INF] All document types already exist. Skipping.
2026-06-23 20:36:39.008 +01:00 [INF] Sponsors already seeded. Skipping.
2026-06-23 20:36:39.014 +01:00 [INF] Subjects already seeded. Skipping.
2026-06-23 20:36:39.022 +01:00 [INF] Countries already seeded. Skipping.
2026-06-23 20:36:39.028 +01:00 [INF] Grading scales already seeded. Skipping.
2026-06-23 20:36:39.036 +01:00 [INF] Credit transfer rules already seeded. Skipping.
2026-06-23 20:36:39.043 +01:00 [INF] Program credit mappings already seeded. Skipping.
2026-06-23 20:36:39.152 +01:00 [INF] Seeding Course Offerings from active curricula for session 2025/2026...
2026-06-23 20:36:39.167 +01:00 [INF] All course offerings already exist for session 2025/2026.
2026-06-23 20:36:39.167 +01:00 [INF] Database initialization completed successfully.
2026-06-23 20:36:39.221 +01:00 [INF] Initializing Entra ID Service with TenantId: c9a98a3d-152f-4eb3-b93f-9b26fdd08495, ClientId: 84022968-6bdc-4c6b-8eab-57b75fa5d0b1, Domain: wigweuniversity.edu.ng
2026-06-23 20:36:39.239 +01:00 [INF] Entra ID Service initialized successfully
2026-06-23 20:36:39.324 +01:00 [WRN] VAPID Keys not fully configured. Using auto-generated fallback keys. PUBLIC KEY: BOP2hEVSXQVJzrIkNFHJJUS8TnM7lF6436KGkcMM49wNAxBrZBUvc0m3TKubLfffGejL5bYmBB2jMXgbq3tfA2Q
2026-06-23 20:36:39.391 +01:00 [INF] Registered 315 endpoints in 2,022 milliseconds.
2026-06-23 20:36:39.417 +01:00 [INF] Now listening on: http://localhost:5021
2026-06-23 20:36:39.417 +01:00 [INF] Application started. Press Ctrl+C to shut down.
2026-06-23 20:36:39.417 +01:00 [INF] Hosting environment: Development
2026-06-23 20:36:39.417 +01:00 [INF] Content root path: /Users/mac/Apps/LMS APP/LMSApi
2026-06-23 20:36:51.003 +01:00 [INF] HTTP GET /api/self-service/temp-list-users responded 200 in 131.5453 ms
2026-06-23 20:37:04.332 +01:00 [INF] Sessions already seeded. Skipping.
2026-06-23 20:37:04.356 +01:00 [INF] Faculties already seeded. Skipping.
2026-06-23 20:37:04.364 +01:00 [INF] Departments already seeded. Skipping.
2026-06-23 20:37:04.375 +01:00 [INF] Programs already seeded. Skipping.
2026-06-23 20:37:04.417 +01:00 [INF] Lecturer john.doe@wigweuniversity.edu.ng already exists. Skipping.
2026-06-23 20:37:04.424 +01:00 [INF] Lecturer jane.smith@wigweuniversity.edu.ng already exists. Skipping.
2026-06-23 20:37:04.445 +01:00 [INF] All document types already exist. Skipping.
2026-06-23 20:37:04.453 +01:00 [INF] Sponsors already seeded. Skipping.
2026-06-23 20:37:04.460 +01:00 [INF] Subjects already seeded. Skipping.
2026-06-23 20:37:04.470 +01:00 [INF] Countries already seeded. Skipping.
2026-06-23 20:37:04.478 +01:00 [INF] Grading scales already seeded. Skipping.
2026-06-23 20:37:04.488 +01:00 [INF] Credit transfer rules already seeded. Skipping.
2026-06-23 20:37:04.495 +01:00 [INF] Program credit mappings already seeded. Skipping.
2026-06-23 20:37:04.605 +01:00 [INF] Seeding Course Offerings from active curricula for session 2025/2026...
2026-06-23 20:37:04.622 +01:00 [INF] All course offerings already exist for session 2025/2026.
2026-06-23 20:37:04.622 +01:00 [INF] Database initialization completed successfully.
2026-06-23 20:37:04.678 +01:00 [INF] Initializing Entra ID Service with TenantId: c9a98a3d-152f-4eb3-b93f-9b26fdd08495, ClientId: 84022968-6bdc-4c6b-8eab-57b75fa5d0b1, Domain: wigweuniversity.edu.ng
2026-06-23 20:37:04.697 +01:00 [INF] Entra ID Service initialized successfully
2026-06-23 20:37:04.787 +01:00 [WRN] VAPID Keys not fully configured. Using auto-generated fallback keys. PUBLIC KEY: BP55aSH7kgFqt_vOtmhTvk5LNntmKC8qTd9hkBGb31pSDvl8BLkEmqtdcnWa4lBDuUvc8W_YEj2ETUilqnuKy4I
2026-06-23 20:37:04.855 +01:00 [INF] Registered 314 endpoints in 2,103 milliseconds.
2026-06-23 20:37:04.883 +01:00 [ERR] Hosting failed to start
System.IO.IOException: Failed to bind to address http://127.0.0.1:5021: address already in use.
 ---> Microsoft.AspNetCore.Connections.AddressInUseException: Address already in use
 ---> System.Net.Sockets.SocketException (48): Address already in use
   at System.Net.Sockets.Socket.UpdateStatusAfterSocketErrorAndThrowException(SocketError error, Boolean disconnectOnFailure, String callerName)
   at System.Net.Sockets.Socket.DoBind(EndPoint endPointSnapshot, SocketAddress socketAddress)
   at System.Net.Sockets.Socket.Bind(EndPoint localEP)
   at Microsoft.AspNetCore.Server.Kestrel.Transport.Sockets.SocketTransportOptions.CreateDefaultBoundListenSocket(EndPoint endpoint)
   at Microsoft.AspNetCore.Server.Kestrel.Transport.Sockets.SocketConnectionListener.Bind()
   --- End of inner exception stack trace ---
   at Microsoft.AspNetCore.Server.Kestrel.Transport.Sockets.SocketConnectionListener.Bind()
   at Microsoft.AspNetCore.Server.Kestrel.Transport.Sockets.SocketTransportFactory.BindAsync(EndPoint endpoint, CancellationToken cancellationToken)
   at Microsoft.AspNetCore.Server.Kestrel.Core.Internal.Infrastructure.TransportManager.BindAsync(EndPoint endPoint, ConnectionDelegate connectionDelegate, EndpointConfig endpointConfig, CancellationToken cancellationToken)
   at Microsoft.AspNetCore.Server.Kestrel.Core.KestrelServerImpl.<>c__DisplayClass28_0`1.<<StartAsync>g__OnBind|0>d.MoveNext()
--- End of stack trace from previous location ---
   at Microsoft.AspNetCore.Server.Kestrel.Core.Internal.AddressBinder.BindEndpointAsync(ListenOptions endpoint, AddressBindContext context, CancellationToken cancellationToken)
   --- End of inner exception stack trace ---
   at Microsoft.AspNetCore.Server.Kestrel.Core.Internal.AddressBinder.BindEndpointAsync(ListenOptions endpoint, AddressBindContext context, CancellationToken cancellationToken)
   at Microsoft.AspNetCore.Server.Kestrel.Core.LocalhostListenOptions.BindAsync(AddressBindContext context, CancellationToken cancellationToken)
   at Microsoft.AspNetCore.Server.Kestrel.Core.Internal.AddressBinder.AddressesStrategy.BindAsync(AddressBindContext context, CancellationToken cancellationToken)
   at Microsoft.AspNetCore.Server.Kestrel.Core.KestrelServerImpl.BindAsync(CancellationToken cancellationToken)
   at Microsoft.AspNetCore.Server.Kestrel.Core.KestrelServerImpl.StartAsync[TContext](IHttpApplication`1 application, CancellationToken cancellationToken)
   at Microsoft.AspNetCore.Hosting.GenericWebHostService.StartAsync(CancellationToken cancellationToken)
   at Microsoft.Extensions.Hosting.Internal.Host.<StartAsync>b__14_1(IHostedService service, CancellationToken token)
   at Microsoft.Extensions.Hosting.Internal.Host.ForeachService[T](IEnumerable`1 services, CancellationToken token, Boolean concurrent, Boolean abortOnFirstException, List`1 exceptions, Func`3 operation)
2026-06-23 20:37:14.698 +01:00 [INF] Sessions already seeded. Skipping.
2026-06-23 20:37:14.722 +01:00 [INF] Faculties already seeded. Skipping.
2026-06-23 20:37:14.730 +01:00 [INF] Departments already seeded. Skipping.
2026-06-23 20:37:14.742 +01:00 [INF] Programs already seeded. Skipping.
2026-06-23 20:37:14.786 +01:00 [INF] Lecturer john.doe@wigweuniversity.edu.ng already exists. Skipping.
2026-06-23 20:37:14.789 +01:00 [INF] Lecturer jane.smith@wigweuniversity.edu.ng already exists. Skipping.
2026-06-23 20:37:14.810 +01:00 [INF] All document types already exist. Skipping.
2026-06-23 20:37:14.819 +01:00 [INF] Sponsors already seeded. Skipping.
2026-06-23 20:37:14.828 +01:00 [INF] Subjects already seeded. Skipping.
2026-06-23 20:37:14.835 +01:00 [INF] Countries already seeded. Skipping.
2026-06-23 20:37:14.843 +01:00 [INF] Grading scales already seeded. Skipping.
2026-06-23 20:37:14.849 +01:00 [INF] Credit transfer rules already seeded. Skipping.
2026-06-23 20:37:14.856 +01:00 [INF] Program credit mappings already seeded. Skipping.
2026-06-23 20:37:14.965 +01:00 [INF] Seeding Course Offerings from active curricula for session 2025/2026...
2026-06-23 20:37:14.983 +01:00 [INF] All course offerings already exist for session 2025/2026.
2026-06-23 20:37:14.983 +01:00 [INF] Database initialization completed successfully.
2026-06-23 20:37:15.037 +01:00 [INF] Initializing Entra ID Service with TenantId: c9a98a3d-152f-4eb3-b93f-9b26fdd08495, ClientId: 84022968-6bdc-4c6b-8eab-57b75fa5d0b1, Domain: wigweuniversity.edu.ng
2026-06-23 20:37:15.055 +01:00 [INF] Entra ID Service initialized successfully
2026-06-23 20:37:15.141 +01:00 [WRN] VAPID Keys not fully configured. Using auto-generated fallback keys. PUBLIC KEY: BFnJMnkEDGb11uNxoLYBhBTnL9hVFrlm6k3QUMiRd5UKmwQjO8-HWBqP6DU9J0ZmcjTbXF7lEuQ9U7r5HU7nLhU
2026-06-23 20:37:15.207 +01:00 [INF] Registered 314 endpoints in 2,067 milliseconds.
2026-06-23 20:37:15.234 +01:00 [INF] Now listening on: http://localhost:5021
2026-06-23 20:37:15.234 +01:00 [INF] Application started. Press Ctrl+C to shut down.
2026-06-23 20:37:15.234 +01:00 [INF] Hosting environment: Development
2026-06-23 20:37:15.234 +01:00 [INF] Content root path: /Users/mac/Apps/LMS APP/LMSApi
2026-06-23 20:42:05.240 +01:00 [INF] Sessions already seeded. Skipping.
2026-06-23 20:42:05.266 +01:00 [INF] Faculties already seeded. Skipping.
2026-06-23 20:42:05.278 +01:00 [INF] Departments already seeded. Skipping.
2026-06-23 20:42:05.293 +01:00 [INF] Programs already seeded. Skipping.
2026-06-23 20:42:05.339 +01:00 [INF] Lecturer john.doe@wigweuniversity.edu.ng already exists. Skipping.
2026-06-23 20:42:05.344 +01:00 [INF] Lecturer jane.smith@wigweuniversity.edu.ng already exists. Skipping.
2026-06-23 20:42:05.363 +01:00 [INF] All document types already exist. Skipping.
2026-06-23 20:42:05.370 +01:00 [INF] Sponsors already seeded. Skipping.
2026-06-23 20:42:05.378 +01:00 [INF] Subjects already seeded. Skipping.
2026-06-23 20:42:05.386 +01:00 [INF] Countries already seeded. Skipping.
2026-06-23 20:42:05.393 +01:00 [INF] Grading scales already seeded. Skipping.
2026-06-23 20:42:05.401 +01:00 [INF] Credit transfer rules already seeded. Skipping.
2026-06-23 20:42:05.408 +01:00 [INF] Program credit mappings already seeded. Skipping.
2026-06-23 20:42:05.520 +01:00 [INF] Seeding Course Offerings from active curricula for session 2025/2026...
2026-06-23 20:42:05.542 +01:00 [INF] All course offerings already exist for session 2025/2026.
2026-06-23 20:42:05.542 +01:00 [INF] Database initialization completed successfully.
2026-06-23 20:42:05.597 +01:00 [INF] Initializing Entra ID Service with TenantId: c9a98a3d-152f-4eb3-b93f-9b26fdd08495, ClientId: 84022968-6bdc-4c6b-8eab-57b75fa5d0b1, Domain: wigweuniversity.edu.ng
2026-06-23 20:42:05.616 +01:00 [INF] Entra ID Service initialized successfully
2026-06-23 20:42:05.704 +01:00 [WRN] VAPID Keys not fully configured. Using auto-generated fallback keys. PUBLIC KEY: BJ95OgJN-gzcSggYaLIZ6vOVQeWJx2kgRuKb6DICpE0hXJpi14x39iWnwK_rtv9TL1F14JvERkYEzCjz3Ur5jSY
2026-06-23 20:42:05.772 +01:00 [INF] Registered 314 endpoints in 2,098 milliseconds.
2026-06-23 20:42:05.801 +01:00 [ERR] Hosting failed to start
System.IO.IOException: Failed to bind to address http://127.0.0.1:5021: address already in use.
 ---> Microsoft.AspNetCore.Connections.AddressInUseException: Address already in use
 ---> System.Net.Sockets.SocketException (48): Address already in use
   at System.Net.Sockets.Socket.UpdateStatusAfterSocketErrorAndThrowException(SocketError error, Boolean disconnectOnFailure, String callerName)
   at System.Net.Sockets.Socket.DoBind(EndPoint endPointSnapshot, SocketAddress socketAddress)
   at System.Net.Sockets.Socket.Bind(EndPoint localEP)
   at Microsoft.AspNetCore.Server.Kestrel.Transport.Sockets.SocketTransportOptions.CreateDefaultBoundListenSocket(EndPoint endpoint)
   at Microsoft.AspNetCore.Server.Kestrel.Transport.Sockets.SocketConnectionListener.Bind()
   --- End of inner exception stack trace ---
   at Microsoft.AspNetCore.Server.Kestrel.Transport.Sockets.SocketConnectionListener.Bind()
   at Microsoft.AspNetCore.Server.Kestrel.Transport.Sockets.SocketTransportFactory.BindAsync(EndPoint endpoint, CancellationToken cancellationToken)
   at Microsoft.AspNetCore.Server.Kestrel.Core.Internal.Infrastructure.TransportManager.BindAsync(EndPoint endPoint, ConnectionDelegate connectionDelegate, EndpointConfig endpointConfig, CancellationToken cancellationToken)
   at Microsoft.AspNetCore.Server.Kestrel.Core.KestrelServerImpl.<>c__DisplayClass28_0`1.<<StartAsync>g__OnBind|0>d.MoveNext()
--- End of stack trace from previous location ---
   at Microsoft.AspNetCore.Server.Kestrel.Core.Internal.AddressBinder.BindEndpointAsync(ListenOptions endpoint, AddressBindContext context, CancellationToken cancellationToken)
   --- End of inner exception stack trace ---
   at Microsoft.AspNetCore.Server.Kestrel.Core.Internal.AddressBinder.BindEndpointAsync(ListenOptions endpoint, AddressBindContext context, CancellationToken cancellationToken)
   at Microsoft.AspNetCore.Server.Kestrel.Core.LocalhostListenOptions.BindAsync(AddressBindContext context, CancellationToken cancellationToken)
   at Microsoft.AspNetCore.Server.Kestrel.Core.Internal.AddressBinder.AddressesStrategy.BindAsync(AddressBindContext context, CancellationToken cancellationToken)
   at Microsoft.AspNetCore.Server.Kestrel.Core.KestrelServerImpl.BindAsync(CancellationToken cancellationToken)
   at Microsoft.AspNetCore.Server.Kestrel.Core.KestrelServerImpl.StartAsync[TContext](IHttpApplication`1 application, CancellationToken cancellationToken)
   at Microsoft.AspNetCore.Hosting.GenericWebHostService.StartAsync(CancellationToken cancellationToken)
   at Microsoft.Extensions.Hosting.Internal.Host.<StartAsync>b__14_1(IHostedService service, CancellationToken token)
   at Microsoft.Extensions.Hosting.Internal.Host.ForeachService[T](IEnumerable`1 services, CancellationToken token, Boolean concurrent, Boolean abortOnFirstException, List`1 exceptions, Func`3 operation)
2026-06-23 20:47:18.716 +01:00 [INF] Sessions already seeded. Skipping.
2026-06-23 20:47:18.743 +01:00 [INF] Faculties already seeded. Skipping.
2026-06-23 20:47:18.752 +01:00 [INF] Departments already seeded. Skipping.
2026-06-23 20:47:18.764 +01:00 [INF] Programs already seeded. Skipping.
2026-06-23 20:47:18.809 +01:00 [INF] Lecturer john.doe@wigweuniversity.edu.ng already exists. Skipping.
2026-06-23 20:47:18.815 +01:00 [INF] Lecturer jane.smith@wigweuniversity.edu.ng already exists. Skipping.
2026-06-23 20:47:18.835 +01:00 [INF] All document types already exist. Skipping.
2026-06-23 20:47:18.844 +01:00 [INF] Sponsors already seeded. Skipping.
2026-06-23 20:47:18.853 +01:00 [INF] Subjects already seeded. Skipping.
2026-06-23 20:47:18.863 +01:00 [INF] Countries already seeded. Skipping.
2026-06-23 20:47:18.872 +01:00 [INF] Grading scales already seeded. Skipping.
2026-06-23 20:47:18.881 +01:00 [INF] Credit transfer rules already seeded. Skipping.
2026-06-23 20:47:18.890 +01:00 [INF] Program credit mappings already seeded. Skipping.
2026-06-23 20:47:19.003 +01:00 [INF] Seeding Course Offerings from active curricula for session 2025/2026...
2026-06-23 20:47:19.020 +01:00 [INF] All course offerings already exist for session 2025/2026.
2026-06-23 20:47:19.021 +01:00 [INF] Database initialization completed successfully.
2026-06-23 20:47:19.078 +01:00 [INF] Initializing Entra ID Service with TenantId: c9a98a3d-152f-4eb3-b93f-9b26fdd08495, ClientId: 84022968-6bdc-4c6b-8eab-57b75fa5d0b1, Domain: wigweuniversity.edu.ng
2026-06-23 20:47:19.095 +01:00 [INF] Entra ID Service initialized successfully
2026-06-23 20:47:19.185 +01:00 [WRN] VAPID Keys not fully configured. Using auto-generated fallback keys. PUBLIC KEY: BB9ZF6tZVXZd_dm5yvAxBYV6KhAm2XNBaLkimOQ3vATnrOGq1PBiZ7ya1a6mixWLi_fltv3HLu4xiTM2Qic0wXQ
2026-06-23 20:47:19.251 +01:00 [INF] Registered 314 endpoints in 2,106 milliseconds.
2026-06-23 20:47:19.283 +01:00 [INF] Now listening on: http://localhost:5021
2026-06-23 20:47:19.283 +01:00 [INF] Application started. Press Ctrl+C to shut down.
2026-06-23 20:47:19.283 +01:00 [INF] Hosting environment: Development
2026-06-23 20:47:19.283 +01:00 [INF] Content root path: /Users/mac/Apps/LMS APP/LMSApi
2026-06-23 20:47:31.510 +01:00 [INF] HTTP OPTIONS /api/me responded 204 in 1.8023 ms
2026-06-23 20:47:32.712 +01:00 [INF] HTTP GET /api/me responded 200 in 1193.8014 ms
2026-06-23 20:47:32.738 +01:00 [INF] HTTP OPTIONS /api/admin/dashboard-stats responded 204 in 0.3188 ms
2026-06-23 20:47:32.751 +01:00 [INF] HTTP OPTIONS /api/notifications/push/public-key responded 204 in 0.0699 ms
2026-06-23 20:47:32.786 +01:00 [WRN] VAPID Keys not fully configured. Using auto-generated fallback keys. PUBLIC KEY: BB9ZF6tZVXZd_dm5yvAxBYV6KhAm2XNBaLkimOQ3vATnrOGq1PBiZ7ya1a6mixWLi_fltv3HLu4xiTM2Qic0wXQ
2026-06-23 20:47:32.788 +01:00 [INF] HTTP GET /api/notifications/push/public-key responded 200 in 31.1057 ms
2026-06-23 20:47:32.791 +01:00 [INF] HTTP OPTIONS /api/notifications/push/subscribe responded 204 in 0.0573 ms
2026-06-23 20:47:32.806 +01:00 [WRN] VAPID Keys not fully configured. Using auto-generated fallback keys. PUBLIC KEY: BB9ZF6tZVXZd_dm5yvAxBYV6KhAm2XNBaLkimOQ3vATnrOGq1PBiZ7ya1a6mixWLi_fltv3HLu4xiTM2Qic0wXQ
2026-06-23 20:47:32.882 +01:00 [INF] HTTP POST /api/notifications/push/subscribe responded 200 in 89.9969 ms
2026-06-23 20:47:32.904 +01:00 [INF] HTTP GET /api/admin/dashboard-stats responded 200 in 163.6695 ms
2026-06-23 20:47:43.100 +01:00 [INF] HTTP GET /api/announcements responded 200 in 63.1366 ms
2026-06-23 20:47:46.286 +01:00 [INF] HTTP GET /api/messages responded 200 in 42.0441 ms
2026-06-23 20:49:00.140 +01:00 [INF] HTTP OPTIONS /api/admin/sessions responded 204 in 0.1662 ms
2026-06-23 20:49:00.141 +01:00 [INF] HTTP OPTIONS /api/timetable/lecturers responded 204 in 0.1384 ms
2026-06-23 20:49:00.142 +01:00 [INF] HTTP OPTIONS /api/lecture-sessions responded 204 in 0.0460 ms
2026-06-23 20:49:00.175 +01:00 [INF] HTTP GET /api/admin/sessions responded 200 in 32.3508 ms
2026-06-23 20:49:00.213 +01:00 [INF] HTTP GET /api/timetable/lecturers responded 200 in 68.1537 ms
2026-06-23 20:49:00.252 +01:00 [INF] HTTP GET /api/lecture-sessions responded 200 in 108.7004 ms
2026-06-23 20:49:11.758 +01:00 [INF] HTTP OPTIONS /api/admin/courses responded 204 in 0.1203 ms
2026-06-23 20:49:12.037 +01:00 [INF] HTTP GET /api/admin/courses responded 200 in 276.6632 ms
2026-06-23 20:55:26.690 +01:00 [INF] HTTP OPTIONS /api/me responded 204 in 0.0541 ms
2026-06-23 20:55:26.743 +01:00 [INF] HTTP GET /api/me responded 200 in 52.0527 ms
2026-06-23 20:55:26.781 +01:00 [INF] HTTP OPTIONS /api/admin/sessions responded 204 in 0.0505 ms
2026-06-23 20:55:26.782 +01:00 [INF] HTTP OPTIONS /api/lecture-sessions responded 204 in 0.0410 ms
2026-06-23 20:55:26.782 +01:00 [INF] HTTP OPTIONS /api/timetable/lecturers responded 204 in 0.0410 ms
2026-06-23 20:55:26.795 +01:00 [INF] HTTP OPTIONS /api/notifications/push/public-key responded 204 in 0.0505 ms
2026-06-23 20:55:26.801 +01:00 [INF] HTTP GET /api/admin/sessions responded 200 in 18.5480 ms
2026-06-23 20:55:26.817 +01:00 [INF] HTTP GET /api/timetable/lecturers responded 200 in 34.2970 ms
2026-06-23 20:55:26.819 +01:00 [INF] HTTP GET /api/lecture-sessions responded 200 in 36.1795 ms
2026-06-23 20:55:26.829 +01:00 [WRN] VAPID Keys not fully configured. Using auto-generated fallback keys. PUBLIC KEY: BB9ZF6tZVXZd_dm5yvAxBYV6KhAm2XNBaLkimOQ3vATnrOGq1PBiZ7ya1a6mixWLi_fltv3HLu4xiTM2Qic0wXQ
2026-06-23 20:55:26.830 +01:00 [INF] HTTP GET /api/notifications/push/public-key responded 200 in 34.6044 ms
2026-06-23 20:55:26.832 +01:00 [INF] HTTP OPTIONS /api/notifications/push/subscribe responded 204 in 0.0465 ms
2026-06-23 20:55:26.841 +01:00 [WRN] VAPID Keys not fully configured. Using auto-generated fallback keys. PUBLIC KEY: BB9ZF6tZVXZd_dm5yvAxBYV6KhAm2XNBaLkimOQ3vATnrOGq1PBiZ7ya1a6mixWLi_fltv3HLu4xiTM2Qic0wXQ
2026-06-23 20:55:26.854 +01:00 [INF] HTTP POST /api/notifications/push/subscribe responded 200 in 21.3070 ms
2026-06-23 20:55:47.521 +01:00 [INF] HTTP OPTIONS /api/me responded 204 in 0.3570 ms
2026-06-23 20:55:47.551 +01:00 [INF] HTTP GET /api/me responded 200 in 28.5596 ms
2026-06-23 20:55:47.572 +01:00 [INF] HTTP OPTIONS /api/timetable/lecturers responded 204 in 0.0580 ms
2026-06-23 20:55:47.572 +01:00 [INF] HTTP OPTIONS /api/lecture-sessions responded 204 in 0.0188 ms
2026-06-23 20:55:47.572 +01:00 [INF] HTTP OPTIONS /api/admin/sessions responded 204 in 0.0687 ms
2026-06-23 20:55:47.584 +01:00 [INF] HTTP OPTIONS /api/notifications/push/public-key responded 204 in 0.0498 ms
2026-06-23 20:55:47.593 +01:00 [INF] HTTP GET /api/lecture-sessions responded 200 in 20.4080 ms
2026-06-23 20:55:47.596 +01:00 [INF] HTTP GET /api/admin/sessions responded 200 in 23.5380 ms
2026-06-23 20:55:47.603 +01:00 [INF] HTTP GET /api/timetable/lecturers responded 200 in 30.1512 ms
2026-06-23 20:55:47.626 +01:00 [WRN] VAPID Keys not fully configured. Using auto-generated fallback keys. PUBLIC KEY: BB9ZF6tZVXZd_dm5yvAxBYV6KhAm2XNBaLkimOQ3vATnrOGq1PBiZ7ya1a6mixWLi_fltv3HLu4xiTM2Qic0wXQ
2026-06-23 20:55:47.626 +01:00 [INF] HTTP GET /api/notifications/push/public-key responded 200 in 41.4540 ms
2026-06-23 20:55:47.628 +01:00 [INF] HTTP OPTIONS /api/notifications/push/subscribe responded 204 in 0.0468 ms
2026-06-23 20:55:47.639 +01:00 [WRN] VAPID Keys not fully configured. Using auto-generated fallback keys. PUBLIC KEY: BB9ZF6tZVXZd_dm5yvAxBYV6KhAm2XNBaLkimOQ3vATnrOGq1PBiZ7ya1a6mixWLi_fltv3HLu4xiTM2Qic0wXQ
2026-06-23 20:55:47.646 +01:00 [INF] HTTP POST /api/notifications/push/subscribe responded 200 in 17.9572 ms
2026-06-23 20:55:52.124 +01:00 [INF] HTTP GET /api/announcements responded 200 in 36.2082 ms
2026-06-23 20:55:55.494 +01:00 [INF] Application is shutting down...
2026-06-23 20:56:06.310 +01:00 [INF] Sessions already seeded. Skipping.
2026-06-23 20:56:06.336 +01:00 [INF] Faculties already seeded. Skipping.
2026-06-23 20:56:06.344 +01:00 [INF] Departments already seeded. Skipping.
2026-06-23 20:56:06.354 +01:00 [INF] Programs already seeded. Skipping.
2026-06-23 20:56:06.395 +01:00 [INF] Lecturer john.doe@wigweuniversity.edu.ng already exists. Skipping.
2026-06-23 20:56:06.398 +01:00 [INF] Lecturer jane.smith@wigweuniversity.edu.ng already exists. Skipping.
2026-06-23 20:56:06.417 +01:00 [INF] All document types already exist. Skipping.
2026-06-23 20:56:06.423 +01:00 [INF] Sponsors already seeded. Skipping.
2026-06-23 20:56:06.429 +01:00 [INF] Subjects already seeded. Skipping.
2026-06-23 20:56:06.437 +01:00 [INF] Countries already seeded. Skipping.
2026-06-23 20:56:06.444 +01:00 [INF] Grading scales already seeded. Skipping.
2026-06-23 20:56:06.450 +01:00 [INF] Credit transfer rules already seeded. Skipping.
2026-06-23 20:56:06.457 +01:00 [INF] Program credit mappings already seeded. Skipping.
2026-06-23 20:56:06.570 +01:00 [INF] Seeding Course Offerings from active curricula for session 2025/2026...
2026-06-23 20:56:06.589 +01:00 [INF] All course offerings already exist for session 2025/2026.
2026-06-23 20:56:06.589 +01:00 [INF] Database initialization completed successfully.
2026-06-23 20:56:06.641 +01:00 [INF] Initializing Entra ID Service with TenantId: c9a98a3d-152f-4eb3-b93f-9b26fdd08495, ClientId: 84022968-6bdc-4c6b-8eab-57b75fa5d0b1, Domain: wigweuniversity.edu.ng
2026-06-23 20:56:06.659 +01:00 [INF] Entra ID Service initialized successfully
2026-06-23 20:56:06.746 +01:00 [WRN] VAPID Keys not fully configured. Using auto-generated fallback keys. PUBLIC KEY: BHw42C7EJRjhAmQf29vMToKpvG5uL949prOD5PTUBCglF2Hb9GzwsvYPDqKQ1RSJ9gwKbROWvqeizUkS_nJ9Gfo
2026-06-23 20:56:06.813 +01:00 [INF] Registered 314 endpoints in 2,075 milliseconds.
2026-06-23 20:56:06.844 +01:00 [INF] Now listening on: http://localhost:5021
2026-06-23 20:56:06.844 +01:00 [INF] Application started. Press Ctrl+C to shut down.
2026-06-23 20:56:06.844 +01:00 [INF] Hosting environment: Development
2026-06-23 20:56:06.844 +01:00 [INF] Content root path: /Users/mac/Apps/LMS APP/LMSApi
2026-06-23 20:56:16.907 +01:00 [INF] HTTP GET /api/messages responded 200 in 1270.2544 ms
2026-06-23 20:57:25.295 +01:00 [INF] HTTP OPTIONS /api/me responded 204 in 1.0183 ms
2026-06-23 20:57:25.371 +01:00 [INF] HTTP GET /api/me responded 200 in 74.1058 ms
2026-06-23 20:57:25.391 +01:00 [INF] HTTP OPTIONS /api/admin/dashboard-stats responded 204 in 0.0908 ms
2026-06-23 20:57:25.403 +01:00 [INF] HTTP OPTIONS /api/notifications/push/public-key responded 204 in 0.0609 ms
2026-06-23 20:57:25.434 +01:00 [WRN] VAPID Keys not fully configured. Using auto-generated fallback keys. PUBLIC KEY: BHw42C7EJRjhAmQf29vMToKpvG5uL949prOD5PTUBCglF2Hb9GzwsvYPDqKQ1RSJ9gwKbROWvqeizUkS_nJ9Gfo
2026-06-23 20:57:25.435 +01:00 [INF] HTTP GET /api/notifications/push/public-key responded 200 in 31.5990 ms
2026-06-23 20:57:25.437 +01:00 [INF] HTTP OPTIONS /api/notifications/push/subscribe responded 204 in 0.0655 ms
2026-06-23 20:57:25.451 +01:00 [WRN] VAPID Keys not fully configured. Using auto-generated fallback keys. PUBLIC KEY: BHw42C7EJRjhAmQf29vMToKpvG5uL949prOD5PTUBCglF2Hb9GzwsvYPDqKQ1RSJ9gwKbROWvqeizUkS_nJ9Gfo
2026-06-23 20:57:25.531 +01:00 [INF] HTTP POST /api/notifications/push/subscribe responded 200 in 92.7155 ms
2026-06-23 20:57:25.547 +01:00 [INF] HTTP GET /api/admin/dashboard-stats responded 200 in 153.3966 ms
2026-06-23 21:01:05.357 +01:00 [INF] HTTP HEAD /api/messages/admin-recipient responded 405 in 3.6157 ms
2026-06-23 21:01:15.783 +01:00 [INF] HTTP GET /api/announcements responded 200 in 35.3901 ms
2026-06-23 21:01:23.269 +01:00 [WRN] VAPID Keys not fully configured. Using auto-generated fallback keys. PUBLIC KEY: BHw42C7EJRjhAmQf29vMToKpvG5uL949prOD5PTUBCglF2Hb9GzwsvYPDqKQ1RSJ9gwKbROWvqeizUkS_nJ9Gfo
2026-06-23 21:01:23.300 +01:00 [INF] HTTP GET /api/notifications responded 200 in 56.7350 ms
2026-06-23 21:01:25.755 +01:00 [INF] HTTP GET /api/messages responded 200 in 28.3285 ms
2026-06-23 21:01:25.779 +01:00 [INF] HTTP GET /api/messages responded 200 in 20.8188 ms
2026-06-23 21:06:18.130 +01:00 [INF] HTTP OPTIONS /api/me responded 204 in 0.0537 ms
2026-06-23 21:06:18.209 +01:00 [INF] HTTP GET /api/me responded 200 in 78.0542 ms
2026-06-23 21:06:18.299 +01:00 [INF] HTTP OPTIONS /api/notifications/push/public-key responded 204 in 0.0456 ms
2026-06-23 21:06:18.329 +01:00 [INF] HTTP GET /api/messages responded 200 in 29.5338 ms
2026-06-23 21:06:18.442 +01:00 [WRN] VAPID Keys not fully configured. Using auto-generated fallback keys. PUBLIC KEY: BHw42C7EJRjhAmQf29vMToKpvG5uL949prOD5PTUBCglF2Hb9GzwsvYPDqKQ1RSJ9gwKbROWvqeizUkS_nJ9Gfo
2026-06-23 21:06:18.442 +01:00 [INF] HTTP GET /api/notifications/push/public-key responded 200 in 141.4659 ms
2026-06-23 21:06:18.447 +01:00 [INF] HTTP GET /api/messages responded 200 in 146.2206 ms
2026-06-23 21:06:18.488 +01:00 [INF] HTTP OPTIONS /api/notifications/push/subscribe responded 204 in 0.0548 ms
2026-06-23 21:06:18.500 +01:00 [WRN] VAPID Keys not fully configured. Using auto-generated fallback keys. PUBLIC KEY: BHw42C7EJRjhAmQf29vMToKpvG5uL949prOD5PTUBCglF2Hb9GzwsvYPDqKQ1RSJ9gwKbROWvqeizUkS_nJ9Gfo
2026-06-23 21:06:18.510 +01:00 [INF] HTTP POST /api/notifications/push/subscribe responded 200 in 21.3631 ms
2026-06-23 21:06:30.285 +01:00 [INF] HTTP OPTIONS /api/admin/users responded 204 in 0.5000 ms
2026-06-23 21:06:30.371 +01:00 [INF] HTTP GET /api/admin/users responded 200 in 82.9290 ms
2026-06-23 21:06:55.295 +01:00 [INF] HTTP OPTIONS /api/admin/users responded 204 in 0.2548 ms
2026-06-23 21:06:55.341 +01:00 [INF] HTTP GET /api/admin/users responded 200 in 39.9630 ms
2026-06-23 21:06:56.903 +01:00 [INF] HTTP OPTIONS /api/admin/users responded 204 in 0.3375 ms
2026-06-23 21:06:56.951 +01:00 [INF] HTTP GET /api/admin/users responded 200 in 41.9843 ms
2026-06-23 21:07:12.970 +01:00 [INF] HTTP OPTIONS /api/timetable/lecturers responded 204 in 0.2636 ms
2026-06-23 21:07:12.971 +01:00 [INF] HTTP OPTIONS /api/lecture-sessions responded 204 in 0.0633 ms
2026-06-23 21:07:12.970 +01:00 [INF] HTTP OPTIONS /api/admin/sessions responded 204 in 0.0579 ms
2026-06-23 21:07:13.005 +01:00 [INF] HTTP GET /api/admin/sessions responded 200 in 31.1388 ms
2026-06-23 21:07:13.037 +01:00 [INF] HTTP GET /api/timetable/lecturers responded 200 in 61.8118 ms
2026-06-23 21:07:13.054 +01:00 [INF] HTTP GET /api/lecture-sessions responded 200 in 80.9377 ms
2026-06-23 21:22:05.910 +01:00 [INF] HTTP OPTIONS /api/me responded 204 in 0.0465 ms
2026-06-23 21:22:05.913 +01:00 [INF] HTTP GET /api/me responded 200 in 2.1635 ms
2026-06-23 21:22:05.964 +01:00 [INF] HTTP OPTIONS /api/admin/sessions responded 204 in 0.0538 ms
2026-06-23 21:22:05.965 +01:00 [INF] HTTP OPTIONS /api/timetable/lecturers responded 204 in 0.0523 ms
2026-06-23 21:22:05.965 +01:00 [INF] HTTP OPTIONS /api/lecture-sessions responded 204 in 0.0194 ms
2026-06-23 21:22:05.968 +01:00 [INF] HTTP GET /api/timetable/lecturers responded 401 in 3.1599 ms
2026-06-23 21:22:05.968 +01:00 [INF] HTTP GET /api/admin/sessions responded 401 in 3.5000 ms
2026-06-23 21:22:05.968 +01:00 [INF] HTTP GET /api/lecture-sessions responded 401 in 2.7631 ms
2026-06-23 21:22:05.978 +01:00 [INF] HTTP OPTIONS /api/notifications/push/public-key responded 204 in 0.0530 ms
2026-06-23 21:22:05.979 +01:00 [INF] HTTP GET /api/notifications/push/public-key responded 401 in 0.7523 ms
2026-06-23 21:22:15.582 +01:00 [INF] HTTP OPTIONS /api/admin/sessions responded 204 in 0.0697 ms
2026-06-23 21:22:15.582 +01:00 [INF] HTTP OPTIONS /api/lecture-sessions responded 204 in 0.0679 ms
2026-06-23 21:22:15.582 +01:00 [INF] HTTP OPTIONS /api/timetable/lecturers responded 204 in 0.0140 ms
2026-06-23 21:22:15.584 +01:00 [INF] HTTP GET /api/admin/sessions responded 401 in 0.6829 ms
2026-06-23 21:22:15.584 +01:00 [INF] HTTP GET /api/lecture-sessions responded 401 in 0.6518 ms
2026-06-23 21:22:15.584 +01:00 [INF] HTTP GET /api/timetable/lecturers responded 401 in 0.6513 ms
2026-06-23 21:23:43.629 +01:00 [INF] HTTP OPTIONS /api/me responded 204 in 0.0780 ms
2026-06-23 21:23:43.667 +01:00 [INF] HTTP GET /api/me responded 200 in 37.2844 ms
2026-06-23 21:23:43.694 +01:00 [INF] HTTP OPTIONS /api/admin/dashboard-stats responded 204 in 0.0415 ms
2026-06-23 21:23:43.710 +01:00 [INF] HTTP OPTIONS /api/notifications/push/public-key responded 204 in 0.0295 ms
2026-06-23 21:23:43.788 +01:00 [WRN] VAPID Keys not fully configured. Using auto-generated fallback keys. PUBLIC KEY: BHw42C7EJRjhAmQf29vMToKpvG5uL949prOD5PTUBCglF2Hb9GzwsvYPDqKQ1RSJ9gwKbROWvqeizUkS_nJ9Gfo
2026-06-23 21:23:43.789 +01:00 [INF] HTTP GET /api/notifications/push/public-key responded 200 in 75.5608 ms
2026-06-23 21:23:43.792 +01:00 [INF] HTTP OPTIONS /api/notifications/push/subscribe responded 204 in 0.0613 ms
2026-06-23 21:23:43.796 +01:00 [INF] HTTP GET /api/admin/dashboard-stats responded 200 in 101.0078 ms
2026-06-23 21:23:43.810 +01:00 [WRN] VAPID Keys not fully configured. Using auto-generated fallback keys. PUBLIC KEY: BHw42C7EJRjhAmQf29vMToKpvG5uL949prOD5PTUBCglF2Hb9GzwsvYPDqKQ1RSJ9gwKbROWvqeizUkS_nJ9Gfo
2026-06-23 21:23:43.819 +01:00 [INF] HTTP POST /api/notifications/push/subscribe responded 200 in 26.2476 ms
2026-06-23 21:23:58.445 +01:00 [INF] HTTP OPTIONS /api/admin/sessions responded 204 in 0.0543 ms
2026-06-23 21:23:58.467 +01:00 [INF] HTTP GET /api/admin/sessions responded 200 in 21.7265 ms
2026-06-23 21:23:58.469 +01:00 [INF] HTTP OPTIONS /api/admin/courses responded 204 in 0.0250 ms
2026-06-23 21:23:58.662 +01:00 [INF] HTTP GET /api/admin/courses responded 200 in 192.5135 ms
2026-06-23 21:23:58.667 +01:00 [INF] HTTP OPTIONS /api/timetable/week-view/eed50a84-7299-40b9-b28e-fb68dbeb4f8d/1 responded 204 in 0.0209 ms
2026-06-23 21:23:58.683 +01:00 [INF] Getting week view timetable for session "eed50a84-7299-40b9-b28e-fb68dbeb4f8d", week 1, lecturer null
2026-06-23 21:23:58.713 +01:00 [INF] HTTP GET /api/timetable/week-view/eed50a84-7299-40b9-b28e-fb68dbeb4f8d/1 responded 200 in 44.9763 ms
2026-06-23 21:25:03.407 +01:00 [INF] HTTP OPTIONS /api/timetable/lecturers responded 204 in 0.0826 ms
2026-06-23 21:25:03.435 +01:00 [INF] HTTP GET /api/timetable/lecturers responded 200 in 26.6841 ms
2026-06-23 21:25:16.891 +01:00 [INF] HTTP OPTIONS /api/timetable/slots responded 204 in 0.1685 ms
2026-06-23 21:25:16.939 +01:00 [INF] Creating timetable slot for course "73d620ad-4466-4858-a204-a4be695eac35"
2026-06-23 21:25:16.966 +01:00 [INF] Detecting conflicts for lecturer "b3251196-57e8-4d5b-8688-f5e011fbb27e" on day 1
2026-06-23 21:25:17.038 +01:00 [INF] Created timetable slot "af9c0532-22e0-4e6a-9702-761854f54896"
2026-06-23 21:25:17.048 +01:00 [INF] HTTP POST /api/timetable/slots responded 200 in 152.6193 ms
2026-06-23 21:25:17.053 +01:00 [INF] HTTP OPTIONS /api/timetable/week-view/eed50a84-7299-40b9-b28e-fb68dbeb4f8d/1 responded 204 in 0.0266 ms
2026-06-23 21:25:17.065 +01:00 [INF] Getting week view timetable for session "eed50a84-7299-40b9-b28e-fb68dbeb4f8d", week 1, lecturer null
2026-06-23 21:25:17.096 +01:00 [INF] HTTP GET /api/timetable/week-view/eed50a84-7299-40b9-b28e-fb68dbeb4f8d/1 responded 200 in 42.0133 ms
2026-06-23 21:25:22.316 +01:00 [INF] HTTP OPTIONS /api/timetable/lecturers responded 204 in 3.5011 ms
2026-06-23 21:25:22.367 +01:00 [INF] HTTP GET /api/timetable/lecturers responded 200 in 47.7323 ms
2026-06-23 21:25:48.303 +01:00 [INF] HTTP OPTIONS /api/timetable/slots responded 204 in 0.1498 ms
2026-06-23 21:25:48.333 +01:00 [INF] Creating timetable slot for course "0fa2bda7-9133-4aed-836e-a9ffe120b788"
2026-06-23 21:25:48.337 +01:00 [INF] Detecting conflicts for lecturer "84161e0a-43eb-43ac-afb2-7d01de590f48" on day 2
2026-06-23 21:25:48.353 +01:00 [INF] Created timetable slot "84854d20-0fc0-4011-8df2-028f4a159a31"
2026-06-23 21:25:48.353 +01:00 [INF] HTTP POST /api/timetable/slots responded 200 in 45.8013 ms
2026-06-23 21:25:48.354 +01:00 [INF] HTTP OPTIONS /api/timetable/week-view/eed50a84-7299-40b9-b28e-fb68dbeb4f8d/1 responded 204 in 0.0269 ms
2026-06-23 21:25:48.366 +01:00 [INF] Getting week view timetable for session "eed50a84-7299-40b9-b28e-fb68dbeb4f8d", week 1, lecturer null
2026-06-23 21:25:48.368 +01:00 [INF] HTTP GET /api/timetable/week-view/eed50a84-7299-40b9-b28e-fb68dbeb4f8d/1 responded 200 in 13.3093 ms
2026-06-23 21:26:00.181 +01:00 [INF] HTTP OPTIONS /api/admin/sessions responded 204 in 0.0765 ms
2026-06-23 21:26:00.182 +01:00 [INF] HTTP OPTIONS /api/timetable/lecturers responded 204 in 0.0251 ms
2026-06-23 21:26:00.199 +01:00 [INF] HTTP GET /api/timetable/lecturers responded 200 in 16.4412 ms
2026-06-23 21:26:00.201 +01:00 [INF] HTTP GET /api/admin/sessions responded 200 in 18.3330 ms
2026-06-23 21:26:10.206 +01:00 [INF] HTTP OPTIONS /api/admin/courses responded 204 in 0.1178 ms
2026-06-23 21:26:10.292 +01:00 [INF] HTTP GET /api/admin/courses responded 200 in 83.4340 ms
2026-06-23 21:26:17.201 +01:00 [INF] HTTP OPTIONS /api/lecture-sessions/course-offerings/eed50a84-7299-40b9-b28e-fb68dbeb4f8d responded 204 in 0.0370 ms
2026-06-23 21:26:17.252 +01:00 [INF] HTTP GET /api/lecture-sessions/course-offerings/eed50a84-7299-40b9-b28e-fb68dbeb4f8d responded 200 in 42.8748 ms
2026-06-23 21:26:37.896 +01:00 [INF] HTTP OPTIONS /api/timetable/course-offering/73d620ad-4466-4858-a204-a4be695eac35 responded 204 in 0.0384 ms
2026-06-23 21:26:37.924 +01:00 [INF] Getting timetable for course offering "73d620ad-4466-4858-a204-a4be695eac35"
2026-06-23 21:26:37.957 +01:00 [INF] HTTP GET /api/timetable/course-offering/73d620ad-4466-4858-a204-a4be695eac35 responded 200 in 59.8305 ms
2026-06-23 21:26:48.415 +01:00 [INF] HTTP OPTIONS /api/lecture-sessions/generate responded 204 in 0.1399 ms
2026-06-23 21:26:48.449 +01:00 [INF] HTTP POST /api/lecture-sessions/generate responded 400 in 31.4135 ms
2026-06-23 21:27:26.535 +01:00 [INF] HTTP OPTIONS /api/lecture-sessions/generate responded 204 in 0.1307 ms
2026-06-23 21:27:26.830 +01:00 [INF] Generated 56 lecture sessions from 1 timetable slots
2026-06-23 21:27:26.836 +01:00 [INF] HTTP POST /api/lecture-sessions/generate responded 200 in 298.4331 ms
2026-06-23 21:27:47.812 +01:00 [INF] HTTP OPTIONS /api/timetable/course-offering/5ddb020c-4594-4ad6-a9a6-8e54e7f6ef0e responded 204 in 0.0379 ms
2026-06-23 21:27:47.832 +01:00 [INF] Getting timetable for course offering "5ddb020c-4594-4ad6-a9a6-8e54e7f6ef0e"
2026-06-23 21:27:47.834 +01:00 [INF] HTTP GET /api/timetable/course-offering/5ddb020c-4594-4ad6-a9a6-8e54e7f6ef0e responded 200 in 20.5258 ms
2026-06-23 21:28:01.001 +01:00 [INF] HTTP OPTIONS /api/timetable/course-offering/56dc9c62-df54-402b-b156-b4ce09ec08cf responded 204 in 0.0406 ms
2026-06-23 21:28:01.025 +01:00 [INF] Getting timetable for course offering "56dc9c62-df54-402b-b156-b4ce09ec08cf"
2026-06-23 21:28:01.027 +01:00 [INF] HTTP GET /api/timetable/course-offering/56dc9c62-df54-402b-b156-b4ce09ec08cf responded 200 in 23.9190 ms
2026-06-23 21:28:16.639 +01:00 [INF] HTTP OPTIONS /api/admin/sessions responded 204 in 0.0363 ms
2026-06-23 21:28:16.664 +01:00 [INF] HTTP GET /api/admin/sessions responded 200 in 24.0255 ms
2026-06-23 21:28:16.666 +01:00 [INF] HTTP OPTIONS /api/admin/courses responded 204 in 0.0186 ms
2026-06-23 21:28:16.742 +01:00 [INF] HTTP GET /api/admin/courses responded 200 in 75.7463 ms
2026-06-23 21:28:16.747 +01:00 [INF] HTTP OPTIONS /api/timetable/week-view/eed50a84-7299-40b9-b28e-fb68dbeb4f8d/1 responded 204 in 0.0173 ms
2026-06-23 21:28:16.771 +01:00 [INF] Getting week view timetable for session "eed50a84-7299-40b9-b28e-fb68dbeb4f8d", week 1, lecturer null
2026-06-23 21:28:16.775 +01:00 [INF] HTTP GET /api/timetable/week-view/eed50a84-7299-40b9-b28e-fb68dbeb4f8d/1 responded 200 in 26.9463 ms
2026-06-23 21:28:22.552 +01:00 [INF] HTTP OPTIONS /api/timetable/lecturers responded 204 in 0.0903 ms
2026-06-23 21:28:22.583 +01:00 [INF] HTTP GET /api/timetable/lecturers responded 200 in 28.3609 ms
2026-06-23 21:29:00.805 +01:00 [INF] HTTP OPTIONS /api/timetable/lecturers responded 204 in 0.1285 ms
2026-06-23 21:29:00.831 +01:00 [INF] HTTP GET /api/timetable/lecturers responded 200 in 23.0816 ms
2026-06-23 21:29:16.012 +01:00 [INF] HTTP OPTIONS /api/timetable/slots responded 204 in 0.1169 ms
2026-06-23 21:29:16.055 +01:00 [INF] Creating timetable slot for course "56dc9c62-df54-402b-b156-b4ce09ec08cf"
2026-06-23 21:29:16.059 +01:00 [INF] Detecting conflicts for lecturer "84161e0a-43eb-43ac-afb2-7d01de590f48" on day 1
2026-06-23 21:29:16.067 +01:00 [INF] Created timetable slot "0e9f1820-bf06-448a-a425-7c0237371ff4"
2026-06-23 21:29:16.068 +01:00 [INF] HTTP POST /api/timetable/slots responded 200 in 45.9727 ms
2026-06-23 21:29:16.071 +01:00 [INF] HTTP OPTIONS /api/timetable/week-view/eed50a84-7299-40b9-b28e-fb68dbeb4f8d/1 responded 204 in 0.0269 ms
2026-06-23 21:29:16.085 +01:00 [INF] Getting week view timetable for session "eed50a84-7299-40b9-b28e-fb68dbeb4f8d", week 1, lecturer null
2026-06-23 21:29:16.089 +01:00 [INF] HTTP GET /api/timetable/week-view/eed50a84-7299-40b9-b28e-fb68dbeb4f8d/1 responded 200 in 16.9295 ms
2026-06-23 21:29:19.124 +01:00 [INF] HTTP OPTIONS /api/timetable/lecturers responded 204 in 0.0455 ms
2026-06-23 21:29:19.141 +01:00 [INF] HTTP GET /api/timetable/lecturers responded 200 in 16.7625 ms
2026-06-23 21:29:29.226 +01:00 [INF] HTTP OPTIONS /api/timetable/slots responded 204 in 0.0484 ms
2026-06-23 21:29:29.241 +01:00 [INF] Creating timetable slot for course "65ecb710-b090-4aca-aa13-8a8ae6ce4b79"
2026-06-23 21:29:29.243 +01:00 [INF] Detecting conflicts for lecturer "b3251196-57e8-4d5b-8688-f5e011fbb27e" on day 3
2026-06-23 21:29:29.249 +01:00 [INF] Created timetable slot "a1621806-9e4b-4a34-be9a-39efd7d24657"
2026-06-23 21:29:29.249 +01:00 [INF] HTTP POST /api/timetable/slots responded 200 in 21.5357 ms
2026-06-23 21:29:29.251 +01:00 [INF] HTTP OPTIONS /api/timetable/week-view/eed50a84-7299-40b9-b28e-fb68dbeb4f8d/1 responded 204 in 0.0257 ms
2026-06-23 21:29:29.260 +01:00 [INF] Getting week view timetable for session "eed50a84-7299-40b9-b28e-fb68dbeb4f8d", week 1, lecturer null
2026-06-23 21:29:29.262 +01:00 [INF] HTTP GET /api/timetable/week-view/eed50a84-7299-40b9-b28e-fb68dbeb4f8d/1 responded 200 in 11.0196 ms
2026-06-23 21:29:33.224 +01:00 [INF] HTTP OPTIONS /api/timetable/lecturers responded 204 in 0.1187 ms
2026-06-23 21:29:33.251 +01:00 [INF] HTTP GET /api/timetable/lecturers responded 200 in 23.9771 ms
2026-06-23 21:29:53.343 +01:00 [INF] HTTP OPTIONS /api/timetable/slots responded 204 in 0.6504 ms
2026-06-23 21:29:53.370 +01:00 [INF] Creating timetable slot for course "79ac1c3f-4ae3-40ac-9f47-cc8b76465477"
2026-06-23 21:29:53.372 +01:00 [INF] Detecting conflicts for lecturer "b3251196-57e8-4d5b-8688-f5e011fbb27e" on day 3
2026-06-23 21:29:53.379 +01:00 [INF] Created timetable slot "c3c4392d-cc1f-442c-8fc9-f6784af39599"
2026-06-23 21:29:53.379 +01:00 [INF] HTTP POST /api/timetable/slots responded 200 in 32.7287 ms
2026-06-23 21:29:53.381 +01:00 [INF] HTTP OPTIONS /api/timetable/week-view/eed50a84-7299-40b9-b28e-fb68dbeb4f8d/1 responded 204 in 0.0233 ms
2026-06-23 21:29:53.392 +01:00 [INF] Getting week view timetable for session "eed50a84-7299-40b9-b28e-fb68dbeb4f8d", week 1, lecturer null
2026-06-23 21:29:53.394 +01:00 [INF] HTTP GET /api/timetable/week-view/eed50a84-7299-40b9-b28e-fb68dbeb4f8d/1 responded 200 in 12.7621 ms
2026-06-23 21:30:07.142 +01:00 [INF] HTTP OPTIONS /api/admin/sessions responded 204 in 0.0698 ms
2026-06-23 21:30:07.142 +01:00 [INF] HTTP OPTIONS /api/timetable/lecturers responded 204 in 0.0155 ms
2026-06-23 21:30:07.166 +01:00 [INF] HTTP GET /api/admin/sessions responded 200 in 21.0063 ms
2026-06-23 21:30:07.188 +01:00 [INF] HTTP GET /api/timetable/lecturers responded 200 in 42.1590 ms
2026-06-23 21:30:15.867 +01:00 [INF] HTTP OPTIONS /api/admin/courses responded 204 in 0.0877 ms
2026-06-23 21:30:15.947 +01:00 [INF] HTTP GET /api/admin/courses responded 200 in 76.8823 ms
2026-06-23 21:30:30.699 +01:00 [INF] HTTP OPTIONS /api/timetable/course-offering/55420722-e567-4120-ad42-291015c5dd24 responded 204 in 0.1177 ms
2026-06-23 21:30:30.726 +01:00 [INF] Getting timetable for course offering "55420722-e567-4120-ad42-291015c5dd24"
2026-06-23 21:30:30.728 +01:00 [INF] HTTP GET /api/timetable/course-offering/55420722-e567-4120-ad42-291015c5dd24 responded 200 in 25.5059 ms
2026-06-23 21:30:37.925 +01:00 [INF] HTTP OPTIONS /api/timetable/course-offering/52318007-6b87-46d3-8fcf-85485d189776 responded 204 in 0.0374 ms
2026-06-23 21:30:37.939 +01:00 [INF] Getting timetable for course offering "52318007-6b87-46d3-8fcf-85485d189776"
2026-06-23 21:30:37.941 +01:00 [INF] HTTP GET /api/timetable/course-offering/52318007-6b87-46d3-8fcf-85485d189776 responded 200 in 14.6263 ms
2026-06-23 21:30:42.836 +01:00 [INF] HTTP OPTIONS /api/timetable/course-offering/9966a368-8e51-4abd-b5c7-649905fed99d responded 204 in 0.0378 ms
2026-06-23 21:30:42.851 +01:00 [INF] Getting timetable for course offering "9966a368-8e51-4abd-b5c7-649905fed99d"
2026-06-23 21:30:42.852 +01:00 [INF] HTTP GET /api/timetable/course-offering/9966a368-8e51-4abd-b5c7-649905fed99d responded 200 in 14.9097 ms
2026-06-23 21:30:56.489 +01:00 [INF] HTTP OPTIONS /api/timetable/course-offering/5ddb020c-4594-4ad6-a9a6-8e54e7f6ef0e responded 204 in 0.0383 ms
2026-06-23 21:30:56.512 +01:00 [INF] Getting timetable for course offering "5ddb020c-4594-4ad6-a9a6-8e54e7f6ef0e"
2026-06-23 21:30:56.514 +01:00 [INF] HTTP GET /api/timetable/course-offering/5ddb020c-4594-4ad6-a9a6-8e54e7f6ef0e responded 200 in 23.8002 ms
2026-06-23 21:31:01.660 +01:00 [INF] HTTP OPTIONS /api/timetable/course-offering/9b3bddd2-df18-4798-8a19-f3e2c188e2d1 responded 204 in 0.2215 ms
2026-06-23 21:31:01.679 +01:00 [INF] Getting timetable for course offering "9b3bddd2-df18-4798-8a19-f3e2c188e2d1"
2026-06-23 21:31:01.681 +01:00 [INF] HTTP GET /api/timetable/course-offering/9b3bddd2-df18-4798-8a19-f3e2c188e2d1 responded 200 in 19.9978 ms
2026-06-23 21:31:09.776 +01:00 [INF] HTTP OPTIONS /api/me responded 204 in 0.0203 ms
2026-06-23 21:31:09.805 +01:00 [INF] HTTP GET /api/me responded 200 in 27.8748 ms
2026-06-23 21:31:09.926 +01:00 [INF] HTTP OPTIONS /api/admin/sessions responded 204 in 0.0424 ms
2026-06-23 21:31:09.944 +01:00 [INF] HTTP GET /api/admin/sessions responded 200 in 16.4763 ms
2026-06-23 21:31:09.947 +01:00 [INF] HTTP OPTIONS /api/admin/courses responded 204 in 0.0154 ms
2026-06-23 21:31:09.948 +01:00 [INF] HTTP OPTIONS /api/notifications/push/public-key responded 204 in 0.0098 ms
2026-06-23 21:31:09.957 +01:00 [WRN] VAPID Keys not fully configured. Using auto-generated fallback keys. PUBLIC KEY: BHw42C7EJRjhAmQf29vMToKpvG5uL949prOD5PTUBCglF2Hb9GzwsvYPDqKQ1RSJ9gwKbROWvqeizUkS_nJ9Gfo
2026-06-23 21:31:09.957 +01:00 [INF] HTTP GET /api/notifications/push/public-key responded 200 in 8.4404 ms
2026-06-23 21:31:09.965 +01:00 [INF] HTTP OPTIONS /api/notifications/push/subscribe responded 204 in 0.0312 ms
2026-06-23 21:31:09.976 +01:00 [WRN] VAPID Keys not fully configured. Using auto-generated fallback keys. PUBLIC KEY: BHw42C7EJRjhAmQf29vMToKpvG5uL949prOD5PTUBCglF2Hb9GzwsvYPDqKQ1RSJ9gwKbROWvqeizUkS_nJ9Gfo
2026-06-23 21:31:09.984 +01:00 [INF] HTTP POST /api/notifications/push/subscribe responded 200 in 18.2985 ms
2026-06-23 21:31:10.008 +01:00 [INF] HTTP GET /api/admin/courses responded 200 in 60.6055 ms
2026-06-23 21:31:10.031 +01:00 [INF] HTTP OPTIONS /api/timetable/week-view/eed50a84-7299-40b9-b28e-fb68dbeb4f8d/1 responded 204 in 0.0248 ms
2026-06-23 21:31:10.040 +01:00 [INF] Getting week view timetable for session "eed50a84-7299-40b9-b28e-fb68dbeb4f8d", week 1, lecturer null
2026-06-23 21:31:10.042 +01:00 [INF] HTTP GET /api/timetable/week-view/eed50a84-7299-40b9-b28e-fb68dbeb4f8d/1 responded 200 in 10.7016 ms
2026-06-23 21:31:39.818 +01:00 [INF] HTTP OPTIONS /api/timetable/course-offering/667631c8-7c2e-42ba-9847-60b0d2f63268 responded 204 in 0.0386 ms
2026-06-23 21:31:39.841 +01:00 [INF] Getting timetable for course offering "667631c8-7c2e-42ba-9847-60b0d2f63268"
2026-06-23 21:31:39.843 +01:00 [INF] HTTP GET /api/timetable/course-offering/667631c8-7c2e-42ba-9847-60b0d2f63268 responded 200 in 21.9811 ms
2026-06-23 21:32:00.016 +01:00 [INF] HTTP OPTIONS /api/lecture-sessions/course-offerings/eed50a84-7299-40b9-b28e-fb68dbeb4f8d responded 204 in 0.1107 ms
2026-06-23 21:32:00.058 +01:00 [INF] HTTP GET /api/lecture-sessions/course-offerings/eed50a84-7299-40b9-b28e-fb68dbeb4f8d responded 200 in 37.8530 ms
2026-06-23 21:32:13.011 +01:00 [INF] HTTP OPTIONS /api/lecture-sessions/generate-bulk responded 204 in 0.1623 ms
2026-06-23 21:32:13.531 +01:00 [INF] Generated 280 lecture sessions for 5 courses in session "eed50a84-7299-40b9-b28e-fb68dbeb4f8d"
2026-06-23 21:32:13.534 +01:00 [INF] HTTP POST /api/lecture-sessions/generate-bulk responded 200 in 520.3909 ms
2026-06-23 21:32:44.194 +01:00 [INF] HTTP OPTIONS /api/admin/audit-logs responded 204 in 0.0883 ms
2026-06-23 21:32:44.277 +01:00 [INF] HTTP GET /api/admin/audit-logs responded 200 in 81.5304 ms
2026-06-23 21:33:29.515 +01:00 [INF] HTTP OPTIONS /api/admin/audit-logs responded 204 in 0.5488 ms
2026-06-23 21:33:29.557 +01:00 [INF] HTTP GET /api/admin/audit-logs responded 200 in 39.8106 ms
2026-06-23 21:33:35.940 +01:00 [INF] HTTP GET /api/announcements responded 200 in 19.0408 ms
2026-06-23 21:33:42.138 +01:00 [WRN] Compiling a query which loads related collections for more than one collection navigation, either via 'Include' or through projection, but no 'QuerySplittingBehavior' has been configured. By default, Entity Framework will use 'QuerySplittingBehavior.SingleQuery', which can potentially result in slow query performance. See https://go.microsoft.com/fwlink/?linkid=2134277 for more information. To identify the query that's triggering this warning call 'ConfigureWarnings(w => w.Throw(RelationalEventId.MultipleCollectionIncludeWarning))'.
2026-06-23 21:33:42.179 +01:00 [INF] HTTP GET /api/admin/students responded 200 in 71.3433 ms
2026-06-23 21:33:42.203 +01:00 [INF] HTTP GET /api/admin/programs responded 200 in 94.6255 ms
2026-06-23 21:33:47.569 +01:00 [INF] HTTP GET /api/admin/students/b533f22b-9d7e-4504-be67-550df5feddf1 responded 200 in 109.6748 ms
2026-06-23 21:33:49.913 +01:00 [INF] HTTP GET /api/admin/students/b533f22b-9d7e-4504-be67-550df5feddf1/assignments responded 200 in 72.0930 ms
2026-06-23 21:33:51.467 +01:00 [INF] HTTP GET /api/admin/students/b533f22b-9d7e-4504-be67-550df5feddf1/results responded 200 in 768.3504 ms
2026-06-23 21:33:52.222 +01:00 [INF] HTTP GET /api/admin/students/b533f22b-9d7e-4504-be67-550df5feddf1/results responded 200 in 749.1731 ms
2026-06-23 21:33:57.119 +01:00 [INF] HTTP GET /api/admin/students/b533f22b-9d7e-4504-be67-550df5feddf1/fees responded 200 in 150.7025 ms
2026-06-23 21:33:57.854 +01:00 [INF] HTTP GET /api/admin/students/b533f22b-9d7e-4504-be67-550df5feddf1/parents responded 200 in 103.6724 ms
2026-06-23 21:33:58.464 +01:00 [INF] HTTP GET /api/admin/students/b533f22b-9d7e-4504-be67-550df5feddf1/enrollments responded 200 in 120.3933 ms
2026-06-23 21:34:16.202 +01:00 [INF] HTTP OPTIONS /api/admin/users responded 204 in 0.0340 ms
2026-06-23 21:34:16.328 +01:00 [INF] HTTP GET /api/admin/users responded 200 in 124.4997 ms
2026-06-23 21:34:24.584 +01:00 [INF] HTTP OPTIONS /api/admin/users responded 204 in 0.0447 ms
2026-06-23 21:34:24.644 +01:00 [INF] HTTP GET /api/admin/users responded 200 in 58.4596 ms
2026-06-23 21:34:27.537 +01:00 [INF] HTTP OPTIONS /api/auth/switch-user-by-oid responded 204 in 0.0385 ms
2026-06-23 21:34:27.614 +01:00 [INF] HTTP POST /api/auth/switch-user-by-oid responded 200 in 74.1322 ms
2026-06-23 21:34:27.619 +01:00 [INF] HTTP OPTIONS /api/me responded 204 in 0.0170 ms
2026-06-23 21:34:27.647 +01:00 [INF] HTTP GET /api/me responded 200 in 27.4600 ms
2026-06-23 21:34:32.145 +01:00 [INF] HTTP GET /api/self-service/registration-summary responded 200 in 555.5733 ms
2026-06-23 21:34:54.093 +01:00 [INF] HTTP OPTIONS /api/gradebook/my-dashboard responded 204 in 0.0939 ms
2026-06-23 21:34:54.214 +01:00 [INF] HTTP GET /api/gradebook/my-dashboard responded 200 in 104.8422 ms
2026-06-23 21:34:54.239 +01:00 [INF] HTTP GET /api/self-service/schedule responded 200 in 129.5912 ms
2026-06-23 21:34:54.256 +01:00 [INF] HTTP GET /api/self-service/schedule responded 200 in 14.4702 ms
2026-06-23 21:34:54.311 +01:00 [INF] HTTP GET /api/self-service/schedule/exams responded 200 in 68.5967 ms
2026-06-23 21:34:54.326 +01:00 [INF] HTTP GET /api/self-service/schedule/exams responded 200 in 12.0700 ms
2026-06-23 21:36:15.916 +01:00 [INF] HTTP OPTIONS /api/me responded 204 in 0.0248 ms
2026-06-23 21:36:15.955 +01:00 [INF] HTTP GET /api/me responded 200 in 35.8189 ms
2026-06-23 21:36:15.989 +01:00 [INF] HTTP OPTIONS /api/gradebook/my-dashboard responded 204 in 0.0211 ms
2026-06-23 21:36:16.049 +01:00 [INF] HTTP OPTIONS /api/notifications/push/public-key responded 204 in 0.0175 ms
2026-06-23 21:36:16.267 +01:00 [WRN] VAPID Keys not fully configured. Using auto-generated fallback keys. PUBLIC KEY: BHw42C7EJRjhAmQf29vMToKpvG5uL949prOD5PTUBCglF2Hb9GzwsvYPDqKQ1RSJ9gwKbROWvqeizUkS_nJ9Gfo
2026-06-23 21:36:16.267 +01:00 [INF] HTTP GET /api/notifications/push/public-key responded 200 in 206.8622 ms
2026-06-23 21:36:16.270 +01:00 [INF] HTTP OPTIONS /api/notifications/push/subscribe responded 204 in 0.0206 ms
2026-06-23 21:36:16.275 +01:00 [INF] HTTP GET /api/gradebook/my-dashboard responded 200 in 225.5549 ms
2026-06-23 21:36:16.294 +01:00 [WRN] VAPID Keys not fully configured. Using auto-generated fallback keys. PUBLIC KEY: BHw42C7EJRjhAmQf29vMToKpvG5uL949prOD5PTUBCglF2Hb9GzwsvYPDqKQ1RSJ9gwKbROWvqeizUkS_nJ9Gfo
2026-06-23 21:36:16.348 +01:00 [INF] HTTP GET /api/self-service/schedule responded 200 in 120.4153 ms
2026-06-23 21:36:16.579 +01:00 [INF] HTTP GET /api/self-service/schedule responded 200 in 282.4358 ms
2026-06-23 21:36:16.688 +01:00 [INF] HTTP POST /api/notifications/push/subscribe responded 200 in 417.7446 ms
2026-06-23 21:36:16.759 +01:00 [INF] HTTP GET /api/self-service/schedule/exams responded 200 in 104.2556 ms
2026-06-23 21:36:16.759 +01:00 [INF] HTTP GET /api/me responded 200 in 67.4368 ms
2026-06-23 21:36:16.759 +01:00 [INF] HTTP GET /api/self-service/schedule/exams responded 200 in 104.4483 ms
2026-06-23 21:36:16.825 +01:00 [INF] HTTP OPTIONS /api/admin/sessions responded 204 in 0.0217 ms
2026-06-23 21:36:16.878 +01:00 [WRN] VAPID Keys not fully configured. Using auto-generated fallback keys. PUBLIC KEY: BHw42C7EJRjhAmQf29vMToKpvG5uL949prOD5PTUBCglF2Hb9GzwsvYPDqKQ1RSJ9gwKbROWvqeizUkS_nJ9Gfo
2026-06-23 21:36:16.878 +01:00 [INF] HTTP GET /api/notifications/push/public-key responded 200 in 34.9545 ms
2026-06-23 21:36:16.900 +01:00 [INF] HTTP GET /api/admin/sessions responded 200 in 73.2333 ms
2026-06-23 21:36:16.907 +01:00 [INF] HTTP OPTIONS /api/admin/courses responded 204 in 0.0256 ms
2026-06-23 21:36:16.914 +01:00 [WRN] VAPID Keys not fully configured. Using auto-generated fallback keys. PUBLIC KEY: BHw42C7EJRjhAmQf29vMToKpvG5uL949prOD5PTUBCglF2Hb9GzwsvYPDqKQ1RSJ9gwKbROWvqeizUkS_nJ9Gfo
2026-06-23 21:36:16.936 +01:00 [INF] HTTP POST /api/notifications/push/subscribe responded 200 in 55.7337 ms
2026-06-23 21:36:17.016 +01:00 [INF] HTTP GET /api/admin/courses responded 200 in 108.5818 ms
2026-06-23 21:36:17.024 +01:00 [INF] HTTP OPTIONS /api/timetable/week-view/eed50a84-7299-40b9-b28e-fb68dbeb4f8d/1 responded 204 in 0.0217 ms
2026-06-23 21:36:17.039 +01:00 [INF] HTTP GET /api/timetable/week-view/eed50a84-7299-40b9-b28e-fb68dbeb4f8d/1 responded 403 in 13.9896 ms
2026-06-23 21:36:31.337 +01:00 [INF] HTTP GET /api/self-service/schedule responded 200 in 19.5320 ms
2026-06-23 21:36:36.774 +01:00 [INF] HTTP OPTIONS /api/gradebook/my-dashboard responded 204 in 0.0359 ms
2026-06-23 21:36:36.801 +01:00 [INF] HTTP GET /api/self-service/schedule responded 200 in 22.0868 ms
2026-06-23 21:36:36.803 +01:00 [INF] HTTP GET /api/gradebook/my-dashboard responded 200 in 27.0908 ms
2026-06-23 21:36:36.825 +01:00 [INF] HTTP GET /api/self-service/schedule/exams responded 200 in 20.6728 ms
2026-06-23 21:36:36.828 +01:00 [INF] HTTP GET /api/self-service/schedule responded 200 in 18.4356 ms
2026-06-23 21:36:36.852 +01:00 [INF] HTTP GET /api/self-service/schedule/exams responded 200 in 18.7668 ms
2026-06-23 21:38:15.445 +01:00 [INF] HTTP GET /api/self-service/schedule responded 200 in 19.4040 ms
2026-06-23 21:38:22.516 +01:00 [INF] HTTP OPTIONS /api/gradebook/my-dashboard responded 204 in 0.0360 ms
2026-06-23 21:38:22.526 +01:00 [INF] HTTP OPTIONS /api/notifications/push/public-key responded 204 in 0.0208 ms
2026-06-23 21:38:22.537 +01:00 [WRN] VAPID Keys not fully configured. Using auto-generated fallback keys. PUBLIC KEY: BHw42C7EJRjhAmQf29vMToKpvG5uL949prOD5PTUBCglF2Hb9GzwsvYPDqKQ1RSJ9gwKbROWvqeizUkS_nJ9Gfo
2026-06-23 21:38:22.537 +01:00 [INF] HTTP GET /api/notifications/push/public-key responded 200 in 10.7069 ms
2026-06-23 21:38:22.539 +01:00 [INF] HTTP GET /api/gradebook/my-dashboard responded 200 in 21.7445 ms
2026-06-23 21:38:22.540 +01:00 [INF] HTTP OPTIONS /api/notifications/push/subscribe responded 204 in 0.0200 ms
2026-06-23 21:38:22.551 +01:00 [WRN] VAPID Keys not fully configured. Using auto-generated fallback keys. PUBLIC KEY: BHw42C7EJRjhAmQf29vMToKpvG5uL949prOD5PTUBCglF2Hb9GzwsvYPDqKQ1RSJ9gwKbROWvqeizUkS_nJ9Gfo
2026-06-23 21:38:22.560 +01:00 [INF] HTTP POST /api/notifications/push/subscribe responded 200 in 19.1320 ms
2026-06-23 21:38:34.776 +01:00 [INF] HTTP OPTIONS /api/gradebook/my-dashboard responded 204 in 0.0973 ms
2026-06-23 21:38:34.811 +01:00 [INF] HTTP GET /api/self-service/schedule responded 200 in 24.5974 ms
2026-06-23 21:38:34.813 +01:00 [INF] HTTP GET /api/gradebook/my-dashboard responded 200 in 26.4540 ms
2026-06-23 21:38:34.830 +01:00 [INF] HTTP GET /api/self-service/schedule/exams responded 200 in 14.3492 ms
2026-06-23 21:38:34.831 +01:00 [INF] HTTP GET /api/self-service/schedule responded 200 in 14.4104 ms
2026-06-23 21:38:34.848 +01:00 [INF] HTTP GET /api/self-service/schedule/exams responded 200 in 13.5662 ms
2026-06-23 21:38:58.664 +01:00 [INF] HTTP OPTIONS /api/fees/my-bill responded 204 in 0.0914 ms
2026-06-23 21:38:58.720 +01:00 [WRN] Compiling a query which loads related collections for more than one collection navigation, either via 'Include' or through projection, but no 'QuerySplittingBehavior' has been configured. By default, Entity Framework will use 'QuerySplittingBehavior.SingleQuery', which can potentially result in slow query performance. See https://go.microsoft.com/fwlink/?linkid=2134277 for more information. To identify the query that's triggering this warning call 'ConfigureWarnings(w => w.Throw(RelationalEventId.MultipleCollectionIncludeWarning))'.
2026-06-23 21:38:58.781 +01:00 [INF] HTTP GET /api/fees/my-bill responded 404 in 107.4250 ms
2026-06-23 21:38:59.944 +01:00 [INF] HTTP OPTIONS /api/gradebook/my-dashboard responded 204 in 0.0872 ms
2026-06-23 21:38:59.973 +01:00 [INF] HTTP GET /api/self-service/schedule responded 200 in 23.0485 ms
2026-06-23 21:38:59.978 +01:00 [INF] HTTP GET /api/gradebook/my-dashboard responded 200 in 28.0549 ms
2026-06-23 21:38:59.993 +01:00 [INF] HTTP GET /api/self-service/schedule/exams responded 200 in 14.7530 ms
2026-06-23 21:38:59.996 +01:00 [INF] HTTP GET /api/self-service/schedule responded 200 in 14.7768 ms
2026-06-23 21:39:00.014 +01:00 [INF] HTTP GET /api/self-service/schedule/exams responded 200 in 14.3034 ms
2026-06-23 21:41:38.779 +01:00 [INF] HTTP OPTIONS /api/me responded 204 in 0.0210 ms
2026-06-23 21:41:38.800 +01:00 [INF] HTTP GET /api/me responded 200 in 19.6959 ms
2026-06-23 21:41:38.831 +01:00 [INF] HTTP OPTIONS /api/gradebook/my-dashboard responded 204 in 0.0215 ms
2026-06-23 21:41:38.844 +01:00 [INF] HTTP OPTIONS /api/notifications/push/public-key responded 204 in 0.0189 ms
2026-06-23 21:41:38.855 +01:00 [INF] HTTP GET /api/self-service/schedule/exams responded 200 in 22.2352 ms
2026-06-23 21:41:38.862 +01:00 [INF] HTTP GET /api/gradebook/my-dashboard responded 200 in 30.5166 ms
2026-06-23 21:41:38.867 +01:00 [WRN] VAPID Keys not fully configured. Using auto-generated fallback keys. PUBLIC KEY: BHw42C7EJRjhAmQf29vMToKpvG5uL949prOD5PTUBCglF2Hb9GzwsvYPDqKQ1RSJ9gwKbROWvqeizUkS_nJ9Gfo
2026-06-23 21:41:38.867 +01:00 [INF] HTTP GET /api/notifications/push/public-key responded 200 in 21.4182 ms
2026-06-23 21:41:38.869 +01:00 [INF] HTTP OPTIONS /api/notifications/push/subscribe responded 204 in 0.0164 ms
2026-06-23 21:41:38.870 +01:00 [INF] HTTP GET /api/self-service/schedule responded 499 in 37.3916 ms
2026-06-23 21:41:38.880 +01:00 [WRN] VAPID Keys not fully configured. Using auto-generated fallback keys. PUBLIC KEY: BHw42C7EJRjhAmQf29vMToKpvG5uL949prOD5PTUBCglF2Hb9GzwsvYPDqKQ1RSJ9gwKbROWvqeizUkS_nJ9Gfo
2026-06-23 21:41:38.882 +01:00 [INF] HTTP GET /api/self-service/schedule/exams responded 200 in 14.0118 ms
2026-06-23 21:41:38.882 +01:00 [INF] HTTP GET /api/self-service/schedule responded 200 in 14.3814 ms
2026-06-23 21:41:38.888 +01:00 [INF] HTTP POST /api/notifications/push/subscribe responded 200 in 17.9994 ms
2026-06-23 21:41:39.315 +01:00 [INF] HTTP GET /api/me responded 200 in 35.2672 ms
2026-06-23 21:41:39.362 +01:00 [INF] HTTP OPTIONS /api/admin/sessions responded 204 in 0.0224 ms
2026-06-23 21:41:39.377 +01:00 [INF] HTTP GET /api/admin/sessions responded 200 in 14.2789 ms
2026-06-23 21:41:39.379 +01:00 [INF] HTTP OPTIONS /api/admin/courses responded 204 in 0.0175 ms
2026-06-23 21:41:39.384 +01:00 [WRN] VAPID Keys not fully configured. Using auto-generated fallback keys. PUBLIC KEY: BHw42C7EJRjhAmQf29vMToKpvG5uL949prOD5PTUBCglF2Hb9GzwsvYPDqKQ1RSJ9gwKbROWvqeizUkS_nJ9Gfo
2026-06-23 21:41:39.384 +01:00 [INF] HTTP GET /api/notifications/push/public-key responded 200 in 9.1076 ms
2026-06-23 21:41:39.393 +01:00 [WRN] VAPID Keys not fully configured. Using auto-generated fallback keys. PUBLIC KEY: BHw42C7EJRjhAmQf29vMToKpvG5uL949prOD5PTUBCglF2Hb9GzwsvYPDqKQ1RSJ9gwKbROWvqeizUkS_nJ9Gfo
2026-06-23 21:41:39.403 +01:00 [INF] HTTP POST /api/notifications/push/subscribe responded 200 in 16.9864 ms
2026-06-23 21:41:39.442 +01:00 [INF] HTTP GET /api/admin/courses responded 200 in 62.6654 ms
2026-06-23 21:41:39.450 +01:00 [INF] HTTP OPTIONS /api/timetable/week-view/eed50a84-7299-40b9-b28e-fb68dbeb4f8d/1 responded 204 in 0.0255 ms
2026-06-23 21:41:39.464 +01:00 [INF] HTTP GET /api/timetable/week-view/eed50a84-7299-40b9-b28e-fb68dbeb4f8d/1 responded 403 in 12.4035 ms
2026-06-23 21:42:19.161 +01:00 [INF] HTTP OPTIONS /api/me responded 204 in 0.0590 ms
2026-06-23 21:42:19.178 +01:00 [INF] HTTP GET /api/me responded 200 in 16.5880 ms
2026-06-23 21:42:19.192 +01:00 [INF] HTTP OPTIONS /api/gradebook/my-dashboard responded 204 in 0.0308 ms
2026-06-23 21:42:19.201 +01:00 [INF] HTTP OPTIONS /api/notifications/push/public-key responded 204 in 0.0181 ms
2026-06-23 21:42:19.317 +01:00 [WRN] VAPID Keys not fully configured. Using auto-generated fallback keys. PUBLIC KEY: BHw42C7EJRjhAmQf29vMToKpvG5uL949prOD5PTUBCglF2Hb9GzwsvYPDqKQ1RSJ9gwKbROWvqeizUkS_nJ9Gfo
2026-06-23 21:42:19.317 +01:00 [INF] HTTP GET /api/notifications/push/public-key responded 200 in 101.2205 ms
2026-06-23 21:42:19.319 +01:00 [INF] HTTP OPTIONS /api/notifications/push/subscribe responded 204 in 0.0213 ms
2026-06-23 21:42:19.319 +01:00 [INF] HTTP GET /api/self-service/schedule responded 200 in 102.6381 ms
2026-06-23 21:42:19.324 +01:00 [INF] HTTP GET /api/gradebook/my-dashboard responded 200 in 125.1347 ms
2026-06-23 21:42:19.334 +01:00 [WRN] VAPID Keys not fully configured. Using auto-generated fallback keys. PUBLIC KEY: BHw42C7EJRjhAmQf29vMToKpvG5uL949prOD5PTUBCglF2Hb9GzwsvYPDqKQ1RSJ9gwKbROWvqeizUkS_nJ9Gfo
2026-06-23 21:42:19.337 +01:00 [INF] HTTP GET /api/self-service/schedule/exams responded 499 in 115.0432 ms
2026-06-23 21:42:19.343 +01:00 [INF] HTTP POST /api/notifications/push/subscribe responded 200 in 23.7694 ms
2026-06-23 21:42:19.346 +01:00 [INF] HTTP GET /api/self-service/schedule responded 200 in 17.0453 ms
2026-06-23 21:42:19.348 +01:00 [INF] HTTP GET /api/self-service/schedule/exams responded 200 in 19.4732 ms
2026-06-23 21:42:28.696 +01:00 [INF] HTTP GET /api/self-service/registration-summary responded 200 in 205.2630 ms
2026-06-23 21:42:38.828 +01:00 [INF] HTTP GET /api/self-service/registration-history responded 200 in 56.1326 ms
2026-06-23 21:45:55.440 +01:00 [INF] HTTP OPTIONS /api/gradebook/my-dashboard responded 204 in 0.0208 ms
2026-06-23 21:45:55.503 +01:00 [INF] HTTP GET /api/gradebook/my-dashboard responded 200 in 60.6719 ms
2026-06-23 21:45:55.508 +01:00 [INF] HTTP GET /api/self-service/schedule responded 200 in 44.0619 ms
2026-06-23 21:45:55.530 +01:00 [INF] HTTP GET /api/self-service/schedule/exams responded 499 in 53.7285 ms
2026-06-23 21:45:55.543 +01:00 [INF] HTTP GET /api/self-service/schedule/exams responded 200 in 31.7398 ms
2026-06-23 21:45:55.544 +01:00 [INF] HTTP GET /api/self-service/schedule responded 200 in 33.3083 ms
2026-06-23 21:46:56.838 +01:00 [INF] HTTP OPTIONS /api/fees/my-bill responded 204 in 0.0217 ms
2026-06-23 21:46:56.861 +01:00 [INF] HTTP GET /api/fees/my-bill responded 404 in 22.3428 ms
2026-06-23 21:46:57.986 +01:00 [INF] HTTP OPTIONS /api/gradebook/my-dashboard responded 204 in 0.0211 ms
2026-06-23 21:46:58.012 +01:00 [INF] HTTP GET /api/gradebook/my-dashboard responded 200 in 25.7276 ms
2026-06-23 21:57:46.092 +01:00 [INF] HTTP OPTIONS /api/me responded 204 in 0.0350 ms
2026-06-23 21:57:46.126 +01:00 [INF] HTTP GET /api/me responded 200 in 33.9231 ms
2026-06-23 21:57:48.037 +01:00 [INF] HTTP OPTIONS /api/admin/programs responded 204 in 0.0208 ms
2026-06-23 21:57:48.077 +01:00 [INF] HTTP GET /api/admin/programs responded 200 in 39.5085 ms
2026-06-23 21:57:48.079 +01:00 [INF] HTTP OPTIONS /api/admin/programs/6890d4e9-7fa7-4c90-a69c-00b1d40f24ab/curricula responded 204 in 0.0251 ms
2026-06-23 21:57:48.080 +01:00 [INF] HTTP OPTIONS /api/admin/programs/71f5092d-27ce-43c2-ac10-0759dfe391ef/curricula responded 204 in 0.0253 ms
2026-06-23 21:57:48.081 +01:00 [INF] HTTP OPTIONS /api/admin/programs/563617bb-5f66-4032-a765-04ba7b4dab4c/curricula responded 204 in 0.8101 ms
2026-06-23 21:57:48.082 +01:00 [INF] HTTP OPTIONS /api/admin/programs/bfe9d5d2-b914-4b87-a068-4aedff2cbd5f/curricula responded 204 in 0.0124 ms
2026-06-23 21:57:48.082 +01:00 [INF] HTTP OPTIONS /api/admin/programs/6ca9564b-b745-43be-aa3f-4dedad7eb9f7/curricula responded 204 in 0.0068 ms
2026-06-23 21:57:48.082 +01:00 [INF] HTTP OPTIONS /api/admin/programs/f94fe24b-8781-4d68-9bdb-2056692c6e91/curricula responded 204 in 1.1200 ms
2026-06-23 21:57:48.082 +01:00 [INF] HTTP OPTIONS /api/admin/programs/5126c1a2-28cc-4a6e-9223-20f0298da20b/curricula responded 204 in 0.0063 ms
2026-06-23 21:57:48.083 +01:00 [INF] HTTP OPTIONS /api/admin/programs/2b09cc5a-2a1e-49bf-b539-532eeafaeff9/curricula responded 204 in 0.0045 ms
2026-06-23 21:57:48.084 +01:00 [INF] HTTP OPTIONS /api/admin/programs/8fe7febc-5eca-4458-a437-5512650eb0b6/curricula responded 204 in 0.0120 ms
2026-06-23 21:57:48.084 +01:00 [INF] HTTP OPTIONS /api/admin/programs/747ff8cd-5660-438a-b23d-5d30f0a5a888/curricula responded 204 in 0.0075 ms
2026-06-23 21:57:48.085 +01:00 [INF] HTTP OPTIONS /api/admin/programs/8ee99692-b09b-4e10-9852-66b590651a22/curricula responded 204 in 0.0115 ms
2026-06-23 21:57:48.085 +01:00 [INF] HTTP OPTIONS /api/admin/programs/adcfa75d-3589-41c3-837c-6a5e70cc57d7/curricula responded 204 in 0.0283 ms
2026-06-23 21:57:48.085 +01:00 [INF] HTTP OPTIONS /api/admin/programs/156c61fa-b96b-40e7-b39e-705751b440c3/curricula responded 204 in 0.0031 ms
2026-06-23 21:57:48.085 +01:00 [INF] HTTP OPTIONS /api/admin/programs/7096914e-1b13-4d65-a15e-8bc1a0e8ba2c/curricula responded 204 in 0.0034 ms
2026-06-23 21:57:48.087 +01:00 [INF] HTTP OPTIONS /api/admin/programs/baeb4a0e-abfa-437e-a0c6-97267d61ffa3/curricula responded 204 in 0.0735 ms
2026-06-23 21:57:48.087 +01:00 [INF] HTTP OPTIONS /api/admin/programs/8198d36b-7ffa-4fd5-a3aa-9448ba191a38/curricula responded 204 in 0.0321 ms
2026-06-23 21:57:48.088 +01:00 [INF] HTTP OPTIONS /api/admin/programs/97e9e9d4-946c-46da-af1a-9e32f6a1504a/curricula responded 204 in 0.0096 ms
2026-06-23 21:57:48.088 +01:00 [INF] HTTP OPTIONS /api/admin/programs/f31b48cd-2858-4e82-ad94-9cc31c75a527/curricula responded 204 in 0.0157 ms
2026-06-23 21:57:48.089 +01:00 [INF] HTTP OPTIONS /api/admin/programs/6351fee0-7260-4e43-9563-a7477eb2d87b/curricula responded 204 in 0.0123 ms
2026-06-23 21:57:48.089 +01:00 [INF] HTTP OPTIONS /api/admin/programs/7df306ce-4256-4fbf-8dc4-afbd70d0a251/curricula responded 204 in 0.0141 ms
2026-06-23 21:57:48.089 +01:00 [INF] HTTP OPTIONS /api/admin/programs/6ba7f2e0-f36f-49ff-9a39-bd0ccfab5775/curricula responded 204 in 0.0054 ms
2026-06-23 21:57:48.089 +01:00 [INF] HTTP OPTIONS /api/admin/programs/56c76fe9-0f6a-439b-a699-bd2358434346/curricula responded 204 in 0.0044 ms
2026-06-23 21:57:48.091 +01:00 [INF] HTTP OPTIONS /api/admin/programs/d653b1ad-d0d3-4009-babb-c098662147b2/curricula responded 204 in 0.0155 ms
2026-06-23 21:57:48.091 +01:00 [INF] HTTP OPTIONS /api/admin/programs/469d40fd-2959-4622-bdda-c27b1139df60/curricula responded 204 in 0.0027 ms
2026-06-23 21:57:48.091 +01:00 [INF] HTTP OPTIONS /api/admin/programs/caa77aee-8674-4f31-b364-c8df0864afd6/curricula responded 204 in 0.0042 ms
2026-06-23 21:57:48.091 +01:00 [INF] HTTP OPTIONS /api/admin/programs/fc8eb05b-5c06-429b-bf42-d2ffc2f8baa9/curricula responded 204 in 0.0080 ms
2026-06-23 21:57:48.093 +01:00 [INF] HTTP OPTIONS /api/admin/programs/bf6986da-c275-482e-b5ca-e94b5b2a6fec/curricula responded 204 in 0.0111 ms
2026-06-23 21:57:48.093 +01:00 [INF] HTTP OPTIONS /api/admin/programs/1e99fb97-7c53-4c22-9975-eeebf693bef0/curricula responded 204 in 0.0111 ms
2026-06-23 21:57:48.093 +01:00 [INF] HTTP OPTIONS /api/admin/programs/302cd18f-647b-4c3e-9034-ef8ee6d0390e/curricula responded 204 in 0.0024 ms
2026-06-23 21:57:48.093 +01:00 [INF] HTTP OPTIONS /api/admin/programs/b8976684-96ea-440d-8cd3-db1adaebae47/curricula responded 204 in 0.0160 ms
2026-06-23 21:57:48.096 +01:00 [INF] HTTP OPTIONS /api/admin/programs/729e1de3-50c3-4bb3-b46c-fb90a37dcba2/curricula responded 204 in 0.0133 ms
2026-06-23 21:57:48.139 +01:00 [INF] HTTP GET /api/admin/programs/bfe9d5d2-b914-4b87-a068-4aedff2cbd5f/curricula responded 200 in 43.9269 ms
2026-06-23 21:57:48.141 +01:00 [INF] HTTP GET /api/admin/programs/71f5092d-27ce-43c2-ac10-0759dfe391ef/curricula responded 200 in 55.5102 ms
2026-06-23 21:57:48.150 +01:00 [INF] HTTP GET /api/admin/programs/563617bb-5f66-4032-a765-04ba7b4dab4c/curricula responded 200 in 54.9279 ms
2026-06-23 21:57:48.162 +01:00 [INF] HTTP GET /api/admin/programs/5126c1a2-28cc-4a6e-9223-20f0298da20b/curricula responded 200 in 21.8538 ms
2026-06-23 21:57:48.163 +01:00 [INF] HTTP GET /api/admin/programs/2b09cc5a-2a1e-49bf-b539-532eeafaeff9/curricula responded 200 in 21.8687 ms
2026-06-23 21:57:48.172 +01:00 [INF] HTTP GET /api/admin/programs/8fe7febc-5eca-4458-a437-5512650eb0b6/curricula responded 200 in 21.2092 ms
2026-06-23 21:57:48.178 +01:00 [INF] HTTP GET /api/admin/programs/f94fe24b-8781-4d68-9bdb-2056692c6e91/curricula responded 200 in 80.9816 ms
2026-06-23 21:57:48.182 +01:00 [INF] HTTP GET /api/admin/programs/747ff8cd-5660-438a-b23d-5d30f0a5a888/curricula responded 200 in 19.3808 ms
2026-06-23 21:57:48.185 +01:00 [INF] HTTP GET /api/admin/programs/8ee99692-b09b-4e10-9852-66b590651a22/curricula responded 200 in 20.9789 ms
2026-06-23 21:57:48.195 +01:00 [INF] HTTP GET /api/admin/programs/6890d4e9-7fa7-4c90-a69c-00b1d40f24ab/curricula responded 200 in 114.1611 ms
2026-06-23 21:57:48.205 +01:00 [INF] HTTP GET /api/admin/programs/adcfa75d-3589-41c3-837c-6a5e70cc57d7/curricula responded 200 in 30.8293 ms
2026-06-23 21:57:48.208 +01:00 [INF] HTTP GET /api/admin/programs/156c61fa-b96b-40e7-b39e-705751b440c3/curricula responded 200 in 29.4819 ms
2026-06-23 21:57:48.210 +01:00 [INF] HTTP GET /api/admin/programs/7096914e-1b13-4d65-a15e-8bc1a0e8ba2c/curricula responded 200 in 27.4403 ms
2026-06-23 21:57:48.213 +01:00 [INF] HTTP GET /api/admin/programs/baeb4a0e-abfa-437e-a0c6-97267d61ffa3/curricula responded 200 in 27.3870 ms
2026-06-23 21:57:48.216 +01:00 [INF] HTTP GET /api/admin/programs/8198d36b-7ffa-4fd5-a3aa-9448ba191a38/curricula responded 200 in 20.1255 ms
2026-06-23 21:57:48.220 +01:00 [INF] HTTP GET /api/admin/programs/6ca9564b-b745-43be-aa3f-4dedad7eb9f7/curricula responded 200 in 123.8001 ms
2026-06-23 21:57:48.224 +01:00 [INF] HTTP GET /api/admin/programs/97e9e9d4-946c-46da-af1a-9e32f6a1504a/curricula responded 200 in 18.0042 ms
2026-06-23 21:57:48.227 +01:00 [INF] HTTP GET /api/admin/programs/f31b48cd-2858-4e82-ad94-9cc31c75a527/curricula responded 200 in 18.0298 ms
2026-06-23 21:57:48.231 +01:00 [INF] HTTP GET /api/admin/programs/6351fee0-7260-4e43-9563-a7477eb2d87b/curricula responded 200 in 19.8858 ms
2026-06-23 21:57:48.233 +01:00 [INF] HTTP GET /api/admin/programs/7df306ce-4256-4fbf-8dc4-afbd70d0a251/curricula responded 200 in 19.3535 ms
2026-06-23 21:57:48.237 +01:00 [INF] HTTP GET /api/admin/programs/6ba7f2e0-f36f-49ff-9a39-bd0ccfab5775/curricula responded 200 in 20.2444 ms
2026-06-23 21:57:48.244 +01:00 [INF] HTTP GET /api/admin/programs/56c76fe9-0f6a-439b-a699-bd2358434346/curricula responded 200 in 23.6592 ms
2026-06-23 21:57:48.248 +01:00 [INF] HTTP GET /api/admin/programs/d653b1ad-d0d3-4009-babb-c098662147b2/curricula responded 200 in 23.3614 ms
2026-06-23 21:57:48.249 +01:00 [INF] HTTP GET /api/admin/programs/469d40fd-2959-4622-bdda-c27b1139df60/curricula responded 200 in 20.9383 ms
2026-06-23 21:57:48.254 +01:00 [INF] HTTP GET /api/admin/programs/caa77aee-8674-4f31-b364-c8df0864afd6/curricula responded 200 in 21.2583 ms
2026-06-23 21:57:48.258 +01:00 [INF] HTTP GET /api/admin/programs/fc8eb05b-5c06-429b-bf42-d2ffc2f8baa9/curricula responded 200 in 23.6884 ms
2026-06-23 21:57:48.261 +01:00 [INF] HTTP GET /api/admin/programs/bf6986da-c275-482e-b5ca-e94b5b2a6fec/curricula responded 200 in 23.2860 ms
2026-06-23 21:57:48.263 +01:00 [INF] HTTP GET /api/admin/programs/1e99fb97-7c53-4c22-9975-eeebf693bef0/curricula responded 200 in 18.0424 ms
2026-06-23 21:57:48.265 +01:00 [INF] HTTP GET /api/admin/programs/b8976684-96ea-440d-8cd3-db1adaebae47/curricula responded 200 in 14.9960 ms
2026-06-23 21:57:48.268 +01:00 [INF] HTTP GET /api/admin/programs/302cd18f-647b-4c3e-9034-ef8ee6d0390e/curricula responded 200 in 18.4075 ms
2026-06-23 21:57:48.271 +01:00 [INF] HTTP GET /api/admin/programs/729e1de3-50c3-4bb3-b46c-fb90a37dcba2/curricula responded 200 in 16.1661 ms
2026-06-23 21:57:56.795 +01:00 [INF] HTTP OPTIONS /api/admin/programs responded 204 in 0.0239 ms
2026-06-23 21:57:56.795 +01:00 [INF] HTTP OPTIONS /api/admin/sessions responded 204 in 0.0185 ms
2026-06-23 21:57:56.795 +01:00 [INF] HTTP OPTIONS /api/admin/programs/6890d4e9-7fa7-4c90-a69c-00b1d40f24ab/enrollments responded 204 in 0.0244 ms
2026-06-23 21:57:56.795 +01:00 [INF] HTTP OPTIONS /api/admin/programs/6890d4e9-7fa7-4c90-a69c-00b1d40f24ab/curricula responded 204 in 0.0068 ms
2026-06-23 21:57:56.797 +01:00 [INF] HTTP OPTIONS /api/admissions/subjects responded 204 in 0.0087 ms
2026-06-23 21:57:56.813 +01:00 [INF] HTTP GET /api/admin/programs responded 200 in 16.2153 ms
2026-06-23 21:57:56.813 +01:00 [INF] HTTP GET /api/admin/programs/6890d4e9-7fa7-4c90-a69c-00b1d40f24ab/curricula responded 200 in 15.8374 ms
2026-06-23 21:57:56.814 +01:00 [INF] HTTP GET /api/admin/sessions responded 200 in 17.5178 ms
2026-06-23 21:57:56.820 +01:00 [INF] HTTP OPTIONS /api/admin/courses responded 204 in 0.0068 ms
2026-06-23 21:57:56.822 +01:00 [INF] Initializing Entra ID Service with TenantId: c9a98a3d-152f-4eb3-b93f-9b26fdd08495, ClientId: 84022968-6bdc-4c6b-8eab-57b75fa5d0b1, Domain: wigweuniversity.edu.ng
2026-06-23 21:57:56.822 +01:00 [INF] Entra ID Service initialized successfully
2026-06-23 21:57:56.837 +01:00 [INF] HTTP GET /api/admin/programs/6890d4e9-7fa7-4c90-a69c-00b1d40f24ab/curricula responded 200 in 16.9663 ms
2026-06-23 21:57:56.839 +01:00 [INF] HTTP OPTIONS /api/admin/curricula/e22b1c74-7fa6-44a5-9382-d400bffece96 responded 204 in 0.0232 ms
2026-06-23 21:57:56.839 +01:00 [INF] HTTP GET /api/admin/sessions responded 200 in 18.9013 ms
2026-06-23 21:57:56.840 +01:00 [INF] HTTP GET /api/admissions/subjects responded 200 in 40.2027 ms
2026-06-23 21:57:56.855 +01:00 [INF] HTTP GET /api/admin/programs/6890d4e9-7fa7-4c90-a69c-00b1d40f24ab/enrollments responded 200 in 58.4273 ms
2026-06-23 21:57:56.896 +01:00 [INF] HTTP GET /api/admin/courses responded 200 in 74.8137 ms
2026-06-23 21:57:56.912 +01:00 [INF] HTTP GET /api/admin/curricula/e22b1c74-7fa6-44a5-9382-d400bffece96 responded 200 in 71.6018 ms
2026-06-23 21:57:56.914 +01:00 [INF] HTTP OPTIONS /api/admin/curricula/e22b1c74-7fa6-44a5-9382-d400bffece96/history responded 204 in 0.0184 ms
2026-06-23 21:57:56.943 +01:00 [INF] HTTP GET /api/admin/curricula/e22b1c74-7fa6-44a5-9382-d400bffece96/history responded 200 in 28.0461 ms
2026-06-23 21:58:04.931 +01:00 [INF] HTTP OPTIONS /api/admin/courses responded 204 in 0.0346 ms
2026-06-23 21:58:04.931 +01:00 [INF] HTTP OPTIONS /api/admin/programs responded 204 in 0.0067 ms
2026-06-23 21:58:04.931 +01:00 [INF] HTTP OPTIONS /api/admin/curricula/e22b1c74-7fa6-44a5-9382-d400bffece96 responded 204 in 0.0053 ms
2026-06-23 21:58:04.954 +01:00 [INF] HTTP GET /api/admin/programs responded 200 in 21.6750 ms
2026-06-23 21:58:04.954 +01:00 [INF] HTTP GET /api/admin/curricula/e22b1c74-7fa6-44a5-9382-d400bffece96 responded 200 in 21.2513 ms
2026-06-23 21:58:04.970 +01:00 [INF] HTTP GET /api/admin/programs responded 200 in 13.6571 ms
2026-06-23 21:58:05.005 +01:00 [INF] HTTP GET /api/admin/courses responded 200 in 73.4103 ms
2026-06-23 22:01:42.002 +01:00 [INF] HTTP OPTIONS /api/me responded 204 in 0.0216 ms
2026-06-23 22:01:42.024 +01:00 [INF] HTTP GET /api/me responded 200 in 21.1698 ms
2026-06-23 22:01:42.045 +01:00 [INF] HTTP OPTIONS /api/admin/programs responded 204 in 0.0170 ms
2026-06-23 22:01:42.045 +01:00 [INF] HTTP OPTIONS /api/admin/curricula/e22b1c74-7fa6-44a5-9382-d400bffece96 responded 204 in 0.0170 ms
2026-06-23 22:01:42.045 +01:00 [INF] HTTP OPTIONS /api/admin/courses responded 204 in 0.0250 ms
2026-06-23 22:01:42.058 +01:00 [INF] HTTP OPTIONS /api/notifications/push/public-key responded 204 in 0.0405 ms
2026-06-23 22:01:42.067 +01:00 [INF] HTTP GET /api/admin/curricula/e22b1c74-7fa6-44a5-9382-d400bffece96 responded 200 in 21.9790 ms
2026-06-23 22:01:42.070 +01:00 [WRN] VAPID Keys not fully configured. Using auto-generated fallback keys. PUBLIC KEY: BHw42C7EJRjhAmQf29vMToKpvG5uL949prOD5PTUBCglF2Hb9GzwsvYPDqKQ1RSJ9gwKbROWvqeizUkS_nJ9Gfo
2026-06-23 22:01:42.070 +01:00 [INF] HTTP GET /api/notifications/push/public-key responded 200 in 11.4052 ms
2026-06-23 22:01:42.072 +01:00 [INF] HTTP GET /api/admin/programs responded 200 in 26.1946 ms
2026-06-23 22:01:42.077 +01:00 [INF] HTTP OPTIONS /api/notifications/push/subscribe responded 204 in 0.0430 ms
2026-06-23 22:01:42.088 +01:00 [INF] HTTP GET /api/admin/programs responded 200 in 15.6543 ms
2026-06-23 22:01:42.088 +01:00 [WRN] VAPID Keys not fully configured. Using auto-generated fallback keys. PUBLIC KEY: BHw42C7EJRjhAmQf29vMToKpvG5uL949prOD5PTUBCglF2Hb9GzwsvYPDqKQ1RSJ9gwKbROWvqeizUkS_nJ9Gfo
2026-06-23 22:01:42.101 +01:00 [INF] HTTP POST /api/notifications/push/subscribe responded 200 in 23.8142 ms
2026-06-23 22:01:42.130 +01:00 [INF] HTTP GET /api/admin/courses responded 200 in 84.7788 ms
2026-06-23 22:01:42.393 +01:00 [INF] HTTP GET /api/me responded 200 in 12.6804 ms
2026-06-23 22:01:42.466 +01:00 [INF] HTTP OPTIONS /api/admin/sessions responded 204 in 0.0231 ms
2026-06-23 22:01:42.478 +01:00 [INF] HTTP GET /api/admin/sessions responded 200 in 10.9534 ms
2026-06-23 22:01:42.491 +01:00 [WRN] VAPID Keys not fully configured. Using auto-generated fallback keys. PUBLIC KEY: BHw42C7EJRjhAmQf29vMToKpvG5uL949prOD5PTUBCglF2Hb9GzwsvYPDqKQ1RSJ9gwKbROWvqeizUkS_nJ9Gfo
2026-06-23 22:01:42.491 +01:00 [INF] HTTP GET /api/notifications/push/public-key responded 200 in 9.4391 ms
2026-06-23 22:01:42.501 +01:00 [WRN] VAPID Keys not fully configured. Using auto-generated fallback keys. PUBLIC KEY: BHw42C7EJRjhAmQf29vMToKpvG5uL949prOD5PTUBCglF2Hb9GzwsvYPDqKQ1RSJ9gwKbROWvqeizUkS_nJ9Gfo
2026-06-23 22:01:42.507 +01:00 [INF] HTTP POST /api/notifications/push/subscribe responded 200 in 13.7158 ms
2026-06-23 22:01:42.545 +01:00 [INF] HTTP GET /api/admin/courses responded 200 in 63.1452 ms
2026-06-23 22:01:42.553 +01:00 [INF] HTTP OPTIONS /api/timetable/week-view/eed50a84-7299-40b9-b28e-fb68dbeb4f8d/1 responded 204 in 0.0195 ms
2026-06-23 22:01:42.562 +01:00 [INF] Getting week view timetable for session "eed50a84-7299-40b9-b28e-fb68dbeb4f8d", week 1, lecturer null
2026-06-23 22:01:42.575 +01:00 [INF] HTTP GET /api/timetable/week-view/eed50a84-7299-40b9-b28e-fb68dbeb4f8d/1 responded 200 in 22.4148 ms
2026-06-23 22:02:00.798 +01:00 [INF] HTTP OPTIONS /api/me responded 204 in 0.0211 ms
2026-06-23 22:02:00.824 +01:00 [INF] HTTP GET /api/me responded 200 in 25.0401 ms
2026-06-23 22:02:00.841 +01:00 [INF] HTTP OPTIONS /api/admin/programs responded 204 in 0.0293 ms
2026-06-23 22:02:00.841 +01:00 [INF] HTTP OPTIONS /api/admin/curricula/e22b1c74-7fa6-44a5-9382-d400bffece96 responded 204 in 0.0029 ms
2026-06-23 22:02:00.841 +01:00 [INF] HTTP OPTIONS /api/admin/courses responded 204 in 0.0267 ms
2026-06-23 22:02:00.853 +01:00 [INF] HTTP OPTIONS /api/notifications/push/public-key responded 204 in 0.0212 ms
2026-06-23 22:02:00.866 +01:00 [WRN] VAPID Keys not fully configured. Using auto-generated fallback keys. PUBLIC KEY: BHw42C7EJRjhAmQf29vMToKpvG5uL949prOD5PTUBCglF2Hb9GzwsvYPDqKQ1RSJ9gwKbROWvqeizUkS_nJ9Gfo
2026-06-23 22:02:00.866 +01:00 [INF] HTTP GET /api/admin/programs responded 200 in 24.1460 ms
2026-06-23 22:02:00.866 +01:00 [INF] HTTP GET /api/notifications/push/public-key responded 200 in 11.2106 ms
2026-06-23 22:02:00.868 +01:00 [INF] HTTP OPTIONS /api/notifications/push/subscribe responded 204 in 0.0238 ms
2026-06-23 22:02:00.870 +01:00 [INF] HTTP GET /api/admin/curricula/e22b1c74-7fa6-44a5-9382-d400bffece96 responded 200 in 28.0831 ms
2026-06-23 22:02:00.879 +01:00 [WRN] VAPID Keys not fully configured. Using auto-generated fallback keys. PUBLIC KEY: BHw42C7EJRjhAmQf29vMToKpvG5uL949prOD5PTUBCglF2Hb9GzwsvYPDqKQ1RSJ9gwKbROWvqeizUkS_nJ9Gfo
2026-06-23 22:02:00.887 +01:00 [INF] HTTP GET /api/admin/programs responded 200 in 15.5733 ms
2026-06-23 22:02:00.890 +01:00 [INF] HTTP POST /api/notifications/push/subscribe responded 200 in 21.3447 ms
2026-06-23 22:02:00.919 +01:00 [INF] HTTP GET /api/admin/courses responded 200 in 77.2018 ms
2026-06-23 22:02:01.412 +01:00 [INF] HTTP GET /api/me responded 200 in 22.9468 ms
2026-06-23 22:02:01.514 +01:00 [INF] HTTP OPTIONS /api/admin/sessions responded 204 in 0.0201 ms
2026-06-23 22:02:01.530 +01:00 [INF] HTTP GET /api/admin/sessions responded 200 in 16.0050 ms
2026-06-23 22:02:01.546 +01:00 [WRN] VAPID Keys not fully configured. Using auto-generated fallback keys. PUBLIC KEY: BHw42C7EJRjhAmQf29vMToKpvG5uL949prOD5PTUBCglF2Hb9GzwsvYPDqKQ1RSJ9gwKbROWvqeizUkS_nJ9Gfo
2026-06-23 22:02:01.546 +01:00 [INF] HTTP GET /api/notifications/push/public-key responded 200 in 10.4652 ms
2026-06-23 22:02:01.562 +01:00 [WRN] VAPID Keys not fully configured. Using auto-generated fallback keys. PUBLIC KEY: BHw42C7EJRjhAmQf29vMToKpvG5uL949prOD5PTUBCglF2Hb9GzwsvYPDqKQ1RSJ9gwKbROWvqeizUkS_nJ9Gfo
2026-06-23 22:02:01.567 +01:00 [INF] HTTP POST /api/notifications/push/subscribe responded 200 in 17.4485 ms
2026-06-23 22:02:01.599 +01:00 [INF] HTTP GET /api/admin/courses responded 200 in 63.6528 ms
2026-06-23 22:02:01.614 +01:00 [INF] HTTP OPTIONS /api/timetable/week-view/eed50a84-7299-40b9-b28e-fb68dbeb4f8d/1 responded 204 in 0.0179 ms
2026-06-23 22:02:01.622 +01:00 [INF] Getting week view timetable for session "eed50a84-7299-40b9-b28e-fb68dbeb4f8d", week 1, lecturer null
2026-06-23 22:02:01.624 +01:00 [INF] HTTP GET /api/timetable/week-view/eed50a84-7299-40b9-b28e-fb68dbeb4f8d/1 responded 200 in 10.2324 ms
2026-06-23 22:03:55.023 +01:00 [INF] HTTP OPTIONS /api/me responded 204 in 0.0442 ms
2026-06-23 22:03:55.052 +01:00 [INF] HTTP GET /api/me responded 200 in 28.2424 ms
2026-06-23 22:03:55.070 +01:00 [INF] HTTP OPTIONS /api/admin/courses responded 204 in 0.0193 ms
2026-06-23 22:03:55.071 +01:00 [INF] HTTP OPTIONS /api/admin/programs responded 204 in 0.0061 ms
2026-06-23 22:03:55.071 +01:00 [INF] HTTP OPTIONS /api/admin/curricula/e22b1c74-7fa6-44a5-9382-d400bffece96 responded 204 in 0.0095 ms
2026-06-23 22:03:55.084 +01:00 [INF] HTTP OPTIONS /api/notifications/push/public-key responded 204 in 0.0215 ms
2026-06-23 22:03:55.096 +01:00 [INF] HTTP GET /api/admin/curricula/e22b1c74-7fa6-44a5-9382-d400bffece96 responded 200 in 23.4363 ms
2026-06-23 22:03:55.104 +01:00 [WRN] VAPID Keys not fully configured. Using auto-generated fallback keys. PUBLIC KEY: BHw42C7EJRjhAmQf29vMToKpvG5uL949prOD5PTUBCglF2Hb9GzwsvYPDqKQ1RSJ9gwKbROWvqeizUkS_nJ9Gfo
2026-06-23 22:03:55.104 +01:00 [INF] HTTP GET /api/notifications/push/public-key responded 200 in 18.6343 ms
2026-06-23 22:03:55.104 +01:00 [INF] HTTP GET /api/admin/programs responded 200 in 32.5610 ms
2026-06-23 22:03:55.105 +01:00 [INF] HTTP OPTIONS /api/notifications/push/subscribe responded 204 in 0.0113 ms
2026-06-23 22:03:55.116 +01:00 [WRN] VAPID Keys not fully configured. Using auto-generated fallback keys. PUBLIC KEY: BHw42C7EJRjhAmQf29vMToKpvG5uL949prOD5PTUBCglF2Hb9GzwsvYPDqKQ1RSJ9gwKbROWvqeizUkS_nJ9Gfo
2026-06-23 22:03:55.119 +01:00 [INF] HTTP GET /api/admin/programs responded 200 in 14.0211 ms
2026-06-23 22:03:55.127 +01:00 [INF] HTTP POST /api/notifications/push/subscribe responded 200 in 21.3850 ms
2026-06-23 22:03:55.151 +01:00 [INF] HTTP GET /api/admin/courses responded 200 in 79.3675 ms
2026-06-23 22:03:55.382 +01:00 [INF] HTTP GET /api/me responded 200 in 11.8197 ms
2026-06-23 22:03:55.435 +01:00 [INF] HTTP OPTIONS /api/admin/sessions responded 204 in 0.0207 ms
2026-06-23 22:03:55.458 +01:00 [INF] HTTP GET /api/admin/sessions responded 200 in 22.7244 ms
2026-06-23 22:03:55.458 +01:00 [WRN] VAPID Keys not fully configured. Using auto-generated fallback keys. PUBLIC KEY: BHw42C7EJRjhAmQf29vMToKpvG5uL949prOD5PTUBCglF2Hb9GzwsvYPDqKQ1RSJ9gwKbROWvqeizUkS_nJ9Gfo
2026-06-23 22:03:55.458 +01:00 [INF] HTTP GET /api/notifications/push/public-key responded 200 in 14.5903 ms
2026-06-23 22:03:55.469 +01:00 [WRN] VAPID Keys not fully configured. Using auto-generated fallback keys. PUBLIC KEY: BHw42C7EJRjhAmQf29vMToKpvG5uL949prOD5PTUBCglF2Hb9GzwsvYPDqKQ1RSJ9gwKbROWvqeizUkS_nJ9Gfo
2026-06-23 22:03:55.475 +01:00 [INF] HTTP POST /api/notifications/push/subscribe responded 200 in 14.8892 ms
2026-06-23 22:03:55.521 +01:00 [INF] HTTP GET /api/admin/courses responded 200 in 61.1350 ms
2026-06-23 22:03:55.533 +01:00 [INF] HTTP OPTIONS /api/timetable/week-view/eed50a84-7299-40b9-b28e-fb68dbeb4f8d/1 responded 204 in 0.0210 ms
2026-06-23 22:03:55.543 +01:00 [INF] Getting week view timetable for session "eed50a84-7299-40b9-b28e-fb68dbeb4f8d", week 1, lecturer null
2026-06-23 22:03:55.545 +01:00 [INF] HTTP GET /api/timetable/week-view/eed50a84-7299-40b9-b28e-fb68dbeb4f8d/1 responded 200 in 11.7133 ms
2026-06-23 22:09:17.836 +01:00 [INF] HTTP GET /api/me responded 200 in 0.2816 ms
2026-06-23 22:10:28.665 +01:00 [INF] Sessions already seeded. Skipping.
2026-06-23 22:10:28.691 +01:00 [INF] Faculties already seeded. Skipping.
2026-06-23 22:10:28.702 +01:00 [INF] Departments already seeded. Skipping.
2026-06-23 22:10:28.715 +01:00 [INF] Programs already seeded. Skipping.
2026-06-23 22:10:28.767 +01:00 [INF] Lecturer john.doe@wigweuniversity.edu.ng already exists. Skipping.
2026-06-23 22:10:28.775 +01:00 [INF] Lecturer jane.smith@wigweuniversity.edu.ng already exists. Skipping.
2026-06-23 22:10:28.796 +01:00 [INF] All document types already exist. Skipping.
2026-06-23 22:10:28.807 +01:00 [INF] Sponsors already seeded. Skipping.
2026-06-23 22:10:28.816 +01:00 [INF] Subjects already seeded. Skipping.
2026-06-23 22:10:28.827 +01:00 [INF] Countries already seeded. Skipping.
2026-06-23 22:10:28.838 +01:00 [INF] Grading scales already seeded. Skipping.
2026-06-23 22:10:28.848 +01:00 [INF] Credit transfer rules already seeded. Skipping.
2026-06-23 22:10:28.859 +01:00 [INF] Program credit mappings already seeded. Skipping.
2026-06-23 22:10:28.975 +01:00 [INF] Seeding Course Offerings from active curricula for session 2025/2026...
2026-06-23 22:10:28.992 +01:00 [INF] All course offerings already exist for session 2025/2026.
2026-06-23 22:10:29.001 +01:00 [INF] Seeding default global Course Registration Configuration...
2026-06-23 22:10:29.068 +01:00 [INF] Database initialization completed successfully.
2026-06-23 22:10:29.123 +01:00 [INF] Initializing Entra ID Service with TenantId: c9a98a3d-152f-4eb3-b93f-9b26fdd08495, ClientId: 84022968-6bdc-4c6b-8eab-57b75fa5d0b1, Domain: wigweuniversity.edu.ng
2026-06-23 22:10:29.139 +01:00 [INF] Entra ID Service initialized successfully
2026-06-23 22:10:29.228 +01:00 [WRN] VAPID Keys not fully configured. Using auto-generated fallback keys. PUBLIC KEY: BKuMNhfQ740SnYf4uVPCzjo0ynUfuV1eWwbittUtHZa8wdg4dD00hXKnVcJlvp7ZGsfJ5jzjtKHflH-K-LpM0YM
2026-06-23 22:10:29.296 +01:00 [INF] Registered 317 endpoints in 2,434 milliseconds.
2026-06-23 22:10:29.324 +01:00 [INF] Now listening on: http://localhost:5021
2026-06-23 22:10:29.324 +01:00 [INF] Application started. Press Ctrl+C to shut down.
2026-06-23 22:10:29.324 +01:00 [INF] Hosting environment: Development
2026-06-23 22:10:29.324 +01:00 [INF] Content root path: /Users/mac/Apps/LMS APP/LMSApi
2026-06-23 22:14:30.374 +01:00 [INF] HTTP OPTIONS /api/timetable/lecturers responded 204 in 2.0665 ms
2026-06-23 22:14:30.374 +01:00 [INF] HTTP OPTIONS /api/lecture-sessions responded 204 in 2.0427 ms
2026-06-23 22:14:30.374 +01:00 [INF] HTTP OPTIONS /api/admin/sessions responded 204 in 2.0458 ms
2026-06-23 22:14:31.790 +01:00 [INF] HTTP GET /api/admin/sessions responded 200 in 1408.3122 ms
2026-06-23 22:14:31.800 +01:00 [INF] HTTP GET /api/timetable/lecturers responded 200 in 1418.4345 ms
2026-06-23 22:14:31.875 +01:00 [INF] HTTP GET /api/lecture-sessions responded 200 in 1494.6694 ms
2026-06-23 22:14:33.123 +01:00 [INF] HTTP OPTIONS /api/courses/my-courses responded 204 in 0.1668 ms
2026-06-23 22:14:35.010 +01:00 [INF] HTTP GET /api/courses/my-courses responded 200 in 1883.4878 ms
2026-06-23 22:14:43.565 +01:00 [INF] HTTP OPTIONS /api/courses/bda20798-2fcf-4f4d-a81d-c98f1b9fc033 responded 204 in 0.1461 ms
2026-06-23 22:14:43.645 +01:00 [INF] HTTP GET /api/courses/bda20798-2fcf-4f4d-a81d-c98f1b9fc033 responded 404 in 76.6189 ms
2026-06-23 22:14:47.556 +01:00 [INF] HTTP OPTIONS /api/courses/my-courses responded 204 in 7.0688 ms
2026-06-23 22:14:49.300 +01:00 [INF] HTTP GET /api/courses/my-courses responded 200 in 1740.5977 ms
2026-06-23 22:16:48.541 +01:00 [INF] HTTP OPTIONS /api/me responded 204 in 0.0598 ms
2026-06-23 22:16:48.599 +01:00 [INF] HTTP GET /api/me responded 200 in 56.4996 ms
2026-06-23 22:16:48.629 +01:00 [INF] HTTP OPTIONS /api/notifications/push/public-key responded 204 in 0.1142 ms
2026-06-23 22:16:48.642 +01:00 [WRN] VAPID Keys not fully configured. Using auto-generated fallback keys. PUBLIC KEY: BKuMNhfQ740SnYf4uVPCzjo0ynUfuV1eWwbittUtHZa8wdg4dD00hXKnVcJlvp7ZGsfJ5jzjtKHflH-K-LpM0YM
2026-06-23 22:16:48.643 +01:00 [INF] HTTP GET /api/notifications/push/public-key responded 200 in 12.9415 ms
2026-06-23 22:16:48.645 +01:00 [INF] HTTP OPTIONS /api/notifications/push/subscribe responded 204 in 0.0503 ms
2026-06-23 22:16:48.654 +01:00 [WRN] VAPID Keys not fully configured. Using auto-generated fallback keys. PUBLIC KEY: BKuMNhfQ740SnYf4uVPCzjo0ynUfuV1eWwbittUtHZa8wdg4dD00hXKnVcJlvp7ZGsfJ5jzjtKHflH-K-LpM0YM
2026-06-23 22:16:48.711 +01:00 [INF] HTTP POST /api/notifications/push/subscribe responded 200 in 65.3550 ms
2026-06-23 22:16:51.197 +01:00 [INF] HTTP GET /api/me responded 200 in 29.7956 ms
2026-06-23 22:16:51.238 +01:00 [WRN] VAPID Keys not fully configured. Using auto-generated fallback keys. PUBLIC KEY: BKuMNhfQ740SnYf4uVPCzjo0ynUfuV1eWwbittUtHZa8wdg4dD00hXKnVcJlvp7ZGsfJ5jzjtKHflH-K-LpM0YM
2026-06-23 22:16:51.238 +01:00 [INF] HTTP GET /api/notifications/push/public-key responded 200 in 13.0858 ms
2026-06-23 22:16:51.256 +01:00 [WRN] VAPID Keys not fully configured. Using auto-generated fallback keys. PUBLIC KEY: BKuMNhfQ740SnYf4uVPCzjo0ynUfuV1eWwbittUtHZa8wdg4dD00hXKnVcJlvp7ZGsfJ5jzjtKHflH-K-LpM0YM
2026-06-23 22:16:51.264 +01:00 [INF] HTTP POST /api/notifications/push/subscribe responded 200 in 23.8968 ms
2026-06-23 22:16:52.441 +01:00 [INF] HTTP GET /api/me responded 200 in 17.7944 ms
2026-06-23 22:16:52.479 +01:00 [WRN] VAPID Keys not fully configured. Using auto-generated fallback keys. PUBLIC KEY: BKuMNhfQ740SnYf4uVPCzjo0ynUfuV1eWwbittUtHZa8wdg4dD00hXKnVcJlvp7ZGsfJ5jzjtKHflH-K-LpM0YM
2026-06-23 22:16:52.479 +01:00 [INF] HTTP GET /api/notifications/push/public-key responded 200 in 15.8593 ms
2026-06-23 22:16:52.490 +01:00 [WRN] VAPID Keys not fully configured. Using auto-generated fallback keys. PUBLIC KEY: BKuMNhfQ740SnYf4uVPCzjo0ynUfuV1eWwbittUtHZa8wdg4dD00hXKnVcJlvp7ZGsfJ5jzjtKHflH-K-LpM0YM
2026-06-23 22:16:52.496 +01:00 [INF] HTTP POST /api/notifications/push/subscribe responded 200 in 15.0708 ms
2026-06-23 22:17:09.529 +01:00 [INF] HTTP OPTIONS /api/registry/stats responded 204 in 0.4423 ms
2026-06-23 22:17:09.640 +01:00 [INF] HTTP GET /api/registry/stats responded 200 in 110.4801 ms
2026-06-23 22:17:32.142 +01:00 [INF] HTTP OPTIONS /api/admin/sessions responded 204 in 0.5935 ms
2026-06-23 22:17:32.169 +01:00 [INF] HTTP GET /api/admin/sessions responded 200 in 20.1444 ms
2026-06-23 22:17:34.110 +01:00 [INF] HTTP OPTIONS /api/me responded 204 in 0.0548 ms
2026-06-23 22:17:34.123 +01:00 [INF] HTTP GET /api/me responded 200 in 12.7201 ms
2026-06-23 22:17:34.150 +01:00 [INF] HTTP OPTIONS /api/notifications/push/public-key responded 204 in 0.0400 ms
2026-06-23 22:17:34.159 +01:00 [INF] HTTP GET /api/admin/sessions responded 200 in 16.2438 ms
2026-06-23 22:17:34.160 +01:00 [WRN] VAPID Keys not fully configured. Using auto-generated fallback keys. PUBLIC KEY: BKuMNhfQ740SnYf4uVPCzjo0ynUfuV1eWwbittUtHZa8wdg4dD00hXKnVcJlvp7ZGsfJ5jzjtKHflH-K-LpM0YM
2026-06-23 22:17:34.161 +01:00 [INF] HTTP GET /api/notifications/push/public-key responded 200 in 9.7023 ms
2026-06-23 22:17:34.162 +01:00 [INF] HTTP OPTIONS /api/notifications/push/subscribe responded 204 in 0.0440 ms
2026-06-23 22:17:34.173 +01:00 [WRN] VAPID Keys not fully configured. Using auto-generated fallback keys. PUBLIC KEY: BKuMNhfQ740SnYf4uVPCzjo0ynUfuV1eWwbittUtHZa8wdg4dD00hXKnVcJlvp7ZGsfJ5jzjtKHflH-K-LpM0YM
2026-06-23 22:17:34.179 +01:00 [INF] HTTP POST /api/notifications/push/subscribe responded 200 in 16.6203 ms
2026-06-23 22:17:38.990 +01:00 [INF] HTTP GET /api/me responded 200 in 22.1024 ms
2026-06-23 22:17:39.003 +01:00 [INF] HTTP OPTIONS /api/admin/dashboard-stats responded 204 in 0.0812 ms
2026-06-23 22:17:39.023 +01:00 [WRN] VAPID Keys not fully configured. Using auto-generated fallback keys. PUBLIC KEY: BKuMNhfQ740SnYf4uVPCzjo0ynUfuV1eWwbittUtHZa8wdg4dD00hXKnVcJlvp7ZGsfJ5jzjtKHflH-K-LpM0YM
2026-06-23 22:17:39.023 +01:00 [INF] HTTP GET /api/notifications/push/public-key responded 200 in 10.4543 ms
2026-06-23 22:17:39.034 +01:00 [WRN] VAPID Keys not fully configured. Using auto-generated fallback keys. PUBLIC KEY: BKuMNhfQ740SnYf4uVPCzjo0ynUfuV1eWwbittUtHZa8wdg4dD00hXKnVcJlvp7ZGsfJ5jzjtKHflH-K-LpM0YM
2026-06-23 22:17:39.042 +01:00 [INF] HTTP POST /api/notifications/push/subscribe responded 200 in 17.0728 ms
2026-06-23 22:17:39.144 +01:00 [INF] HTTP GET /api/admin/dashboard-stats responded 200 in 139.5680 ms
2026-06-23 22:17:49.160 +01:00 [WRN] The query uses the 'First'/'FirstOrDefault' operator without 'OrderBy' and filter operators. This may lead to unpredictable results.
2026-06-23 22:17:49.174 +01:00 [INF] HTTP GET /api/admin/registration/config responded 200 in 37.5063 ms
2026-06-23 22:18:04.248 +01:00 [WRN] The query uses the 'First'/'FirstOrDefault' operator without 'OrderBy' and filter operators. This may lead to unpredictable results.
2026-06-23 22:18:04.280 +01:00 [INF] HTTP POST /api/admin/registration/config responded 200 in 69.5365 ms
2026-06-23 22:18:24.831 +01:00 [INF] HTTP OPTIONS /api/admin/users responded 204 in 0.0656 ms
2026-06-23 22:18:24.935 +01:00 [INF] HTTP GET /api/admin/users responded 200 in 100.9224 ms
2026-06-23 22:18:30.811 +01:00 [INF] HTTP OPTIONS /api/admin/users responded 204 in 0.0717 ms
2026-06-23 22:18:30.879 +01:00 [INF] HTTP GET /api/admin/users responded 200 in 66.1710 ms
2026-06-23 22:18:38.468 +01:00 [INF] HTTP OPTIONS /api/auth/switch-user-by-oid responded 204 in 0.1891 ms
2026-06-23 22:18:38.552 +01:00 [INF] HTTP POST /api/auth/switch-user-by-oid responded 200 in 77.4008 ms
2026-06-23 22:18:38.556 +01:00 [INF] HTTP OPTIONS /api/me responded 204 in 0.0251 ms
2026-06-23 22:18:38.583 +01:00 [INF] HTTP GET /api/me responded 200 in 26.5089 ms
2026-06-23 22:18:44.766 +01:00 [INF] HTTP GET /api/self-service/registration-summary responded 200 in 493.0162 ms
2026-06-23 22:21:19.079 +01:00 [INF] HTTP OPTIONS /api/gradebook/my-dashboard responded 204 in 0.0585 ms
2026-06-23 22:21:19.223 +01:00 [INF] HTTP GET /api/self-service/schedule/exams responded 200 in 142.6850 ms
2026-06-23 22:21:19.226 +01:00 [INF] HTTP GET /api/self-service/schedule responded 200 in 146.0085 ms
2026-06-23 22:21:19.244 +01:00 [INF] HTTP GET /api/gradebook/my-dashboard responded 200 in 163.5714 ms
2026-06-23 22:21:19.263 +01:00 [INF] HTTP GET /api/self-service/schedule responded 200 in 15.9076 ms
2026-06-23 22:21:19.264 +01:00 [INF] HTTP GET /api/self-service/schedule/exams responded 200 in 15.9860 ms
2026-06-23 22:21:45.348 +01:00 [INF] HTTP OPTIONS /api/lecture-sessions/course-offerings/54d9035c-71a8-4aa8-9d44-13f220490e65 responded 204 in 0.0581 ms
2026-06-23 22:21:45.364 +01:00 [INF] HTTP GET /api/self-service/waitlist/student/b533f22b-9d7e-4504-be67-550df5feddf1 responded 404 in 13.2600 ms
2026-06-23 22:21:45.396 +01:00 [INF] HTTP GET /api/lecture-sessions/course-offerings/54d9035c-71a8-4aa8-9d44-13f220490e65 responded 200 in 43.4861 ms
2026-06-23 22:21:57.877 +01:00 [INF] HTTP OPTIONS /api/gradebook/my-dashboard responded 204 in 0.0518 ms
2026-06-23 22:21:57.907 +01:00 [INF] HTTP GET /api/gradebook/my-dashboard responded 200 in 29.2966 ms
2026-06-23 22:22:52.511 +01:00 [INF] HTTP OPTIONS /api/gradebook/my-dashboard responded 204 in 0.0545 ms
2026-06-23 22:22:52.541 +01:00 [INF] HTTP GET /api/self-service/schedule responded 200 in 24.4205 ms
2026-06-23 22:22:52.542 +01:00 [INF] HTTP GET /api/gradebook/my-dashboard responded 200 in 27.7443 ms
2026-06-23 22:22:52.543 +01:00 [INF] HTTP GET /api/self-service/schedule/exams responded 200 in 26.7451 ms
2026-06-23 22:22:52.563 +01:00 [INF] HTTP GET /api/self-service/schedule/exams responded 200 in 15.6497 ms
2026-06-23 22:22:52.564 +01:00 [INF] HTTP GET /api/self-service/schedule responded 200 in 17.4456 ms
2026-06-23 22:23:06.902 +01:00 [INF] HTTP GET /api/quizzes responded 200 in 27.8190 ms
2026-06-23 22:44:43.735 +01:00 [INF] HTTP OPTIONS /api/me responded 204 in 0.0299 ms
2026-06-23 22:44:43.805 +01:00 [INF] HTTP GET /api/me responded 200 in 69.8406 ms
2026-06-23 22:44:43.842 +01:00 [INF] HTTP OPTIONS /api/notifications/push/public-key responded 204 in 0.0264 ms
2026-06-23 22:44:43.853 +01:00 [WRN] VAPID Keys not fully configured. Using auto-generated fallback keys. PUBLIC KEY: BKuMNhfQ740SnYf4uVPCzjo0ynUfuV1eWwbittUtHZa8wdg4dD00hXKnVcJlvp7ZGsfJ5jzjtKHflH-K-LpM0YM
2026-06-23 22:44:43.853 +01:00 [INF] HTTP GET /api/notifications/push/public-key responded 200 in 10.3555 ms
2026-06-23 22:44:43.855 +01:00 [INF] HTTP OPTIONS /api/notifications/push/subscribe responded 204 in 0.0270 ms
2026-06-23 22:44:43.864 +01:00 [WRN] VAPID Keys not fully configured. Using auto-generated fallback keys. PUBLIC KEY: BKuMNhfQ740SnYf4uVPCzjo0ynUfuV1eWwbittUtHZa8wdg4dD00hXKnVcJlvp7ZGsfJ5jzjtKHflH-K-LpM0YM
2026-06-23 22:44:43.866 +01:00 [INF] HTTP GET /api/quizzes responded 200 in 32.3875 ms
2026-06-23 22:44:43.886 +01:00 [INF] HTTP POST /api/notifications/push/subscribe responded 200 in 30.0782 ms
2026-06-23 22:44:44.507 +01:00 [INF] HTTP GET /api/me responded 200 in 16.5918 ms
2026-06-23 22:44:44.562 +01:00 [INF] HTTP OPTIONS /api/admin/sessions responded 204 in 0.0351 ms
2026-06-23 22:44:44.578 +01:00 [INF] HTTP GET /api/admin/sessions responded 200 in 15.7284 ms
2026-06-23 22:44:44.579 +01:00 [INF] HTTP OPTIONS /api/admin/courses responded 204 in 0.0224 ms
2026-06-23 22:44:44.583 +01:00 [WRN] VAPID Keys not fully configured. Using auto-generated fallback keys. PUBLIC KEY: BKuMNhfQ740SnYf4uVPCzjo0ynUfuV1eWwbittUtHZa8wdg4dD00hXKnVcJlvp7ZGsfJ5jzjtKHflH-K-LpM0YM
2026-06-23 22:44:44.583 +01:00 [INF] HTTP GET /api/notifications/push/public-key responded 200 in 8.7974 ms
2026-06-23 22:44:44.592 +01:00 [WRN] VAPID Keys not fully configured. Using auto-generated fallback keys. PUBLIC KEY: BKuMNhfQ740SnYf4uVPCzjo0ynUfuV1eWwbittUtHZa8wdg4dD00hXKnVcJlvp7ZGsfJ5jzjtKHflH-K-LpM0YM
2026-06-23 22:44:44.601 +01:00 [INF] HTTP POST /api/notifications/push/subscribe responded 200 in 16.5831 ms
2026-06-23 22:44:44.743 +01:00 [INF] HTTP GET /api/admin/courses responded 200 in 162.8062 ms
2026-06-23 22:44:44.749 +01:00 [INF] HTTP OPTIONS /api/timetable/week-view/eed50a84-7299-40b9-b28e-fb68dbeb4f8d/1 responded 204 in 0.0237 ms
2026-06-23 22:44:44.760 +01:00 [INF] HTTP GET /api/timetable/week-view/eed50a84-7299-40b9-b28e-fb68dbeb4f8d/1 responded 403 in 9.8666 ms
2026-06-23 22:51:02.494 +01:00 [INF] HTTP GET /api/self-service/registration-summary responded 200 in 338.3548 ms
2026-06-23 22:51:03.263 +01:00 [INF] HTTP GET /api/quizzes responded 200 in 16.7736 ms
2026-06-23 22:51:05.564 +01:00 [INF] HTTP GET /api/self-service/registration-summary responded 200 in 176.5975 ms
2026-06-23 22:51:42.683 +01:00 [INF] HTTP OPTIONS /api/me responded 204 in 0.1531 ms
2026-06-23 22:51:42.691 +01:00 [INF] HTTP GET /api/me responded 200 in 4.1966 ms
2026-06-23 22:51:47.985 +01:00 [INF] HTTP OPTIONS /api/me responded 204 in 0.0456 ms
2026-06-23 22:51:47.987 +01:00 [INF] HTTP GET /api/me responded 200 in 0.9332 ms
2026-06-23 22:51:48.007 +01:00 [INF] HTTP OPTIONS /api/notifications/push/public-key responded 204 in 0.0234 ms
2026-06-23 22:51:48.010 +01:00 [INF] HTTP GET /api/notifications/push/public-key responded 401 in 2.6323 ms
2026-06-23 22:51:54.199 +01:00 [INF] HTTP OPTIONS /api/me responded 204 in 0.2811 ms
2026-06-23 22:51:54.241 +01:00 [INF] HTTP GET /api/me responded 200 in 31.9866 ms
2026-06-23 22:51:54.264 +01:00 [INF] HTTP OPTIONS /api/admin/dashboard-stats responded 204 in 0.0308 ms
2026-06-23 22:51:54.277 +01:00 [INF] HTTP OPTIONS /api/notifications/push/public-key responded 204 in 0.0209 ms
2026-06-23 22:51:54.290 +01:00 [WRN] VAPID Keys not fully configured. Using auto-generated fallback keys. PUBLIC KEY: BKuMNhfQ740SnYf4uVPCzjo0ynUfuV1eWwbittUtHZa8wdg4dD00hXKnVcJlvp7ZGsfJ5jzjtKHflH-K-LpM0YM
2026-06-23 22:51:54.290 +01:00 [INF] HTTP GET /api/notifications/push/public-key responded 200 in 12.4442 ms
2026-06-23 22:51:54.293 +01:00 [INF] HTTP OPTIONS /api/notifications/push/subscribe responded 204 in 0.0285 ms
2026-06-23 22:51:54.302 +01:00 [WRN] VAPID Keys not fully configured. Using auto-generated fallback keys. PUBLIC KEY: BKuMNhfQ740SnYf4uVPCzjo0ynUfuV1eWwbittUtHZa8wdg4dD00hXKnVcJlvp7ZGsfJ5jzjtKHflH-K-LpM0YM
2026-06-23 22:51:54.311 +01:00 [INF] HTTP POST /api/notifications/push/subscribe responded 200 in 17.5744 ms
2026-06-23 22:51:54.332 +01:00 [INF] HTTP GET /api/admin/dashboard-stats responded 200 in 67.8073 ms
2026-06-23 22:52:27.098 +01:00 [INF] HTTP GET /api/admin/registration/config responded 200 in 16.6881 ms
2026-06-23 22:52:32.143 +01:00 [INF] HTTP POST /api/admin/registration/config responded 200 in 37.6896 ms
2026-06-23 22:52:37.289 +01:00 [INF] HTTP OPTIONS /api/admin/users responded 204 in 0.0430 ms
2026-06-23 22:52:37.342 +01:00 [INF] HTTP GET /api/admin/users responded 200 in 50.8888 ms
2026-06-23 22:52:48.497 +01:00 [INF] HTTP OPTIONS /api/admin/users responded 204 in 0.1082 ms
2026-06-23 22:52:48.541 +01:00 [INF] HTTP GET /api/admin/users responded 200 in 40.5822 ms
2026-06-23 22:52:49.672 +01:00 [INF] HTTP OPTIONS /api/auth/switch-user-by-oid responded 204 in 0.1901 ms
2026-06-23 22:52:49.745 +01:00 [INF] HTTP POST /api/auth/switch-user-by-oid responded 200 in 66.9020 ms
2026-06-23 22:52:49.749 +01:00 [INF] HTTP OPTIONS /api/me responded 204 in 0.0513 ms
2026-06-23 22:52:49.771 +01:00 [INF] HTTP GET /api/me responded 200 in 21.5933 ms
2026-06-23 22:52:53.731 +01:00 [INF] HTTP GET /api/self-service/registration-summary responded 200 in 182.7176 ms
2026-06-23 22:53:19.997 +01:00 [INF] HTTP OPTIONS /api/gradebook/my-dashboard responded 204 in 0.0388 ms
2026-06-23 22:53:20.062 +01:00 [INF] HTTP GET /api/gradebook/my-dashboard responded 200 in 64.1936 ms
2026-06-23 22:53:22.580 +01:00 [INF] HTTP OPTIONS /api/student/courses/7db1e30c-ba5a-4ffd-88fd-02c35bd8c92a responded 204 in 0.0514 ms
2026-06-23 22:53:22.598 +01:00 [INF] HTTP GET /api/student/courses/7db1e30c-ba5a-4ffd-88fd-02c35bd8c92a responded 404 in 17.2531 ms
2026-06-23 22:55:11.997 +01:00 [INF] Sessions already seeded. Skipping.
2026-06-23 22:55:12.026 +01:00 [INF] Faculties already seeded. Skipping.
2026-06-23 22:55:12.035 +01:00 [INF] Departments already seeded. Skipping.
2026-06-23 22:55:12.048 +01:00 [INF] Programs already seeded. Skipping.
2026-06-23 22:55:12.098 +01:00 [INF] Lecturer john.doe@wigweuniversity.edu.ng already exists. Skipping.
2026-06-23 22:55:12.102 +01:00 [INF] Lecturer jane.smith@wigweuniversity.edu.ng already exists. Skipping.
2026-06-23 22:55:12.124 +01:00 [INF] All document types already exist. Skipping.
2026-06-23 22:55:12.133 +01:00 [INF] Sponsors already seeded. Skipping.
2026-06-23 22:55:12.142 +01:00 [INF] Subjects already seeded. Skipping.
2026-06-23 22:55:12.151 +01:00 [INF] Countries already seeded. Skipping.
2026-06-23 22:55:12.160 +01:00 [INF] Grading scales already seeded. Skipping.
2026-06-23 22:55:12.169 +01:00 [INF] Credit transfer rules already seeded. Skipping.
2026-06-23 22:55:12.178 +01:00 [INF] Program credit mappings already seeded. Skipping.
2026-06-23 22:55:12.287 +01:00 [INF] Seeding Course Offerings from active curricula for session 2025/2026...
2026-06-23 22:55:12.305 +01:00 [INF] All course offerings already exist for session 2025/2026.
2026-06-23 22:55:12.313 +01:00 [INF] Database initialization completed successfully.
2026-06-23 22:55:12.369 +01:00 [INF] Initializing Entra ID Service with TenantId: c9a98a3d-152f-4eb3-b93f-9b26fdd08495, ClientId: 84022968-6bdc-4c6b-8eab-57b75fa5d0b1, Domain: wigweuniversity.edu.ng
2026-06-23 22:55:12.386 +01:00 [INF] Entra ID Service initialized successfully
2026-06-23 22:55:12.474 +01:00 [WRN] VAPID Keys not fully configured. Using auto-generated fallback keys. PUBLIC KEY: BAEr0zIFWJptMd9xjpqmQdKQieuQ3mvQDUfHlkMhsBExQM8isD3TO6f0zt7mlQFwPDar-dgdWPXQcqBjF66w-BU
2026-06-23 22:55:12.540 +01:00 [INF] Registered 318 endpoints in 2,118 milliseconds.
2026-06-23 22:55:12.566 +01:00 [INF] Now listening on: http://0.0.0.0:5021
2026-06-23 22:55:12.566 +01:00 [INF] Application started. Press Ctrl+C to shut down.
2026-06-23 22:55:12.566 +01:00 [INF] Hosting environment: Development
2026-06-23 22:55:12.566 +01:00 [INF] Content root path: /Users/mac/Apps/LMS APP/LMSApi
2026-06-23 22:56:28.963 +01:00 [INF] HTTP OPTIONS /api/me responded 204 in 1.6441 ms
2026-06-23 22:56:29.217 +01:00 [INF] HTTP GET /api/me responded 200 in 246.6019 ms
2026-06-23 22:56:29.247 +01:00 [INF] HTTP OPTIONS /api/student/courses/7db1e30c-ba5a-4ffd-88fd-02c35bd8c92a responded 204 in 0.3335 ms
2026-06-23 22:56:29.255 +01:00 [INF] HTTP OPTIONS /api/notifications/push/public-key responded 204 in 0.1340 ms
2026-06-23 22:56:29.290 +01:00 [WRN] VAPID Keys not fully configured. Using auto-generated fallback keys. PUBLIC KEY: BAEr0zIFWJptMd9xjpqmQdKQieuQ3mvQDUfHlkMhsBExQM8isD3TO6f0zt7mlQFwPDar-dgdWPXQcqBjF66w-BU
2026-06-23 22:56:29.291 +01:00 [INF] HTTP GET /api/notifications/push/public-key responded 200 in 34.9065 ms
2026-06-23 22:56:29.294 +01:00 [INF] HTTP OPTIONS /api/notifications/push/subscribe responded 204 in 0.0641 ms
2026-06-23 22:56:29.307 +01:00 [WRN] VAPID Keys not fully configured. Using auto-generated fallback keys. PUBLIC KEY: BAEr0zIFWJptMd9xjpqmQdKQieuQ3mvQDUfHlkMhsBExQM8isD3TO6f0zt7mlQFwPDar-dgdWPXQcqBjF66w-BU
2026-06-23 22:56:29.378 +01:00 [INF] HTTP GET /api/student/courses/7db1e30c-ba5a-4ffd-88fd-02c35bd8c92a responded 200 in 129.1846 ms
2026-06-23 22:56:29.382 +01:00 [INF] HTTP POST /api/notifications/push/subscribe responded 200 in 87.5131 ms
2026-06-23 22:59:42.338 +01:00 [WRN] The query uses the 'First'/'FirstOrDefault' operator without 'OrderBy' and filter operators. This may lead to unpredictable results.
2026-06-23 22:59:42.360 +01:00 [INF] HTTP GET /api/self-service/registration-summary responded 200 in 460.6125 ms
2026-06-23 23:03:14.769 +01:00 [INF] HTTP OPTIONS /api/admin/sessions responded 204 in 0.3020 ms
2026-06-23 23:03:14.802 +01:00 [INF] HTTP GET /api/admin/sessions responded 200 in 30.5062 ms
2026-06-23 23:03:14.804 +01:00 [INF] HTTP OPTIONS /api/admin/courses responded 204 in 0.0488 ms
2026-06-23 23:03:14.955 +01:00 [INF] HTTP GET /api/self-service/registration-summary responded 200 in 183.0754 ms
2026-06-23 23:03:15.026 +01:00 [INF] HTTP GET /api/admin/courses responded 200 in 221.0243 ms
2026-06-23 23:03:15.032 +01:00 [INF] HTTP OPTIONS /api/timetable/week-view/eed50a84-7299-40b9-b28e-fb68dbeb4f8d/1 responded 204 in 0.0564 ms
2026-06-23 23:03:15.047 +01:00 [INF] HTTP GET /api/timetable/week-view/eed50a84-7299-40b9-b28e-fb68dbeb4f8d/1 responded 403 in 12.9878 ms
2026-06-23 23:08:40.572 +01:00 [INF] HTTP OPTIONS /api/gradebook/my-dashboard responded 204 in 1.0391 ms
2026-06-23 23:08:40.779 +01:00 [INF] HTTP GET /api/gradebook/my-dashboard responded 200 in 202.8210 ms
2026-06-23 23:08:43.533 +01:00 [INF] HTTP OPTIONS /api/student/courses/3ed77674-cef5-4f82-baa2-b51a9d9e47c1 responded 204 in 0.2747 ms
2026-06-23 23:08:43.589 +01:00 [INF] HTTP GET /api/student/courses/3ed77674-cef5-4f82-baa2-b51a9d9e47c1 responded 200 in 53.0382 ms
2026-06-23 23:08:53.291 +01:00 [INF] HTTP OPTIONS /api/registry/stats responded 204 in 0.3162 ms
2026-06-23 23:08:53.310 +01:00 [INF] HTTP GET /api/registry/stats responded 403 in 15.1965 ms
2026-06-23 23:08:57.483 +01:00 [INF] HTTP OPTIONS /api/gradebook/my-dashboard responded 204 in 0.1115 ms
2026-06-23 23:08:57.489 +01:00 [INF] HTTP OPTIONS /api/notifications/push/public-key responded 204 in 0.0393 ms
2026-06-23 23:08:57.513 +01:00 [INF] HTTP GET /api/gradebook/my-dashboard responded 200 in 25.5189 ms
2026-06-23 23:08:57.524 +01:00 [WRN] VAPID Keys not fully configured. Using auto-generated fallback keys. PUBLIC KEY: BAEr0zIFWJptMd9xjpqmQdKQieuQ3mvQDUfHlkMhsBExQM8isD3TO6f0zt7mlQFwPDar-dgdWPXQcqBjF66w-BU
2026-06-23 23:08:57.524 +01:00 [INF] HTTP GET /api/notifications/push/public-key responded 200 in 33.9090 ms
2026-06-23 23:08:57.526 +01:00 [INF] HTTP OPTIONS /api/notifications/push/subscribe responded 204 in 0.0444 ms
2026-06-23 23:08:57.537 +01:00 [WRN] VAPID Keys not fully configured. Using auto-generated fallback keys. PUBLIC KEY: BAEr0zIFWJptMd9xjpqmQdKQieuQ3mvQDUfHlkMhsBExQM8isD3TO6f0zt7mlQFwPDar-dgdWPXQcqBjF66w-BU
2026-06-23 23:08:57.560 +01:00 [INF] HTTP POST /api/notifications/push/subscribe responded 200 in 33.4723 ms
2026-06-23 23:09:02.232 +01:00 [INF] HTTP OPTIONS /api/timetable/lecturers responded 204 in 0.1210 ms
2026-06-23 23:09:02.233 +01:00 [INF] HTTP OPTIONS /api/lecture-sessions responded 204 in 0.0308 ms
2026-06-23 23:09:02.233 +01:00 [INF] HTTP OPTIONS /api/admin/sessions responded 204 in 0.9742 ms
2026-06-23 23:09:02.261 +01:00 [INF] HTTP GET /api/lecture-sessions responded 403 in 22.8690 ms
2026-06-23 23:09:02.265 +01:00 [INF] HTTP GET /api/timetable/lecturers responded 403 in 26.7593 ms
2026-06-23 23:09:02.283 +01:00 [INF] HTTP GET /api/admin/sessions responded 200 in 44.1112 ms
2026-06-23 23:11:22.277 +01:00 [INF] HTTP OPTIONS /api/admin/sessions responded 204 in 0.0938 ms
2026-06-23 23:11:22.279 +01:00 [INF] HTTP OPTIONS /api/timetable/lecturers responded 204 in 0.0464 ms
2026-06-23 23:11:22.279 +01:00 [INF] HTTP OPTIONS /api/lecture-sessions responded 204 in 0.0275 ms
2026-06-23 23:11:22.296 +01:00 [INF] HTTP GET /api/timetable/lecturers responded 403 in 15.3258 ms
2026-06-23 23:11:22.298 +01:00 [INF] HTTP GET /api/lecture-sessions responded 403 in 16.7803 ms
2026-06-23 23:11:22.300 +01:00 [INF] HTTP GET /api/admin/sessions responded 200 in 20.7132 ms
2026-06-23 23:13:16.826 +01:00 [INF] HTTP OPTIONS /api/me responded 204 in 0.2343 ms
2026-06-23 23:13:16.883 +01:00 [INF] HTTP GET /api/me responded 200 in 56.3652 ms
2026-06-23 23:13:16.900 +01:00 [INF] HTTP GET /api/me responded 200 in 15.9119 ms
2026-06-23 23:13:16.917 +01:00 [INF] HTTP OPTIONS /api/admin/sessions responded 204 in 0.0311 ms
2026-06-23 23:13:16.918 +01:00 [INF] HTTP OPTIONS /api/timetable/lecturers responded 204 in 0.0255 ms
2026-06-23 23:13:16.918 +01:00 [INF] HTTP OPTIONS /api/lecture-sessions responded 204 in 0.0097 ms
2026-06-23 23:13:16.930 +01:00 [INF] HTTP GET /api/lecture-sessions responded 403 in 11.9124 ms
2026-06-23 23:13:16.932 +01:00 [INF] HTTP OPTIONS /api/notifications/push/public-key responded 204 in 0.0411 ms
2026-06-23 23:13:16.937 +01:00 [INF] HTTP GET /api/admin/sessions responded 200 in 18.6463 ms
2026-06-23 23:13:16.939 +01:00 [INF] HTTP GET /api/timetable/lecturers responded 403 in 20.7220 ms
2026-06-23 23:13:16.949 +01:00 [WRN] VAPID Keys not fully configured. Using auto-generated fallback keys. PUBLIC KEY: BAEr0zIFWJptMd9xjpqmQdKQieuQ3mvQDUfHlkMhsBExQM8isD3TO6f0zt7mlQFwPDar-dgdWPXQcqBjF66w-BU
2026-06-23 23:13:16.949 +01:00 [INF] HTTP GET /api/notifications/push/public-key responded 200 in 16.1285 ms
2026-06-23 23:13:16.951 +01:00 [INF] HTTP OPTIONS /api/notifications/push/subscribe responded 204 in 0.0255 ms
2026-06-23 23:13:16.954 +01:00 [INF] HTTP GET /api/admin/sessions responded 200 in 10.1990 ms
2026-06-23 23:13:16.958 +01:00 [INF] HTTP OPTIONS /api/admin/courses responded 204 in 0.0271 ms
2026-06-23 23:13:16.966 +01:00 [WRN] VAPID Keys not fully configured. Using auto-generated fallback keys. PUBLIC KEY: BAEr0zIFWJptMd9xjpqmQdKQieuQ3mvQDUfHlkMhsBExQM8isD3TO6f0zt7mlQFwPDar-dgdWPXQcqBjF66w-BU
2026-06-23 23:13:16.988 +01:00 [WRN] VAPID Keys not fully configured. Using auto-generated fallback keys. PUBLIC KEY: BAEr0zIFWJptMd9xjpqmQdKQieuQ3mvQDUfHlkMhsBExQM8isD3TO6f0zt7mlQFwPDar-dgdWPXQcqBjF66w-BU
2026-06-23 23:13:16.988 +01:00 [INF] HTTP GET /api/notifications/push/public-key responded 200 in 29.8804 ms
2026-06-23 23:13:16.994 +01:00 [INF] HTTP POST /api/notifications/push/subscribe responded 200 in 42.2700 ms
2026-06-23 23:13:17.003 +01:00 [WRN] VAPID Keys not fully configured. Using auto-generated fallback keys. PUBLIC KEY: BAEr0zIFWJptMd9xjpqmQdKQieuQ3mvQDUfHlkMhsBExQM8isD3TO6f0zt7mlQFwPDar-dgdWPXQcqBjF66w-BU
2026-06-23 23:13:17.014 +01:00 [INF] HTTP POST /api/notifications/push/subscribe responded 200 in 23.7048 ms
2026-06-23 23:13:17.065 +01:00 [INF] HTTP GET /api/admin/courses responded 200 in 106.7953 ms
2026-06-23 23:13:17.071 +01:00 [INF] HTTP OPTIONS /api/timetable/week-view/eed50a84-7299-40b9-b28e-fb68dbeb4f8d/1 responded 204 in 0.0278 ms
2026-06-23 23:13:17.080 +01:00 [INF] HTTP GET /api/timetable/week-view/eed50a84-7299-40b9-b28e-fb68dbeb4f8d/1 responded 403 in 8.4392 ms
